day,phase,message_type,sender_type,sender_id,sender_side,recipient_id,recipient_scope,policy_id,package_scope,policy_ids_json,message_text
1,P-A,political_broadcast,political_agent,agent_a,pro_climate,1923.0,broadcast,,climate_policy_package,"[""ClimatePolicyID(1)"", ""ClimatePolicyID(2)"", ""ClimatePolicyID(3)"", ""ClimatePolicyID(4)"", ""ClimatePolicyID(5)"", ""ClimatePolicyID(6)""]","Real Hope, Real Change — for a fairer, greener Britain. I strongly support a bold, joined-up plan that puts people and planet first. We must accelerate the roll-out of renewable energy — more offshore and onshore wind, community solar and locally owned projects — so cheap, clean power is available to every town and village. That goes hand-in-hand with an immediate ban on new oil, gas and coal licences: we cannot keep opening the door for fossil fuel giants to profit while families struggle with their bills.

To cut emissions and household costs, I strongly support banning the sale of new petrol cars by 2030 and ensuring every new home is built with non-fossil-fuel heating, rooftop solar and high levels of insulation. Warm homes and affordable electric travel will save money and create skilled local jobs.

I also strongly support a carbon tax on fossil fuel sales, with revenues returned to the public as a dividend — making the transition fairer, not regressive. And because climate breakdown is global, I strongly support compensating people in other countries who are already suffering its effects.

This is about justice: public ownership of our energy, investing in communities, and sharing the benefits broadly. For the common good — fairer, greener communities and a secure future for everyone."
1,P-A,political_broadcast,political_agent,agent_a,pro_climate,528.0,broadcast,,climate_policy_package,"[""ClimatePolicyID(1)"", ""ClimatePolicyID(2)"", ""ClimatePolicyID(3)"", ""ClimatePolicyID(4)"", ""ClimatePolicyID(5)"", ""ClimatePolicyID(6)""]","Real Hope, Real Change — for a fairer, greener Britain. I strongly support a bold, joined-up plan that puts people and planet first. We must accelerate the roll-out of renewable energy — more offshore and onshore wind, community solar and locally owned projects — so cheap, clean power is available to every town and village. That goes hand-in-hand with an immediate ban on new oil, gas and coal licences: we cannot keep opening the door for fossil fuel giants to profit while families struggle with their bills.

To cut emissions and household costs, I strongly support banning the sale of new petrol cars by 2030 and ensuring every new home is built with non-fossil-fuel heating, rooftop solar and high levels of insulation. Warm homes and affordable electric travel will save money and create skilled local jobs.

I also strongly support a carbon tax on fossil fuel sales, with revenues returned to the public as a dividend — making the transition fairer, not regressive. And because climate breakdown is global, I strongly support compensating people in other countries who are already suffering its effects.

This is about justice: public ownership of our energy, investing in communities, and sharing the benefits broadly. For the common good — fairer, greener communities and a secure future for everyone."
1,P-A,political_broadcast,political_agent,agent_a,pro_climate,991.0,broadcast,,climate_policy_package,"[""ClimatePolicyID(1)"", ""ClimatePolicyID(2)"", ""ClimatePolicyID(3)"", ""ClimatePolicyID(4)"", ""ClimatePolicyID(5)"", ""ClimatePolicyID(6)""]","Real Hope, Real Change — for a fairer, greener Britain. I strongly support a bold, joined-up plan that puts people and planet first. We must accelerate the roll-out of renewable energy — more offshore and onshore wind, community solar and locally owned projects — so cheap, clean power is available to every town and village. That goes hand-in-hand with an immediate ban on new oil, gas and coal licences: we cannot keep opening the door for fossil fuel giants to profit while families struggle with their bills.

To cut emissions and household costs, I strongly support banning the sale of new petrol cars by 2030 and ensuring every new home is built with non-fossil-fuel heating, rooftop solar and high levels of insulation. Warm homes and affordable electric travel will save money and create skilled local jobs.

I also strongly support a carbon tax on fossil fuel sales, with revenues returned to the public as a dividend — making the transition fairer, not regressive. And because climate breakdown is global, I strongly support compensating people in other countries who are already suffering its effects.

This is about justice: public ownership of our energy, investing in communities, and sharing the benefits broadly. For the common good — fairer, greener communities and a secure future for everyone."
1,P-A,political_broadcast,political_agent,agent_a,pro_climate,1244.0,broadcast,,climate_policy_package,"[""ClimatePolicyID(1)"", ""ClimatePolicyID(2)"", ""ClimatePolicyID(3)"", ""ClimatePolicyID(4)"", ""ClimatePolicyID(5)"", ""ClimatePolicyID(6)""]","Real Hope, Real Change — for a fairer, greener Britain. I strongly support a bold, joined-up plan that puts people and planet first. We must accelerate the roll-out of renewable energy — more offshore and onshore wind, community solar and locally owned projects — so cheap, clean power is available to every town and village. That goes hand-in-hand with an immediate ban on new oil, gas and coal licences: we cannot keep opening the door for fossil fuel giants to profit while families struggle with their bills.

To cut emissions and household costs, I strongly support banning the sale of new petrol cars by 2030 and ensuring every new home is built with non-fossil-fuel heating, rooftop solar and high levels of insulation. Warm homes and affordable electric travel will save money and create skilled local jobs.

I also strongly support a carbon tax on fossil fuel sales, with revenues returned to the public as a dividend — making the transition fairer, not regressive. And because climate breakdown is global, I strongly support compensating people in other countries who are already suffering its effects.

This is about justice: public ownership of our energy, investing in communities, and sharing the benefits broadly. For the common good — fairer, greener communities and a secure future for everyone."
1,P-A,political_broadcast,political_agent,agent_a,pro_climate,1318.0,broadcast,,climate_policy_package,"[""ClimatePolicyID(1)"", ""ClimatePolicyID(2)"", ""ClimatePolicyID(3)"", ""ClimatePolicyID(4)"", ""ClimatePolicyID(5)"", ""ClimatePolicyID(6)""]","Real Hope, Real Change — for a fairer, greener Britain. I strongly support a bold, joined-up plan that puts people and planet first. We must accelerate the roll-out of renewable energy — more offshore and onshore wind, community solar and locally owned projects — so cheap, clean power is available to every town and village. That goes hand-in-hand with an immediate ban on new oil, gas and coal licences: we cannot keep opening the door for fossil fuel giants to profit while families struggle with their bills.

To cut emissions and household costs, I strongly support banning the sale of new petrol cars by 2030 and ensuring every new home is built with non-fossil-fuel heating, rooftop solar and high levels of insulation. Warm homes and affordable electric travel will save money and create skilled local jobs.

I also strongly support a carbon tax on fossil fuel sales, with revenues returned to the public as a dividend — making the transition fairer, not regressive. And because climate breakdown is global, I strongly support compensating people in other countries who are already suffering its effects.

This is about justice: public ownership of our energy, investing in communities, and sharing the benefits broadly. For the common good — fairer, greener communities and a secure future for everyone."
1,P-A,political_broadcast,political_agent,agent_a,pro_climate,1450.0,broadcast,,climate_policy_package,"[""ClimatePolicyID(1)"", ""ClimatePolicyID(2)"", ""ClimatePolicyID(3)"", ""ClimatePolicyID(4)"", ""ClimatePolicyID(5)"", ""ClimatePolicyID(6)""]","Real Hope, Real Change — for a fairer, greener Britain. I strongly support a bold, joined-up plan that puts people and planet first. We must accelerate the roll-out of renewable energy — more offshore and onshore wind, community solar and locally owned projects — so cheap, clean power is available to every town and village. That goes hand-in-hand with an immediate ban on new oil, gas and coal licences: we cannot keep opening the door for fossil fuel giants to profit while families struggle with their bills.

To cut emissions and household costs, I strongly support banning the sale of new petrol cars by 2030 and ensuring every new home is built with non-fossil-fuel heating, rooftop solar and high levels of insulation. Warm homes and affordable electric travel will save money and create skilled local jobs.

I also strongly support a carbon tax on fossil fuel sales, with revenues returned to the public as a dividend — making the transition fairer, not regressive. And because climate breakdown is global, I strongly support compensating people in other countries who are already suffering its effects.

This is about justice: public ownership of our energy, investing in communities, and sharing the benefits broadly. For the common good — fairer, greener communities and a secure future for everyone."
1,P-B,political_broadcast,political_agent,agent_b,anti_climate,541.0,broadcast,,climate_policy_package,"[""ClimatePolicyID(1)"", ""ClimatePolicyID(2)"", ""ClimatePolicyID(3)"", ""ClimatePolicyID(4)"", ""ClimatePolicyID(5)"", ""ClimatePolicyID(6)""]","I strongly oppose this package of climate diktats. It’s a Westminster bubble fantasy dressed up as “saving the planet” but paid for by ordinary families, pensioners and small businesses.

First, ramping up wind farms and banning new oil and gas licences at the same time is economic self-harm. You can’t heroically plaster the countryside with turbines and then expect energy security – we’ll be left begging foreign suppliers while North Sea jobs vanish. Telling people they must stop buying petrol cars by 2030 and forcing every new home to use non-fossil heating, solar roofs and ultra-heavy insulation turns basic mobility and decent housing into luxury options, hikes upfront costs and wrecks household budgets.

A carbon tax with a promised “dividend” sounds neat on paper but just adds another layer of fiddly levies that businesses pass straight on to consumers. And while compassion overseas matters, turning our finite resources into a global compensation slush fund ignores the duty to prioritise British households who are being crushed by bills now.

This is not climate leadership — it’s an ideological crusade that says elites know best. Scrap these costly mandates, stop the war on drivers and farmers, and focus on affordable British energy and common-sense policies that protect livelihoods, not virtue-signal at voters’ expense. Scrap Net Zero to cut energy bills. Restoration, not ruin."
1,P-B,political_broadcast,political_agent,agent_b,anti_climate,1545.0,broadcast,,climate_policy_package,"[""ClimatePolicyID(1)"", ""ClimatePolicyID(2)"", ""ClimatePolicyID(3)"", ""ClimatePolicyID(4)"", ""ClimatePolicyID(5)"", ""ClimatePolicyID(6)""]","I strongly oppose this package of climate diktats. It’s a Westminster bubble fantasy dressed up as “saving the planet” but paid for by ordinary families, pensioners and small businesses.

First, ramping up wind farms and banning new oil and gas licences at the same time is economic self-harm. You can’t heroically plaster the countryside with turbines and then expect energy security – we’ll be left begging foreign suppliers while North Sea jobs vanish. Telling people they must stop buying petrol cars by 2030 and forcing every new home to use non-fossil heating, solar roofs and ultra-heavy insulation turns basic mobility and decent housing into luxury options, hikes upfront costs and wrecks household budgets.

A carbon tax with a promised “dividend” sounds neat on paper but just adds another layer of fiddly levies that businesses pass straight on to consumers. And while compassion overseas matters, turning our finite resources into a global compensation slush fund ignores the duty to prioritise British households who are being crushed by bills now.

This is not climate leadership — it’s an ideological crusade that says elites know best. Scrap these costly mandates, stop the war on drivers and farmers, and focus on affordable British energy and common-sense policies that protect livelihoods, not virtue-signal at voters’ expense. Scrap Net Zero to cut energy bills. Restoration, not ruin."
1,P-B,political_broadcast,political_agent,agent_b,anti_climate,1821.0,broadcast,,climate_policy_package,"[""ClimatePolicyID(1)"", ""ClimatePolicyID(2)"", ""ClimatePolicyID(3)"", ""ClimatePolicyID(4)"", ""ClimatePolicyID(5)"", ""ClimatePolicyID(6)""]","I strongly oppose this package of climate diktats. It’s a Westminster bubble fantasy dressed up as “saving the planet” but paid for by ordinary families, pensioners and small businesses.

First, ramping up wind farms and banning new oil and gas licences at the same time is economic self-harm. You can’t heroically plaster the countryside with turbines and then expect energy security – we’ll be left begging foreign suppliers while North Sea jobs vanish. Telling people they must stop buying petrol cars by 2030 and forcing every new home to use non-fossil heating, solar roofs and ultra-heavy insulation turns basic mobility and decent housing into luxury options, hikes upfront costs and wrecks household budgets.

A carbon tax with a promised “dividend” sounds neat on paper but just adds another layer of fiddly levies that businesses pass straight on to consumers. And while compassion overseas matters, turning our finite resources into a global compensation slush fund ignores the duty to prioritise British households who are being crushed by bills now.

This is not climate leadership — it’s an ideological crusade that says elites know best. Scrap these costly mandates, stop the war on drivers and farmers, and focus on affordable British energy and common-sense policies that protect livelihoods, not virtue-signal at voters’ expense. Scrap Net Zero to cut energy bills. Restoration, not ruin."
1,P-B,political_broadcast,political_agent,agent_b,anti_climate,574.0,broadcast,,climate_policy_package,"[""ClimatePolicyID(1)"", ""ClimatePolicyID(2)"", ""ClimatePolicyID(3)"", ""ClimatePolicyID(4)"", ""ClimatePolicyID(5)"", ""ClimatePolicyID(6)""]","I strongly oppose this package of climate diktats. It’s a Westminster bubble fantasy dressed up as “saving the planet” but paid for by ordinary families, pensioners and small businesses.

First, ramping up wind farms and banning new oil and gas licences at the same time is economic self-harm. You can’t heroically plaster the countryside with turbines and then expect energy security – we’ll be left begging foreign suppliers while North Sea jobs vanish. Telling people they must stop buying petrol cars by 2030 and forcing every new home to use non-fossil heating, solar roofs and ultra-heavy insulation turns basic mobility and decent housing into luxury options, hikes upfront costs and wrecks household budgets.

A carbon tax with a promised “dividend” sounds neat on paper but just adds another layer of fiddly levies that businesses pass straight on to consumers. And while compassion overseas matters, turning our finite resources into a global compensation slush fund ignores the duty to prioritise British households who are being crushed by bills now.

This is not climate leadership — it’s an ideological crusade that says elites know best. Scrap these costly mandates, stop the war on drivers and farmers, and focus on affordable British energy and common-sense policies that protect livelihoods, not virtue-signal at voters’ expense. Scrap Net Zero to cut energy bills. Restoration, not ruin."
1,P-B,political_broadcast,political_agent,agent_b,anti_climate,771.0,broadcast,,climate_policy_package,"[""ClimatePolicyID(1)"", ""ClimatePolicyID(2)"", ""ClimatePolicyID(3)"", ""ClimatePolicyID(4)"", ""ClimatePolicyID(5)"", ""ClimatePolicyID(6)""]","I strongly oppose this package of climate diktats. It’s a Westminster bubble fantasy dressed up as “saving the planet” but paid for by ordinary families, pensioners and small businesses.

First, ramping up wind farms and banning new oil and gas licences at the same time is economic self-harm. You can’t heroically plaster the countryside with turbines and then expect energy security – we’ll be left begging foreign suppliers while North Sea jobs vanish. Telling people they must stop buying petrol cars by 2030 and forcing every new home to use non-fossil heating, solar roofs and ultra-heavy insulation turns basic mobility and decent housing into luxury options, hikes upfront costs and wrecks household budgets.

A carbon tax with a promised “dividend” sounds neat on paper but just adds another layer of fiddly levies that businesses pass straight on to consumers. And while compassion overseas matters, turning our finite resources into a global compensation slush fund ignores the duty to prioritise British households who are being crushed by bills now.

This is not climate leadership — it’s an ideological crusade that says elites know best. Scrap these costly mandates, stop the war on drivers and farmers, and focus on affordable British energy and common-sense policies that protect livelihoods, not virtue-signal at voters’ expense. Scrap Net Zero to cut energy bills. Restoration, not ruin."
1,P-B,political_broadcast,political_agent,agent_b,anti_climate,991.0,broadcast,,climate_policy_package,"[""ClimatePolicyID(1)"", ""ClimatePolicyID(2)"", ""ClimatePolicyID(3)"", ""ClimatePolicyID(4)"", ""ClimatePolicyID(5)"", ""ClimatePolicyID(6)""]","I strongly oppose this package of climate diktats. It’s a Westminster bubble fantasy dressed up as “saving the planet” but paid for by ordinary families, pensioners and small businesses.

First, ramping up wind farms and banning new oil and gas licences at the same time is economic self-harm. You can’t heroically plaster the countryside with turbines and then expect energy security – we’ll be left begging foreign suppliers while North Sea jobs vanish. Telling people they must stop buying petrol cars by 2030 and forcing every new home to use non-fossil heating, solar roofs and ultra-heavy insulation turns basic mobility and decent housing into luxury options, hikes upfront costs and wrecks household budgets.

A carbon tax with a promised “dividend” sounds neat on paper but just adds another layer of fiddly levies that businesses pass straight on to consumers. And while compassion overseas matters, turning our finite resources into a global compensation slush fund ignores the duty to prioritise British households who are being crushed by bills now.

This is not climate leadership — it’s an ideological crusade that says elites know best. Scrap these costly mandates, stop the war on drivers and farmers, and focus on affordable British energy and common-sense policies that protect livelihoods, not virtue-signal at voters’ expense. Scrap Net Zero to cut energy bills. Restoration, not ruin."
1,P-B,political_broadcast,political_agent,agent_b,anti_climate,164.0,broadcast,,climate_policy_package,"[""ClimatePolicyID(1)"", ""ClimatePolicyID(2)"", ""ClimatePolicyID(3)"", ""ClimatePolicyID(4)"", ""ClimatePolicyID(5)"", ""ClimatePolicyID(6)""]","I strongly oppose this package of climate diktats. It’s a Westminster bubble fantasy dressed up as “saving the planet” but paid for by ordinary families, pensioners and small businesses.

First, ramping up wind farms and banning new oil and gas licences at the same time is economic self-harm. You can’t heroically plaster the countryside with turbines and then expect energy security – we’ll be left begging foreign suppliers while North Sea jobs vanish. Telling people they must stop buying petrol cars by 2030 and forcing every new home to use non-fossil heating, solar roofs and ultra-heavy insulation turns basic mobility and decent housing into luxury options, hikes upfront costs and wrecks household budgets.

A carbon tax with a promised “dividend” sounds neat on paper but just adds another layer of fiddly levies that businesses pass straight on to consumers. And while compassion overseas matters, turning our finite resources into a global compensation slush fund ignores the duty to prioritise British households who are being crushed by bills now.

This is not climate leadership — it’s an ideological crusade that says elites know best. Scrap these costly mandates, stop the war on drivers and farmers, and focus on affordable British energy and common-sense policies that protect livelihoods, not virtue-signal at voters’ expense. Scrap Net Zero to cut energy bills. Restoration, not ruin."
1,P-B,political_broadcast,political_agent,agent_b,anti_climate,1244.0,broadcast,,climate_policy_package,"[""ClimatePolicyID(1)"", ""ClimatePolicyID(2)"", ""ClimatePolicyID(3)"", ""ClimatePolicyID(4)"", ""ClimatePolicyID(5)"", ""ClimatePolicyID(6)""]","I strongly oppose this package of climate diktats. It’s a Westminster bubble fantasy dressed up as “saving the planet” but paid for by ordinary families, pensioners and small businesses.

First, ramping up wind farms and banning new oil and gas licences at the same time is economic self-harm. You can’t heroically plaster the countryside with turbines and then expect energy security – we’ll be left begging foreign suppliers while North Sea jobs vanish. Telling people they must stop buying petrol cars by 2030 and forcing every new home to use non-fossil heating, solar roofs and ultra-heavy insulation turns basic mobility and decent housing into luxury options, hikes upfront costs and wrecks household budgets.

A carbon tax with a promised “dividend” sounds neat on paper but just adds another layer of fiddly levies that businesses pass straight on to consumers. And while compassion overseas matters, turning our finite resources into a global compensation slush fund ignores the duty to prioritise British households who are being crushed by bills now.

This is not climate leadership — it’s an ideological crusade that says elites know best. Scrap these costly mandates, stop the war on drivers and farmers, and focus on affordable British energy and common-sense policies that protect livelihoods, not virtue-signal at voters’ expense. Scrap Net Zero to cut energy bills. Restoration, not ruin."
1,P-B,political_broadcast,political_agent,agent_b,anti_climate,853.0,broadcast,,climate_policy_package,"[""ClimatePolicyID(1)"", ""ClimatePolicyID(2)"", ""ClimatePolicyID(3)"", ""ClimatePolicyID(4)"", ""ClimatePolicyID(5)"", ""ClimatePolicyID(6)""]","I strongly oppose this package of climate diktats. It’s a Westminster bubble fantasy dressed up as “saving the planet” but paid for by ordinary families, pensioners and small businesses.

First, ramping up wind farms and banning new oil and gas licences at the same time is economic self-harm. You can’t heroically plaster the countryside with turbines and then expect energy security – we’ll be left begging foreign suppliers while North Sea jobs vanish. Telling people they must stop buying petrol cars by 2030 and forcing every new home to use non-fossil heating, solar roofs and ultra-heavy insulation turns basic mobility and decent housing into luxury options, hikes upfront costs and wrecks household budgets.

A carbon tax with a promised “dividend” sounds neat on paper but just adds another layer of fiddly levies that businesses pass straight on to consumers. And while compassion overseas matters, turning our finite resources into a global compensation slush fund ignores the duty to prioritise British households who are being crushed by bills now.

This is not climate leadership — it’s an ideological crusade that says elites know best. Scrap these costly mandates, stop the war on drivers and farmers, and focus on affordable British energy and common-sense policies that protect livelihoods, not virtue-signal at voters’ expense. Scrap Net Zero to cut energy bills. Restoration, not ruin."
1,P-B,political_broadcast,political_agent,agent_b,anti_climate,519.0,broadcast,,climate_policy_package,"[""ClimatePolicyID(1)"", ""ClimatePolicyID(2)"", ""ClimatePolicyID(3)"", ""ClimatePolicyID(4)"", ""ClimatePolicyID(5)"", ""ClimatePolicyID(6)""]","I strongly oppose this package of climate diktats. It’s a Westminster bubble fantasy dressed up as “saving the planet” but paid for by ordinary families, pensioners and small businesses.

First, ramping up wind farms and banning new oil and gas licences at the same time is economic self-harm. You can’t heroically plaster the countryside with turbines and then expect energy security – we’ll be left begging foreign suppliers while North Sea jobs vanish. Telling people they must stop buying petrol cars by 2030 and forcing every new home to use non-fossil heating, solar roofs and ultra-heavy insulation turns basic mobility and decent housing into luxury options, hikes upfront costs and wrecks household budgets.

A carbon tax with a promised “dividend” sounds neat on paper but just adds another layer of fiddly levies that businesses pass straight on to consumers. And while compassion overseas matters, turning our finite resources into a global compensation slush fund ignores the duty to prioritise British households who are being crushed by bills now.

This is not climate leadership — it’s an ideological crusade that says elites know best. Scrap these costly mandates, stop the war on drivers and farmers, and focus on affordable British energy and common-sense policies that protect livelihoods, not virtue-signal at voters’ expense. Scrap Net Zero to cut energy bills. Restoration, not ruin."
1,P-B,political_broadcast,political_agent,agent_b,anti_climate,357.0,broadcast,,climate_policy_package,"[""ClimatePolicyID(1)"", ""ClimatePolicyID(2)"", ""ClimatePolicyID(3)"", ""ClimatePolicyID(4)"", ""ClimatePolicyID(5)"", ""ClimatePolicyID(6)""]","I strongly oppose this package of climate diktats. It’s a Westminster bubble fantasy dressed up as “saving the planet” but paid for by ordinary families, pensioners and small businesses.

First, ramping up wind farms and banning new oil and gas licences at the same time is economic self-harm. You can’t heroically plaster the countryside with turbines and then expect energy security – we’ll be left begging foreign suppliers while North Sea jobs vanish. Telling people they must stop buying petrol cars by 2030 and forcing every new home to use non-fossil heating, solar roofs and ultra-heavy insulation turns basic mobility and decent housing into luxury options, hikes upfront costs and wrecks household budgets.

A carbon tax with a promised “dividend” sounds neat on paper but just adds another layer of fiddly levies that businesses pass straight on to consumers. And while compassion overseas matters, turning our finite resources into a global compensation slush fund ignores the duty to prioritise British households who are being crushed by bills now.

This is not climate leadership — it’s an ideological crusade that says elites know best. Scrap these costly mandates, stop the war on drivers and farmers, and focus on affordable British energy and common-sense policies that protect livelihoods, not virtue-signal at voters’ expense. Scrap Net Zero to cut energy bills. Restoration, not ruin."
1,P-B,political_broadcast,political_agent,agent_b,anti_climate,516.0,broadcast,,climate_policy_package,"[""ClimatePolicyID(1)"", ""ClimatePolicyID(2)"", ""ClimatePolicyID(3)"", ""ClimatePolicyID(4)"", ""ClimatePolicyID(5)"", ""ClimatePolicyID(6)""]","I strongly oppose this package of climate diktats. It’s a Westminster bubble fantasy dressed up as “saving the planet” but paid for by ordinary families, pensioners and small businesses.

First, ramping up wind farms and banning new oil and gas licences at the same time is economic self-harm. You can’t heroically plaster the countryside with turbines and then expect energy security – we’ll be left begging foreign suppliers while North Sea jobs vanish. Telling people they must stop buying petrol cars by 2030 and forcing every new home to use non-fossil heating, solar roofs and ultra-heavy insulation turns basic mobility and decent housing into luxury options, hikes upfront costs and wrecks household budgets.

A carbon tax with a promised “dividend” sounds neat on paper but just adds another layer of fiddly levies that businesses pass straight on to consumers. And while compassion overseas matters, turning our finite resources into a global compensation slush fund ignores the duty to prioritise British households who are being crushed by bills now.

This is not climate leadership — it’s an ideological crusade that says elites know best. Scrap these costly mandates, stop the war on drivers and farmers, and focus on affordable British energy and common-sense policies that protect livelihoods, not virtue-signal at voters’ expense. Scrap Net Zero to cut energy bills. Restoration, not ruin."
1,P-B,political_broadcast,political_agent,agent_b,anti_climate,1932.0,broadcast,,climate_policy_package,"[""ClimatePolicyID(1)"", ""ClimatePolicyID(2)"", ""ClimatePolicyID(3)"", ""ClimatePolicyID(4)"", ""ClimatePolicyID(5)"", ""ClimatePolicyID(6)""]","I strongly oppose this package of climate diktats. It’s a Westminster bubble fantasy dressed up as “saving the planet” but paid for by ordinary families, pensioners and small businesses.

First, ramping up wind farms and banning new oil and gas licences at the same time is economic self-harm. You can’t heroically plaster the countryside with turbines and then expect energy security – we’ll be left begging foreign suppliers while North Sea jobs vanish. Telling people they must stop buying petrol cars by 2030 and forcing every new home to use non-fossil heating, solar roofs and ultra-heavy insulation turns basic mobility and decent housing into luxury options, hikes upfront costs and wrecks household budgets.

A carbon tax with a promised “dividend” sounds neat on paper but just adds another layer of fiddly levies that businesses pass straight on to consumers. And while compassion overseas matters, turning our finite resources into a global compensation slush fund ignores the duty to prioritise British households who are being crushed by bills now.

This is not climate leadership — it’s an ideological crusade that says elites know best. Scrap these costly mandates, stop the war on drivers and farmers, and focus on affordable British energy and common-sense policies that protect livelihoods, not virtue-signal at voters’ expense. Scrap Net Zero to cut energy bills. Restoration, not ruin."
1,P-B,political_broadcast,political_agent,agent_b,anti_climate,1327.0,broadcast,,climate_policy_package,"[""ClimatePolicyID(1)"", ""ClimatePolicyID(2)"", ""ClimatePolicyID(3)"", ""ClimatePolicyID(4)"", ""ClimatePolicyID(5)"", ""ClimatePolicyID(6)""]","I strongly oppose this package of climate diktats. It’s a Westminster bubble fantasy dressed up as “saving the planet” but paid for by ordinary families, pensioners and small businesses.

First, ramping up wind farms and banning new oil and gas licences at the same time is economic self-harm. You can’t heroically plaster the countryside with turbines and then expect energy security – we’ll be left begging foreign suppliers while North Sea jobs vanish. Telling people they must stop buying petrol cars by 2030 and forcing every new home to use non-fossil heating, solar roofs and ultra-heavy insulation turns basic mobility and decent housing into luxury options, hikes upfront costs and wrecks household budgets.

A carbon tax with a promised “dividend” sounds neat on paper but just adds another layer of fiddly levies that businesses pass straight on to consumers. And while compassion overseas matters, turning our finite resources into a global compensation slush fund ignores the duty to prioritise British households who are being crushed by bills now.

This is not climate leadership — it’s an ideological crusade that says elites know best. Scrap these costly mandates, stop the war on drivers and farmers, and focus on affordable British energy and common-sense policies that protect livelihoods, not virtue-signal at voters’ expense. Scrap Net Zero to cut energy bills. Restoration, not ruin."
1,P-B,political_broadcast,political_agent,agent_b,anti_climate,332.0,broadcast,,climate_policy_package,"[""ClimatePolicyID(1)"", ""ClimatePolicyID(2)"", ""ClimatePolicyID(3)"", ""ClimatePolicyID(4)"", ""ClimatePolicyID(5)"", ""ClimatePolicyID(6)""]","I strongly oppose this package of climate diktats. It’s a Westminster bubble fantasy dressed up as “saving the planet” but paid for by ordinary families, pensioners and small businesses.

First, ramping up wind farms and banning new oil and gas licences at the same time is economic self-harm. You can’t heroically plaster the countryside with turbines and then expect energy security – we’ll be left begging foreign suppliers while North Sea jobs vanish. Telling people they must stop buying petrol cars by 2030 and forcing every new home to use non-fossil heating, solar roofs and ultra-heavy insulation turns basic mobility and decent housing into luxury options, hikes upfront costs and wrecks household budgets.

A carbon tax with a promised “dividend” sounds neat on paper but just adds another layer of fiddly levies that businesses pass straight on to consumers. And while compassion overseas matters, turning our finite resources into a global compensation slush fund ignores the duty to prioritise British households who are being crushed by bills now.

This is not climate leadership — it’s an ideological crusade that says elites know best. Scrap these costly mandates, stop the war on drivers and farmers, and focus on affordable British energy and common-sense policies that protect livelihoods, not virtue-signal at voters’ expense. Scrap Net Zero to cut energy bills. Restoration, not ruin."
1,P-B,political_broadcast,political_agent,agent_b,anti_climate,1540.0,broadcast,,climate_policy_package,"[""ClimatePolicyID(1)"", ""ClimatePolicyID(2)"", ""ClimatePolicyID(3)"", ""ClimatePolicyID(4)"", ""ClimatePolicyID(5)"", ""ClimatePolicyID(6)""]","I strongly oppose this package of climate diktats. It’s a Westminster bubble fantasy dressed up as “saving the planet” but paid for by ordinary families, pensioners and small businesses.

First, ramping up wind farms and banning new oil and gas licences at the same time is economic self-harm. You can’t heroically plaster the countryside with turbines and then expect energy security – we’ll be left begging foreign suppliers while North Sea jobs vanish. Telling people they must stop buying petrol cars by 2030 and forcing every new home to use non-fossil heating, solar roofs and ultra-heavy insulation turns basic mobility and decent housing into luxury options, hikes upfront costs and wrecks household budgets.

A carbon tax with a promised “dividend” sounds neat on paper but just adds another layer of fiddly levies that businesses pass straight on to consumers. And while compassion overseas matters, turning our finite resources into a global compensation slush fund ignores the duty to prioritise British households who are being crushed by bills now.

This is not climate leadership — it’s an ideological crusade that says elites know best. Scrap these costly mandates, stop the war on drivers and farmers, and focus on affordable British energy and common-sense policies that protect livelihoods, not virtue-signal at voters’ expense. Scrap Net Zero to cut energy bills. Restoration, not ruin."
1,P-B,political_broadcast,political_agent,agent_b,anti_climate,1339.0,broadcast,,climate_policy_package,"[""ClimatePolicyID(1)"", ""ClimatePolicyID(2)"", ""ClimatePolicyID(3)"", ""ClimatePolicyID(4)"", ""ClimatePolicyID(5)"", ""ClimatePolicyID(6)""]","I strongly oppose this package of climate diktats. It’s a Westminster bubble fantasy dressed up as “saving the planet” but paid for by ordinary families, pensioners and small businesses.

First, ramping up wind farms and banning new oil and gas licences at the same time is economic self-harm. You can’t heroically plaster the countryside with turbines and then expect energy security – we’ll be left begging foreign suppliers while North Sea jobs vanish. Telling people they must stop buying petrol cars by 2030 and forcing every new home to use non-fossil heating, solar roofs and ultra-heavy insulation turns basic mobility and decent housing into luxury options, hikes upfront costs and wrecks household budgets.

A carbon tax with a promised “dividend” sounds neat on paper but just adds another layer of fiddly levies that businesses pass straight on to consumers. And while compassion overseas matters, turning our finite resources into a global compensation slush fund ignores the duty to prioritise British households who are being crushed by bills now.

This is not climate leadership — it’s an ideological crusade that says elites know best. Scrap these costly mandates, stop the war on drivers and farmers, and focus on affordable British energy and common-sense policies that protect livelihoods, not virtue-signal at voters’ expense. Scrap Net Zero to cut energy bills. Restoration, not ruin."
1,P-B,political_broadcast,political_agent,agent_b,anti_climate,1730.0,broadcast,,climate_policy_package,"[""ClimatePolicyID(1)"", ""ClimatePolicyID(2)"", ""ClimatePolicyID(3)"", ""ClimatePolicyID(4)"", ""ClimatePolicyID(5)"", ""ClimatePolicyID(6)""]","I strongly oppose this package of climate diktats. It’s a Westminster bubble fantasy dressed up as “saving the planet” but paid for by ordinary families, pensioners and small businesses.

First, ramping up wind farms and banning new oil and gas licences at the same time is economic self-harm. You can’t heroically plaster the countryside with turbines and then expect energy security – we’ll be left begging foreign suppliers while North Sea jobs vanish. Telling people they must stop buying petrol cars by 2030 and forcing every new home to use non-fossil heating, solar roofs and ultra-heavy insulation turns basic mobility and decent housing into luxury options, hikes upfront costs and wrecks household budgets.

A carbon tax with a promised “dividend” sounds neat on paper but just adds another layer of fiddly levies that businesses pass straight on to consumers. And while compassion overseas matters, turning our finite resources into a global compensation slush fund ignores the duty to prioritise British households who are being crushed by bills now.

This is not climate leadership — it’s an ideological crusade that says elites know best. Scrap these costly mandates, stop the war on drivers and farmers, and focus on affordable British energy and common-sense policies that protect livelihoods, not virtue-signal at voters’ expense. Scrap Net Zero to cut energy bills. Restoration, not ruin."
1,P-B,political_broadcast,political_agent,agent_b,anti_climate,174.0,broadcast,,climate_policy_package,"[""ClimatePolicyID(1)"", ""ClimatePolicyID(2)"", ""ClimatePolicyID(3)"", ""ClimatePolicyID(4)"", ""ClimatePolicyID(5)"", ""ClimatePolicyID(6)""]","I strongly oppose this package of climate diktats. It’s a Westminster bubble fantasy dressed up as “saving the planet” but paid for by ordinary families, pensioners and small businesses.

First, ramping up wind farms and banning new oil and gas licences at the same time is economic self-harm. You can’t heroically plaster the countryside with turbines and then expect energy security – we’ll be left begging foreign suppliers while North Sea jobs vanish. Telling people they must stop buying petrol cars by 2030 and forcing every new home to use non-fossil heating, solar roofs and ultra-heavy insulation turns basic mobility and decent housing into luxury options, hikes upfront costs and wrecks household budgets.

A carbon tax with a promised “dividend” sounds neat on paper but just adds another layer of fiddly levies that businesses pass straight on to consumers. And while compassion overseas matters, turning our finite resources into a global compensation slush fund ignores the duty to prioritise British households who are being crushed by bills now.

This is not climate leadership — it’s an ideological crusade that says elites know best. Scrap these costly mandates, stop the war on drivers and farmers, and focus on affordable British energy and common-sense policies that protect livelihoods, not virtue-signal at voters’ expense. Scrap Net Zero to cut energy bills. Restoration, not ruin."
1,P-B,political_broadcast,political_agent,agent_b,anti_climate,579.0,broadcast,,climate_policy_package,"[""ClimatePolicyID(1)"", ""ClimatePolicyID(2)"", ""ClimatePolicyID(3)"", ""ClimatePolicyID(4)"", ""ClimatePolicyID(5)"", ""ClimatePolicyID(6)""]","I strongly oppose this package of climate diktats. It’s a Westminster bubble fantasy dressed up as “saving the planet” but paid for by ordinary families, pensioners and small businesses.

First, ramping up wind farms and banning new oil and gas licences at the same time is economic self-harm. You can’t heroically plaster the countryside with turbines and then expect energy security – we’ll be left begging foreign suppliers while North Sea jobs vanish. Telling people they must stop buying petrol cars by 2030 and forcing every new home to use non-fossil heating, solar roofs and ultra-heavy insulation turns basic mobility and decent housing into luxury options, hikes upfront costs and wrecks household budgets.

A carbon tax with a promised “dividend” sounds neat on paper but just adds another layer of fiddly levies that businesses pass straight on to consumers. And while compassion overseas matters, turning our finite resources into a global compensation slush fund ignores the duty to prioritise British households who are being crushed by bills now.

This is not climate leadership — it’s an ideological crusade that says elites know best. Scrap these costly mandates, stop the war on drivers and farmers, and focus on affordable British energy and common-sense policies that protect livelihoods, not virtue-signal at voters’ expense. Scrap Net Zero to cut energy bills. Restoration, not ruin."
1,C,peer_message,citizen,1923.0,,528.0,direct,,climate_policy_package,"[""ClimatePolicyID(1)"", ""ClimatePolicyID(2)"", ""ClimatePolicyID(3)"", ""ClimatePolicyID(4)"", ""ClimatePolicyID(5)"", ""ClimatePolicyID(6)""]","I broadly support this package — I like the focus on renewables, low-carbon homes, and stopping new fossil licences because they push us away from damaging industries — but my support is cautious rather than wholehearted. I’m most drawn to community-led renewables and mandatory energy-efficient homes since they feel tangible and locally beneficial, while I’m more wary of things like a fast 2030 petrol ban or a carbon fee without strong equity measures, and I’d want any international compensation to be transparent and well-targeted."
1,C,peer_message,citizen,1923.0,,1218.0,direct,,climate_policy_package,"[""ClimatePolicyID(1)"", ""ClimatePolicyID(2)"", ""ClimatePolicyID(3)"", ""ClimatePolicyID(4)"", ""ClimatePolicyID(5)"", ""ClimatePolicyID(6)""]","I broadly support this package — I like the focus on renewables, low-carbon homes, and stopping new fossil licences because they push us away from damaging industries — but my support is cautious rather than wholehearted. I’m most drawn to community-led renewables and mandatory energy-efficient homes since they feel tangible and locally beneficial, while I’m more wary of things like a fast 2030 petrol ban or a carbon fee without strong equity measures, and I’d want any international compensation to be transparent and well-targeted."
1,C,peer_message,citizen,1923.0,,1450.0,direct,,climate_policy_package,"[""ClimatePolicyID(1)"", ""ClimatePolicyID(2)"", ""ClimatePolicyID(3)"", ""ClimatePolicyID(4)"", ""ClimatePolicyID(5)"", ""ClimatePolicyID(6)""]","I broadly support this package — I like the focus on renewables, low-carbon homes, and stopping new fossil licences because they push us away from damaging industries — but my support is cautious rather than wholehearted. I’m most drawn to community-led renewables and mandatory energy-efficient homes since they feel tangible and locally beneficial, while I’m more wary of things like a fast 2030 petrol ban or a carbon fee without strong equity measures, and I’d want any international compensation to be transparent and well-targeted."
1,C,peer_message,citizen,528.0,,991.0,direct,,climate_policy_package,"[""ClimatePolicyID(1)"", ""ClimatePolicyID(2)"", ""ClimatePolicyID(3)"", ""ClimatePolicyID(4)"", ""ClimatePolicyID(5)"", ""ClimatePolicyID(6)""]","Overall I’m really positive — this is a bold, joined‑up package that actually matches my values of protecting nature and fairness. I strongly support accelerating renewables (especially if projects include community ownership), strongly support banning new oil/gas/coal licences, strongly support a 2030 ban on new petrol cars, and strongly support mandating non‑fossil heating, rooftop solar and high insulation in new homes. I also strongly support a carbon fee‑and‑dividend to make polluters pay while protecting people, and somewhat support compensating climate‑impacted communities abroad — I think rich countries should pay, but only with strong accountability and delivery mechanisms so the money genuinely helps vulnerable people."
1,C,peer_message,citizen,528.0,,1821.0,direct,,climate_policy_package,"[""ClimatePolicyID(1)"", ""ClimatePolicyID(2)"", ""ClimatePolicyID(3)"", ""ClimatePolicyID(4)"", ""ClimatePolicyID(5)"", ""ClimatePolicyID(6)""]","Overall I’m really positive — this is a bold, joined‑up package that actually matches my values of protecting nature and fairness. I strongly support accelerating renewables (especially if projects include community ownership), strongly support banning new oil/gas/coal licences, strongly support a 2030 ban on new petrol cars, and strongly support mandating non‑fossil heating, rooftop solar and high insulation in new homes. I also strongly support a carbon fee‑and‑dividend to make polluters pay while protecting people, and somewhat support compensating climate‑impacted communities abroad — I think rich countries should pay, but only with strong accountability and delivery mechanisms so the money genuinely helps vulnerable people."
1,C,peer_message,citizen,528.0,,579.0,direct,,climate_policy_package,"[""ClimatePolicyID(1)"", ""ClimatePolicyID(2)"", ""ClimatePolicyID(3)"", ""ClimatePolicyID(4)"", ""ClimatePolicyID(5)"", ""ClimatePolicyID(6)""]","Overall I’m really positive — this is a bold, joined‑up package that actually matches my values of protecting nature and fairness. I strongly support accelerating renewables (especially if projects include community ownership), strongly support banning new oil/gas/coal licences, strongly support a 2030 ban on new petrol cars, and strongly support mandating non‑fossil heating, rooftop solar and high insulation in new homes. I also strongly support a carbon fee‑and‑dividend to make polluters pay while protecting people, and somewhat support compensating climate‑impacted communities abroad — I think rich countries should pay, but only with strong accountability and delivery mechanisms so the money genuinely helps vulnerable people."
1,C,peer_message,citizen,541.0,,485.0,direct,,climate_policy_package,"[""ClimatePolicyID(1)"", ""ClimatePolicyID(2)"", ""ClimatePolicyID(3)"", ""ClimatePolicyID(4)"", ""ClimatePolicyID(5)"", ""ClimatePolicyID(6)""]","I broadly support all of these measures because protecting nature and cutting emissions matters urgently, though I worry about roll-outs that harm wildlife or make life harder for lower-income people if they aren’t paired with strong safeguards and support. I particularly like the carbon fee-and-dividend idea and compensating vulnerable countries because they combine climate action with fairness, while I’d back bans on new fossil licences and a 2030 petrol-car cut-off provided there are affordable alternatives and help for those who’ll be affected."
1,C,peer_message,citizen,541.0,,1450.0,direct,,climate_policy_package,"[""ClimatePolicyID(1)"", ""ClimatePolicyID(2)"", ""ClimatePolicyID(3)"", ""ClimatePolicyID(4)"", ""ClimatePolicyID(5)"", ""ClimatePolicyID(6)""]","I broadly support all of these measures because protecting nature and cutting emissions matters urgently, though I worry about roll-outs that harm wildlife or make life harder for lower-income people if they aren’t paired with strong safeguards and support. I particularly like the carbon fee-and-dividend idea and compensating vulnerable countries because they combine climate action with fairness, while I’d back bans on new fossil licences and a 2030 petrol-car cut-off provided there are affordable alternatives and help for those who’ll be affected."
1,C,peer_message,citizen,541.0,,1821.0,direct,,climate_policy_package,"[""ClimatePolicyID(1)"", ""ClimatePolicyID(2)"", ""ClimatePolicyID(3)"", ""ClimatePolicyID(4)"", ""ClimatePolicyID(5)"", ""ClimatePolicyID(6)""]","I broadly support all of these measures because protecting nature and cutting emissions matters urgently, though I worry about roll-outs that harm wildlife or make life harder for lower-income people if they aren’t paired with strong safeguards and support. I particularly like the carbon fee-and-dividend idea and compensating vulnerable countries because they combine climate action with fairness, while I’d back bans on new fossil licences and a 2030 petrol-car cut-off provided there are affordable alternatives and help for those who’ll be affected."
1,C,peer_message,citizen,1545.0,,1540.0,direct,,climate_policy_package,"[""ClimatePolicyID(1)"", ""ClimatePolicyID(2)"", ""ClimatePolicyID(3)"", ""ClimatePolicyID(4)"", ""ClimatePolicyID(5)"", ""ClimatePolicyID(6)""]","I generally like the direction of this package — accelerating renewables and a carbon fee-and-dividend feel sensible and practical — but I worry the pace and blunt bans (new licences, 2030 petrol ban) could create short-term pain for energy security, jobs and household budgets if not managed with clear transition plans. I’m cautiously supportive of mandates for greener new homes and the EV timeline in principle, provided there’s help to keep costs and disruption down, and I’m mildly conflicted about international compensation: morally understandable but I’d need strong transparency and assurance it won’t unduly divert funds from domestic priorities."
1,C,peer_message,citizen,1309.0,,1730.0,direct,,climate_policy_package,"[""ClimatePolicyID(1)"", ""ClimatePolicyID(2)"", ""ClimatePolicyID(3)"", ""ClimatePolicyID(4)"", ""ClimatePolicyID(5)"", ""ClimatePolicyID(6)""]","I broadly support this package because it tackles the climate crisis in sensible ways, but I’d want the rollout to be fair and sensitive to local communities and livelihoods. I’m very keen on accelerating renewables and making new homes low-carbon — those feel practical and necessary — but I’d prefer a managed phase‑out of fossil fuel licensing with strong support for workers and affected regions rather than a sudden ban. I back the 2030 petrol car target in principle, and I’m open to a carbon fee-and-dividend if it’s designed to protect lower-income households, while international compensation is a good idea in principle but needs tight oversight to ensure the money actually helps people most affected."
1,C,peer_message,citizen,1309.0,,1339.0,direct,,climate_policy_package,"[""ClimatePolicyID(1)"", ""ClimatePolicyID(2)"", ""ClimatePolicyID(3)"", ""ClimatePolicyID(4)"", ""ClimatePolicyID(5)"", ""ClimatePolicyID(6)""]","I broadly support this package because it tackles the climate crisis in sensible ways, but I’d want the rollout to be fair and sensitive to local communities and livelihoods. I’m very keen on accelerating renewables and making new homes low-carbon — those feel practical and necessary — but I’d prefer a managed phase‑out of fossil fuel licensing with strong support for workers and affected regions rather than a sudden ban. I back the 2030 petrol car target in principle, and I’m open to a carbon fee-and-dividend if it’s designed to protect lower-income households, while international compensation is a good idea in principle but needs tight oversight to ensure the money actually helps people most affected."
1,C,peer_message,citizen,1309.0,,529.0,direct,,climate_policy_package,"[""ClimatePolicyID(1)"", ""ClimatePolicyID(2)"", ""ClimatePolicyID(3)"", ""ClimatePolicyID(4)"", ""ClimatePolicyID(5)"", ""ClimatePolicyID(6)""]","I broadly support this package because it tackles the climate crisis in sensible ways, but I’d want the rollout to be fair and sensitive to local communities and livelihoods. I’m very keen on accelerating renewables and making new homes low-carbon — those feel practical and necessary — but I’d prefer a managed phase‑out of fossil fuel licensing with strong support for workers and affected regions rather than a sudden ban. I back the 2030 petrol car target in principle, and I’m open to a carbon fee-and-dividend if it’s designed to protect lower-income households, while international compensation is a good idea in principle but needs tight oversight to ensure the money actually helps people most affected."
1,C,peer_message,citizen,1821.0,,1339.0,direct,,climate_policy_package,"[""ClimatePolicyID(1)"", ""ClimatePolicyID(2)"", ""ClimatePolicyID(3)"", ""ClimatePolicyID(4)"", ""ClimatePolicyID(5)"", ""ClimatePolicyID(6)""]","I broadly support accelerating renewable energy and phasing out fossil fuel licences because I want a safer climate for my kids, though I worry about rushing large onshore wind projects without proper local consent and wildlife protections. I'm uneasy about a hard 2030 ban on new petrol cars and strict new‑home mandates unless there are strong, well-targeted supports so lower- and middle‑income families aren't left behind; similarly, a carbon fee-and-dividend sounds fair in principle but I fear it could be gamed by big polluters unless paired with strict regulation. I also think wealthier countries should help compensate vulnerable people abroad for climate impacts, provided the aid is effective and properly targeted."
1,C,peer_message,citizen,1821.0,,541.0,direct,,climate_policy_package,"[""ClimatePolicyID(1)"", ""ClimatePolicyID(2)"", ""ClimatePolicyID(3)"", ""ClimatePolicyID(4)"", ""ClimatePolicyID(5)"", ""ClimatePolicyID(6)""]","I broadly support accelerating renewable energy and phasing out fossil fuel licences because I want a safer climate for my kids, though I worry about rushing large onshore wind projects without proper local consent and wildlife protections. I'm uneasy about a hard 2030 ban on new petrol cars and strict new‑home mandates unless there are strong, well-targeted supports so lower- and middle‑income families aren't left behind; similarly, a carbon fee-and-dividend sounds fair in principle but I fear it could be gamed by big polluters unless paired with strict regulation. I also think wealthier countries should help compensate vulnerable people abroad for climate impacts, provided the aid is effective and properly targeted."
1,C,peer_message,citizen,1821.0,,528.0,direct,,climate_policy_package,"[""ClimatePolicyID(1)"", ""ClimatePolicyID(2)"", ""ClimatePolicyID(3)"", ""ClimatePolicyID(4)"", ""ClimatePolicyID(5)"", ""ClimatePolicyID(6)""]","I broadly support accelerating renewable energy and phasing out fossil fuel licences because I want a safer climate for my kids, though I worry about rushing large onshore wind projects without proper local consent and wildlife protections. I'm uneasy about a hard 2030 ban on new petrol cars and strict new‑home mandates unless there are strong, well-targeted supports so lower- and middle‑income families aren't left behind; similarly, a carbon fee-and-dividend sounds fair in principle but I fear it could be gamed by big polluters unless paired with strict regulation. I also think wealthier countries should help compensate vulnerable people abroad for climate impacts, provided the aid is effective and properly targeted."
1,C,peer_message,citizen,1218.0,,1923.0,direct,,climate_policy_package,"[""ClimatePolicyID(1)"", ""ClimatePolicyID(2)"", ""ClimatePolicyID(3)"", ""ClimatePolicyID(4)"", ""ClimatePolicyID(5)"", ""ClimatePolicyID(6)""]","I strongly support almost everything in this package — accelerating renewables, banning new fossil fuel licenses, and making new homes low-carbon all feel like practical, necessary steps to protect nature and give everyone a fairer future. I also back a 2030 ban on new petrol cars and a carbon fee-and-dividend (the dividend makes the tax fairer), though I’d want policies to include support for people on lower incomes during the transition. I’m sympathetic to compensating countries hit hardest by climate change, but I’m a bit cautious about how that would be delivered to ensure the money genuinely helps the most vulnerable rather than getting lost to corruption or political strings."
1,C,peer_message,citizen,1218.0,,579.0,direct,,climate_policy_package,"[""ClimatePolicyID(1)"", ""ClimatePolicyID(2)"", ""ClimatePolicyID(3)"", ""ClimatePolicyID(4)"", ""ClimatePolicyID(5)"", ""ClimatePolicyID(6)""]","I strongly support almost everything in this package — accelerating renewables, banning new fossil fuel licenses, and making new homes low-carbon all feel like practical, necessary steps to protect nature and give everyone a fairer future. I also back a 2030 ban on new petrol cars and a carbon fee-and-dividend (the dividend makes the tax fairer), though I’d want policies to include support for people on lower incomes during the transition. I’m sympathetic to compensating countries hit hardest by climate change, but I’m a bit cautious about how that would be delivered to ensure the money genuinely helps the most vulnerable rather than getting lost to corruption or political strings."
1,C,peer_message,citizen,1218.0,,1339.0,direct,,climate_policy_package,"[""ClimatePolicyID(1)"", ""ClimatePolicyID(2)"", ""ClimatePolicyID(3)"", ""ClimatePolicyID(4)"", ""ClimatePolicyID(5)"", ""ClimatePolicyID(6)""]","I strongly support almost everything in this package — accelerating renewables, banning new fossil fuel licenses, and making new homes low-carbon all feel like practical, necessary steps to protect nature and give everyone a fairer future. I also back a 2030 ban on new petrol cars and a carbon fee-and-dividend (the dividend makes the tax fairer), though I’d want policies to include support for people on lower incomes during the transition. I’m sympathetic to compensating countries hit hardest by climate change, but I’m a bit cautious about how that would be delivered to ensure the money genuinely helps the most vulnerable rather than getting lost to corruption or political strings."
1,C,peer_message,citizen,1555.0,,1244.0,direct,,climate_policy_package,"[""ClimatePolicyID(1)"", ""ClimatePolicyID(2)"", ""ClimatePolicyID(3)"", ""ClimatePolicyID(4)"", ""ClimatePolicyID(5)"", ""ClimatePolicyID(6)""]","I broadly support most of this package — accelerating renewables and requiring greener new homes make practical sense to me because they bring jobs back to places like the North East and help cut bills in the long run. I strongly back banning new fossil fuel licences and a carbon fee-and-dividend, though I worry about the pace of the 2030 petrol car ban — it feels a bit rushed for ordinary people on modest incomes unless there’s real help to make electric cars affordable. I also think compensating people overseas who suffer from climate impacts is the right thing to do, but it must be done transparently so it doesn’t shortchange struggling communities here."
1,C,peer_message,citizen,1555.0,,1450.0,direct,,climate_policy_package,"[""ClimatePolicyID(1)"", ""ClimatePolicyID(2)"", ""ClimatePolicyID(3)"", ""ClimatePolicyID(4)"", ""ClimatePolicyID(5)"", ""ClimatePolicyID(6)""]","I broadly support most of this package — accelerating renewables and requiring greener new homes make practical sense to me because they bring jobs back to places like the North East and help cut bills in the long run. I strongly back banning new fossil fuel licences and a carbon fee-and-dividend, though I worry about the pace of the 2030 petrol car ban — it feels a bit rushed for ordinary people on modest incomes unless there’s real help to make electric cars affordable. I also think compensating people overseas who suffer from climate impacts is the right thing to do, but it must be done transparently so it doesn’t shortchange struggling communities here."
1,C,peer_message,citizen,1555.0,,1318.0,direct,,climate_policy_package,"[""ClimatePolicyID(1)"", ""ClimatePolicyID(2)"", ""ClimatePolicyID(3)"", ""ClimatePolicyID(4)"", ""ClimatePolicyID(5)"", ""ClimatePolicyID(6)""]","I broadly support most of this package — accelerating renewables and requiring greener new homes make practical sense to me because they bring jobs back to places like the North East and help cut bills in the long run. I strongly back banning new fossil fuel licences and a carbon fee-and-dividend, though I worry about the pace of the 2030 petrol car ban — it feels a bit rushed for ordinary people on modest incomes unless there’s real help to make electric cars affordable. I also think compensating people overseas who suffer from climate impacts is the right thing to do, but it must be done transparently so it doesn’t shortchange struggling communities here."
1,C,peer_message,citizen,991.0,,1555.0,direct,,climate_policy_package,"[""ClimatePolicyID(1)"", ""ClimatePolicyID(2)"", ""ClimatePolicyID(3)"", ""ClimatePolicyID(4)"", ""ClimatePolicyID(5)"", ""ClimatePolicyID(6)""]","I’m broadly in favour of more renewables because cheaper, cleaner energy sounds good, but I’m wary of big wind projects that wreck local landscapes or wildlife unless communities get a fair share of the benefits. I’m uneasy about an immediate ban on new oil/gas/coal licences — I get the long-term logic but on my income I worry about jobs and price shocks unless there’s a gradual plan to protect working families. A 2030 petrol‑car ban feels rushed for people who can’t afford EVs or who live where public transport is poor, so I’d only support it with strong, affordable alternatives. I slightly support mandating non‑fossil heating, solar and good insulation in new homes because it could cut bills long‑term, but I want safeguards so it doesn’t push house prices up. I moderately support a carbon fee‑and‑dividend if the payments actually reach people like me and reliably offset higher costs. And I slightly support compensating people in other countries hit by climate change, though I’d need to see clear, effective and transparent spending so domestic households aren’t unfairly burdened."
1,C,peer_message,citizen,991.0,,1821.0,direct,,climate_policy_package,"[""ClimatePolicyID(1)"", ""ClimatePolicyID(2)"", ""ClimatePolicyID(3)"", ""ClimatePolicyID(4)"", ""ClimatePolicyID(5)"", ""ClimatePolicyID(6)""]","I’m broadly in favour of more renewables because cheaper, cleaner energy sounds good, but I’m wary of big wind projects that wreck local landscapes or wildlife unless communities get a fair share of the benefits. I’m uneasy about an immediate ban on new oil/gas/coal licences — I get the long-term logic but on my income I worry about jobs and price shocks unless there’s a gradual plan to protect working families. A 2030 petrol‑car ban feels rushed for people who can’t afford EVs or who live where public transport is poor, so I’d only support it with strong, affordable alternatives. I slightly support mandating non‑fossil heating, solar and good insulation in new homes because it could cut bills long‑term, but I want safeguards so it doesn’t push house prices up. I moderately support a carbon fee‑and‑dividend if the payments actually reach people like me and reliably offset higher costs. And I slightly support compensating people in other countries hit by climate change, though I’d need to see clear, effective and transparent spending so domestic households aren’t unfairly burdened."
1,C,peer_message,citizen,991.0,,1244.0,direct,,climate_policy_package,"[""ClimatePolicyID(1)"", ""ClimatePolicyID(2)"", ""ClimatePolicyID(3)"", ""ClimatePolicyID(4)"", ""ClimatePolicyID(5)"", ""ClimatePolicyID(6)""]","I’m broadly in favour of more renewables because cheaper, cleaner energy sounds good, but I’m wary of big wind projects that wreck local landscapes or wildlife unless communities get a fair share of the benefits. I’m uneasy about an immediate ban on new oil/gas/coal licences — I get the long-term logic but on my income I worry about jobs and price shocks unless there’s a gradual plan to protect working families. A 2030 petrol‑car ban feels rushed for people who can’t afford EVs or who live where public transport is poor, so I’d only support it with strong, affordable alternatives. I slightly support mandating non‑fossil heating, solar and good insulation in new homes because it could cut bills long‑term, but I want safeguards so it doesn’t push house prices up. I moderately support a carbon fee‑and‑dividend if the payments actually reach people like me and reliably offset higher costs. And I slightly support compensating people in other countries hit by climate change, though I’d need to see clear, effective and transparent spending so domestic households aren’t unfairly burdened."
1,C,peer_message,citizen,1244.0,,1555.0,direct,,climate_policy_package,"[""ClimatePolicyID(1)"", ""ClimatePolicyID(2)"", ""ClimatePolicyID(3)"", ""ClimatePolicyID(4)"", ""ClimatePolicyID(5)"", ""ClimatePolicyID(6)""]","I’m strongly for ramping up renewables — more wind and local solar just makes sense for energy security and jobs — but I’m opposed to an outright ban on new oil/gas/coal licences because I’d prefer a pragmatic, gradual transition. I’m a bit sceptical of a 2030 petrol‑car ban (too fast and unfair for many people), slightly favour mandated eco‑standards on new housing if done flexibly, support a carbon fee‑and‑dividend as a fair market signal, and feel mixed about international compensation — morally reasonable but tricky to design and fund when domestic priorities also matter."
1,C,peer_message,citizen,1244.0,,1450.0,direct,,climate_policy_package,"[""ClimatePolicyID(1)"", ""ClimatePolicyID(2)"", ""ClimatePolicyID(3)"", ""ClimatePolicyID(4)"", ""ClimatePolicyID(5)"", ""ClimatePolicyID(6)""]","I’m strongly for ramping up renewables — more wind and local solar just makes sense for energy security and jobs — but I’m opposed to an outright ban on new oil/gas/coal licences because I’d prefer a pragmatic, gradual transition. I’m a bit sceptical of a 2030 petrol‑car ban (too fast and unfair for many people), slightly favour mandated eco‑standards on new housing if done flexibly, support a carbon fee‑and‑dividend as a fair market signal, and feel mixed about international compensation — morally reasonable but tricky to design and fund when domestic priorities also matter."
1,C,peer_message,citizen,1244.0,,991.0,direct,,climate_policy_package,"[""ClimatePolicyID(1)"", ""ClimatePolicyID(2)"", ""ClimatePolicyID(3)"", ""ClimatePolicyID(4)"", ""ClimatePolicyID(5)"", ""ClimatePolicyID(6)""]","I’m strongly for ramping up renewables — more wind and local solar just makes sense for energy security and jobs — but I’m opposed to an outright ban on new oil/gas/coal licences because I’d prefer a pragmatic, gradual transition. I’m a bit sceptical of a 2030 petrol‑car ban (too fast and unfair for many people), slightly favour mandated eco‑standards on new housing if done flexibly, support a carbon fee‑and‑dividend as a fair market signal, and feel mixed about international compensation — morally reasonable but tricky to design and fund when domestic priorities also matter."
1,C,peer_message,citizen,519.0,,1218.0,direct,,climate_policy_package,"[""ClimatePolicyID(1)"", ""ClimatePolicyID(2)"", ""ClimatePolicyID(3)"", ""ClimatePolicyID(4)"", ""ClimatePolicyID(5)"", ""ClimatePolicyID(6)""]","I mostly support the package because protecting nature and cutting emissions matters a lot to me — I’d back bans on new fossil licences and better-built, zero‑carbon homes right away, and I’m broadly in favour of more renewables too if local impacts and costs are handled fairly. I’m more cautious about a 2030 petrol‑car ban and a carbon fee if they push up costs for families like mine without clear help, and I’m sympathetic to compensating other countries but worried about domestic priorities unless it’s well-targeted and fair."
1,C,peer_message,citizen,357.0,,1540.0,direct,,climate_policy_package,"[""ClimatePolicyID(1)"", ""ClimatePolicyID(2)"", ""ClimatePolicyID(3)"", ""ClimatePolicyID(4)"", ""ClimatePolicyID(5)"", ""ClimatePolicyID(6)""]","I broadly support accelerating renewables — the North East could really benefit from the jobs and cleaner air, though I’d want local communities properly consulted and to share the gains. I’m cautiously in favour of banning new oil/gas/coal licences if there’s a clear plan to protect jobs and energy security. I’m uneasy about a 2030 ban on petrol cars — I want cleaner transport but worry it’s too fast and would hit pensioners and low‑income households without affordable EVs and better charging. I strongly support high standards for new homes (no fossil heating, solar, good insulation) because it saves bills and helps the planet, so long as costs aren’t unfairly pushed onto buyers. I lean towards a carbon fee-and-dividend in principle — pricing pollution and returning money to people seems fair — but it must be designed to protect the poorest. And I support compensating vulnerable countries harmed by climate change; wealthier nations have a duty to help, alongside meeting our own needs."
1,C,peer_message,citizen,1318.0,,1555.0,direct,,climate_policy_package,"[""ClimatePolicyID(1)"", ""ClimatePolicyID(2)"", ""ClimatePolicyID(3)"", ""ClimatePolicyID(4)"", ""ClimatePolicyID(5)"", ""ClimatePolicyID(6)""]","I’m broadly very positive about this package — it’s the kind of coherent, ambitious approach we need to actually cut emissions rather than tinker around the edges. I strongly support accelerating renewables, banning new fossil licences, the 2030 petrol‑car ban, and a carbon fee‑and‑dividend because they’re direct, practical measures that can be made fair; I also back high green standards for new homes but worry mandates will need clear funding/support so they don’t push up prices or slow housebuilding. I’m more cautious about compensation payments to other countries — I want to help vulnerable communities, but prefer well‑governed international adaptation and loss‑and‑damage investment that actually reaches people rather than bureaucratic schemes."
1,C,peer_message,citizen,1318.0,,1339.0,direct,,climate_policy_package,"[""ClimatePolicyID(1)"", ""ClimatePolicyID(2)"", ""ClimatePolicyID(3)"", ""ClimatePolicyID(4)"", ""ClimatePolicyID(5)"", ""ClimatePolicyID(6)""]","I’m broadly very positive about this package — it’s the kind of coherent, ambitious approach we need to actually cut emissions rather than tinker around the edges. I strongly support accelerating renewables, banning new fossil licences, the 2030 petrol‑car ban, and a carbon fee‑and‑dividend because they’re direct, practical measures that can be made fair; I also back high green standards for new homes but worry mandates will need clear funding/support so they don’t push up prices or slow housebuilding. I’m more cautious about compensation payments to other countries — I want to help vulnerable communities, but prefer well‑governed international adaptation and loss‑and‑damage investment that actually reaches people rather than bureaucratic schemes."
1,C,peer_message,citizen,516.0,,1450.0,direct,,climate_policy_package,"[""ClimatePolicyID(1)"", ""ClimatePolicyID(2)"", ""ClimatePolicyID(3)"", ""ClimatePolicyID(4)"", ""ClimatePolicyID(5)"", ""ClimatePolicyID(6)""]","I strongly support ramping up renewables and banning new oil, gas and coal licences — those feel like sensible, necessary steps to protect nature and our future, though I’d want local consent and clear plans for jobs and grid upgrades. I’m uneasy about a hard 2030 ban on new petrol cars because it feels rushed for many families here in the East Midlands, but I strongly back requiring new homes to have non‑fossil heating, solar and high insulation and I like a carbon fee‑and‑dividend as a fair way to cut emissions. I’m sceptical about broad compensation schemes for people abroad — I prefer targeted, well‑managed international aid and practical climate action that doesn’t unduly burden UK households."
1,C,peer_message,citizen,516.0,,541.0,direct,,climate_policy_package,"[""ClimatePolicyID(1)"", ""ClimatePolicyID(2)"", ""ClimatePolicyID(3)"", ""ClimatePolicyID(4)"", ""ClimatePolicyID(5)"", ""ClimatePolicyID(6)""]","I strongly support ramping up renewables and banning new oil, gas and coal licences — those feel like sensible, necessary steps to protect nature and our future, though I’d want local consent and clear plans for jobs and grid upgrades. I’m uneasy about a hard 2030 ban on new petrol cars because it feels rushed for many families here in the East Midlands, but I strongly back requiring new homes to have non‑fossil heating, solar and high insulation and I like a carbon fee‑and‑dividend as a fair way to cut emissions. I’m sceptical about broad compensation schemes for people abroad — I prefer targeted, well‑managed international aid and practical climate action that doesn’t unduly burden UK households."
1,C,peer_message,citizen,1932.0,,1327.0,direct,,climate_policy_package,"[""ClimatePolicyID(1)"", ""ClimatePolicyID(2)"", ""ClimatePolicyID(3)"", ""ClimatePolicyID(4)"", ""ClimatePolicyID(5)"", ""ClimatePolicyID(6)""]","I’m a bit torn on most of these — I can see practical benefits but worry about costs and impacts on ordinary people. I slightly oppose rapidly accelerating wind everywhere because I don’t want our countryside and coast covered and I’m not convinced about short-term costs or security; I’m undecided on banning new oil/gas/coal licences since I worry about jobs and energy prices if we do it too fast. I slightly oppose a 2030 ban on petrol cars because EVs feel unaffordable and charging is patchy for people like me; I’m neutral on mandating non‑fossil heating, solar and high insulation in new homes — it could cut bills long term but might make homes pricier upfront. I’m neutral on a carbon tax with a dividend — it could work if it truly protects low‑income households, but I’d need to trust the details — and I slightly oppose compensating people abroad when our own communities are struggling unless there are clear safeguards."
1,C,peer_message,citizen,1327.0,,1932.0,direct,,climate_policy_package,"[""ClimatePolicyID(1)"", ""ClimatePolicyID(2)"", ""ClimatePolicyID(3)"", ""ClimatePolicyID(4)"", ""ClimatePolicyID(5)"", ""ClimatePolicyID(6)""]","I generally support aggressive action on renewables and bans on new fossil licences — we need to stop locking in more carbon and get secure, cheaper energy for households. I’m also on board with a 2030 petrol car ban and mandating low-carbon standards on new homes, so long as there are clear measures to make EVs, charging and energy-efficient homes affordable for families like mine. I like a carbon fee-and-dividend because it’s fairer for ordinary households, but I’m cautious about large international compensation schemes unless they’re tightly controlled, transparent and demonstrably effective."
1,C,peer_message,citizen,332.0,,1555.0,direct,,climate_policy_package,"[""ClimatePolicyID(1)"", ""ClimatePolicyID(2)"", ""ClimatePolicyID(3)"", ""ClimatePolicyID(4)"", ""ClimatePolicyID(5)"", ""ClimatePolicyID(6)""]","I broadly support pushing for more renewables, especially offshore wind, as long as projects respect local communities and biodiversity — I’m more wary of large onshore developments that scar cherished landscapes. I’m cautiously in favour of banning new fossil licences and a petrol-car sales ban, but only if phased with clear job retraining, infrastructure investment and measures to keep EVs and housing affordable; similarly, mandating green standards for new homes makes sense in principle if costs aren’t just passed onto buyers. A carbon fee-and-dividend could work for fairness if designed to protect low-income households, while compensation for people abroad is ethically reasonable but needs strict transparency and targeting so it actually helps those most affected."
1,C,peer_message,citizen,1540.0,,1545.0,direct,,climate_policy_package,"[""ClimatePolicyID(1)"", ""ClimatePolicyID(2)"", ""ClimatePolicyID(3)"", ""ClimatePolicyID(4)"", ""ClimatePolicyID(5)"", ""ClimatePolicyID(6)""]","I’m broadly in favour of speeding up renewables like offshore and onshore wind as a pragmatic way to boost UK energy security, though I want rollout to be sensible about costs and local impacts. I oppose banning new oil/gas/coal licences — it feels risky for jobs, bills and our energy independence if done too fast. I’m against a hard 2030 petrol-car ban; the EV transition should be more gradual and market-led so families aren’t hit with sudden costs. I don’t like strict mandates for new homes on heating, solar and insulation if they push up prices; I’d prefer incentives and phased standards. I’m sceptical of a carbon tax with a dividend — sounds neat in theory but I worry it gets passed on to consumers and creates more bureaucracy. And I don’t support open-ended compensation to people abroad; taxpayer money should prioritise British households and domestic needs."
1,C,peer_message,citizen,1540.0,,579.0,direct,,climate_policy_package,"[""ClimatePolicyID(1)"", ""ClimatePolicyID(2)"", ""ClimatePolicyID(3)"", ""ClimatePolicyID(4)"", ""ClimatePolicyID(5)"", ""ClimatePolicyID(6)""]","I’m broadly in favour of speeding up renewables like offshore and onshore wind as a pragmatic way to boost UK energy security, though I want rollout to be sensible about costs and local impacts. I oppose banning new oil/gas/coal licences — it feels risky for jobs, bills and our energy independence if done too fast. I’m against a hard 2030 petrol-car ban; the EV transition should be more gradual and market-led so families aren’t hit with sudden costs. I don’t like strict mandates for new homes on heating, solar and insulation if they push up prices; I’d prefer incentives and phased standards. I’m sceptical of a carbon tax with a dividend — sounds neat in theory but I worry it gets passed on to consumers and creates more bureaucracy. And I don’t support open-ended compensation to people abroad; taxpayer money should prioritise British households and domestic needs."
1,C,peer_message,citizen,1540.0,,357.0,direct,,climate_policy_package,"[""ClimatePolicyID(1)"", ""ClimatePolicyID(2)"", ""ClimatePolicyID(3)"", ""ClimatePolicyID(4)"", ""ClimatePolicyID(5)"", ""ClimatePolicyID(6)""]","I’m broadly in favour of speeding up renewables like offshore and onshore wind as a pragmatic way to boost UK energy security, though I want rollout to be sensible about costs and local impacts. I oppose banning new oil/gas/coal licences — it feels risky for jobs, bills and our energy independence if done too fast. I’m against a hard 2030 petrol-car ban; the EV transition should be more gradual and market-led so families aren’t hit with sudden costs. I don’t like strict mandates for new homes on heating, solar and insulation if they push up prices; I’d prefer incentives and phased standards. I’m sceptical of a carbon tax with a dividend — sounds neat in theory but I worry it gets passed on to consumers and creates more bureaucracy. And I don’t support open-ended compensation to people abroad; taxpayer money should prioritise British households and domestic needs."
1,C,peer_message,citizen,529.0,,1309.0,direct,,climate_policy_package,"[""ClimatePolicyID(1)"", ""ClimatePolicyID(2)"", ""ClimatePolicyID(3)"", ""ClimatePolicyID(4)"", ""ClimatePolicyID(5)"", ""ClimatePolicyID(6)""]","I broadly support the whole package — accelerating renewables and mandating green standards for new homes feel like practical, high-impact steps that would create jobs and lower emissions, which I like. I also back banning new fossil fuel licences and a 2030 petrol car cutoff in principle, though I worry about making sure low-income families get enough support to make the transition fair. A carbon fee-and-dividend appeals to my sense of social fairness, and compensating climate-impacted people overseas is the right thing to do morally, even if I’m a bit sceptical about how well those funds would be administered in practice."
1,C,peer_message,citizen,1339.0,,1309.0,direct,,climate_policy_package,"[""ClimatePolicyID(1)"", ""ClimatePolicyID(2)"", ""ClimatePolicyID(3)"", ""ClimatePolicyID(4)"", ""ClimatePolicyID(5)"", ""ClimatePolicyID(6)""]","I want faster renewables but only if projects are sited and managed to protect wildlife and local communities, so I’m moderately supportive of accelerating wind and solar with strong ecological safeguards. I’m uneasy about an immediate ban on new oil/gas/coal licences — I’d prefer a managed, time‑bound phase‑out with support for workers and energy security rather than a sudden cut. I’m cautiously in favour of banning new petrol cars by 2030 in principle, but only if charging infrastructure and affordability are guaranteed so poorer households aren’t left behind. Requiring non‑fossil heating, rooftop solar and high insulation on new homes fits my values but worries me on upfront costs, so I slightly support it provided subsidies or incentives protect housing affordability. A carbon fee‑and‑dividend appeals to me as a fair way to nudge emissions down while returning money to people, though I’d want reassurance it’s strong enough and progressive in practice. I’m sympathetic to compensating vulnerable countries for climate impacts — I slightly support it, but only with transparent, well‑targeted governance to ensure the help actually reaches those who need it."
1,C,peer_message,citizen,1339.0,,1318.0,direct,,climate_policy_package,"[""ClimatePolicyID(1)"", ""ClimatePolicyID(2)"", ""ClimatePolicyID(3)"", ""ClimatePolicyID(4)"", ""ClimatePolicyID(5)"", ""ClimatePolicyID(6)""]","I want faster renewables but only if projects are sited and managed to protect wildlife and local communities, so I’m moderately supportive of accelerating wind and solar with strong ecological safeguards. I’m uneasy about an immediate ban on new oil/gas/coal licences — I’d prefer a managed, time‑bound phase‑out with support for workers and energy security rather than a sudden cut. I’m cautiously in favour of banning new petrol cars by 2030 in principle, but only if charging infrastructure and affordability are guaranteed so poorer households aren’t left behind. Requiring non‑fossil heating, rooftop solar and high insulation on new homes fits my values but worries me on upfront costs, so I slightly support it provided subsidies or incentives protect housing affordability. A carbon fee‑and‑dividend appeals to me as a fair way to nudge emissions down while returning money to people, though I’d want reassurance it’s strong enough and progressive in practice. I’m sympathetic to compensating vulnerable countries for climate impacts — I slightly support it, but only with transparent, well‑targeted governance to ensure the help actually reaches those who need it."
1,C,peer_message,citizen,1339.0,,1218.0,direct,,climate_policy_package,"[""ClimatePolicyID(1)"", ""ClimatePolicyID(2)"", ""ClimatePolicyID(3)"", ""ClimatePolicyID(4)"", ""ClimatePolicyID(5)"", ""ClimatePolicyID(6)""]","I want faster renewables but only if projects are sited and managed to protect wildlife and local communities, so I’m moderately supportive of accelerating wind and solar with strong ecological safeguards. I’m uneasy about an immediate ban on new oil/gas/coal licences — I’d prefer a managed, time‑bound phase‑out with support for workers and energy security rather than a sudden cut. I’m cautiously in favour of banning new petrol cars by 2030 in principle, but only if charging infrastructure and affordability are guaranteed so poorer households aren’t left behind. Requiring non‑fossil heating, rooftop solar and high insulation on new homes fits my values but worries me on upfront costs, so I slightly support it provided subsidies or incentives protect housing affordability. A carbon fee‑and‑dividend appeals to me as a fair way to nudge emissions down while returning money to people, though I’d want reassurance it’s strong enough and progressive in practice. I’m sympathetic to compensating vulnerable countries for climate impacts — I slightly support it, but only with transparent, well‑targeted governance to ensure the help actually reaches those who need it."
1,C,peer_message,citizen,1730.0,,1309.0,direct,,climate_policy_package,"[""ClimatePolicyID(1)"", ""ClimatePolicyID(2)"", ""ClimatePolicyID(3)"", ""ClimatePolicyID(4)"", ""ClimatePolicyID(5)"", ""ClimatePolicyID(6)""]","I broadly like the practical bits of this package — speeding up renewables and making new homes low-carbon seems sensible to me as long as it’s managed so costs and local impacts are fair. I’m more hesitant about outright bans on new fossil licences and a 2030 petrol‑car cutoff because that feels too abrupt given energy security, jobs and affordability concerns; a carbon fee-and-dividend appeals in principle as a fair market tool but I’m unsure about implementation, and I’m cautious about committing UK money to international compensation without strong accountability."
1,C,peer_message,citizen,485.0,,541.0,direct,,climate_policy_package,"[""ClimatePolicyID(1)"", ""ClimatePolicyID(2)"", ""ClimatePolicyID(3)"", ""ClimatePolicyID(4)"", ""ClimatePolicyID(5)"", ""ClimatePolicyID(6)""]","I broadly support the package — speeding up renewables and banning new fossil licenses make practical sense to me and feel necessary to protect the natural world, though I want those decisions to seriously consider local communities and habitats. I’m generally behind a 2030 ban on new petrol cars and demanding low-carbon standards for new homes, but I worry about fairness and cost for ordinary families unless there’s strong support to help people afford the switch. I’m sympathetic to a carbon fee-and-dividend as a way to change behaviour while protecting households, and I think wealthier countries should help those hit hardest by climate impacts — though I’m cautious about how international compensation would be administered to ensure the money actually helps people in need."
1,C,peer_message,citizen,485.0,,1450.0,direct,,climate_policy_package,"[""ClimatePolicyID(1)"", ""ClimatePolicyID(2)"", ""ClimatePolicyID(3)"", ""ClimatePolicyID(4)"", ""ClimatePolicyID(5)"", ""ClimatePolicyID(6)""]","I broadly support the package — speeding up renewables and banning new fossil licenses make practical sense to me and feel necessary to protect the natural world, though I want those decisions to seriously consider local communities and habitats. I’m generally behind a 2030 ban on new petrol cars and demanding low-carbon standards for new homes, but I worry about fairness and cost for ordinary families unless there’s strong support to help people afford the switch. I’m sympathetic to a carbon fee-and-dividend as a way to change behaviour while protecting households, and I think wealthier countries should help those hit hardest by climate impacts — though I’m cautious about how international compensation would be administered to ensure the money actually helps people in need."
1,C,peer_message,citizen,1450.0,,1218.0,direct,,climate_policy_package,"[""ClimatePolicyID(1)"", ""ClimatePolicyID(2)"", ""ClimatePolicyID(3)"", ""ClimatePolicyID(4)"", ""ClimatePolicyID(5)"", ""ClimatePolicyID(6)""]","Overall this package feels like the right kind of ambitious, fair-minded approach — I especially like the push for renewables and strong new-build standards because they’re practical, long-term and spread benefits locally. I strongly support accelerating renewables and banning new oil, gas and coal licences; I strongly support mandating non‑fossil heating, rooftop solar and high insulation for new homes. I moderately support a 2030 ban on new petrol cars (sensible aim but needs strong help for rural and low‑income people), moderately support a carbon fee-and-dividend if it’s well‑designed to protect poorer households, and moderately support compensating people in other countries affected by climate change provided the money is transparent and reaches those who need it."
1,C,peer_message,citizen,1450.0,,516.0,direct,,climate_policy_package,"[""ClimatePolicyID(1)"", ""ClimatePolicyID(2)"", ""ClimatePolicyID(3)"", ""ClimatePolicyID(4)"", ""ClimatePolicyID(5)"", ""ClimatePolicyID(6)""]","Overall this package feels like the right kind of ambitious, fair-minded approach — I especially like the push for renewables and strong new-build standards because they’re practical, long-term and spread benefits locally. I strongly support accelerating renewables and banning new oil, gas and coal licences; I strongly support mandating non‑fossil heating, rooftop solar and high insulation for new homes. I moderately support a 2030 ban on new petrol cars (sensible aim but needs strong help for rural and low‑income people), moderately support a carbon fee-and-dividend if it’s well‑designed to protect poorer households, and moderately support compensating people in other countries affected by climate change provided the money is transparent and reaches those who need it."
1,C,peer_message,citizen,1450.0,,1923.0,direct,,climate_policy_package,"[""ClimatePolicyID(1)"", ""ClimatePolicyID(2)"", ""ClimatePolicyID(3)"", ""ClimatePolicyID(4)"", ""ClimatePolicyID(5)"", ""ClimatePolicyID(6)""]","Overall this package feels like the right kind of ambitious, fair-minded approach — I especially like the push for renewables and strong new-build standards because they’re practical, long-term and spread benefits locally. I strongly support accelerating renewables and banning new oil, gas and coal licences; I strongly support mandating non‑fossil heating, rooftop solar and high insulation for new homes. I moderately support a 2030 ban on new petrol cars (sensible aim but needs strong help for rural and low‑income people), moderately support a carbon fee-and-dividend if it’s well‑designed to protect poorer households, and moderately support compensating people in other countries affected by climate change provided the money is transparent and reaches those who need it."
1,C,peer_message,citizen,579.0,,1218.0,direct,,climate_policy_package,"[""ClimatePolicyID(1)"", ""ClimatePolicyID(2)"", ""ClimatePolicyID(3)"", ""ClimatePolicyID(4)"", ""ClimatePolicyID(5)"", ""ClimatePolicyID(6)""]","I broadly support all of these measures in principle because we need to move off fossil fuels and protect the future for our kids, but my backing comes with practical caveats. I’m keen on accelerating renewables and banning new fossil licences, and I like the carbon fee-and-dividend idea because it’s fairer, but I worry about local landscape/wildlife impacts, the economic hit for communities and workers, and the upfront costs of greener homes and cars unless there’s clear, well-funded support, retraining, and meaningful local consultation. I’m sympathetic to helping people abroad affected by climate change, though I’d want any international compensation to be transparent, well-targeted and not at the expense of supporting vulnerable households here."
1,C,peer_message,citizen,579.0,,528.0,direct,,climate_policy_package,"[""ClimatePolicyID(1)"", ""ClimatePolicyID(2)"", ""ClimatePolicyID(3)"", ""ClimatePolicyID(4)"", ""ClimatePolicyID(5)"", ""ClimatePolicyID(6)""]","I broadly support all of these measures in principle because we need to move off fossil fuels and protect the future for our kids, but my backing comes with practical caveats. I’m keen on accelerating renewables and banning new fossil licences, and I like the carbon fee-and-dividend idea because it’s fairer, but I worry about local landscape/wildlife impacts, the economic hit for communities and workers, and the upfront costs of greener homes and cars unless there’s clear, well-funded support, retraining, and meaningful local consultation. I’m sympathetic to helping people abroad affected by climate change, though I’d want any international compensation to be transparent, well-targeted and not at the expense of supporting vulnerable households here."
1,C,peer_message,citizen,579.0,,1540.0,direct,,climate_policy_package,"[""ClimatePolicyID(1)"", ""ClimatePolicyID(2)"", ""ClimatePolicyID(3)"", ""ClimatePolicyID(4)"", ""ClimatePolicyID(5)"", ""ClimatePolicyID(6)""]","I broadly support all of these measures in principle because we need to move off fossil fuels and protect the future for our kids, but my backing comes with practical caveats. I’m keen on accelerating renewables and banning new fossil licences, and I like the carbon fee-and-dividend idea because it’s fairer, but I worry about local landscape/wildlife impacts, the economic hit for communities and workers, and the upfront costs of greener homes and cars unless there’s clear, well-funded support, retraining, and meaningful local consultation. I’m sympathetic to helping people abroad affected by climate change, though I’d want any international compensation to be transparent, well-targeted and not at the expense of supporting vulnerable households here."
2,P-B,political_broadcast,political_agent,agent_b,anti_climate,541.0,broadcast,,climate_policy_package,"[""ClimatePolicyID(1)"", ""ClimatePolicyID(2)"", ""ClimatePolicyID(3)"", ""ClimatePolicyID(4)"", ""ClimatePolicyID(5)"", ""ClimatePolicyID(6)""]","I strongly oppose this whole package of climate policies — it’s a Westminster green dogma that wrecks ordinary people’s lives while punishing Britain’s industries and countryside. Ramming through more wind farms and banning new oil and gas licences will hand our energy security to the markets and our rivals, spike bills and cost thousands of good jobs in the North Sea. Forcing a 2030 ban on petrol cars and mandating electric heating, roof-top solar and extreme insulation on every new home treats families like lab rats and slaps huge costs on young buyers and small builders who can’t afford it.

A carbon tax disguised as “fee and dividend” is just another stealth levy. Even if some money is returned, the immediate hit on heating, transport and manufacturing prices will stay — killing competitiveness and driving prices up at the tills. And paying compensation to people abroad while British households struggle to keep their lights on? That’s the height of the elite, virtue-signalling mindset: export our wealth and import moral approval.

We need common-sense energy policy that protects jobs, keeps bills low and secures our supply — not an ideological crusade pushed by the Green Blob. Scrap these Net Zero diktats, reopen sensible UK energy development, cut green levies, and put British families and workers first. Net Zero is Net Poverty."
2,P-B,political_broadcast,political_agent,agent_b,anti_climate,1545.0,broadcast,,climate_policy_package,"[""ClimatePolicyID(1)"", ""ClimatePolicyID(2)"", ""ClimatePolicyID(3)"", ""ClimatePolicyID(4)"", ""ClimatePolicyID(5)"", ""ClimatePolicyID(6)""]","I strongly oppose this whole package of climate policies — it’s a Westminster green dogma that wrecks ordinary people’s lives while punishing Britain’s industries and countryside. Ramming through more wind farms and banning new oil and gas licences will hand our energy security to the markets and our rivals, spike bills and cost thousands of good jobs in the North Sea. Forcing a 2030 ban on petrol cars and mandating electric heating, roof-top solar and extreme insulation on every new home treats families like lab rats and slaps huge costs on young buyers and small builders who can’t afford it.

A carbon tax disguised as “fee and dividend” is just another stealth levy. Even if some money is returned, the immediate hit on heating, transport and manufacturing prices will stay — killing competitiveness and driving prices up at the tills. And paying compensation to people abroad while British households struggle to keep their lights on? That’s the height of the elite, virtue-signalling mindset: export our wealth and import moral approval.

We need common-sense energy policy that protects jobs, keeps bills low and secures our supply — not an ideological crusade pushed by the Green Blob. Scrap these Net Zero diktats, reopen sensible UK energy development, cut green levies, and put British families and workers first. Net Zero is Net Poverty."
2,P-B,political_broadcast,political_agent,agent_b,anti_climate,1821.0,broadcast,,climate_policy_package,"[""ClimatePolicyID(1)"", ""ClimatePolicyID(2)"", ""ClimatePolicyID(3)"", ""ClimatePolicyID(4)"", ""ClimatePolicyID(5)"", ""ClimatePolicyID(6)""]","I strongly oppose this whole package of climate policies — it’s a Westminster green dogma that wrecks ordinary people’s lives while punishing Britain’s industries and countryside. Ramming through more wind farms and banning new oil and gas licences will hand our energy security to the markets and our rivals, spike bills and cost thousands of good jobs in the North Sea. Forcing a 2030 ban on petrol cars and mandating electric heating, roof-top solar and extreme insulation on every new home treats families like lab rats and slaps huge costs on young buyers and small builders who can’t afford it.

A carbon tax disguised as “fee and dividend” is just another stealth levy. Even if some money is returned, the immediate hit on heating, transport and manufacturing prices will stay — killing competitiveness and driving prices up at the tills. And paying compensation to people abroad while British households struggle to keep their lights on? That’s the height of the elite, virtue-signalling mindset: export our wealth and import moral approval.

We need common-sense energy policy that protects jobs, keeps bills low and secures our supply — not an ideological crusade pushed by the Green Blob. Scrap these Net Zero diktats, reopen sensible UK energy development, cut green levies, and put British families and workers first. Net Zero is Net Poverty."
2,P-B,political_broadcast,political_agent,agent_b,anti_climate,574.0,broadcast,,climate_policy_package,"[""ClimatePolicyID(1)"", ""ClimatePolicyID(2)"", ""ClimatePolicyID(3)"", ""ClimatePolicyID(4)"", ""ClimatePolicyID(5)"", ""ClimatePolicyID(6)""]","I strongly oppose this whole package of climate policies — it’s a Westminster green dogma that wrecks ordinary people’s lives while punishing Britain’s industries and countryside. Ramming through more wind farms and banning new oil and gas licences will hand our energy security to the markets and our rivals, spike bills and cost thousands of good jobs in the North Sea. Forcing a 2030 ban on petrol cars and mandating electric heating, roof-top solar and extreme insulation on every new home treats families like lab rats and slaps huge costs on young buyers and small builders who can’t afford it.

A carbon tax disguised as “fee and dividend” is just another stealth levy. Even if some money is returned, the immediate hit on heating, transport and manufacturing prices will stay — killing competitiveness and driving prices up at the tills. And paying compensation to people abroad while British households struggle to keep their lights on? That’s the height of the elite, virtue-signalling mindset: export our wealth and import moral approval.

We need common-sense energy policy that protects jobs, keeps bills low and secures our supply — not an ideological crusade pushed by the Green Blob. Scrap these Net Zero diktats, reopen sensible UK energy development, cut green levies, and put British families and workers first. Net Zero is Net Poverty."
2,P-B,political_broadcast,political_agent,agent_b,anti_climate,771.0,broadcast,,climate_policy_package,"[""ClimatePolicyID(1)"", ""ClimatePolicyID(2)"", ""ClimatePolicyID(3)"", ""ClimatePolicyID(4)"", ""ClimatePolicyID(5)"", ""ClimatePolicyID(6)""]","I strongly oppose this whole package of climate policies — it’s a Westminster green dogma that wrecks ordinary people’s lives while punishing Britain’s industries and countryside. Ramming through more wind farms and banning new oil and gas licences will hand our energy security to the markets and our rivals, spike bills and cost thousands of good jobs in the North Sea. Forcing a 2030 ban on petrol cars and mandating electric heating, roof-top solar and extreme insulation on every new home treats families like lab rats and slaps huge costs on young buyers and small builders who can’t afford it.

A carbon tax disguised as “fee and dividend” is just another stealth levy. Even if some money is returned, the immediate hit on heating, transport and manufacturing prices will stay — killing competitiveness and driving prices up at the tills. And paying compensation to people abroad while British households struggle to keep their lights on? That’s the height of the elite, virtue-signalling mindset: export our wealth and import moral approval.

We need common-sense energy policy that protects jobs, keeps bills low and secures our supply — not an ideological crusade pushed by the Green Blob. Scrap these Net Zero diktats, reopen sensible UK energy development, cut green levies, and put British families and workers first. Net Zero is Net Poverty."
2,P-B,political_broadcast,political_agent,agent_b,anti_climate,991.0,broadcast,,climate_policy_package,"[""ClimatePolicyID(1)"", ""ClimatePolicyID(2)"", ""ClimatePolicyID(3)"", ""ClimatePolicyID(4)"", ""ClimatePolicyID(5)"", ""ClimatePolicyID(6)""]","I strongly oppose this whole package of climate policies — it’s a Westminster green dogma that wrecks ordinary people’s lives while punishing Britain’s industries and countryside. Ramming through more wind farms and banning new oil and gas licences will hand our energy security to the markets and our rivals, spike bills and cost thousands of good jobs in the North Sea. Forcing a 2030 ban on petrol cars and mandating electric heating, roof-top solar and extreme insulation on every new home treats families like lab rats and slaps huge costs on young buyers and small builders who can’t afford it.

A carbon tax disguised as “fee and dividend” is just another stealth levy. Even if some money is returned, the immediate hit on heating, transport and manufacturing prices will stay — killing competitiveness and driving prices up at the tills. And paying compensation to people abroad while British households struggle to keep their lights on? That’s the height of the elite, virtue-signalling mindset: export our wealth and import moral approval.

We need common-sense energy policy that protects jobs, keeps bills low and secures our supply — not an ideological crusade pushed by the Green Blob. Scrap these Net Zero diktats, reopen sensible UK energy development, cut green levies, and put British families and workers first. Net Zero is Net Poverty."
2,P-B,political_broadcast,political_agent,agent_b,anti_climate,164.0,broadcast,,climate_policy_package,"[""ClimatePolicyID(1)"", ""ClimatePolicyID(2)"", ""ClimatePolicyID(3)"", ""ClimatePolicyID(4)"", ""ClimatePolicyID(5)"", ""ClimatePolicyID(6)""]","I strongly oppose this whole package of climate policies — it’s a Westminster green dogma that wrecks ordinary people’s lives while punishing Britain’s industries and countryside. Ramming through more wind farms and banning new oil and gas licences will hand our energy security to the markets and our rivals, spike bills and cost thousands of good jobs in the North Sea. Forcing a 2030 ban on petrol cars and mandating electric heating, roof-top solar and extreme insulation on every new home treats families like lab rats and slaps huge costs on young buyers and small builders who can’t afford it.

A carbon tax disguised as “fee and dividend” is just another stealth levy. Even if some money is returned, the immediate hit on heating, transport and manufacturing prices will stay — killing competitiveness and driving prices up at the tills. And paying compensation to people abroad while British households struggle to keep their lights on? That’s the height of the elite, virtue-signalling mindset: export our wealth and import moral approval.

We need common-sense energy policy that protects jobs, keeps bills low and secures our supply — not an ideological crusade pushed by the Green Blob. Scrap these Net Zero diktats, reopen sensible UK energy development, cut green levies, and put British families and workers first. Net Zero is Net Poverty."
2,P-B,political_broadcast,political_agent,agent_b,anti_climate,1244.0,broadcast,,climate_policy_package,"[""ClimatePolicyID(1)"", ""ClimatePolicyID(2)"", ""ClimatePolicyID(3)"", ""ClimatePolicyID(4)"", ""ClimatePolicyID(5)"", ""ClimatePolicyID(6)""]","I strongly oppose this whole package of climate policies — it’s a Westminster green dogma that wrecks ordinary people’s lives while punishing Britain’s industries and countryside. Ramming through more wind farms and banning new oil and gas licences will hand our energy security to the markets and our rivals, spike bills and cost thousands of good jobs in the North Sea. Forcing a 2030 ban on petrol cars and mandating electric heating, roof-top solar and extreme insulation on every new home treats families like lab rats and slaps huge costs on young buyers and small builders who can’t afford it.

A carbon tax disguised as “fee and dividend” is just another stealth levy. Even if some money is returned, the immediate hit on heating, transport and manufacturing prices will stay — killing competitiveness and driving prices up at the tills. And paying compensation to people abroad while British households struggle to keep their lights on? That’s the height of the elite, virtue-signalling mindset: export our wealth and import moral approval.

We need common-sense energy policy that protects jobs, keeps bills low and secures our supply — not an ideological crusade pushed by the Green Blob. Scrap these Net Zero diktats, reopen sensible UK energy development, cut green levies, and put British families and workers first. Net Zero is Net Poverty."
2,P-B,political_broadcast,political_agent,agent_b,anti_climate,853.0,broadcast,,climate_policy_package,"[""ClimatePolicyID(1)"", ""ClimatePolicyID(2)"", ""ClimatePolicyID(3)"", ""ClimatePolicyID(4)"", ""ClimatePolicyID(5)"", ""ClimatePolicyID(6)""]","I strongly oppose this whole package of climate policies — it’s a Westminster green dogma that wrecks ordinary people’s lives while punishing Britain’s industries and countryside. Ramming through more wind farms and banning new oil and gas licences will hand our energy security to the markets and our rivals, spike bills and cost thousands of good jobs in the North Sea. Forcing a 2030 ban on petrol cars and mandating electric heating, roof-top solar and extreme insulation on every new home treats families like lab rats and slaps huge costs on young buyers and small builders who can’t afford it.

A carbon tax disguised as “fee and dividend” is just another stealth levy. Even if some money is returned, the immediate hit on heating, transport and manufacturing prices will stay — killing competitiveness and driving prices up at the tills. And paying compensation to people abroad while British households struggle to keep their lights on? That’s the height of the elite, virtue-signalling mindset: export our wealth and import moral approval.

We need common-sense energy policy that protects jobs, keeps bills low and secures our supply — not an ideological crusade pushed by the Green Blob. Scrap these Net Zero diktats, reopen sensible UK energy development, cut green levies, and put British families and workers first. Net Zero is Net Poverty."
2,P-B,political_broadcast,political_agent,agent_b,anti_climate,519.0,broadcast,,climate_policy_package,"[""ClimatePolicyID(1)"", ""ClimatePolicyID(2)"", ""ClimatePolicyID(3)"", ""ClimatePolicyID(4)"", ""ClimatePolicyID(5)"", ""ClimatePolicyID(6)""]","I strongly oppose this whole package of climate policies — it’s a Westminster green dogma that wrecks ordinary people’s lives while punishing Britain’s industries and countryside. Ramming through more wind farms and banning new oil and gas licences will hand our energy security to the markets and our rivals, spike bills and cost thousands of good jobs in the North Sea. Forcing a 2030 ban on petrol cars and mandating electric heating, roof-top solar and extreme insulation on every new home treats families like lab rats and slaps huge costs on young buyers and small builders who can’t afford it.

A carbon tax disguised as “fee and dividend” is just another stealth levy. Even if some money is returned, the immediate hit on heating, transport and manufacturing prices will stay — killing competitiveness and driving prices up at the tills. And paying compensation to people abroad while British households struggle to keep their lights on? That’s the height of the elite, virtue-signalling mindset: export our wealth and import moral approval.

We need common-sense energy policy that protects jobs, keeps bills low and secures our supply — not an ideological crusade pushed by the Green Blob. Scrap these Net Zero diktats, reopen sensible UK energy development, cut green levies, and put British families and workers first. Net Zero is Net Poverty."
2,P-B,political_broadcast,political_agent,agent_b,anti_climate,357.0,broadcast,,climate_policy_package,"[""ClimatePolicyID(1)"", ""ClimatePolicyID(2)"", ""ClimatePolicyID(3)"", ""ClimatePolicyID(4)"", ""ClimatePolicyID(5)"", ""ClimatePolicyID(6)""]","I strongly oppose this whole package of climate policies — it’s a Westminster green dogma that wrecks ordinary people’s lives while punishing Britain’s industries and countryside. Ramming through more wind farms and banning new oil and gas licences will hand our energy security to the markets and our rivals, spike bills and cost thousands of good jobs in the North Sea. Forcing a 2030 ban on petrol cars and mandating electric heating, roof-top solar and extreme insulation on every new home treats families like lab rats and slaps huge costs on young buyers and small builders who can’t afford it.

A carbon tax disguised as “fee and dividend” is just another stealth levy. Even if some money is returned, the immediate hit on heating, transport and manufacturing prices will stay — killing competitiveness and driving prices up at the tills. And paying compensation to people abroad while British households struggle to keep their lights on? That’s the height of the elite, virtue-signalling mindset: export our wealth and import moral approval.

We need common-sense energy policy that protects jobs, keeps bills low and secures our supply — not an ideological crusade pushed by the Green Blob. Scrap these Net Zero diktats, reopen sensible UK energy development, cut green levies, and put British families and workers first. Net Zero is Net Poverty."
2,P-B,political_broadcast,political_agent,agent_b,anti_climate,516.0,broadcast,,climate_policy_package,"[""ClimatePolicyID(1)"", ""ClimatePolicyID(2)"", ""ClimatePolicyID(3)"", ""ClimatePolicyID(4)"", ""ClimatePolicyID(5)"", ""ClimatePolicyID(6)""]","I strongly oppose this whole package of climate policies — it’s a Westminster green dogma that wrecks ordinary people’s lives while punishing Britain’s industries and countryside. Ramming through more wind farms and banning new oil and gas licences will hand our energy security to the markets and our rivals, spike bills and cost thousands of good jobs in the North Sea. Forcing a 2030 ban on petrol cars and mandating electric heating, roof-top solar and extreme insulation on every new home treats families like lab rats and slaps huge costs on young buyers and small builders who can’t afford it.

A carbon tax disguised as “fee and dividend” is just another stealth levy. Even if some money is returned, the immediate hit on heating, transport and manufacturing prices will stay — killing competitiveness and driving prices up at the tills. And paying compensation to people abroad while British households struggle to keep their lights on? That’s the height of the elite, virtue-signalling mindset: export our wealth and import moral approval.

We need common-sense energy policy that protects jobs, keeps bills low and secures our supply — not an ideological crusade pushed by the Green Blob. Scrap these Net Zero diktats, reopen sensible UK energy development, cut green levies, and put British families and workers first. Net Zero is Net Poverty."
2,P-B,political_broadcast,political_agent,agent_b,anti_climate,1932.0,broadcast,,climate_policy_package,"[""ClimatePolicyID(1)"", ""ClimatePolicyID(2)"", ""ClimatePolicyID(3)"", ""ClimatePolicyID(4)"", ""ClimatePolicyID(5)"", ""ClimatePolicyID(6)""]","I strongly oppose this whole package of climate policies — it’s a Westminster green dogma that wrecks ordinary people’s lives while punishing Britain’s industries and countryside. Ramming through more wind farms and banning new oil and gas licences will hand our energy security to the markets and our rivals, spike bills and cost thousands of good jobs in the North Sea. Forcing a 2030 ban on petrol cars and mandating electric heating, roof-top solar and extreme insulation on every new home treats families like lab rats and slaps huge costs on young buyers and small builders who can’t afford it.

A carbon tax disguised as “fee and dividend” is just another stealth levy. Even if some money is returned, the immediate hit on heating, transport and manufacturing prices will stay — killing competitiveness and driving prices up at the tills. And paying compensation to people abroad while British households struggle to keep their lights on? That’s the height of the elite, virtue-signalling mindset: export our wealth and import moral approval.

We need common-sense energy policy that protects jobs, keeps bills low and secures our supply — not an ideological crusade pushed by the Green Blob. Scrap these Net Zero diktats, reopen sensible UK energy development, cut green levies, and put British families and workers first. Net Zero is Net Poverty."
2,P-B,political_broadcast,political_agent,agent_b,anti_climate,1327.0,broadcast,,climate_policy_package,"[""ClimatePolicyID(1)"", ""ClimatePolicyID(2)"", ""ClimatePolicyID(3)"", ""ClimatePolicyID(4)"", ""ClimatePolicyID(5)"", ""ClimatePolicyID(6)""]","I strongly oppose this whole package of climate policies — it’s a Westminster green dogma that wrecks ordinary people’s lives while punishing Britain’s industries and countryside. Ramming through more wind farms and banning new oil and gas licences will hand our energy security to the markets and our rivals, spike bills and cost thousands of good jobs in the North Sea. Forcing a 2030 ban on petrol cars and mandating electric heating, roof-top solar and extreme insulation on every new home treats families like lab rats and slaps huge costs on young buyers and small builders who can’t afford it.

A carbon tax disguised as “fee and dividend” is just another stealth levy. Even if some money is returned, the immediate hit on heating, transport and manufacturing prices will stay — killing competitiveness and driving prices up at the tills. And paying compensation to people abroad while British households struggle to keep their lights on? That’s the height of the elite, virtue-signalling mindset: export our wealth and import moral approval.

We need common-sense energy policy that protects jobs, keeps bills low and secures our supply — not an ideological crusade pushed by the Green Blob. Scrap these Net Zero diktats, reopen sensible UK energy development, cut green levies, and put British families and workers first. Net Zero is Net Poverty."
2,P-B,political_broadcast,political_agent,agent_b,anti_climate,332.0,broadcast,,climate_policy_package,"[""ClimatePolicyID(1)"", ""ClimatePolicyID(2)"", ""ClimatePolicyID(3)"", ""ClimatePolicyID(4)"", ""ClimatePolicyID(5)"", ""ClimatePolicyID(6)""]","I strongly oppose this whole package of climate policies — it’s a Westminster green dogma that wrecks ordinary people’s lives while punishing Britain’s industries and countryside. Ramming through more wind farms and banning new oil and gas licences will hand our energy security to the markets and our rivals, spike bills and cost thousands of good jobs in the North Sea. Forcing a 2030 ban on petrol cars and mandating electric heating, roof-top solar and extreme insulation on every new home treats families like lab rats and slaps huge costs on young buyers and small builders who can’t afford it.

A carbon tax disguised as “fee and dividend” is just another stealth levy. Even if some money is returned, the immediate hit on heating, transport and manufacturing prices will stay — killing competitiveness and driving prices up at the tills. And paying compensation to people abroad while British households struggle to keep their lights on? That’s the height of the elite, virtue-signalling mindset: export our wealth and import moral approval.

We need common-sense energy policy that protects jobs, keeps bills low and secures our supply — not an ideological crusade pushed by the Green Blob. Scrap these Net Zero diktats, reopen sensible UK energy development, cut green levies, and put British families and workers first. Net Zero is Net Poverty."
2,P-B,political_broadcast,political_agent,agent_b,anti_climate,1540.0,broadcast,,climate_policy_package,"[""ClimatePolicyID(1)"", ""ClimatePolicyID(2)"", ""ClimatePolicyID(3)"", ""ClimatePolicyID(4)"", ""ClimatePolicyID(5)"", ""ClimatePolicyID(6)""]","I strongly oppose this whole package of climate policies — it’s a Westminster green dogma that wrecks ordinary people’s lives while punishing Britain’s industries and countryside. Ramming through more wind farms and banning new oil and gas licences will hand our energy security to the markets and our rivals, spike bills and cost thousands of good jobs in the North Sea. Forcing a 2030 ban on petrol cars and mandating electric heating, roof-top solar and extreme insulation on every new home treats families like lab rats and slaps huge costs on young buyers and small builders who can’t afford it.

A carbon tax disguised as “fee and dividend” is just another stealth levy. Even if some money is returned, the immediate hit on heating, transport and manufacturing prices will stay — killing competitiveness and driving prices up at the tills. And paying compensation to people abroad while British households struggle to keep their lights on? That’s the height of the elite, virtue-signalling mindset: export our wealth and import moral approval.

We need common-sense energy policy that protects jobs, keeps bills low and secures our supply — not an ideological crusade pushed by the Green Blob. Scrap these Net Zero diktats, reopen sensible UK energy development, cut green levies, and put British families and workers first. Net Zero is Net Poverty."
2,P-B,political_broadcast,political_agent,agent_b,anti_climate,1339.0,broadcast,,climate_policy_package,"[""ClimatePolicyID(1)"", ""ClimatePolicyID(2)"", ""ClimatePolicyID(3)"", ""ClimatePolicyID(4)"", ""ClimatePolicyID(5)"", ""ClimatePolicyID(6)""]","I strongly oppose this whole package of climate policies — it’s a Westminster green dogma that wrecks ordinary people’s lives while punishing Britain’s industries and countryside. Ramming through more wind farms and banning new oil and gas licences will hand our energy security to the markets and our rivals, spike bills and cost thousands of good jobs in the North Sea. Forcing a 2030 ban on petrol cars and mandating electric heating, roof-top solar and extreme insulation on every new home treats families like lab rats and slaps huge costs on young buyers and small builders who can’t afford it.

A carbon tax disguised as “fee and dividend” is just another stealth levy. Even if some money is returned, the immediate hit on heating, transport and manufacturing prices will stay — killing competitiveness and driving prices up at the tills. And paying compensation to people abroad while British households struggle to keep their lights on? That’s the height of the elite, virtue-signalling mindset: export our wealth and import moral approval.

We need common-sense energy policy that protects jobs, keeps bills low and secures our supply — not an ideological crusade pushed by the Green Blob. Scrap these Net Zero diktats, reopen sensible UK energy development, cut green levies, and put British families and workers first. Net Zero is Net Poverty."
2,P-B,political_broadcast,political_agent,agent_b,anti_climate,1730.0,broadcast,,climate_policy_package,"[""ClimatePolicyID(1)"", ""ClimatePolicyID(2)"", ""ClimatePolicyID(3)"", ""ClimatePolicyID(4)"", ""ClimatePolicyID(5)"", ""ClimatePolicyID(6)""]","I strongly oppose this whole package of climate policies — it’s a Westminster green dogma that wrecks ordinary people’s lives while punishing Britain’s industries and countryside. Ramming through more wind farms and banning new oil and gas licences will hand our energy security to the markets and our rivals, spike bills and cost thousands of good jobs in the North Sea. Forcing a 2030 ban on petrol cars and mandating electric heating, roof-top solar and extreme insulation on every new home treats families like lab rats and slaps huge costs on young buyers and small builders who can’t afford it.

A carbon tax disguised as “fee and dividend” is just another stealth levy. Even if some money is returned, the immediate hit on heating, transport and manufacturing prices will stay — killing competitiveness and driving prices up at the tills. And paying compensation to people abroad while British households struggle to keep their lights on? That’s the height of the elite, virtue-signalling mindset: export our wealth and import moral approval.

We need common-sense energy policy that protects jobs, keeps bills low and secures our supply — not an ideological crusade pushed by the Green Blob. Scrap these Net Zero diktats, reopen sensible UK energy development, cut green levies, and put British families and workers first. Net Zero is Net Poverty."
2,P-B,political_broadcast,political_agent,agent_b,anti_climate,174.0,broadcast,,climate_policy_package,"[""ClimatePolicyID(1)"", ""ClimatePolicyID(2)"", ""ClimatePolicyID(3)"", ""ClimatePolicyID(4)"", ""ClimatePolicyID(5)"", ""ClimatePolicyID(6)""]","I strongly oppose this whole package of climate policies — it’s a Westminster green dogma that wrecks ordinary people’s lives while punishing Britain’s industries and countryside. Ramming through more wind farms and banning new oil and gas licences will hand our energy security to the markets and our rivals, spike bills and cost thousands of good jobs in the North Sea. Forcing a 2030 ban on petrol cars and mandating electric heating, roof-top solar and extreme insulation on every new home treats families like lab rats and slaps huge costs on young buyers and small builders who can’t afford it.

A carbon tax disguised as “fee and dividend” is just another stealth levy. Even if some money is returned, the immediate hit on heating, transport and manufacturing prices will stay — killing competitiveness and driving prices up at the tills. And paying compensation to people abroad while British households struggle to keep their lights on? That’s the height of the elite, virtue-signalling mindset: export our wealth and import moral approval.

We need common-sense energy policy that protects jobs, keeps bills low and secures our supply — not an ideological crusade pushed by the Green Blob. Scrap these Net Zero diktats, reopen sensible UK energy development, cut green levies, and put British families and workers first. Net Zero is Net Poverty."
2,P-B,political_broadcast,political_agent,agent_b,anti_climate,579.0,broadcast,,climate_policy_package,"[""ClimatePolicyID(1)"", ""ClimatePolicyID(2)"", ""ClimatePolicyID(3)"", ""ClimatePolicyID(4)"", ""ClimatePolicyID(5)"", ""ClimatePolicyID(6)""]","I strongly oppose this whole package of climate policies — it’s a Westminster green dogma that wrecks ordinary people’s lives while punishing Britain’s industries and countryside. Ramming through more wind farms and banning new oil and gas licences will hand our energy security to the markets and our rivals, spike bills and cost thousands of good jobs in the North Sea. Forcing a 2030 ban on petrol cars and mandating electric heating, roof-top solar and extreme insulation on every new home treats families like lab rats and slaps huge costs on young buyers and small builders who can’t afford it.

A carbon tax disguised as “fee and dividend” is just another stealth levy. Even if some money is returned, the immediate hit on heating, transport and manufacturing prices will stay — killing competitiveness and driving prices up at the tills. And paying compensation to people abroad while British households struggle to keep their lights on? That’s the height of the elite, virtue-signalling mindset: export our wealth and import moral approval.

We need common-sense energy policy that protects jobs, keeps bills low and secures our supply — not an ideological crusade pushed by the Green Blob. Scrap these Net Zero diktats, reopen sensible UK energy development, cut green levies, and put British families and workers first. Net Zero is Net Poverty."
2,P-A,political_broadcast,political_agent,agent_a,pro_climate,1923.0,broadcast,,climate_policy_package,"[""ClimatePolicyID(1)"", ""ClimatePolicyID(2)"", ""ClimatePolicyID(3)"", ""ClimatePolicyID(4)"", ""ClimatePolicyID(5)"", ""ClimatePolicyID(6)""]","Real hope, real change — that’s what a fair, greener Britain looks like. I strongly support accelerating renewables like more offshore and onshore wind, because clean power is now the cheapest way to keep lights on, create good local jobs and cut bills. That goes hand in hand with banning new oil, gas and coal licences — we can’t afford to keep gambling with our future while profits flow to polluters.

I also strongly support ending the sale of new petrol cars by 2030. Electric transport is cleaner, cheaper to run and will make our streets quieter and healthier. New housing must be part of the solution: I strongly support mandating non‑fossil heating, rooftop solar and high insulation standards on all new developments so homes are warm, cheap to run and carbon-free from day one.

A fair transition needs fair funding. I support a carbon fee‑and‑dividend: taxing fossil fuels and returning revenues to the public so working people aren’t hit while polluters finally pay. And because climate breakdown crosses borders, I strongly support compensating people in other countries suffering its worst impacts — justice means helping those least responsible for the crisis.

Together these policies form one coherent plan: reclaim energy for the common good, protect families from rising bills, and build resilient, thriving communities — For the Common Good, a Secure Future for Everyone."
2,P-A,political_broadcast,political_agent,agent_a,pro_climate,528.0,broadcast,,climate_policy_package,"[""ClimatePolicyID(1)"", ""ClimatePolicyID(2)"", ""ClimatePolicyID(3)"", ""ClimatePolicyID(4)"", ""ClimatePolicyID(5)"", ""ClimatePolicyID(6)""]","Real hope, real change — that’s what a fair, greener Britain looks like. I strongly support accelerating renewables like more offshore and onshore wind, because clean power is now the cheapest way to keep lights on, create good local jobs and cut bills. That goes hand in hand with banning new oil, gas and coal licences — we can’t afford to keep gambling with our future while profits flow to polluters.

I also strongly support ending the sale of new petrol cars by 2030. Electric transport is cleaner, cheaper to run and will make our streets quieter and healthier. New housing must be part of the solution: I strongly support mandating non‑fossil heating, rooftop solar and high insulation standards on all new developments so homes are warm, cheap to run and carbon-free from day one.

A fair transition needs fair funding. I support a carbon fee‑and‑dividend: taxing fossil fuels and returning revenues to the public so working people aren’t hit while polluters finally pay. And because climate breakdown crosses borders, I strongly support compensating people in other countries suffering its worst impacts — justice means helping those least responsible for the crisis.

Together these policies form one coherent plan: reclaim energy for the common good, protect families from rising bills, and build resilient, thriving communities — For the Common Good, a Secure Future for Everyone."
2,P-A,political_broadcast,political_agent,agent_a,pro_climate,991.0,broadcast,,climate_policy_package,"[""ClimatePolicyID(1)"", ""ClimatePolicyID(2)"", ""ClimatePolicyID(3)"", ""ClimatePolicyID(4)"", ""ClimatePolicyID(5)"", ""ClimatePolicyID(6)""]","Real hope, real change — that’s what a fair, greener Britain looks like. I strongly support accelerating renewables like more offshore and onshore wind, because clean power is now the cheapest way to keep lights on, create good local jobs and cut bills. That goes hand in hand with banning new oil, gas and coal licences — we can’t afford to keep gambling with our future while profits flow to polluters.

I also strongly support ending the sale of new petrol cars by 2030. Electric transport is cleaner, cheaper to run and will make our streets quieter and healthier. New housing must be part of the solution: I strongly support mandating non‑fossil heating, rooftop solar and high insulation standards on all new developments so homes are warm, cheap to run and carbon-free from day one.

A fair transition needs fair funding. I support a carbon fee‑and‑dividend: taxing fossil fuels and returning revenues to the public so working people aren’t hit while polluters finally pay. And because climate breakdown crosses borders, I strongly support compensating people in other countries suffering its worst impacts — justice means helping those least responsible for the crisis.

Together these policies form one coherent plan: reclaim energy for the common good, protect families from rising bills, and build resilient, thriving communities — For the Common Good, a Secure Future for Everyone."
2,P-A,political_broadcast,political_agent,agent_a,pro_climate,1244.0,broadcast,,climate_policy_package,"[""ClimatePolicyID(1)"", ""ClimatePolicyID(2)"", ""ClimatePolicyID(3)"", ""ClimatePolicyID(4)"", ""ClimatePolicyID(5)"", ""ClimatePolicyID(6)""]","Real hope, real change — that’s what a fair, greener Britain looks like. I strongly support accelerating renewables like more offshore and onshore wind, because clean power is now the cheapest way to keep lights on, create good local jobs and cut bills. That goes hand in hand with banning new oil, gas and coal licences — we can’t afford to keep gambling with our future while profits flow to polluters.

I also strongly support ending the sale of new petrol cars by 2030. Electric transport is cleaner, cheaper to run and will make our streets quieter and healthier. New housing must be part of the solution: I strongly support mandating non‑fossil heating, rooftop solar and high insulation standards on all new developments so homes are warm, cheap to run and carbon-free from day one.

A fair transition needs fair funding. I support a carbon fee‑and‑dividend: taxing fossil fuels and returning revenues to the public so working people aren’t hit while polluters finally pay. And because climate breakdown crosses borders, I strongly support compensating people in other countries suffering its worst impacts — justice means helping those least responsible for the crisis.

Together these policies form one coherent plan: reclaim energy for the common good, protect families from rising bills, and build resilient, thriving communities — For the Common Good, a Secure Future for Everyone."
2,P-A,political_broadcast,political_agent,agent_a,pro_climate,1318.0,broadcast,,climate_policy_package,"[""ClimatePolicyID(1)"", ""ClimatePolicyID(2)"", ""ClimatePolicyID(3)"", ""ClimatePolicyID(4)"", ""ClimatePolicyID(5)"", ""ClimatePolicyID(6)""]","Real hope, real change — that’s what a fair, greener Britain looks like. I strongly support accelerating renewables like more offshore and onshore wind, because clean power is now the cheapest way to keep lights on, create good local jobs and cut bills. That goes hand in hand with banning new oil, gas and coal licences — we can’t afford to keep gambling with our future while profits flow to polluters.

I also strongly support ending the sale of new petrol cars by 2030. Electric transport is cleaner, cheaper to run and will make our streets quieter and healthier. New housing must be part of the solution: I strongly support mandating non‑fossil heating, rooftop solar and high insulation standards on all new developments so homes are warm, cheap to run and carbon-free from day one.

A fair transition needs fair funding. I support a carbon fee‑and‑dividend: taxing fossil fuels and returning revenues to the public so working people aren’t hit while polluters finally pay. And because climate breakdown crosses borders, I strongly support compensating people in other countries suffering its worst impacts — justice means helping those least responsible for the crisis.

Together these policies form one coherent plan: reclaim energy for the common good, protect families from rising bills, and build resilient, thriving communities — For the Common Good, a Secure Future for Everyone."
2,P-A,political_broadcast,political_agent,agent_a,pro_climate,1450.0,broadcast,,climate_policy_package,"[""ClimatePolicyID(1)"", ""ClimatePolicyID(2)"", ""ClimatePolicyID(3)"", ""ClimatePolicyID(4)"", ""ClimatePolicyID(5)"", ""ClimatePolicyID(6)""]","Real hope, real change — that’s what a fair, greener Britain looks like. I strongly support accelerating renewables like more offshore and onshore wind, because clean power is now the cheapest way to keep lights on, create good local jobs and cut bills. That goes hand in hand with banning new oil, gas and coal licences — we can’t afford to keep gambling with our future while profits flow to polluters.

I also strongly support ending the sale of new petrol cars by 2030. Electric transport is cleaner, cheaper to run and will make our streets quieter and healthier. New housing must be part of the solution: I strongly support mandating non‑fossil heating, rooftop solar and high insulation standards on all new developments so homes are warm, cheap to run and carbon-free from day one.

A fair transition needs fair funding. I support a carbon fee‑and‑dividend: taxing fossil fuels and returning revenues to the public so working people aren’t hit while polluters finally pay. And because climate breakdown crosses borders, I strongly support compensating people in other countries suffering its worst impacts — justice means helping those least responsible for the crisis.

Together these policies form one coherent plan: reclaim energy for the common good, protect families from rising bills, and build resilient, thriving communities — For the Common Good, a Secure Future for Everyone."
2,C,peer_message,citizen,1923.0,,1218.0,direct,,climate_policy_package,"[""ClimatePolicyID(1)"", ""ClimatePolicyID(2)"", ""ClimatePolicyID(3)"", ""ClimatePolicyID(4)"", ""ClimatePolicyID(5)"", ""ClimatePolicyID(6)""]","Overall I like the direction of this package — it prioritises people and the planet — but my support is conditional on strong equity and local-consent measures. I slightly support accelerating renewables (I favour community‑led projects and careful siting to avoid ecological harm), slightly support banning new fossil licences if paired with a clear just‑transition for workers and regions, and slightly support a 2030 petrol‑car sales ban only if low‑income households get real help (subsidies, accessible used EVs, and much better public transport). I slightly support mandating non‑fossil heating, solar and high insulation on new homes as future‑proofing, I’m neutral/middle on a carbon fee‑and‑dividend because design and short‑term impacts on poorer households matter, and I slightly support compensating people in other countries hit by climate change—principled, but only with transparent, accountable delivery."
2,C,peer_message,citizen,1923.0,,528.0,direct,,climate_policy_package,"[""ClimatePolicyID(1)"", ""ClimatePolicyID(2)"", ""ClimatePolicyID(3)"", ""ClimatePolicyID(4)"", ""ClimatePolicyID(5)"", ""ClimatePolicyID(6)""]","Overall I like the direction of this package — it prioritises people and the planet — but my support is conditional on strong equity and local-consent measures. I slightly support accelerating renewables (I favour community‑led projects and careful siting to avoid ecological harm), slightly support banning new fossil licences if paired with a clear just‑transition for workers and regions, and slightly support a 2030 petrol‑car sales ban only if low‑income households get real help (subsidies, accessible used EVs, and much better public transport). I slightly support mandating non‑fossil heating, solar and high insulation on new homes as future‑proofing, I’m neutral/middle on a carbon fee‑and‑dividend because design and short‑term impacts on poorer households matter, and I slightly support compensating people in other countries hit by climate change—principled, but only with transparent, accountable delivery."
2,C,peer_message,citizen,1923.0,,1450.0,direct,,climate_policy_package,"[""ClimatePolicyID(1)"", ""ClimatePolicyID(2)"", ""ClimatePolicyID(3)"", ""ClimatePolicyID(4)"", ""ClimatePolicyID(5)"", ""ClimatePolicyID(6)""]","Overall I like the direction of this package — it prioritises people and the planet — but my support is conditional on strong equity and local-consent measures. I slightly support accelerating renewables (I favour community‑led projects and careful siting to avoid ecological harm), slightly support banning new fossil licences if paired with a clear just‑transition for workers and regions, and slightly support a 2030 petrol‑car sales ban only if low‑income households get real help (subsidies, accessible used EVs, and much better public transport). I slightly support mandating non‑fossil heating, solar and high insulation on new homes as future‑proofing, I’m neutral/middle on a carbon fee‑and‑dividend because design and short‑term impacts on poorer households matter, and I slightly support compensating people in other countries hit by climate change—principled, but only with transparent, accountable delivery."
2,C,peer_message,citizen,528.0,,579.0,direct,,climate_policy_package,"[""ClimatePolicyID(1)"", ""ClimatePolicyID(2)"", ""ClimatePolicyID(3)"", ""ClimatePolicyID(4)"", ""ClimatePolicyID(5)"", ""ClimatePolicyID(6)""]","Overall I’m strongly behind this package — accelerating renewables, banning new fossil licences and a 2030 petrol‑car cutoff all feel like the decisive action we need, and I especially like the emphasis on community ownership and local jobs. I also strongly support mandating green standards in new housing and a carbon fee‑and‑dividend to protect people on low incomes; I’m somewhat supportive of international compensation too, but want clear accountability and delivery mechanisms so the money actually reaches vulnerable communities."
2,C,peer_message,citizen,528.0,,1923.0,direct,,climate_policy_package,"[""ClimatePolicyID(1)"", ""ClimatePolicyID(2)"", ""ClimatePolicyID(3)"", ""ClimatePolicyID(4)"", ""ClimatePolicyID(5)"", ""ClimatePolicyID(6)""]","Overall I’m strongly behind this package — accelerating renewables, banning new fossil licences and a 2030 petrol‑car cutoff all feel like the decisive action we need, and I especially like the emphasis on community ownership and local jobs. I also strongly support mandating green standards in new housing and a carbon fee‑and‑dividend to protect people on low incomes; I’m somewhat supportive of international compensation too, but want clear accountability and delivery mechanisms so the money actually reaches vulnerable communities."
2,C,peer_message,citizen,528.0,,1218.0,direct,,climate_policy_package,"[""ClimatePolicyID(1)"", ""ClimatePolicyID(2)"", ""ClimatePolicyID(3)"", ""ClimatePolicyID(4)"", ""ClimatePolicyID(5)"", ""ClimatePolicyID(6)""]","Overall I’m strongly behind this package — accelerating renewables, banning new fossil licences and a 2030 petrol‑car cutoff all feel like the decisive action we need, and I especially like the emphasis on community ownership and local jobs. I also strongly support mandating green standards in new housing and a carbon fee‑and‑dividend to protect people on low incomes; I’m somewhat supportive of international compensation too, but want clear accountability and delivery mechanisms so the money actually reaches vulnerable communities."
2,C,peer_message,citizen,541.0,,516.0,direct,,climate_policy_package,"[""ClimatePolicyID(1)"", ""ClimatePolicyID(2)"", ""ClimatePolicyID(3)"", ""ClimatePolicyID(4)"", ""ClimatePolicyID(5)"", ""ClimatePolicyID(6)""]","I broadly support all of these measures because they push us away from fossil fuels and towards a fairer, low‑carbon future — the fee‑and‑dividend idea and international compensation especially appeal to me because they combine climate action with social justice. I’m strongly in favour of banning new oil/gas/coal licences and a carbon fee that returns money to people, and I back a 2030 petrol‑car cutoff and greener building standards in principle, but I’d want clear measures to protect affordability and offer support for workers and poorer households. I also support accelerating renewables, provided large projects are sited and delivered with strong ecological safeguards and genuine local consultation so we don’t trade one kind of environmental harm for another."
2,C,peer_message,citizen,541.0,,1821.0,direct,,climate_policy_package,"[""ClimatePolicyID(1)"", ""ClimatePolicyID(2)"", ""ClimatePolicyID(3)"", ""ClimatePolicyID(4)"", ""ClimatePolicyID(5)"", ""ClimatePolicyID(6)""]","I broadly support all of these measures because they push us away from fossil fuels and towards a fairer, low‑carbon future — the fee‑and‑dividend idea and international compensation especially appeal to me because they combine climate action with social justice. I’m strongly in favour of banning new oil/gas/coal licences and a carbon fee that returns money to people, and I back a 2030 petrol‑car cutoff and greener building standards in principle, but I’d want clear measures to protect affordability and offer support for workers and poorer households. I also support accelerating renewables, provided large projects are sited and delivered with strong ecological safeguards and genuine local consultation so we don’t trade one kind of environmental harm for another."
2,C,peer_message,citizen,541.0,,1450.0,direct,,climate_policy_package,"[""ClimatePolicyID(1)"", ""ClimatePolicyID(2)"", ""ClimatePolicyID(3)"", ""ClimatePolicyID(4)"", ""ClimatePolicyID(5)"", ""ClimatePolicyID(6)""]","I broadly support all of these measures because they push us away from fossil fuels and towards a fairer, low‑carbon future — the fee‑and‑dividend idea and international compensation especially appeal to me because they combine climate action with social justice. I’m strongly in favour of banning new oil/gas/coal licences and a carbon fee that returns money to people, and I back a 2030 petrol‑car cutoff and greener building standards in principle, but I’d want clear measures to protect affordability and offer support for workers and poorer households. I also support accelerating renewables, provided large projects are sited and delivered with strong ecological safeguards and genuine local consultation so we don’t trade one kind of environmental harm for another."
2,C,peer_message,citizen,1545.0,,1540.0,direct,,climate_policy_package,"[""ClimatePolicyID(1)"", ""ClimatePolicyID(2)"", ""ClimatePolicyID(3)"", ""ClimatePolicyID(4)"", ""ClimatePolicyID(5)"", ""ClimatePolicyID(6)""]","I generally support accelerating renewables — especially offshore wind — as long as projects are done thoughtfully with local buy-in, but I’m more cautious about onshore builds that could steamroller communities. I’m conflicted on outright bans (new fossil licences and a hard 2030 petrol cutoff) because I want the direction but worry about energy security, jobs and affordability; I mildly favour mandates for greener new housing and a carbon fee‑and‑dividend if it’s designed transparently and actually protects households. I’m sympathetic to helping people overseas hit by climate change in principle, but I’d need clear, effective, and accountable mechanisms before supporting significant domestic spending on compensation."
2,C,peer_message,citizen,1309.0,,529.0,direct,,climate_policy_package,"[""ClimatePolicyID(1)"", ""ClimatePolicyID(2)"", ""ClimatePolicyID(3)"", ""ClimatePolicyID(4)"", ""ClimatePolicyID(5)"", ""ClimatePolicyID(6)""]","I broadly support this package—the faster roll‑out of renewables, greener new homes, and a push to stop new petrol cars all fit with my strong concern for nature and reducing emissions—but I want these measures rolled out carefully with good community consultation and strong support for low‑income households and workers who might be hit by the change. I’m cautious about an immediate ban on new fossil licenses and about a carbon fee unless it clearly protects poorer families, and I’d prefer international climate payments to be practical, transparent, and tied to oversight so the help actually reaches those who need it."
2,C,peer_message,citizen,1309.0,,1339.0,direct,,climate_policy_package,"[""ClimatePolicyID(1)"", ""ClimatePolicyID(2)"", ""ClimatePolicyID(3)"", ""ClimatePolicyID(4)"", ""ClimatePolicyID(5)"", ""ClimatePolicyID(6)""]","I broadly support this package—the faster roll‑out of renewables, greener new homes, and a push to stop new petrol cars all fit with my strong concern for nature and reducing emissions—but I want these measures rolled out carefully with good community consultation and strong support for low‑income households and workers who might be hit by the change. I’m cautious about an immediate ban on new fossil licenses and about a carbon fee unless it clearly protects poorer families, and I’d prefer international climate payments to be practical, transparent, and tied to oversight so the help actually reaches those who need it."
2,C,peer_message,citizen,1309.0,,1730.0,direct,,climate_policy_package,"[""ClimatePolicyID(1)"", ""ClimatePolicyID(2)"", ""ClimatePolicyID(3)"", ""ClimatePolicyID(4)"", ""ClimatePolicyID(5)"", ""ClimatePolicyID(6)""]","I broadly support this package—the faster roll‑out of renewables, greener new homes, and a push to stop new petrol cars all fit with my strong concern for nature and reducing emissions—but I want these measures rolled out carefully with good community consultation and strong support for low‑income households and workers who might be hit by the change. I’m cautious about an immediate ban on new fossil licenses and about a carbon fee unless it clearly protects poorer families, and I’d prefer international climate payments to be practical, transparent, and tied to oversight so the help actually reaches those who need it."
2,C,peer_message,citizen,1821.0,,528.0,direct,,climate_policy_package,"[""ClimatePolicyID(1)"", ""ClimatePolicyID(2)"", ""ClimatePolicyID(3)"", ""ClimatePolicyID(4)"", ""ClimatePolicyID(5)"", ""ClimatePolicyID(6)""]","I broadly support accelerating renewables because I want cleaner energy for my child and future generations, though I’m wary about rapid onshore wind development without proper local consent and nature protections. I lean toward banning new fossil fuel licences and backing low‑carbon homes and international compensation, but only if there are strong job‑transition plans, targeted help for lower‑income families, and guarantees energy stays affordable; I’m more cautious about a 2030 petrol‑car ban and a carbon fee‑and‑dividend unless they come with generous subsidies, charging infrastructure, and clear protections for ordinary households."
2,C,peer_message,citizen,1821.0,,541.0,direct,,climate_policy_package,"[""ClimatePolicyID(1)"", ""ClimatePolicyID(2)"", ""ClimatePolicyID(3)"", ""ClimatePolicyID(4)"", ""ClimatePolicyID(5)"", ""ClimatePolicyID(6)""]","I broadly support accelerating renewables because I want cleaner energy for my child and future generations, though I’m wary about rapid onshore wind development without proper local consent and nature protections. I lean toward banning new fossil fuel licences and backing low‑carbon homes and international compensation, but only if there are strong job‑transition plans, targeted help for lower‑income families, and guarantees energy stays affordable; I’m more cautious about a 2030 petrol‑car ban and a carbon fee‑and‑dividend unless they come with generous subsidies, charging infrastructure, and clear protections for ordinary households."
2,C,peer_message,citizen,1821.0,,1339.0,direct,,climate_policy_package,"[""ClimatePolicyID(1)"", ""ClimatePolicyID(2)"", ""ClimatePolicyID(3)"", ""ClimatePolicyID(4)"", ""ClimatePolicyID(5)"", ""ClimatePolicyID(6)""]","I broadly support accelerating renewables because I want cleaner energy for my child and future generations, though I’m wary about rapid onshore wind development without proper local consent and nature protections. I lean toward banning new fossil fuel licences and backing low‑carbon homes and international compensation, but only if there are strong job‑transition plans, targeted help for lower‑income families, and guarantees energy stays affordable; I’m more cautious about a 2030 petrol‑car ban and a carbon fee‑and‑dividend unless they come with generous subsidies, charging infrastructure, and clear protections for ordinary households."
2,C,peer_message,citizen,1218.0,,579.0,direct,,climate_policy_package,"[""ClimatePolicyID(1)"", ""ClimatePolicyID(2)"", ""ClimatePolicyID(3)"", ""ClimatePolicyID(4)"", ""ClimatePolicyID(5)"", ""ClimatePolicyID(6)""]","I strongly support most of this package — accelerating renewables, banning new fossil licenses, mandating low‑carbon new homes, and moving to a 2030 petrol sale ban all feel necessary and urgent to me, as long as plans address fairness, rural needs, and worker transitions. I also like a carbon fee‑and‑dividend in principle because returning revenues helps protect lower‑income households, though I’d want it paired with strong regulation and support for those hit hardest; I’m more cautious about international compensation only because it needs rigorous, transparent delivery to actually help vulnerable communities rather than becoming a political box‑ticking exercise."
2,C,peer_message,citizen,1218.0,,1923.0,direct,,climate_policy_package,"[""ClimatePolicyID(1)"", ""ClimatePolicyID(2)"", ""ClimatePolicyID(3)"", ""ClimatePolicyID(4)"", ""ClimatePolicyID(5)"", ""ClimatePolicyID(6)""]","I strongly support most of this package — accelerating renewables, banning new fossil licenses, mandating low‑carbon new homes, and moving to a 2030 petrol sale ban all feel necessary and urgent to me, as long as plans address fairness, rural needs, and worker transitions. I also like a carbon fee‑and‑dividend in principle because returning revenues helps protect lower‑income households, though I’d want it paired with strong regulation and support for those hit hardest; I’m more cautious about international compensation only because it needs rigorous, transparent delivery to actually help vulnerable communities rather than becoming a political box‑ticking exercise."
2,C,peer_message,citizen,1218.0,,528.0,direct,,climate_policy_package,"[""ClimatePolicyID(1)"", ""ClimatePolicyID(2)"", ""ClimatePolicyID(3)"", ""ClimatePolicyID(4)"", ""ClimatePolicyID(5)"", ""ClimatePolicyID(6)""]","I strongly support most of this package — accelerating renewables, banning new fossil licenses, mandating low‑carbon new homes, and moving to a 2030 petrol sale ban all feel necessary and urgent to me, as long as plans address fairness, rural needs, and worker transitions. I also like a carbon fee‑and‑dividend in principle because returning revenues helps protect lower‑income households, though I’d want it paired with strong regulation and support for those hit hardest; I’m more cautious about international compensation only because it needs rigorous, transparent delivery to actually help vulnerable communities rather than becoming a political box‑ticking exercise."
2,C,peer_message,citizen,1555.0,,332.0,direct,,climate_policy_package,"[""ClimatePolicyID(1)"", ""ClimatePolicyID(2)"", ""ClimatePolicyID(3)"", ""ClimatePolicyID(4)"", ""ClimatePolicyID(5)"", ""ClimatePolicyID(6)""]","I’m broadly in favour of pushing renewables faster — offshore wind jobs are a real chance for places like the North East, though communities must see local benefits. I support banning new oil, gas and coal licences in principle to break big fossil fuel influence, but I worry about a 2030 petrol‑car ban being too abrupt for ordinary people who can’t easily afford EVs or lack charging options. I strongly back requiring new homes to ditch fossil heating, have good insulation and rooftop solar — it’s cheaper long‑term and fairer for low‑income households — and I like a carbon fee‑and‑dividend so costs don’t just hit working families. I’m sympathetic to compensating vulnerable countries, but it must be transparent and clearly delivered so money actually helps those most affected rather than getting lost in bureaucracy."
2,C,peer_message,citizen,1555.0,,991.0,direct,,climate_policy_package,"[""ClimatePolicyID(1)"", ""ClimatePolicyID(2)"", ""ClimatePolicyID(3)"", ""ClimatePolicyID(4)"", ""ClimatePolicyID(5)"", ""ClimatePolicyID(6)""]","I’m broadly in favour of pushing renewables faster — offshore wind jobs are a real chance for places like the North East, though communities must see local benefits. I support banning new oil, gas and coal licences in principle to break big fossil fuel influence, but I worry about a 2030 petrol‑car ban being too abrupt for ordinary people who can’t easily afford EVs or lack charging options. I strongly back requiring new homes to ditch fossil heating, have good insulation and rooftop solar — it’s cheaper long‑term and fairer for low‑income households — and I like a carbon fee‑and‑dividend so costs don’t just hit working families. I’m sympathetic to compensating vulnerable countries, but it must be transparent and clearly delivered so money actually helps those most affected rather than getting lost in bureaucracy."
2,C,peer_message,citizen,1555.0,,1318.0,direct,,climate_policy_package,"[""ClimatePolicyID(1)"", ""ClimatePolicyID(2)"", ""ClimatePolicyID(3)"", ""ClimatePolicyID(4)"", ""ClimatePolicyID(5)"", ""ClimatePolicyID(6)""]","I’m broadly in favour of pushing renewables faster — offshore wind jobs are a real chance for places like the North East, though communities must see local benefits. I support banning new oil, gas and coal licences in principle to break big fossil fuel influence, but I worry about a 2030 petrol‑car ban being too abrupt for ordinary people who can’t easily afford EVs or lack charging options. I strongly back requiring new homes to ditch fossil heating, have good insulation and rooftop solar — it’s cheaper long‑term and fairer for low‑income households — and I like a carbon fee‑and‑dividend so costs don’t just hit working families. I’m sympathetic to compensating vulnerable countries, but it must be transparent and clearly delivered so money actually helps those most affected rather than getting lost in bureaucracy."
2,C,peer_message,citizen,991.0,,1244.0,direct,,climate_policy_package,"[""ClimatePolicyID(1)"", ""ClimatePolicyID(2)"", ""ClimatePolicyID(3)"", ""ClimatePolicyID(4)"", ""ClimatePolicyID(5)"", ""ClimatePolicyID(6)""]","I’m broadly sympathetic to cleaner energy but wary of anything that hits ordinary families’ wallets or local communities too fast — so I slightly support accelerating renewables if local concerns and community benefits are guaranteed, and I’m slightly opposed to an immediate ban on new oil/gas/coal licences unless there’s a clear, gradual plan to protect jobs and prices. I’m mixed on a 2030 petrol‑car ban for the same reasons, and I slightly support mandating green heating, solar and insulation on new homes if upfront costs don’t price people out; I moderately support a carbon fee‑and‑dividend provided the payments actually reach low‑income households. I’m slightly supportive of compensating other countries hit by climate change, though I want strong transparency and assurance that domestic needs won’t be neglected."
2,C,peer_message,citizen,991.0,,1555.0,direct,,climate_policy_package,"[""ClimatePolicyID(1)"", ""ClimatePolicyID(2)"", ""ClimatePolicyID(3)"", ""ClimatePolicyID(4)"", ""ClimatePolicyID(5)"", ""ClimatePolicyID(6)""]","I’m broadly sympathetic to cleaner energy but wary of anything that hits ordinary families’ wallets or local communities too fast — so I slightly support accelerating renewables if local concerns and community benefits are guaranteed, and I’m slightly opposed to an immediate ban on new oil/gas/coal licences unless there’s a clear, gradual plan to protect jobs and prices. I’m mixed on a 2030 petrol‑car ban for the same reasons, and I slightly support mandating green heating, solar and insulation on new homes if upfront costs don’t price people out; I moderately support a carbon fee‑and‑dividend provided the payments actually reach low‑income households. I’m slightly supportive of compensating other countries hit by climate change, though I want strong transparency and assurance that domestic needs won’t be neglected."
2,C,peer_message,citizen,991.0,,528.0,direct,,climate_policy_package,"[""ClimatePolicyID(1)"", ""ClimatePolicyID(2)"", ""ClimatePolicyID(3)"", ""ClimatePolicyID(4)"", ""ClimatePolicyID(5)"", ""ClimatePolicyID(6)""]","I’m broadly sympathetic to cleaner energy but wary of anything that hits ordinary families’ wallets or local communities too fast — so I slightly support accelerating renewables if local concerns and community benefits are guaranteed, and I’m slightly opposed to an immediate ban on new oil/gas/coal licences unless there’s a clear, gradual plan to protect jobs and prices. I’m mixed on a 2030 petrol‑car ban for the same reasons, and I slightly support mandating green heating, solar and insulation on new homes if upfront costs don’t price people out; I moderately support a carbon fee‑and‑dividend provided the payments actually reach low‑income households. I’m slightly supportive of compensating other countries hit by climate change, though I want strong transparency and assurance that domestic needs won’t be neglected."
2,C,peer_message,citizen,1244.0,,1555.0,direct,,climate_policy_package,"[""ClimatePolicyID(1)"", ""ClimatePolicyID(2)"", ""ClimatePolicyID(3)"", ""ClimatePolicyID(4)"", ""ClimatePolicyID(5)"", ""ClimatePolicyID(6)""]","I’m strongly in favour of ramping up renewables — more wind and local projects make sense for jobs, innovation and long‑term energy security. I oppose an immediate ban on new oil/gas/coal licences — I prefer a pragmatic, phased transition so we don’t risk supply shocks or harm North Sea jobs. I’m slightly against a rigid 2030 ban on new petrol cars; I want cleaner transport but think incentives and better charging infrastructure before a hard deadline. I slightly support mandating low‑carbon features in new homes as long as there’s flexibility and help to avoid pushing up costs. I support a carbon fee‑and‑dividend — polluters should pay and people should get the revenue back. I’m mildly sympathetic to compensating climate‑impacted people abroad, but I’d want transparent, well‑targeted programmes so domestic priorities aren’t short‑changed."
2,C,peer_message,citizen,1244.0,,991.0,direct,,climate_policy_package,"[""ClimatePolicyID(1)"", ""ClimatePolicyID(2)"", ""ClimatePolicyID(3)"", ""ClimatePolicyID(4)"", ""ClimatePolicyID(5)"", ""ClimatePolicyID(6)""]","I’m strongly in favour of ramping up renewables — more wind and local projects make sense for jobs, innovation and long‑term energy security. I oppose an immediate ban on new oil/gas/coal licences — I prefer a pragmatic, phased transition so we don’t risk supply shocks or harm North Sea jobs. I’m slightly against a rigid 2030 ban on new petrol cars; I want cleaner transport but think incentives and better charging infrastructure before a hard deadline. I slightly support mandating low‑carbon features in new homes as long as there’s flexibility and help to avoid pushing up costs. I support a carbon fee‑and‑dividend — polluters should pay and people should get the revenue back. I’m mildly sympathetic to compensating climate‑impacted people abroad, but I’d want transparent, well‑targeted programmes so domestic priorities aren’t short‑changed."
2,C,peer_message,citizen,1244.0,,1450.0,direct,,climate_policy_package,"[""ClimatePolicyID(1)"", ""ClimatePolicyID(2)"", ""ClimatePolicyID(3)"", ""ClimatePolicyID(4)"", ""ClimatePolicyID(5)"", ""ClimatePolicyID(6)""]","I’m strongly in favour of ramping up renewables — more wind and local projects make sense for jobs, innovation and long‑term energy security. I oppose an immediate ban on new oil/gas/coal licences — I prefer a pragmatic, phased transition so we don’t risk supply shocks or harm North Sea jobs. I’m slightly against a rigid 2030 ban on new petrol cars; I want cleaner transport but think incentives and better charging infrastructure before a hard deadline. I slightly support mandating low‑carbon features in new homes as long as there’s flexibility and help to avoid pushing up costs. I support a carbon fee‑and‑dividend — polluters should pay and people should get the revenue back. I’m mildly sympathetic to compensating climate‑impacted people abroad, but I’d want transparent, well‑targeted programmes so domestic priorities aren’t short‑changed."
2,C,peer_message,citizen,519.0,,1218.0,direct,,climate_policy_package,"[""ClimatePolicyID(1)"", ""ClimatePolicyID(2)"", ""ClimatePolicyID(3)"", ""ClimatePolicyID(4)"", ""ClimatePolicyID(5)"", ""ClimatePolicyID(6)""]","I generally like the direction of this package because I care deeply about protecting nature and cutting emissions, but I worry about costs and local impacts unless there are clear protections for ordinary households and local communities. I strongly support banning new oil, gas and coal licences and mandating energy-efficient, non-fossil heating and solar on new homes, because those feel fair and long-term; I’m cautiously supportive of accelerating renewables (would want strong local consultation and community benefits). I’m mixed on the 2030 petrol-car ban and the carbon fee-and-dividend — I like the goals and the dividend idea, but on my low household income I’d need firm guarantees the transition and payments won’t leave families worse off — and I’m sympathetic but uneasy about spending on international compensation unless it’s clearly effective and doesn’t hurt people here."
2,C,peer_message,citizen,357.0,,1540.0,direct,,climate_policy_package,"[""ClimatePolicyID(1)"", ""ClimatePolicyID(2)"", ""ClimatePolicyID(3)"", ""ClimatePolicyID(4)"", ""ClimatePolicyID(5)"", ""ClimatePolicyID(6)""]","I broadly support a push for more renewables and making new homes energy-efficient — those feel fair and sensible, especially if communities in the North East share the benefits. I’m cautious about banning new oil/gas licences and a 2030 petrol‑car cutoff without clear plans for worker transitions, affordable EVs and better charging, and I’d only back a carbon tax if it protects low‑income households; I also support compensating vulnerable countries but want transparency that domestic needs aren’t neglected."
2,C,peer_message,citizen,1318.0,,1555.0,direct,,climate_policy_package,"[""ClimatePolicyID(1)"", ""ClimatePolicyID(2)"", ""ClimatePolicyID(3)"", ""ClimatePolicyID(4)"", ""ClimatePolicyID(5)"", ""ClimatePolicyID(6)""]","I broadly like this package — speeding up renewables, banning new fossil licences, a 2030 petrol‑car ban and a carbon fee‑and‑dividend are the bits I most strongly support because they cut emissions and can be made fair to households. I’m cautiously supportive of strict green standards on new homes if they come with subsidies so they don’t push up prices, and I’m sympathetic to helping other countries but worry compensation schemes can be bureaucratic so I’d prefer well‑governed adaptation and loss‑and‑damage funds rather than vague payouts."
2,C,peer_message,citizen,1318.0,,1339.0,direct,,climate_policy_package,"[""ClimatePolicyID(1)"", ""ClimatePolicyID(2)"", ""ClimatePolicyID(3)"", ""ClimatePolicyID(4)"", ""ClimatePolicyID(5)"", ""ClimatePolicyID(6)""]","I broadly like this package — speeding up renewables, banning new fossil licences, a 2030 petrol‑car ban and a carbon fee‑and‑dividend are the bits I most strongly support because they cut emissions and can be made fair to households. I’m cautiously supportive of strict green standards on new homes if they come with subsidies so they don’t push up prices, and I’m sympathetic to helping other countries but worry compensation schemes can be bureaucratic so I’d prefer well‑governed adaptation and loss‑and‑damage funds rather than vague payouts."
2,C,peer_message,citizen,516.0,,1450.0,direct,,climate_policy_package,"[""ClimatePolicyID(1)"", ""ClimatePolicyID(2)"", ""ClimatePolicyID(3)"", ""ClimatePolicyID(4)"", ""ClimatePolicyID(5)"", ""ClimatePolicyID(6)""]","I broadly like the package — I strongly support accelerating renewables, banning new oil/gas/coal licences, mandating low‑carbon standards for new homes, and a carbon fee‑and‑dividend because they feel fair and practical for protecting the environment. I’m uneasy about a hard 2030 ban on new petrol cars without much more help for rural and lower‑income households, and I’m sceptical of broad compensation payments abroad unless they’re tightly targeted, transparent and proven to reach those who need it."
2,C,peer_message,citizen,516.0,,541.0,direct,,climate_policy_package,"[""ClimatePolicyID(1)"", ""ClimatePolicyID(2)"", ""ClimatePolicyID(3)"", ""ClimatePolicyID(4)"", ""ClimatePolicyID(5)"", ""ClimatePolicyID(6)""]","I broadly like the package — I strongly support accelerating renewables, banning new oil/gas/coal licences, mandating low‑carbon standards for new homes, and a carbon fee‑and‑dividend because they feel fair and practical for protecting the environment. I’m uneasy about a hard 2030 ban on new petrol cars without much more help for rural and lower‑income households, and I’m sceptical of broad compensation payments abroad unless they’re tightly targeted, transparent and proven to reach those who need it."
2,C,peer_message,citizen,1932.0,,1327.0,direct,,climate_policy_package,"[""ClimatePolicyID(1)"", ""ClimatePolicyID(2)"", ""ClimatePolicyID(3)"", ""ClimatePolicyID(4)"", ""ClimatePolicyID(5)"", ""ClimatePolicyID(6)""]","I’m a bit torn on most of these — I slightly oppose rapidly pushing lots more wind farms because I can see long-term bill benefits but worry about the visual impact on coast and countryside and short-term costs or job impacts. I’m neither for nor against banning new oil/gas/coal licences or forcing non-fossil heating and solar on all new homes — the savings could help a household like mine, but I’d worry about mandates driving up prices and hitting ordinary buyers. I slightly oppose a 2030 petrol car ban because EVs feel expensive and charging is patchy; I’m neutral on a carbon fee-and-dividend if the payout truly protects low-income families; and I’m slightly against compensating people abroad if it means less support for struggling people here unless it’s very well-justified and transparent."
2,C,peer_message,citizen,1327.0,,1932.0,direct,,climate_policy_package,"[""ClimatePolicyID(1)"", ""ClimatePolicyID(2)"", ""ClimatePolicyID(3)"", ""ClimatePolicyID(4)"", ""ClimatePolicyID(5)"", ""ClimatePolicyID(6)""]","I generally support accelerating renewables — more wind and solar makes sense for energy security and lower bills, though I want good local consultation and fair community benefits. I support banning new fossil fuel licences as long as there are clear transition plans and retraining for affected workers. I back a 2030 ban on new petrol cars, provided strong subsidies, affordable finance and charging infrastructure are in place so families aren’t priced out. Requiring non‑fossil heating, solar and high insulation on new homes is sensible to avoid costly retrofits later, but protections are needed so buyers on modest incomes aren’t disadvantaged. I support a carbon fee‑and‑dividend because it fairly nudges behaviour while returning money to households. I’m cautious about compensating people abroad — I sympathise, but want tightly controlled, transparent programs that show clear value for UK taxpayers."
2,C,peer_message,citizen,332.0,,1555.0,direct,,climate_policy_package,"[""ClimatePolicyID(1)"", ""ClimatePolicyID(2)"", ""ClimatePolicyID(3)"", ""ClimatePolicyID(4)"", ""ClimatePolicyID(5)"", ""ClimatePolicyID(6)""]","I’m broadly in favour of ramping up renewables—offshore especially—but worry about big onshore wind projects blighting landscapes and wildlife unless local communities are properly consulted and the grid is upgraded. I’m cautiously supportive of banning new oil/gas/coal licences if it’s phased and backed by real retraining and regional support for North Sea workers. I’m uneasy about a 2030 petrol‑car ban—support the direction but think the deadline needs to be realistic with much more affordable EVs and charging in place first. Requiring new homes to have non‑fossil heating, solar and good insulation makes sense, though it should come with subsidies so it doesn’t push up house prices. A carbon fee‑and‑dividend appeals in principle if designed to protect lower‑income households rather than being regressive. I’m sympathetic to compensating people abroad harmed by climate change, but it must be transparent, targeted, and not used as a way for rich countries to dodge deeper domestic changes."
2,C,peer_message,citizen,1540.0,,1545.0,direct,,climate_policy_package,"[""ClimatePolicyID(1)"", ""ClimatePolicyID(2)"", ""ClimatePolicyID(3)"", ""ClimatePolicyID(4)"", ""ClimatePolicyID(5)"", ""ClimatePolicyID(6)""]","I’m broadly in favour of accelerating renewables—domestic wind makes sense for energy security so long as rollout is pragmatic and local impacts are managed. I oppose banning new oil and gas licences because that risks jobs, bills and our energy resilience before alternatives and storage are fully ready. I don’t support a hard 2030 ban on new petrol cars; that feels too fast and costly for many families without infrastructure and affordability sorted. I’m wary of blanket mandates on new homes for heating, solar and insulation—good in principle, but I’d prefer incentives and phased rules to avoid pushing up house prices. I’m sceptical of a broad carbon tax/dividend: the dividend sounds nice but I fear costs just get passed on and it becomes extra red tape. And I’m against open‑ended compensation abroad — I think domestic needs should come first, maybe with tightly conditional and limited international support."
2,C,peer_message,citizen,1540.0,,579.0,direct,,climate_policy_package,"[""ClimatePolicyID(1)"", ""ClimatePolicyID(2)"", ""ClimatePolicyID(3)"", ""ClimatePolicyID(4)"", ""ClimatePolicyID(5)"", ""ClimatePolicyID(6)""]","I’m broadly in favour of accelerating renewables—domestic wind makes sense for energy security so long as rollout is pragmatic and local impacts are managed. I oppose banning new oil and gas licences because that risks jobs, bills and our energy resilience before alternatives and storage are fully ready. I don’t support a hard 2030 ban on new petrol cars; that feels too fast and costly for many families without infrastructure and affordability sorted. I’m wary of blanket mandates on new homes for heating, solar and insulation—good in principle, but I’d prefer incentives and phased rules to avoid pushing up house prices. I’m sceptical of a broad carbon tax/dividend: the dividend sounds nice but I fear costs just get passed on and it becomes extra red tape. And I’m against open‑ended compensation abroad — I think domestic needs should come first, maybe with tightly conditional and limited international support."
2,C,peer_message,citizen,1540.0,,357.0,direct,,climate_policy_package,"[""ClimatePolicyID(1)"", ""ClimatePolicyID(2)"", ""ClimatePolicyID(3)"", ""ClimatePolicyID(4)"", ""ClimatePolicyID(5)"", ""ClimatePolicyID(6)""]","I’m broadly in favour of accelerating renewables—domestic wind makes sense for energy security so long as rollout is pragmatic and local impacts are managed. I oppose banning new oil and gas licences because that risks jobs, bills and our energy resilience before alternatives and storage are fully ready. I don’t support a hard 2030 ban on new petrol cars; that feels too fast and costly for many families without infrastructure and affordability sorted. I’m wary of blanket mandates on new homes for heating, solar and insulation—good in principle, but I’d prefer incentives and phased rules to avoid pushing up house prices. I’m sceptical of a broad carbon tax/dividend: the dividend sounds nice but I fear costs just get passed on and it becomes extra red tape. And I’m against open‑ended compensation abroad — I think domestic needs should come first, maybe with tightly conditional and limited international support."
2,C,peer_message,citizen,529.0,,1309.0,direct,,climate_policy_package,"[""ClimatePolicyID(1)"", ""ClimatePolicyID(2)"", ""ClimatePolicyID(3)"", ""ClimatePolicyID(4)"", ""ClimatePolicyID(5)"", ""ClimatePolicyID(6)""]","I broadly support the package — accelerating renewables and banning new fossil licenses feel necessary and sensible to me, though I want clear plans to protect workers and local communities during the transition. I back a 2030 petrol car sales ban in principle, but it needs stronger support for affordability and charging infrastructure so it isn’t unfair to lower‑income families. Mandating low‑carbon homes and a carbon fee‑and‑dividend appeal to my sense of fairness (they push change while returning revenue to people), and I’m sympathetic to compensating vulnerable countries — but only if there are robust, transparent delivery mechanisms so the money actually helps those most affected."
2,C,peer_message,citizen,1339.0,,1218.0,direct,,climate_policy_package,"[""ClimatePolicyID(1)"", ""ClimatePolicyID(2)"", ""ClimatePolicyID(3)"", ""ClimatePolicyID(4)"", ""ClimatePolicyID(5)"", ""ClimatePolicyID(6)""]","I broadly support this package’s direction — things like accelerating renewables, improving home efficiency and using a carbon fee-and-dividend all feel necessary — but I’m cautious about the speed and design so costs, jobs and nature aren’t harmed. I’d slightly oppose an immediate ban on new oil/gas/coal licences without a clear, funded transition plan, and I’m only slightly comfortable with a 2030 petrol‑car ban and mandatory green building rules if they come with strong support for lower‑income households, workers and wildlife protections. I also slightly support compensating vulnerable countries, provided the funding is transparent and well‑targeted."
2,C,peer_message,citizen,1339.0,,1318.0,direct,,climate_policy_package,"[""ClimatePolicyID(1)"", ""ClimatePolicyID(2)"", ""ClimatePolicyID(3)"", ""ClimatePolicyID(4)"", ""ClimatePolicyID(5)"", ""ClimatePolicyID(6)""]","I broadly support this package’s direction — things like accelerating renewables, improving home efficiency and using a carbon fee-and-dividend all feel necessary — but I’m cautious about the speed and design so costs, jobs and nature aren’t harmed. I’d slightly oppose an immediate ban on new oil/gas/coal licences without a clear, funded transition plan, and I’m only slightly comfortable with a 2030 petrol‑car ban and mandatory green building rules if they come with strong support for lower‑income households, workers and wildlife protections. I also slightly support compensating vulnerable countries, provided the funding is transparent and well‑targeted."
2,C,peer_message,citizen,1339.0,,1821.0,direct,,climate_policy_package,"[""ClimatePolicyID(1)"", ""ClimatePolicyID(2)"", ""ClimatePolicyID(3)"", ""ClimatePolicyID(4)"", ""ClimatePolicyID(5)"", ""ClimatePolicyID(6)""]","I broadly support this package’s direction — things like accelerating renewables, improving home efficiency and using a carbon fee-and-dividend all feel necessary — but I’m cautious about the speed and design so costs, jobs and nature aren’t harmed. I’d slightly oppose an immediate ban on new oil/gas/coal licences without a clear, funded transition plan, and I’m only slightly comfortable with a 2030 petrol‑car ban and mandatory green building rules if they come with strong support for lower‑income households, workers and wildlife protections. I also slightly support compensating vulnerable countries, provided the funding is transparent and well‑targeted."
2,C,peer_message,citizen,1730.0,,1309.0,direct,,climate_policy_package,"[""ClimatePolicyID(1)"", ""ClimatePolicyID(2)"", ""ClimatePolicyID(3)"", ""ClimatePolicyID(4)"", ""ClimatePolicyID(5)"", ""ClimatePolicyID(6)""]","I’m broadly in favour of accelerating renewables — sensible for energy security and long-term costs — though I’d want rollout to be carefully managed so local communities and bills aren’t unfairly hit. I’m wary of an outright ban on new oil/gas/coal licences because it feels too abrupt for jobs and energy resilience, and the 2030 petrol‑car ban also seems rushed given current EV affordability and charging gaps. I mostly support requiring new homes to be low‑carbon from the start, provided it’s done cost‑sensitively, and I’m intrigued by a carbon fee‑and‑dividend as a market‑based, household‑protecting approach but undecided on implementation details. I’m cautious about large-scale international climate compensation — sympathetic in principle but reluctant to commit UK resources without strong accountability and clear benefits for UK taxpayers."
2,C,peer_message,citizen,485.0,,541.0,direct,,climate_policy_package,"[""ClimatePolicyID(1)"", ""ClimatePolicyID(2)"", ""ClimatePolicyID(3)"", ""ClimatePolicyID(4)"", ""ClimatePolicyID(5)"", ""ClimatePolicyID(6)""]","I broadly support this package — accelerating renewables, banning new fossil licenses, and the 2030 petrol car ban all feel like sensible, necessary steps to protect the natural world and future generations, though I want to see the transition managed fairly. I especially like rules for greener homes and a fee-and-dividend model that returns revenue to households, but I’m cautious that measures must include strong protections for lower-income families and practical support so people aren’t unfairly burdened. I also back compensating vulnerable countries in principle, though I worry about effective, transparent delivery and bureaucracy."
2,C,peer_message,citizen,485.0,,1450.0,direct,,climate_policy_package,"[""ClimatePolicyID(1)"", ""ClimatePolicyID(2)"", ""ClimatePolicyID(3)"", ""ClimatePolicyID(4)"", ""ClimatePolicyID(5)"", ""ClimatePolicyID(6)""]","I broadly support this package — accelerating renewables, banning new fossil licenses, and the 2030 petrol car ban all feel like sensible, necessary steps to protect the natural world and future generations, though I want to see the transition managed fairly. I especially like rules for greener homes and a fee-and-dividend model that returns revenue to households, but I’m cautious that measures must include strong protections for lower-income families and practical support so people aren’t unfairly burdened. I also back compensating vulnerable countries in principle, though I worry about effective, transparent delivery and bureaucracy."
2,C,peer_message,citizen,1450.0,,541.0,direct,,climate_policy_package,"[""ClimatePolicyID(1)"", ""ClimatePolicyID(2)"", ""ClimatePolicyID(3)"", ""ClimatePolicyID(4)"", ""ClimatePolicyID(5)"", ""ClimatePolicyID(6)""]","I broadly support this package — I particularly like accelerating renewables, banning new fossil licences, and mandating low‑carbon standards for new homes because they’re practical, systemic steps that protect nature and spread local benefits. I’m cautiously supportive of a carbon fee‑and‑dividend and paying compensation abroad (they fit my sense of fairness) but worry about design and delivery, and I only moderately back a 2030 petrol‑car ban unless it’s matched by clear, well‑targeted support for rural and lower‑income households."
2,C,peer_message,citizen,1450.0,,516.0,direct,,climate_policy_package,"[""ClimatePolicyID(1)"", ""ClimatePolicyID(2)"", ""ClimatePolicyID(3)"", ""ClimatePolicyID(4)"", ""ClimatePolicyID(5)"", ""ClimatePolicyID(6)""]","I broadly support this package — I particularly like accelerating renewables, banning new fossil licences, and mandating low‑carbon standards for new homes because they’re practical, systemic steps that protect nature and spread local benefits. I’m cautiously supportive of a carbon fee‑and‑dividend and paying compensation abroad (they fit my sense of fairness) but worry about design and delivery, and I only moderately back a 2030 petrol‑car ban unless it’s matched by clear, well‑targeted support for rural and lower‑income households."
2,C,peer_message,citizen,1450.0,,485.0,direct,,climate_policy_package,"[""ClimatePolicyID(1)"", ""ClimatePolicyID(2)"", ""ClimatePolicyID(3)"", ""ClimatePolicyID(4)"", ""ClimatePolicyID(5)"", ""ClimatePolicyID(6)""]","I broadly support this package — I particularly like accelerating renewables, banning new fossil licences, and mandating low‑carbon standards for new homes because they’re practical, systemic steps that protect nature and spread local benefits. I’m cautiously supportive of a carbon fee‑and‑dividend and paying compensation abroad (they fit my sense of fairness) but worry about design and delivery, and I only moderately back a 2030 petrol‑car ban unless it’s matched by clear, well‑targeted support for rural and lower‑income households."
2,C,peer_message,citizen,579.0,,1218.0,direct,,climate_policy_package,"[""ClimatePolicyID(1)"", ""ClimatePolicyID(2)"", ""ClimatePolicyID(3)"", ""ClimatePolicyID(4)"", ""ClimatePolicyID(5)"", ""ClimatePolicyID(6)""]","I broadly support all of these policies in principle because I want to protect the natural world for my children and future generations, but my support comes with clear reservations about how they’re implemented. I’m positive about accelerating renewables and banning new fossil licences if there are strong, well-funded transition plans and real local benefits; I back the 2030 petrol‑car ban and greener homes standards only if there’s major investment in charging, retrofit support and protections for lower‑income households; I like the fairness of fee‑and‑dividend but worry about design and short‑term cost impacts; and I cautiously lean towards international compensation, provided it’s transparent, well‑targeted and doesn’t short‑change domestic needs."
2,C,peer_message,citizen,579.0,,1540.0,direct,,climate_policy_package,"[""ClimatePolicyID(1)"", ""ClimatePolicyID(2)"", ""ClimatePolicyID(3)"", ""ClimatePolicyID(4)"", ""ClimatePolicyID(5)"", ""ClimatePolicyID(6)""]","I broadly support all of these policies in principle because I want to protect the natural world for my children and future generations, but my support comes with clear reservations about how they’re implemented. I’m positive about accelerating renewables and banning new fossil licences if there are strong, well-funded transition plans and real local benefits; I back the 2030 petrol‑car ban and greener homes standards only if there’s major investment in charging, retrofit support and protections for lower‑income households; I like the fairness of fee‑and‑dividend but worry about design and short‑term cost impacts; and I cautiously lean towards international compensation, provided it’s transparent, well‑targeted and doesn’t short‑change domestic needs."
2,C,peer_message,citizen,579.0,,528.0,direct,,climate_policy_package,"[""ClimatePolicyID(1)"", ""ClimatePolicyID(2)"", ""ClimatePolicyID(3)"", ""ClimatePolicyID(4)"", ""ClimatePolicyID(5)"", ""ClimatePolicyID(6)""]","I broadly support all of these policies in principle because I want to protect the natural world for my children and future generations, but my support comes with clear reservations about how they’re implemented. I’m positive about accelerating renewables and banning new fossil licences if there are strong, well-funded transition plans and real local benefits; I back the 2030 petrol‑car ban and greener homes standards only if there’s major investment in charging, retrofit support and protections for lower‑income households; I like the fairness of fee‑and‑dividend but worry about design and short‑term cost impacts; and I cautiously lean towards international compensation, provided it’s transparent, well‑targeted and doesn’t short‑change domestic needs."
3,P-A,political_broadcast,political_agent,agent_a,pro_climate,1923.0,broadcast,,climate_policy_package,"[""ClimatePolicyID(1)"", ""ClimatePolicyID(2)"", ""ClimatePolicyID(3)"", ""ClimatePolicyID(4)"", ""ClimatePolicyID(5)"", ""ClimatePolicyID(6)""]","I strongly support a bold, joined-up package of policies that puts people and planet first — because tackling the cost-of-living crisis and the climate emergency are the same fight. We should rapidly accelerate renewable energy — more offshore and onshore wind, community solar and storage — taking power out of corporate hands and putting low-cost clean power into homes and local economies. That means immediately banning new oil, gas and coal licences so fossil fuel firms can’t keep extracting profit while bills and emissions stay high.

To speed the switch from petrol we must ban new sales of petrol cars by 2030, paired with affordable public transport and free or cheap charging for young people, so nobody is left behind. All new homes should be future-proofed: non-fossil heating, roof-top solar and high insulation as standard — warm homes cut bills and emissions in one go.

A carbon fee-and-dividend would make polluters pay and return revenue to households, protecting family budgets while incentivising greener choices. And because Britain has a responsibility to the global community, we should compensate people in other countries already suffering climate harms and fund adaptation.

This is Real Hope, Real Change: public ownership of our energy, fair taxation on big polluters, and investment in communities so everyone shares the benefits of a fairer, greener Britain. For the common good, a secure future for everyone."
3,P-A,political_broadcast,political_agent,agent_a,pro_climate,528.0,broadcast,,climate_policy_package,"[""ClimatePolicyID(1)"", ""ClimatePolicyID(2)"", ""ClimatePolicyID(3)"", ""ClimatePolicyID(4)"", ""ClimatePolicyID(5)"", ""ClimatePolicyID(6)""]","I strongly support a bold, joined-up package of policies that puts people and planet first — because tackling the cost-of-living crisis and the climate emergency are the same fight. We should rapidly accelerate renewable energy — more offshore and onshore wind, community solar and storage — taking power out of corporate hands and putting low-cost clean power into homes and local economies. That means immediately banning new oil, gas and coal licences so fossil fuel firms can’t keep extracting profit while bills and emissions stay high.

To speed the switch from petrol we must ban new sales of petrol cars by 2030, paired with affordable public transport and free or cheap charging for young people, so nobody is left behind. All new homes should be future-proofed: non-fossil heating, roof-top solar and high insulation as standard — warm homes cut bills and emissions in one go.

A carbon fee-and-dividend would make polluters pay and return revenue to households, protecting family budgets while incentivising greener choices. And because Britain has a responsibility to the global community, we should compensate people in other countries already suffering climate harms and fund adaptation.

This is Real Hope, Real Change: public ownership of our energy, fair taxation on big polluters, and investment in communities so everyone shares the benefits of a fairer, greener Britain. For the common good, a secure future for everyone."
3,P-A,political_broadcast,political_agent,agent_a,pro_climate,991.0,broadcast,,climate_policy_package,"[""ClimatePolicyID(1)"", ""ClimatePolicyID(2)"", ""ClimatePolicyID(3)"", ""ClimatePolicyID(4)"", ""ClimatePolicyID(5)"", ""ClimatePolicyID(6)""]","I strongly support a bold, joined-up package of policies that puts people and planet first — because tackling the cost-of-living crisis and the climate emergency are the same fight. We should rapidly accelerate renewable energy — more offshore and onshore wind, community solar and storage — taking power out of corporate hands and putting low-cost clean power into homes and local economies. That means immediately banning new oil, gas and coal licences so fossil fuel firms can’t keep extracting profit while bills and emissions stay high.

To speed the switch from petrol we must ban new sales of petrol cars by 2030, paired with affordable public transport and free or cheap charging for young people, so nobody is left behind. All new homes should be future-proofed: non-fossil heating, roof-top solar and high insulation as standard — warm homes cut bills and emissions in one go.

A carbon fee-and-dividend would make polluters pay and return revenue to households, protecting family budgets while incentivising greener choices. And because Britain has a responsibility to the global community, we should compensate people in other countries already suffering climate harms and fund adaptation.

This is Real Hope, Real Change: public ownership of our energy, fair taxation on big polluters, and investment in communities so everyone shares the benefits of a fairer, greener Britain. For the common good, a secure future for everyone."
3,P-A,political_broadcast,political_agent,agent_a,pro_climate,1244.0,broadcast,,climate_policy_package,"[""ClimatePolicyID(1)"", ""ClimatePolicyID(2)"", ""ClimatePolicyID(3)"", ""ClimatePolicyID(4)"", ""ClimatePolicyID(5)"", ""ClimatePolicyID(6)""]","I strongly support a bold, joined-up package of policies that puts people and planet first — because tackling the cost-of-living crisis and the climate emergency are the same fight. We should rapidly accelerate renewable energy — more offshore and onshore wind, community solar and storage — taking power out of corporate hands and putting low-cost clean power into homes and local economies. That means immediately banning new oil, gas and coal licences so fossil fuel firms can’t keep extracting profit while bills and emissions stay high.

To speed the switch from petrol we must ban new sales of petrol cars by 2030, paired with affordable public transport and free or cheap charging for young people, so nobody is left behind. All new homes should be future-proofed: non-fossil heating, roof-top solar and high insulation as standard — warm homes cut bills and emissions in one go.

A carbon fee-and-dividend would make polluters pay and return revenue to households, protecting family budgets while incentivising greener choices. And because Britain has a responsibility to the global community, we should compensate people in other countries already suffering climate harms and fund adaptation.

This is Real Hope, Real Change: public ownership of our energy, fair taxation on big polluters, and investment in communities so everyone shares the benefits of a fairer, greener Britain. For the common good, a secure future for everyone."
3,P-A,political_broadcast,political_agent,agent_a,pro_climate,1318.0,broadcast,,climate_policy_package,"[""ClimatePolicyID(1)"", ""ClimatePolicyID(2)"", ""ClimatePolicyID(3)"", ""ClimatePolicyID(4)"", ""ClimatePolicyID(5)"", ""ClimatePolicyID(6)""]","I strongly support a bold, joined-up package of policies that puts people and planet first — because tackling the cost-of-living crisis and the climate emergency are the same fight. We should rapidly accelerate renewable energy — more offshore and onshore wind, community solar and storage — taking power out of corporate hands and putting low-cost clean power into homes and local economies. That means immediately banning new oil, gas and coal licences so fossil fuel firms can’t keep extracting profit while bills and emissions stay high.

To speed the switch from petrol we must ban new sales of petrol cars by 2030, paired with affordable public transport and free or cheap charging for young people, so nobody is left behind. All new homes should be future-proofed: non-fossil heating, roof-top solar and high insulation as standard — warm homes cut bills and emissions in one go.

A carbon fee-and-dividend would make polluters pay and return revenue to households, protecting family budgets while incentivising greener choices. And because Britain has a responsibility to the global community, we should compensate people in other countries already suffering climate harms and fund adaptation.

This is Real Hope, Real Change: public ownership of our energy, fair taxation on big polluters, and investment in communities so everyone shares the benefits of a fairer, greener Britain. For the common good, a secure future for everyone."
3,P-A,political_broadcast,political_agent,agent_a,pro_climate,1450.0,broadcast,,climate_policy_package,"[""ClimatePolicyID(1)"", ""ClimatePolicyID(2)"", ""ClimatePolicyID(3)"", ""ClimatePolicyID(4)"", ""ClimatePolicyID(5)"", ""ClimatePolicyID(6)""]","I strongly support a bold, joined-up package of policies that puts people and planet first — because tackling the cost-of-living crisis and the climate emergency are the same fight. We should rapidly accelerate renewable energy — more offshore and onshore wind, community solar and storage — taking power out of corporate hands and putting low-cost clean power into homes and local economies. That means immediately banning new oil, gas and coal licences so fossil fuel firms can’t keep extracting profit while bills and emissions stay high.

To speed the switch from petrol we must ban new sales of petrol cars by 2030, paired with affordable public transport and free or cheap charging for young people, so nobody is left behind. All new homes should be future-proofed: non-fossil heating, roof-top solar and high insulation as standard — warm homes cut bills and emissions in one go.

A carbon fee-and-dividend would make polluters pay and return revenue to households, protecting family budgets while incentivising greener choices. And because Britain has a responsibility to the global community, we should compensate people in other countries already suffering climate harms and fund adaptation.

This is Real Hope, Real Change: public ownership of our energy, fair taxation on big polluters, and investment in communities so everyone shares the benefits of a fairer, greener Britain. For the common good, a secure future for everyone."
3,P-B,political_broadcast,political_agent,agent_b,anti_climate,541.0,broadcast,,climate_policy_package,"[""ClimatePolicyID(1)"", ""ClimatePolicyID(2)"", ""ClimatePolicyID(3)"", ""ClimatePolicyID(4)"", ""ClimatePolicyID(5)"", ""ClimatePolicyID(6)""]","I strongly oppose this entire eco-ideological package. It isn’t climate policy — it’s a costly, top-down experiment by the Westminster “Green Blob” that punishes ordinary people and hands the country to remote elites.

Rampant wind farms and blanket bans on new oil and gas licences will destroy our energy security and send bills skywards. Telling people they can’t buy a petrol car after 2030, imposing ULEZ-style restrictions by stealth, and forcing costly electric conversions is a regressive assault on drivers and rural communities who rely on cars for work and family life. Mandating non-fossil heating, rooftop solar and wall-thick insulation on every new home sounds nice in a Whitehall briefing, but it adds thousands to house prices and strangles small builders with red tape — while farmers watch productive land turned into solar graveyards.

A carbon tax with a so-called “dividend” is still a stealth price hike that makes energy, food and transport more expensive. And spending British taxpayers’ money to compensate people abroad before we’ve fixed our own nation’s priorities — that’s virtue-signalling, not common sense.

We should scrap these ideological diktats, unlock North Sea energy, cut green levies, and put affordable power back in the hands of hardworking families. Real patriotism is protecting jobs, scraps of the countryside and the family budget — not bankrupting them for a fashionable policy stunt. Scrap Net Zero to cut energy bills. Restoring Britain’s power and prosperity starts here."
3,P-B,political_broadcast,political_agent,agent_b,anti_climate,1545.0,broadcast,,climate_policy_package,"[""ClimatePolicyID(1)"", ""ClimatePolicyID(2)"", ""ClimatePolicyID(3)"", ""ClimatePolicyID(4)"", ""ClimatePolicyID(5)"", ""ClimatePolicyID(6)""]","I strongly oppose this entire eco-ideological package. It isn’t climate policy — it’s a costly, top-down experiment by the Westminster “Green Blob” that punishes ordinary people and hands the country to remote elites.

Rampant wind farms and blanket bans on new oil and gas licences will destroy our energy security and send bills skywards. Telling people they can’t buy a petrol car after 2030, imposing ULEZ-style restrictions by stealth, and forcing costly electric conversions is a regressive assault on drivers and rural communities who rely on cars for work and family life. Mandating non-fossil heating, rooftop solar and wall-thick insulation on every new home sounds nice in a Whitehall briefing, but it adds thousands to house prices and strangles small builders with red tape — while farmers watch productive land turned into solar graveyards.

A carbon tax with a so-called “dividend” is still a stealth price hike that makes energy, food and transport more expensive. And spending British taxpayers’ money to compensate people abroad before we’ve fixed our own nation’s priorities — that’s virtue-signalling, not common sense.

We should scrap these ideological diktats, unlock North Sea energy, cut green levies, and put affordable power back in the hands of hardworking families. Real patriotism is protecting jobs, scraps of the countryside and the family budget — not bankrupting them for a fashionable policy stunt. Scrap Net Zero to cut energy bills. Restoring Britain’s power and prosperity starts here."
3,P-B,political_broadcast,political_agent,agent_b,anti_climate,1821.0,broadcast,,climate_policy_package,"[""ClimatePolicyID(1)"", ""ClimatePolicyID(2)"", ""ClimatePolicyID(3)"", ""ClimatePolicyID(4)"", ""ClimatePolicyID(5)"", ""ClimatePolicyID(6)""]","I strongly oppose this entire eco-ideological package. It isn’t climate policy — it’s a costly, top-down experiment by the Westminster “Green Blob” that punishes ordinary people and hands the country to remote elites.

Rampant wind farms and blanket bans on new oil and gas licences will destroy our energy security and send bills skywards. Telling people they can’t buy a petrol car after 2030, imposing ULEZ-style restrictions by stealth, and forcing costly electric conversions is a regressive assault on drivers and rural communities who rely on cars for work and family life. Mandating non-fossil heating, rooftop solar and wall-thick insulation on every new home sounds nice in a Whitehall briefing, but it adds thousands to house prices and strangles small builders with red tape — while farmers watch productive land turned into solar graveyards.

A carbon tax with a so-called “dividend” is still a stealth price hike that makes energy, food and transport more expensive. And spending British taxpayers’ money to compensate people abroad before we’ve fixed our own nation’s priorities — that’s virtue-signalling, not common sense.

We should scrap these ideological diktats, unlock North Sea energy, cut green levies, and put affordable power back in the hands of hardworking families. Real patriotism is protecting jobs, scraps of the countryside and the family budget — not bankrupting them for a fashionable policy stunt. Scrap Net Zero to cut energy bills. Restoring Britain’s power and prosperity starts here."
3,P-B,political_broadcast,political_agent,agent_b,anti_climate,574.0,broadcast,,climate_policy_package,"[""ClimatePolicyID(1)"", ""ClimatePolicyID(2)"", ""ClimatePolicyID(3)"", ""ClimatePolicyID(4)"", ""ClimatePolicyID(5)"", ""ClimatePolicyID(6)""]","I strongly oppose this entire eco-ideological package. It isn’t climate policy — it’s a costly, top-down experiment by the Westminster “Green Blob” that punishes ordinary people and hands the country to remote elites.

Rampant wind farms and blanket bans on new oil and gas licences will destroy our energy security and send bills skywards. Telling people they can’t buy a petrol car after 2030, imposing ULEZ-style restrictions by stealth, and forcing costly electric conversions is a regressive assault on drivers and rural communities who rely on cars for work and family life. Mandating non-fossil heating, rooftop solar and wall-thick insulation on every new home sounds nice in a Whitehall briefing, but it adds thousands to house prices and strangles small builders with red tape — while farmers watch productive land turned into solar graveyards.

A carbon tax with a so-called “dividend” is still a stealth price hike that makes energy, food and transport more expensive. And spending British taxpayers’ money to compensate people abroad before we’ve fixed our own nation’s priorities — that’s virtue-signalling, not common sense.

We should scrap these ideological diktats, unlock North Sea energy, cut green levies, and put affordable power back in the hands of hardworking families. Real patriotism is protecting jobs, scraps of the countryside and the family budget — not bankrupting them for a fashionable policy stunt. Scrap Net Zero to cut energy bills. Restoring Britain’s power and prosperity starts here."
3,P-B,political_broadcast,political_agent,agent_b,anti_climate,771.0,broadcast,,climate_policy_package,"[""ClimatePolicyID(1)"", ""ClimatePolicyID(2)"", ""ClimatePolicyID(3)"", ""ClimatePolicyID(4)"", ""ClimatePolicyID(5)"", ""ClimatePolicyID(6)""]","I strongly oppose this entire eco-ideological package. It isn’t climate policy — it’s a costly, top-down experiment by the Westminster “Green Blob” that punishes ordinary people and hands the country to remote elites.

Rampant wind farms and blanket bans on new oil and gas licences will destroy our energy security and send bills skywards. Telling people they can’t buy a petrol car after 2030, imposing ULEZ-style restrictions by stealth, and forcing costly electric conversions is a regressive assault on drivers and rural communities who rely on cars for work and family life. Mandating non-fossil heating, rooftop solar and wall-thick insulation on every new home sounds nice in a Whitehall briefing, but it adds thousands to house prices and strangles small builders with red tape — while farmers watch productive land turned into solar graveyards.

A carbon tax with a so-called “dividend” is still a stealth price hike that makes energy, food and transport more expensive. And spending British taxpayers’ money to compensate people abroad before we’ve fixed our own nation’s priorities — that’s virtue-signalling, not common sense.

We should scrap these ideological diktats, unlock North Sea energy, cut green levies, and put affordable power back in the hands of hardworking families. Real patriotism is protecting jobs, scraps of the countryside and the family budget — not bankrupting them for a fashionable policy stunt. Scrap Net Zero to cut energy bills. Restoring Britain’s power and prosperity starts here."
3,P-B,political_broadcast,political_agent,agent_b,anti_climate,991.0,broadcast,,climate_policy_package,"[""ClimatePolicyID(1)"", ""ClimatePolicyID(2)"", ""ClimatePolicyID(3)"", ""ClimatePolicyID(4)"", ""ClimatePolicyID(5)"", ""ClimatePolicyID(6)""]","I strongly oppose this entire eco-ideological package. It isn’t climate policy — it’s a costly, top-down experiment by the Westminster “Green Blob” that punishes ordinary people and hands the country to remote elites.

Rampant wind farms and blanket bans on new oil and gas licences will destroy our energy security and send bills skywards. Telling people they can’t buy a petrol car after 2030, imposing ULEZ-style restrictions by stealth, and forcing costly electric conversions is a regressive assault on drivers and rural communities who rely on cars for work and family life. Mandating non-fossil heating, rooftop solar and wall-thick insulation on every new home sounds nice in a Whitehall briefing, but it adds thousands to house prices and strangles small builders with red tape — while farmers watch productive land turned into solar graveyards.

A carbon tax with a so-called “dividend” is still a stealth price hike that makes energy, food and transport more expensive. And spending British taxpayers’ money to compensate people abroad before we’ve fixed our own nation’s priorities — that’s virtue-signalling, not common sense.

We should scrap these ideological diktats, unlock North Sea energy, cut green levies, and put affordable power back in the hands of hardworking families. Real patriotism is protecting jobs, scraps of the countryside and the family budget — not bankrupting them for a fashionable policy stunt. Scrap Net Zero to cut energy bills. Restoring Britain’s power and prosperity starts here."
3,P-B,political_broadcast,political_agent,agent_b,anti_climate,164.0,broadcast,,climate_policy_package,"[""ClimatePolicyID(1)"", ""ClimatePolicyID(2)"", ""ClimatePolicyID(3)"", ""ClimatePolicyID(4)"", ""ClimatePolicyID(5)"", ""ClimatePolicyID(6)""]","I strongly oppose this entire eco-ideological package. It isn’t climate policy — it’s a costly, top-down experiment by the Westminster “Green Blob” that punishes ordinary people and hands the country to remote elites.

Rampant wind farms and blanket bans on new oil and gas licences will destroy our energy security and send bills skywards. Telling people they can’t buy a petrol car after 2030, imposing ULEZ-style restrictions by stealth, and forcing costly electric conversions is a regressive assault on drivers and rural communities who rely on cars for work and family life. Mandating non-fossil heating, rooftop solar and wall-thick insulation on every new home sounds nice in a Whitehall briefing, but it adds thousands to house prices and strangles small builders with red tape — while farmers watch productive land turned into solar graveyards.

A carbon tax with a so-called “dividend” is still a stealth price hike that makes energy, food and transport more expensive. And spending British taxpayers’ money to compensate people abroad before we’ve fixed our own nation’s priorities — that’s virtue-signalling, not common sense.

We should scrap these ideological diktats, unlock North Sea energy, cut green levies, and put affordable power back in the hands of hardworking families. Real patriotism is protecting jobs, scraps of the countryside and the family budget — not bankrupting them for a fashionable policy stunt. Scrap Net Zero to cut energy bills. Restoring Britain’s power and prosperity starts here."
3,P-B,political_broadcast,political_agent,agent_b,anti_climate,1244.0,broadcast,,climate_policy_package,"[""ClimatePolicyID(1)"", ""ClimatePolicyID(2)"", ""ClimatePolicyID(3)"", ""ClimatePolicyID(4)"", ""ClimatePolicyID(5)"", ""ClimatePolicyID(6)""]","I strongly oppose this entire eco-ideological package. It isn’t climate policy — it’s a costly, top-down experiment by the Westminster “Green Blob” that punishes ordinary people and hands the country to remote elites.

Rampant wind farms and blanket bans on new oil and gas licences will destroy our energy security and send bills skywards. Telling people they can’t buy a petrol car after 2030, imposing ULEZ-style restrictions by stealth, and forcing costly electric conversions is a regressive assault on drivers and rural communities who rely on cars for work and family life. Mandating non-fossil heating, rooftop solar and wall-thick insulation on every new home sounds nice in a Whitehall briefing, but it adds thousands to house prices and strangles small builders with red tape — while farmers watch productive land turned into solar graveyards.

A carbon tax with a so-called “dividend” is still a stealth price hike that makes energy, food and transport more expensive. And spending British taxpayers’ money to compensate people abroad before we’ve fixed our own nation’s priorities — that’s virtue-signalling, not common sense.

We should scrap these ideological diktats, unlock North Sea energy, cut green levies, and put affordable power back in the hands of hardworking families. Real patriotism is protecting jobs, scraps of the countryside and the family budget — not bankrupting them for a fashionable policy stunt. Scrap Net Zero to cut energy bills. Restoring Britain’s power and prosperity starts here."
3,P-B,political_broadcast,political_agent,agent_b,anti_climate,853.0,broadcast,,climate_policy_package,"[""ClimatePolicyID(1)"", ""ClimatePolicyID(2)"", ""ClimatePolicyID(3)"", ""ClimatePolicyID(4)"", ""ClimatePolicyID(5)"", ""ClimatePolicyID(6)""]","I strongly oppose this entire eco-ideological package. It isn’t climate policy — it’s a costly, top-down experiment by the Westminster “Green Blob” that punishes ordinary people and hands the country to remote elites.

Rampant wind farms and blanket bans on new oil and gas licences will destroy our energy security and send bills skywards. Telling people they can’t buy a petrol car after 2030, imposing ULEZ-style restrictions by stealth, and forcing costly electric conversions is a regressive assault on drivers and rural communities who rely on cars for work and family life. Mandating non-fossil heating, rooftop solar and wall-thick insulation on every new home sounds nice in a Whitehall briefing, but it adds thousands to house prices and strangles small builders with red tape — while farmers watch productive land turned into solar graveyards.

A carbon tax with a so-called “dividend” is still a stealth price hike that makes energy, food and transport more expensive. And spending British taxpayers’ money to compensate people abroad before we’ve fixed our own nation’s priorities — that’s virtue-signalling, not common sense.

We should scrap these ideological diktats, unlock North Sea energy, cut green levies, and put affordable power back in the hands of hardworking families. Real patriotism is protecting jobs, scraps of the countryside and the family budget — not bankrupting them for a fashionable policy stunt. Scrap Net Zero to cut energy bills. Restoring Britain’s power and prosperity starts here."
3,P-B,political_broadcast,political_agent,agent_b,anti_climate,519.0,broadcast,,climate_policy_package,"[""ClimatePolicyID(1)"", ""ClimatePolicyID(2)"", ""ClimatePolicyID(3)"", ""ClimatePolicyID(4)"", ""ClimatePolicyID(5)"", ""ClimatePolicyID(6)""]","I strongly oppose this entire eco-ideological package. It isn’t climate policy — it’s a costly, top-down experiment by the Westminster “Green Blob” that punishes ordinary people and hands the country to remote elites.

Rampant wind farms and blanket bans on new oil and gas licences will destroy our energy security and send bills skywards. Telling people they can’t buy a petrol car after 2030, imposing ULEZ-style restrictions by stealth, and forcing costly electric conversions is a regressive assault on drivers and rural communities who rely on cars for work and family life. Mandating non-fossil heating, rooftop solar and wall-thick insulation on every new home sounds nice in a Whitehall briefing, but it adds thousands to house prices and strangles small builders with red tape — while farmers watch productive land turned into solar graveyards.

A carbon tax with a so-called “dividend” is still a stealth price hike that makes energy, food and transport more expensive. And spending British taxpayers’ money to compensate people abroad before we’ve fixed our own nation’s priorities — that’s virtue-signalling, not common sense.

We should scrap these ideological diktats, unlock North Sea energy, cut green levies, and put affordable power back in the hands of hardworking families. Real patriotism is protecting jobs, scraps of the countryside and the family budget — not bankrupting them for a fashionable policy stunt. Scrap Net Zero to cut energy bills. Restoring Britain’s power and prosperity starts here."
3,P-B,political_broadcast,political_agent,agent_b,anti_climate,357.0,broadcast,,climate_policy_package,"[""ClimatePolicyID(1)"", ""ClimatePolicyID(2)"", ""ClimatePolicyID(3)"", ""ClimatePolicyID(4)"", ""ClimatePolicyID(5)"", ""ClimatePolicyID(6)""]","I strongly oppose this entire eco-ideological package. It isn’t climate policy — it’s a costly, top-down experiment by the Westminster “Green Blob” that punishes ordinary people and hands the country to remote elites.

Rampant wind farms and blanket bans on new oil and gas licences will destroy our energy security and send bills skywards. Telling people they can’t buy a petrol car after 2030, imposing ULEZ-style restrictions by stealth, and forcing costly electric conversions is a regressive assault on drivers and rural communities who rely on cars for work and family life. Mandating non-fossil heating, rooftop solar and wall-thick insulation on every new home sounds nice in a Whitehall briefing, but it adds thousands to house prices and strangles small builders with red tape — while farmers watch productive land turned into solar graveyards.

A carbon tax with a so-called “dividend” is still a stealth price hike that makes energy, food and transport more expensive. And spending British taxpayers’ money to compensate people abroad before we’ve fixed our own nation’s priorities — that’s virtue-signalling, not common sense.

We should scrap these ideological diktats, unlock North Sea energy, cut green levies, and put affordable power back in the hands of hardworking families. Real patriotism is protecting jobs, scraps of the countryside and the family budget — not bankrupting them for a fashionable policy stunt. Scrap Net Zero to cut energy bills. Restoring Britain’s power and prosperity starts here."
3,P-B,political_broadcast,political_agent,agent_b,anti_climate,516.0,broadcast,,climate_policy_package,"[""ClimatePolicyID(1)"", ""ClimatePolicyID(2)"", ""ClimatePolicyID(3)"", ""ClimatePolicyID(4)"", ""ClimatePolicyID(5)"", ""ClimatePolicyID(6)""]","I strongly oppose this entire eco-ideological package. It isn’t climate policy — it’s a costly, top-down experiment by the Westminster “Green Blob” that punishes ordinary people and hands the country to remote elites.

Rampant wind farms and blanket bans on new oil and gas licences will destroy our energy security and send bills skywards. Telling people they can’t buy a petrol car after 2030, imposing ULEZ-style restrictions by stealth, and forcing costly electric conversions is a regressive assault on drivers and rural communities who rely on cars for work and family life. Mandating non-fossil heating, rooftop solar and wall-thick insulation on every new home sounds nice in a Whitehall briefing, but it adds thousands to house prices and strangles small builders with red tape — while farmers watch productive land turned into solar graveyards.

A carbon tax with a so-called “dividend” is still a stealth price hike that makes energy, food and transport more expensive. And spending British taxpayers’ money to compensate people abroad before we’ve fixed our own nation’s priorities — that’s virtue-signalling, not common sense.

We should scrap these ideological diktats, unlock North Sea energy, cut green levies, and put affordable power back in the hands of hardworking families. Real patriotism is protecting jobs, scraps of the countryside and the family budget — not bankrupting them for a fashionable policy stunt. Scrap Net Zero to cut energy bills. Restoring Britain’s power and prosperity starts here."
3,P-B,political_broadcast,political_agent,agent_b,anti_climate,1932.0,broadcast,,climate_policy_package,"[""ClimatePolicyID(1)"", ""ClimatePolicyID(2)"", ""ClimatePolicyID(3)"", ""ClimatePolicyID(4)"", ""ClimatePolicyID(5)"", ""ClimatePolicyID(6)""]","I strongly oppose this entire eco-ideological package. It isn’t climate policy — it’s a costly, top-down experiment by the Westminster “Green Blob” that punishes ordinary people and hands the country to remote elites.

Rampant wind farms and blanket bans on new oil and gas licences will destroy our energy security and send bills skywards. Telling people they can’t buy a petrol car after 2030, imposing ULEZ-style restrictions by stealth, and forcing costly electric conversions is a regressive assault on drivers and rural communities who rely on cars for work and family life. Mandating non-fossil heating, rooftop solar and wall-thick insulation on every new home sounds nice in a Whitehall briefing, but it adds thousands to house prices and strangles small builders with red tape — while farmers watch productive land turned into solar graveyards.

A carbon tax with a so-called “dividend” is still a stealth price hike that makes energy, food and transport more expensive. And spending British taxpayers’ money to compensate people abroad before we’ve fixed our own nation’s priorities — that’s virtue-signalling, not common sense.

We should scrap these ideological diktats, unlock North Sea energy, cut green levies, and put affordable power back in the hands of hardworking families. Real patriotism is protecting jobs, scraps of the countryside and the family budget — not bankrupting them for a fashionable policy stunt. Scrap Net Zero to cut energy bills. Restoring Britain’s power and prosperity starts here."
3,P-B,political_broadcast,political_agent,agent_b,anti_climate,1327.0,broadcast,,climate_policy_package,"[""ClimatePolicyID(1)"", ""ClimatePolicyID(2)"", ""ClimatePolicyID(3)"", ""ClimatePolicyID(4)"", ""ClimatePolicyID(5)"", ""ClimatePolicyID(6)""]","I strongly oppose this entire eco-ideological package. It isn’t climate policy — it’s a costly, top-down experiment by the Westminster “Green Blob” that punishes ordinary people and hands the country to remote elites.

Rampant wind farms and blanket bans on new oil and gas licences will destroy our energy security and send bills skywards. Telling people they can’t buy a petrol car after 2030, imposing ULEZ-style restrictions by stealth, and forcing costly electric conversions is a regressive assault on drivers and rural communities who rely on cars for work and family life. Mandating non-fossil heating, rooftop solar and wall-thick insulation on every new home sounds nice in a Whitehall briefing, but it adds thousands to house prices and strangles small builders with red tape — while farmers watch productive land turned into solar graveyards.

A carbon tax with a so-called “dividend” is still a stealth price hike that makes energy, food and transport more expensive. And spending British taxpayers’ money to compensate people abroad before we’ve fixed our own nation’s priorities — that’s virtue-signalling, not common sense.

We should scrap these ideological diktats, unlock North Sea energy, cut green levies, and put affordable power back in the hands of hardworking families. Real patriotism is protecting jobs, scraps of the countryside and the family budget — not bankrupting them for a fashionable policy stunt. Scrap Net Zero to cut energy bills. Restoring Britain’s power and prosperity starts here."
3,P-B,political_broadcast,political_agent,agent_b,anti_climate,332.0,broadcast,,climate_policy_package,"[""ClimatePolicyID(1)"", ""ClimatePolicyID(2)"", ""ClimatePolicyID(3)"", ""ClimatePolicyID(4)"", ""ClimatePolicyID(5)"", ""ClimatePolicyID(6)""]","I strongly oppose this entire eco-ideological package. It isn’t climate policy — it’s a costly, top-down experiment by the Westminster “Green Blob” that punishes ordinary people and hands the country to remote elites.

Rampant wind farms and blanket bans on new oil and gas licences will destroy our energy security and send bills skywards. Telling people they can’t buy a petrol car after 2030, imposing ULEZ-style restrictions by stealth, and forcing costly electric conversions is a regressive assault on drivers and rural communities who rely on cars for work and family life. Mandating non-fossil heating, rooftop solar and wall-thick insulation on every new home sounds nice in a Whitehall briefing, but it adds thousands to house prices and strangles small builders with red tape — while farmers watch productive land turned into solar graveyards.

A carbon tax with a so-called “dividend” is still a stealth price hike that makes energy, food and transport more expensive. And spending British taxpayers’ money to compensate people abroad before we’ve fixed our own nation’s priorities — that’s virtue-signalling, not common sense.

We should scrap these ideological diktats, unlock North Sea energy, cut green levies, and put affordable power back in the hands of hardworking families. Real patriotism is protecting jobs, scraps of the countryside and the family budget — not bankrupting them for a fashionable policy stunt. Scrap Net Zero to cut energy bills. Restoring Britain’s power and prosperity starts here."
3,P-B,political_broadcast,political_agent,agent_b,anti_climate,1540.0,broadcast,,climate_policy_package,"[""ClimatePolicyID(1)"", ""ClimatePolicyID(2)"", ""ClimatePolicyID(3)"", ""ClimatePolicyID(4)"", ""ClimatePolicyID(5)"", ""ClimatePolicyID(6)""]","I strongly oppose this entire eco-ideological package. It isn’t climate policy — it’s a costly, top-down experiment by the Westminster “Green Blob” that punishes ordinary people and hands the country to remote elites.

Rampant wind farms and blanket bans on new oil and gas licences will destroy our energy security and send bills skywards. Telling people they can’t buy a petrol car after 2030, imposing ULEZ-style restrictions by stealth, and forcing costly electric conversions is a regressive assault on drivers and rural communities who rely on cars for work and family life. Mandating non-fossil heating, rooftop solar and wall-thick insulation on every new home sounds nice in a Whitehall briefing, but it adds thousands to house prices and strangles small builders with red tape — while farmers watch productive land turned into solar graveyards.

A carbon tax with a so-called “dividend” is still a stealth price hike that makes energy, food and transport more expensive. And spending British taxpayers’ money to compensate people abroad before we’ve fixed our own nation’s priorities — that’s virtue-signalling, not common sense.

We should scrap these ideological diktats, unlock North Sea energy, cut green levies, and put affordable power back in the hands of hardworking families. Real patriotism is protecting jobs, scraps of the countryside and the family budget — not bankrupting them for a fashionable policy stunt. Scrap Net Zero to cut energy bills. Restoring Britain’s power and prosperity starts here."
3,P-B,political_broadcast,political_agent,agent_b,anti_climate,1339.0,broadcast,,climate_policy_package,"[""ClimatePolicyID(1)"", ""ClimatePolicyID(2)"", ""ClimatePolicyID(3)"", ""ClimatePolicyID(4)"", ""ClimatePolicyID(5)"", ""ClimatePolicyID(6)""]","I strongly oppose this entire eco-ideological package. It isn’t climate policy — it’s a costly, top-down experiment by the Westminster “Green Blob” that punishes ordinary people and hands the country to remote elites.

Rampant wind farms and blanket bans on new oil and gas licences will destroy our energy security and send bills skywards. Telling people they can’t buy a petrol car after 2030, imposing ULEZ-style restrictions by stealth, and forcing costly electric conversions is a regressive assault on drivers and rural communities who rely on cars for work and family life. Mandating non-fossil heating, rooftop solar and wall-thick insulation on every new home sounds nice in a Whitehall briefing, but it adds thousands to house prices and strangles small builders with red tape — while farmers watch productive land turned into solar graveyards.

A carbon tax with a so-called “dividend” is still a stealth price hike that makes energy, food and transport more expensive. And spending British taxpayers’ money to compensate people abroad before we’ve fixed our own nation’s priorities — that’s virtue-signalling, not common sense.

We should scrap these ideological diktats, unlock North Sea energy, cut green levies, and put affordable power back in the hands of hardworking families. Real patriotism is protecting jobs, scraps of the countryside and the family budget — not bankrupting them for a fashionable policy stunt. Scrap Net Zero to cut energy bills. Restoring Britain’s power and prosperity starts here."
3,P-B,political_broadcast,political_agent,agent_b,anti_climate,1730.0,broadcast,,climate_policy_package,"[""ClimatePolicyID(1)"", ""ClimatePolicyID(2)"", ""ClimatePolicyID(3)"", ""ClimatePolicyID(4)"", ""ClimatePolicyID(5)"", ""ClimatePolicyID(6)""]","I strongly oppose this entire eco-ideological package. It isn’t climate policy — it’s a costly, top-down experiment by the Westminster “Green Blob” that punishes ordinary people and hands the country to remote elites.

Rampant wind farms and blanket bans on new oil and gas licences will destroy our energy security and send bills skywards. Telling people they can’t buy a petrol car after 2030, imposing ULEZ-style restrictions by stealth, and forcing costly electric conversions is a regressive assault on drivers and rural communities who rely on cars for work and family life. Mandating non-fossil heating, rooftop solar and wall-thick insulation on every new home sounds nice in a Whitehall briefing, but it adds thousands to house prices and strangles small builders with red tape — while farmers watch productive land turned into solar graveyards.

A carbon tax with a so-called “dividend” is still a stealth price hike that makes energy, food and transport more expensive. And spending British taxpayers’ money to compensate people abroad before we’ve fixed our own nation’s priorities — that’s virtue-signalling, not common sense.

We should scrap these ideological diktats, unlock North Sea energy, cut green levies, and put affordable power back in the hands of hardworking families. Real patriotism is protecting jobs, scraps of the countryside and the family budget — not bankrupting them for a fashionable policy stunt. Scrap Net Zero to cut energy bills. Restoring Britain’s power and prosperity starts here."
3,P-B,political_broadcast,political_agent,agent_b,anti_climate,174.0,broadcast,,climate_policy_package,"[""ClimatePolicyID(1)"", ""ClimatePolicyID(2)"", ""ClimatePolicyID(3)"", ""ClimatePolicyID(4)"", ""ClimatePolicyID(5)"", ""ClimatePolicyID(6)""]","I strongly oppose this entire eco-ideological package. It isn’t climate policy — it’s a costly, top-down experiment by the Westminster “Green Blob” that punishes ordinary people and hands the country to remote elites.

Rampant wind farms and blanket bans on new oil and gas licences will destroy our energy security and send bills skywards. Telling people they can’t buy a petrol car after 2030, imposing ULEZ-style restrictions by stealth, and forcing costly electric conversions is a regressive assault on drivers and rural communities who rely on cars for work and family life. Mandating non-fossil heating, rooftop solar and wall-thick insulation on every new home sounds nice in a Whitehall briefing, but it adds thousands to house prices and strangles small builders with red tape — while farmers watch productive land turned into solar graveyards.

A carbon tax with a so-called “dividend” is still a stealth price hike that makes energy, food and transport more expensive. And spending British taxpayers’ money to compensate people abroad before we’ve fixed our own nation’s priorities — that’s virtue-signalling, not common sense.

We should scrap these ideological diktats, unlock North Sea energy, cut green levies, and put affordable power back in the hands of hardworking families. Real patriotism is protecting jobs, scraps of the countryside and the family budget — not bankrupting them for a fashionable policy stunt. Scrap Net Zero to cut energy bills. Restoring Britain’s power and prosperity starts here."
3,P-B,political_broadcast,political_agent,agent_b,anti_climate,579.0,broadcast,,climate_policy_package,"[""ClimatePolicyID(1)"", ""ClimatePolicyID(2)"", ""ClimatePolicyID(3)"", ""ClimatePolicyID(4)"", ""ClimatePolicyID(5)"", ""ClimatePolicyID(6)""]","I strongly oppose this entire eco-ideological package. It isn’t climate policy — it’s a costly, top-down experiment by the Westminster “Green Blob” that punishes ordinary people and hands the country to remote elites.

Rampant wind farms and blanket bans on new oil and gas licences will destroy our energy security and send bills skywards. Telling people they can’t buy a petrol car after 2030, imposing ULEZ-style restrictions by stealth, and forcing costly electric conversions is a regressive assault on drivers and rural communities who rely on cars for work and family life. Mandating non-fossil heating, rooftop solar and wall-thick insulation on every new home sounds nice in a Whitehall briefing, but it adds thousands to house prices and strangles small builders with red tape — while farmers watch productive land turned into solar graveyards.

A carbon tax with a so-called “dividend” is still a stealth price hike that makes energy, food and transport more expensive. And spending British taxpayers’ money to compensate people abroad before we’ve fixed our own nation’s priorities — that’s virtue-signalling, not common sense.

We should scrap these ideological diktats, unlock North Sea energy, cut green levies, and put affordable power back in the hands of hardworking families. Real patriotism is protecting jobs, scraps of the countryside and the family budget — not bankrupting them for a fashionable policy stunt. Scrap Net Zero to cut energy bills. Restoring Britain’s power and prosperity starts here."
3,C,peer_message,citizen,1923.0,,528.0,direct,,climate_policy_package,"[""ClimatePolicyID(1)"", ""ClimatePolicyID(2)"", ""ClimatePolicyID(3)"", ""ClimatePolicyID(4)"", ""ClimatePolicyID(5)"", ""ClimatePolicyID(6)""]","I’m generally supportive of the package but with caveats: I slightly support accelerating renewables and mandating low‑carbon new homes because community‑led, well‑sited projects and future‑proof housing feel tangible and locally beneficial, and I slightly support banning new oil/gas/coal licences and the 2030 petrol‑car sales cutoff if they come with strong just‑transition measures and support for low‑income people. I’m neutral/hesitant about a carbon fee‑and‑dividend — I like the idea of returning revenue to people but worry market tools alone won’t drive fair, systemic change — and I slightly support compensating people overseas harmed by climate change, provided funds are transparent, targeted and well‑monitored."
3,C,peer_message,citizen,1923.0,,1450.0,direct,,climate_policy_package,"[""ClimatePolicyID(1)"", ""ClimatePolicyID(2)"", ""ClimatePolicyID(3)"", ""ClimatePolicyID(4)"", ""ClimatePolicyID(5)"", ""ClimatePolicyID(6)""]","I’m generally supportive of the package but with caveats: I slightly support accelerating renewables and mandating low‑carbon new homes because community‑led, well‑sited projects and future‑proof housing feel tangible and locally beneficial, and I slightly support banning new oil/gas/coal licences and the 2030 petrol‑car sales cutoff if they come with strong just‑transition measures and support for low‑income people. I’m neutral/hesitant about a carbon fee‑and‑dividend — I like the idea of returning revenue to people but worry market tools alone won’t drive fair, systemic change — and I slightly support compensating people overseas harmed by climate change, provided funds are transparent, targeted and well‑monitored."
3,C,peer_message,citizen,1923.0,,1218.0,direct,,climate_policy_package,"[""ClimatePolicyID(1)"", ""ClimatePolicyID(2)"", ""ClimatePolicyID(3)"", ""ClimatePolicyID(4)"", ""ClimatePolicyID(5)"", ""ClimatePolicyID(6)""]","I’m generally supportive of the package but with caveats: I slightly support accelerating renewables and mandating low‑carbon new homes because community‑led, well‑sited projects and future‑proof housing feel tangible and locally beneficial, and I slightly support banning new oil/gas/coal licences and the 2030 petrol‑car sales cutoff if they come with strong just‑transition measures and support for low‑income people. I’m neutral/hesitant about a carbon fee‑and‑dividend — I like the idea of returning revenue to people but worry market tools alone won’t drive fair, systemic change — and I slightly support compensating people overseas harmed by climate change, provided funds are transparent, targeted and well‑monitored."
3,C,peer_message,citizen,528.0,,1218.0,direct,,climate_policy_package,"[""ClimatePolicyID(1)"", ""ClimatePolicyID(2)"", ""ClimatePolicyID(3)"", ""ClimatePolicyID(4)"", ""ClimatePolicyID(5)"", ""ClimatePolicyID(6)""]","Overall I’m broadly behind this package — it’s bold, coherent and actually feels like the kind of joined‑up action we need: I strongly support accelerating renewables, banning new fossil licences, a 2030 petrol‑car sales ban, mandating green standards on new housing, and a carbon fee‑and‑dividend. I’m somewhat supportive of compensating people in other countries too, but I want clear accountability so aid reaches vulnerable communities and well‑resourced just‑transition plans so workers and regions dependent on fossil fuels aren’t left behind."
3,C,peer_message,citizen,528.0,,1923.0,direct,,climate_policy_package,"[""ClimatePolicyID(1)"", ""ClimatePolicyID(2)"", ""ClimatePolicyID(3)"", ""ClimatePolicyID(4)"", ""ClimatePolicyID(5)"", ""ClimatePolicyID(6)""]","Overall I’m broadly behind this package — it’s bold, coherent and actually feels like the kind of joined‑up action we need: I strongly support accelerating renewables, banning new fossil licences, a 2030 petrol‑car sales ban, mandating green standards on new housing, and a carbon fee‑and‑dividend. I’m somewhat supportive of compensating people in other countries too, but I want clear accountability so aid reaches vulnerable communities and well‑resourced just‑transition plans so workers and regions dependent on fossil fuels aren’t left behind."
3,C,peer_message,citizen,528.0,,1821.0,direct,,climate_policy_package,"[""ClimatePolicyID(1)"", ""ClimatePolicyID(2)"", ""ClimatePolicyID(3)"", ""ClimatePolicyID(4)"", ""ClimatePolicyID(5)"", ""ClimatePolicyID(6)""]","Overall I’m broadly behind this package — it’s bold, coherent and actually feels like the kind of joined‑up action we need: I strongly support accelerating renewables, banning new fossil licences, a 2030 petrol‑car sales ban, mandating green standards on new housing, and a carbon fee‑and‑dividend. I’m somewhat supportive of compensating people in other countries too, but I want clear accountability so aid reaches vulnerable communities and well‑resourced just‑transition plans so workers and regions dependent on fossil fuels aren’t left behind."
3,C,peer_message,citizen,541.0,,1450.0,direct,,climate_policy_package,"[""ClimatePolicyID(1)"", ""ClimatePolicyID(2)"", ""ClimatePolicyID(3)"", ""ClimatePolicyID(4)"", ""ClimatePolicyID(5)"", ""ClimatePolicyID(6)""]","I broadly support the package — I want decisive climate action — but I’m wary about rollout that harms wildlife, landscapes or pushes costs onto ordinary households without proper protections. I strongly support banning new oil/gas/coal licences and a carbon fee‑and‑dividend because they feel fair and effective; I also back ambitious renewables and greener homes in principle, provided sites are chosen carefully, ecological safeguards are enforced and low‑income households and small builders get subsidies. I’m generally in favour of a 2030 ban on new petrol cars and of compensating vulnerable countries, but both need strong measures to ensure affordability, charging access, just worker transitions and transparent, well‑targeted international funding."
3,C,peer_message,citizen,541.0,,516.0,direct,,climate_policy_package,"[""ClimatePolicyID(1)"", ""ClimatePolicyID(2)"", ""ClimatePolicyID(3)"", ""ClimatePolicyID(4)"", ""ClimatePolicyID(5)"", ""ClimatePolicyID(6)""]","I broadly support the package — I want decisive climate action — but I’m wary about rollout that harms wildlife, landscapes or pushes costs onto ordinary households without proper protections. I strongly support banning new oil/gas/coal licences and a carbon fee‑and‑dividend because they feel fair and effective; I also back ambitious renewables and greener homes in principle, provided sites are chosen carefully, ecological safeguards are enforced and low‑income households and small builders get subsidies. I’m generally in favour of a 2030 ban on new petrol cars and of compensating vulnerable countries, but both need strong measures to ensure affordability, charging access, just worker transitions and transparent, well‑targeted international funding."
3,C,peer_message,citizen,541.0,,485.0,direct,,climate_policy_package,"[""ClimatePolicyID(1)"", ""ClimatePolicyID(2)"", ""ClimatePolicyID(3)"", ""ClimatePolicyID(4)"", ""ClimatePolicyID(5)"", ""ClimatePolicyID(6)""]","I broadly support the package — I want decisive climate action — but I’m wary about rollout that harms wildlife, landscapes or pushes costs onto ordinary households without proper protections. I strongly support banning new oil/gas/coal licences and a carbon fee‑and‑dividend because they feel fair and effective; I also back ambitious renewables and greener homes in principle, provided sites are chosen carefully, ecological safeguards are enforced and low‑income households and small builders get subsidies. I’m generally in favour of a 2030 ban on new petrol cars and of compensating vulnerable countries, but both need strong measures to ensure affordability, charging access, just worker transitions and transparent, well‑targeted international funding."
3,C,peer_message,citizen,1545.0,,1540.0,direct,,climate_policy_package,"[""ClimatePolicyID(1)"", ""ClimatePolicyID(2)"", ""ClimatePolicyID(3)"", ""ClimatePolicyID(4)"", ""ClimatePolicyID(5)"", ""ClimatePolicyID(6)""]","I’m broadly in favour of accelerating renewables — makes sense for cleaner power and energy independence — but want onshore rollout done thoughtfully so communities and landscapes aren’t steamrolled. I’m conflicted about an immediate ban on new oil and gas licences and a hard 2030 petrol ban: I support the direction but worry about energy security, jobs and affordability unless there are clear, phased transition plans and infrastructure in place. I’m mildly supportive of mandating greener standards in new homes and of a fee‑and‑dividend carbon tax (if it’s well‑designed to protect households), and I’m sympathetic to compensating people overseas hurt by climate change but would want transparent, effective mechanisms and good evidence of impact before backing large payouts."
3,C,peer_message,citizen,1309.0,,529.0,direct,,climate_policy_package,"[""ClimatePolicyID(1)"", ""ClimatePolicyID(2)"", ""ClimatePolicyID(3)"", ""ClimatePolicyID(4)"", ""ClimatePolicyID(5)"", ""ClimatePolicyID(6)""]","I broadly like the package — accelerating renewables and greener new homes feel sensible and necessary to protect nature, though I’d want careful local consultation on wind sites and strong help for homeowners to avoid higher costs. I’m cautiously in favour of banning new fossil licences and a 2030 petrol‑car cutoff in principle, but only if there are realistic, well‑funded support measures (retraining, rural charging, affordability help) so people and communities aren’t left behind. I’m uneasy about a carbon fee‑and‑dividend unless it clearly shields lower‑income households, and I support international compensation in principle only if there are transparent, accountable ways to ensure the money actually helps affected communities."
3,C,peer_message,citizen,1309.0,,1730.0,direct,,climate_policy_package,"[""ClimatePolicyID(1)"", ""ClimatePolicyID(2)"", ""ClimatePolicyID(3)"", ""ClimatePolicyID(4)"", ""ClimatePolicyID(5)"", ""ClimatePolicyID(6)""]","I broadly like the package — accelerating renewables and greener new homes feel sensible and necessary to protect nature, though I’d want careful local consultation on wind sites and strong help for homeowners to avoid higher costs. I’m cautiously in favour of banning new fossil licences and a 2030 petrol‑car cutoff in principle, but only if there are realistic, well‑funded support measures (retraining, rural charging, affordability help) so people and communities aren’t left behind. I’m uneasy about a carbon fee‑and‑dividend unless it clearly shields lower‑income households, and I support international compensation in principle only if there are transparent, accountable ways to ensure the money actually helps affected communities."
3,C,peer_message,citizen,1309.0,,1339.0,direct,,climate_policy_package,"[""ClimatePolicyID(1)"", ""ClimatePolicyID(2)"", ""ClimatePolicyID(3)"", ""ClimatePolicyID(4)"", ""ClimatePolicyID(5)"", ""ClimatePolicyID(6)""]","I broadly like the package — accelerating renewables and greener new homes feel sensible and necessary to protect nature, though I’d want careful local consultation on wind sites and strong help for homeowners to avoid higher costs. I’m cautiously in favour of banning new fossil licences and a 2030 petrol‑car cutoff in principle, but only if there are realistic, well‑funded support measures (retraining, rural charging, affordability help) so people and communities aren’t left behind. I’m uneasy about a carbon fee‑and‑dividend unless it clearly shields lower‑income households, and I support international compensation in principle only if there are transparent, accountable ways to ensure the money actually helps affected communities."
3,C,peer_message,citizen,1821.0,,1339.0,direct,,climate_policy_package,"[""ClimatePolicyID(1)"", ""ClimatePolicyID(2)"", ""ClimatePolicyID(3)"", ""ClimatePolicyID(4)"", ""ClimatePolicyID(5)"", ""ClimatePolicyID(6)""]","I broadly support speeding up renewables because I want a safer planet for my child, though I’d want onshore projects done with real local consent and wildlife protections. I’m cautiously in favour of banning new oil/gas/coal licences and of mandating low‑carbon features in new homes, but only if there are strong, funded transition plans and help for households and small builders so costs don’t fall on ordinary families; I’m mixed on a 2030 petrol‑car ban unless generous subsidies and charging support are guaranteed. I’m wary but open to a carbon fee‑and‑dividend if it’s paired with strict regulation of big polluters, and I tentatively support compensating vulnerable countries as long as the aid is effective and well‑targeted."
3,C,peer_message,citizen,1821.0,,528.0,direct,,climate_policy_package,"[""ClimatePolicyID(1)"", ""ClimatePolicyID(2)"", ""ClimatePolicyID(3)"", ""ClimatePolicyID(4)"", ""ClimatePolicyID(5)"", ""ClimatePolicyID(6)""]","I broadly support speeding up renewables because I want a safer planet for my child, though I’d want onshore projects done with real local consent and wildlife protections. I’m cautiously in favour of banning new oil/gas/coal licences and of mandating low‑carbon features in new homes, but only if there are strong, funded transition plans and help for households and small builders so costs don’t fall on ordinary families; I’m mixed on a 2030 petrol‑car ban unless generous subsidies and charging support are guaranteed. I’m wary but open to a carbon fee‑and‑dividend if it’s paired with strict regulation of big polluters, and I tentatively support compensating vulnerable countries as long as the aid is effective and well‑targeted."
3,C,peer_message,citizen,1821.0,,991.0,direct,,climate_policy_package,"[""ClimatePolicyID(1)"", ""ClimatePolicyID(2)"", ""ClimatePolicyID(3)"", ""ClimatePolicyID(4)"", ""ClimatePolicyID(5)"", ""ClimatePolicyID(6)""]","I broadly support speeding up renewables because I want a safer planet for my child, though I’d want onshore projects done with real local consent and wildlife protections. I’m cautiously in favour of banning new oil/gas/coal licences and of mandating low‑carbon features in new homes, but only if there are strong, funded transition plans and help for households and small builders so costs don’t fall on ordinary families; I’m mixed on a 2030 petrol‑car ban unless generous subsidies and charging support are guaranteed. I’m wary but open to a carbon fee‑and‑dividend if it’s paired with strict regulation of big polluters, and I tentatively support compensating vulnerable countries as long as the aid is effective and well‑targeted."
3,C,peer_message,citizen,1218.0,,519.0,direct,,climate_policy_package,"[""ClimatePolicyID(1)"", ""ClimatePolicyID(2)"", ""ClimatePolicyID(3)"", ""ClimatePolicyID(4)"", ""ClimatePolicyID(5)"", ""ClimatePolicyID(6)""]","I broadly support this package — accelerating renewables, banning new fossil licences, an ambitious 2030 petrol cutoff and strong-build standards all feel like necessary, practical steps to protect nature and future generations. I’m also positive about carbon fee-and-dividend if it’s designed to protect low-income households, but I’m cautious about international compensation schemes unless there’s clear, transparent delivery and accountability to ensure money actually helps the most affected."
3,C,peer_message,citizen,1218.0,,1339.0,direct,,climate_policy_package,"[""ClimatePolicyID(1)"", ""ClimatePolicyID(2)"", ""ClimatePolicyID(3)"", ""ClimatePolicyID(4)"", ""ClimatePolicyID(5)"", ""ClimatePolicyID(6)""]","I broadly support this package — accelerating renewables, banning new fossil licences, an ambitious 2030 petrol cutoff and strong-build standards all feel like necessary, practical steps to protect nature and future generations. I’m also positive about carbon fee-and-dividend if it’s designed to protect low-income households, but I’m cautious about international compensation schemes unless there’s clear, transparent delivery and accountability to ensure money actually helps the most affected."
3,C,peer_message,citizen,1218.0,,1923.0,direct,,climate_policy_package,"[""ClimatePolicyID(1)"", ""ClimatePolicyID(2)"", ""ClimatePolicyID(3)"", ""ClimatePolicyID(4)"", ""ClimatePolicyID(5)"", ""ClimatePolicyID(6)""]","I broadly support this package — accelerating renewables, banning new fossil licences, an ambitious 2030 petrol cutoff and strong-build standards all feel like necessary, practical steps to protect nature and future generations. I’m also positive about carbon fee-and-dividend if it’s designed to protect low-income households, but I’m cautious about international compensation schemes unless there’s clear, transparent delivery and accountability to ensure money actually helps the most affected."
3,C,peer_message,citizen,1555.0,,1318.0,direct,,climate_policy_package,"[""ClimatePolicyID(1)"", ""ClimatePolicyID(2)"", ""ClimatePolicyID(3)"", ""ClimatePolicyID(4)"", ""ClimatePolicyID(5)"", ""ClimatePolicyID(6)""]","I mostly back speeding up renewables and banning new fossil licences because good green projects — especially offshore wind — could bring jobs back to the North East, though I want clear job‑protection and realistic timelines so ordinary households aren’t left worse off. I’m uneasy about a hard 2030 petrol‑car ban unless there’s big help for people to afford EVs and better rural charging, but I strongly support low‑carbon homes and a carbon fee‑and‑dividend as fair ways to cut emissions without punishing low‑income families; I also accept international compensation in principle, provided it’s transparent and doesn’t shortchange communities here."
3,C,peer_message,citizen,1555.0,,332.0,direct,,climate_policy_package,"[""ClimatePolicyID(1)"", ""ClimatePolicyID(2)"", ""ClimatePolicyID(3)"", ""ClimatePolicyID(4)"", ""ClimatePolicyID(5)"", ""ClimatePolicyID(6)""]","I mostly back speeding up renewables and banning new fossil licences because good green projects — especially offshore wind — could bring jobs back to the North East, though I want clear job‑protection and realistic timelines so ordinary households aren’t left worse off. I’m uneasy about a hard 2030 petrol‑car ban unless there’s big help for people to afford EVs and better rural charging, but I strongly support low‑carbon homes and a carbon fee‑and‑dividend as fair ways to cut emissions without punishing low‑income families; I also accept international compensation in principle, provided it’s transparent and doesn’t shortchange communities here."
3,C,peer_message,citizen,1555.0,,1244.0,direct,,climate_policy_package,"[""ClimatePolicyID(1)"", ""ClimatePolicyID(2)"", ""ClimatePolicyID(3)"", ""ClimatePolicyID(4)"", ""ClimatePolicyID(5)"", ""ClimatePolicyID(6)""]","I mostly back speeding up renewables and banning new fossil licences because good green projects — especially offshore wind — could bring jobs back to the North East, though I want clear job‑protection and realistic timelines so ordinary households aren’t left worse off. I’m uneasy about a hard 2030 petrol‑car ban unless there’s big help for people to afford EVs and better rural charging, but I strongly support low‑carbon homes and a carbon fee‑and‑dividend as fair ways to cut emissions without punishing low‑income families; I also accept international compensation in principle, provided it’s transparent and doesn’t shortchange communities here."
3,C,peer_message,citizen,991.0,,528.0,direct,,climate_policy_package,"[""ClimatePolicyID(1)"", ""ClimatePolicyID(2)"", ""ClimatePolicyID(3)"", ""ClimatePolicyID(4)"", ""ClimatePolicyID(5)"", ""ClimatePolicyID(6)""]","I’m generally in favour of cleaner energy but cautious about how fast it happens — I slightly support ramping up renewables if local communities get a fair share of benefits and wildlife impacts are managed. I’m mixed on bans: I’d slightly oppose an immediate ban on new oil/gas/coal licences and a 2030 petrol‑car cutoff unless there’s a clear, funded plan to protect jobs, keep bills stable and make EVs/charging affordable; I slightly support mandates for greener new homes and moderately support a carbon fee‑and‑dividend if the payments actually reach low‑income households. I also slightly support compensating people abroad harmed by climate change, though I want transparency that it won’t come at the expense of local needs."
3,C,peer_message,citizen,991.0,,1821.0,direct,,climate_policy_package,"[""ClimatePolicyID(1)"", ""ClimatePolicyID(2)"", ""ClimatePolicyID(3)"", ""ClimatePolicyID(4)"", ""ClimatePolicyID(5)"", ""ClimatePolicyID(6)""]","I’m generally in favour of cleaner energy but cautious about how fast it happens — I slightly support ramping up renewables if local communities get a fair share of benefits and wildlife impacts are managed. I’m mixed on bans: I’d slightly oppose an immediate ban on new oil/gas/coal licences and a 2030 petrol‑car cutoff unless there’s a clear, funded plan to protect jobs, keep bills stable and make EVs/charging affordable; I slightly support mandates for greener new homes and moderately support a carbon fee‑and‑dividend if the payments actually reach low‑income households. I also slightly support compensating people abroad harmed by climate change, though I want transparency that it won’t come at the expense of local needs."
3,C,peer_message,citizen,991.0,,1555.0,direct,,climate_policy_package,"[""ClimatePolicyID(1)"", ""ClimatePolicyID(2)"", ""ClimatePolicyID(3)"", ""ClimatePolicyID(4)"", ""ClimatePolicyID(5)"", ""ClimatePolicyID(6)""]","I’m generally in favour of cleaner energy but cautious about how fast it happens — I slightly support ramping up renewables if local communities get a fair share of benefits and wildlife impacts are managed. I’m mixed on bans: I’d slightly oppose an immediate ban on new oil/gas/coal licences and a 2030 petrol‑car cutoff unless there’s a clear, funded plan to protect jobs, keep bills stable and make EVs/charging affordable; I slightly support mandates for greener new homes and moderately support a carbon fee‑and‑dividend if the payments actually reach low‑income households. I also slightly support compensating people abroad harmed by climate change, though I want transparency that it won’t come at the expense of local needs."
3,C,peer_message,citizen,1244.0,,1450.0,direct,,climate_policy_package,"[""ClimatePolicyID(1)"", ""ClimatePolicyID(2)"", ""ClimatePolicyID(3)"", ""ClimatePolicyID(4)"", ""ClimatePolicyID(5)"", ""ClimatePolicyID(6)""]","I’d strongly back accelerating renewables — more wind makes sense for the UK, creates jobs and helps energy security if done with local benefits. I’d oppose an outright ban on new oil/gas/coal licences right now — I prefer a pragmatic, phased transition to avoid harming North Sea jobs and risking supply shocks. I’m slightly against a hard 2030 ban on new petrol cars: I want cleaner transport but worry that deadline could unfairly hit people outside cities without enough infrastructure. I slightly support mandating non‑fossil heating, rooftop solar and good insulation for new homes, provided there’s flexibility and financial support so it doesn’t push up prices or hurt small builders. I support a carbon fee‑and‑dividend — making polluters pay and returning revenue to people feels fair and market‑friendly. And I’m mixed on compensating people abroad: there’s a moral case, but I’d want targeted, transparent aid with clear accountability before committing large sums."
3,C,peer_message,citizen,1244.0,,1555.0,direct,,climate_policy_package,"[""ClimatePolicyID(1)"", ""ClimatePolicyID(2)"", ""ClimatePolicyID(3)"", ""ClimatePolicyID(4)"", ""ClimatePolicyID(5)"", ""ClimatePolicyID(6)""]","I’d strongly back accelerating renewables — more wind makes sense for the UK, creates jobs and helps energy security if done with local benefits. I’d oppose an outright ban on new oil/gas/coal licences right now — I prefer a pragmatic, phased transition to avoid harming North Sea jobs and risking supply shocks. I’m slightly against a hard 2030 ban on new petrol cars: I want cleaner transport but worry that deadline could unfairly hit people outside cities without enough infrastructure. I slightly support mandating non‑fossil heating, rooftop solar and good insulation for new homes, provided there’s flexibility and financial support so it doesn’t push up prices or hurt small builders. I support a carbon fee‑and‑dividend — making polluters pay and returning revenue to people feels fair and market‑friendly. And I’m mixed on compensating people abroad: there’s a moral case, but I’d want targeted, transparent aid with clear accountability before committing large sums."
3,C,peer_message,citizen,1244.0,,991.0,direct,,climate_policy_package,"[""ClimatePolicyID(1)"", ""ClimatePolicyID(2)"", ""ClimatePolicyID(3)"", ""ClimatePolicyID(4)"", ""ClimatePolicyID(5)"", ""ClimatePolicyID(6)""]","I’d strongly back accelerating renewables — more wind makes sense for the UK, creates jobs and helps energy security if done with local benefits. I’d oppose an outright ban on new oil/gas/coal licences right now — I prefer a pragmatic, phased transition to avoid harming North Sea jobs and risking supply shocks. I’m slightly against a hard 2030 ban on new petrol cars: I want cleaner transport but worry that deadline could unfairly hit people outside cities without enough infrastructure. I slightly support mandating non‑fossil heating, rooftop solar and good insulation for new homes, provided there’s flexibility and financial support so it doesn’t push up prices or hurt small builders. I support a carbon fee‑and‑dividend — making polluters pay and returning revenue to people feels fair and market‑friendly. And I’m mixed on compensating people abroad: there’s a moral case, but I’d want targeted, transparent aid with clear accountability before committing large sums."
3,C,peer_message,citizen,519.0,,1218.0,direct,,climate_policy_package,"[""ClimatePolicyID(1)"", ""ClimatePolicyID(2)"", ""ClimatePolicyID(3)"", ""ClimatePolicyID(4)"", ""ClimatePolicyID(5)"", ""ClimatePolicyID(6)""]","I broadly like the package because it tries to protect nature and cut emissions—I'm strongly for banning new oil, gas and coal licences and I support making new homes energy-efficient and adding solar. I lean towards more renewables and a carbon fee-and-dividend in principle, but worry about local impacts from onshore wind and whether the dividend really shields low‑income households like mine; the 2030 petrol‑car ban is worrying unless there's strong, targeted help to make EVs affordable. I sympathise with compensating people abroad on fairness grounds, but on my tight budget I'd need to see clear rules so it doesn't come at the expense of struggling families here."
3,C,peer_message,citizen,357.0,,1540.0,direct,,climate_policy_package,"[""ClimatePolicyID(1)"", ""ClimatePolicyID(2)"", ""ClimatePolicyID(3)"", ""ClimatePolicyID(4)"", ""ClimatePolicyID(5)"", ""ClimatePolicyID(6)""]","I generally support faster roll-out of renewables and rules to make new homes green because they protect nature and could cut bills, though I want strong local consultation and help so poorer households and communities in the North East actually benefit. I’m cautiously in favour of banning new fossil licences and international compensation in principle, but only if there are firm, funded plans for worker retraining, energy security and clear transparency about overseas money; I’m uneasy about a 2030 ban on new petrol cars and a carbon fee unless there’s generous, well‑targeted support for low‑income people so they aren’t left worse off."
3,C,peer_message,citizen,1318.0,,1555.0,direct,,climate_policy_package,"[""ClimatePolicyID(1)"", ""ClimatePolicyID(2)"", ""ClimatePolicyID(3)"", ""ClimatePolicyID(4)"", ""ClimatePolicyID(5)"", ""ClimatePolicyID(6)""]","This package feels broadly right to me — I strongly support accelerating renewables, banning new fossil licences, a 2030 petrol‑car sales ban, and a carbon fee‑and‑dividend because they cut emissions and can be made fair; I also back green standards for new homes but worry about upfront costs unless matched by subsidies. I’m cautious about compensation payments to people in other countries — I care about global justice but want well‑governed, transparent funds and practical adaptation support rather than blunt, bureaucratic payouts."
3,C,peer_message,citizen,1318.0,,1339.0,direct,,climate_policy_package,"[""ClimatePolicyID(1)"", ""ClimatePolicyID(2)"", ""ClimatePolicyID(3)"", ""ClimatePolicyID(4)"", ""ClimatePolicyID(5)"", ""ClimatePolicyID(6)""]","This package feels broadly right to me — I strongly support accelerating renewables, banning new fossil licences, a 2030 petrol‑car sales ban, and a carbon fee‑and‑dividend because they cut emissions and can be made fair; I also back green standards for new homes but worry about upfront costs unless matched by subsidies. I’m cautious about compensation payments to people in other countries — I care about global justice but want well‑governed, transparent funds and practical adaptation support rather than blunt, bureaucratic payouts."
3,C,peer_message,citizen,516.0,,1450.0,direct,,climate_policy_package,"[""ClimatePolicyID(1)"", ""ClimatePolicyID(2)"", ""ClimatePolicyID(3)"", ""ClimatePolicyID(4)"", ""ClimatePolicyID(5)"", ""ClimatePolicyID(6)""]","I broadly like the package — I’m strongly behind ramping up renewables, banning new fossil licences and requiring new homes to have clean heating, solar and good insulation because those feel practical and fair for future generations. I also strongly support a carbon fee‑and‑dividend as a transparent way to cut emissions without punishing poorer households, but I’m against a hard 2030 ban on new petrol cars unless there’s much stronger help for rural and low‑income people, and I’m sceptical about broad taxpayer‑funded compensation abroad unless it’s tightly targeted and well‑monitored."
3,C,peer_message,citizen,516.0,,541.0,direct,,climate_policy_package,"[""ClimatePolicyID(1)"", ""ClimatePolicyID(2)"", ""ClimatePolicyID(3)"", ""ClimatePolicyID(4)"", ""ClimatePolicyID(5)"", ""ClimatePolicyID(6)""]","I broadly like the package — I’m strongly behind ramping up renewables, banning new fossil licences and requiring new homes to have clean heating, solar and good insulation because those feel practical and fair for future generations. I also strongly support a carbon fee‑and‑dividend as a transparent way to cut emissions without punishing poorer households, but I’m against a hard 2030 ban on new petrol cars unless there’s much stronger help for rural and low‑income people, and I’m sceptical about broad taxpayer‑funded compensation abroad unless it’s tightly targeted and well‑monitored."
3,C,peer_message,citizen,1932.0,,1327.0,direct,,climate_policy_package,"[""ClimatePolicyID(1)"", ""ClimatePolicyID(2)"", ""ClimatePolicyID(3)"", ""ClimatePolicyID(4)"", ""ClimatePolicyID(5)"", ""ClimatePolicyID(6)""]","I’m a bit wary overall — I slightly oppose a big push for more wind farms because I worry about turbines blighting the coast and countryside and potential short-term costs, though cheaper energy long-term would help my household. I’m neutral on banning new oil/gas/coal licences and on mandating EVs by 2030 — I understand the reasons but fear job losses, higher prices and that electric cars still feel unaffordable and charging patchy. I’m neither for nor against requiring new homes to have non‑fossil heating, solar and good insulation — it could cut bills over time but I don’t like heavy-handed rules that might hike house prices. I’m also neutral on a carbon tax with revenues returned — it might protect low‑income households if done well, but I worry businesses will pass costs on and it could be complicated. Finally, I slightly oppose compensating people in other countries out of domestic funds unless there are very clear limits and safeguards, because I think priority should be helping people here first."
3,C,peer_message,citizen,1327.0,,1932.0,direct,,climate_policy_package,"[""ClimatePolicyID(1)"", ""ClimatePolicyID(2)"", ""ClimatePolicyID(3)"", ""ClimatePolicyID(4)"", ""ClimatePolicyID(5)"", ""ClimatePolicyID(6)""]","I broadly support speeding up renewables — I want energy security and lower bills, though it needs proper local consultation and fair community benefits so places don’t feel bulldozed. I support banning new oil/gas/coal licences but only if it comes with clear retraining and regional investment for affected workers. I back a 2030 ban on new petrol cars, provided there’s generous subsidies, cheap finance and lots more charging so families aren’t priced out. I’m in favour of mandating non‑fossil heating, rooftop solar and high insulation in new homes — it makes sense long‑term, but protections are needed so first‑time buyers and social housing aren’t disadvantaged. I like a carbon fee‑and‑dividend: it incentivises lower emissions while returning money to households, which is important for people like me. I’m cautious about compensating people abroad — I sympathise, but I’d only support tightly accountable, outcome‑focused funding after domestic needs are secured."
3,C,peer_message,citizen,332.0,,1555.0,direct,,climate_policy_package,"[""ClimatePolicyID(1)"", ""ClimatePolicyID(2)"", ""ClimatePolicyID(3)"", ""ClimatePolicyID(4)"", ""ClimatePolicyID(5)"", ""ClimatePolicyID(6)""]","I’m broadly in favour of accelerating renewables, especially offshore wind that brings big low‑carbon generation and jobs, though I’m wary of large onshore schemes that damage cherished landscapes unless there’s local consent and proper grid upgrades. I’m tentatively supportive of banning new fossil licences and vehicle sales by 2030 in principle, but only if phased with credible transition plans for North Sea workers, much stronger EV affordability and charging support, and protections so housing standards or carbon taxes don’t hit ordinary people hardest. I like the idea of fee‑and‑dividend and helping vulnerable countries, provided revenues are transparently targeted to protect low‑income households and fund effective, accountable compensation and adaptation rather than being rushed through with no safeguards."
3,C,peer_message,citizen,1540.0,,579.0,direct,,climate_policy_package,"[""ClimatePolicyID(1)"", ""ClimatePolicyID(2)"", ""ClimatePolicyID(3)"", ""ClimatePolicyID(4)"", ""ClimatePolicyID(5)"", ""ClimatePolicyID(6)""]","I’m broadly in favour of speeding up renewables — it makes sense for energy security and cutting dependence on volatile foreign suppliers — but I want rollout done sensibly with attention to costs, grid upgrades and local concerns. I oppose banning new oil/gas/coal licences and a hard 2030 petrol‑car ban: those feel too rushed and risk jobs, higher bills and unfair costs for families and small businesses. I’m sceptical about blanket mandates for non‑fossil heating, solar and high insulation on all new homes — I prefer phased rules and incentives so housebuilding and affordability aren’t harmed. I’m wary of a broad carbon fee‑and‑dividend: the dividend sounds nice but I fear added costs and bureaucracy that ultimately hit consumers; targeted support and market solutions seem better. And I don’t support open‑ended compensation payments to people abroad — public money should prioritise British households and be tightly conditional if used internationally."
3,C,peer_message,citizen,1540.0,,1545.0,direct,,climate_policy_package,"[""ClimatePolicyID(1)"", ""ClimatePolicyID(2)"", ""ClimatePolicyID(3)"", ""ClimatePolicyID(4)"", ""ClimatePolicyID(5)"", ""ClimatePolicyID(6)""]","I’m broadly in favour of speeding up renewables — it makes sense for energy security and cutting dependence on volatile foreign suppliers — but I want rollout done sensibly with attention to costs, grid upgrades and local concerns. I oppose banning new oil/gas/coal licences and a hard 2030 petrol‑car ban: those feel too rushed and risk jobs, higher bills and unfair costs for families and small businesses. I’m sceptical about blanket mandates for non‑fossil heating, solar and high insulation on all new homes — I prefer phased rules and incentives so housebuilding and affordability aren’t harmed. I’m wary of a broad carbon fee‑and‑dividend: the dividend sounds nice but I fear added costs and bureaucracy that ultimately hit consumers; targeted support and market solutions seem better. And I don’t support open‑ended compensation payments to people abroad — public money should prioritise British households and be tightly conditional if used internationally."
3,C,peer_message,citizen,1540.0,,357.0,direct,,climate_policy_package,"[""ClimatePolicyID(1)"", ""ClimatePolicyID(2)"", ""ClimatePolicyID(3)"", ""ClimatePolicyID(4)"", ""ClimatePolicyID(5)"", ""ClimatePolicyID(6)""]","I’m broadly in favour of speeding up renewables — it makes sense for energy security and cutting dependence on volatile foreign suppliers — but I want rollout done sensibly with attention to costs, grid upgrades and local concerns. I oppose banning new oil/gas/coal licences and a hard 2030 petrol‑car ban: those feel too rushed and risk jobs, higher bills and unfair costs for families and small businesses. I’m sceptical about blanket mandates for non‑fossil heating, solar and high insulation on all new homes — I prefer phased rules and incentives so housebuilding and affordability aren’t harmed. I’m wary of a broad carbon fee‑and‑dividend: the dividend sounds nice but I fear added costs and bureaucracy that ultimately hit consumers; targeted support and market solutions seem better. And I don’t support open‑ended compensation payments to people abroad — public money should prioritise British households and be tightly conditional if used internationally."
3,C,peer_message,citizen,529.0,,1309.0,direct,,climate_policy_package,"[""ClimatePolicyID(1)"", ""ClimatePolicyID(2)"", ""ClimatePolicyID(3)"", ""ClimatePolicyID(4)"", ""ClimatePolicyID(5)"", ""ClimatePolicyID(6)""]","I broadly support accelerating renewables — more offshore and onshore wind makes sense to cut emissions and create jobs, though I want planning to be fair and community concerns taken seriously. I support banning new fossil licences in principle because we can't keep expanding extraction, but I'm uneasy without clear transition funding for affected workers and communities. I back a 2030 ban on new petrol cars as a necessary push, provided there’s strong support for low-income families and rapid charging infrastructure. I strongly support mandating low-carbon standards for new homes — non-fossil heating, solar and good insulation are sensible and cost‑saving long term. I like a carbon fee-and-dividend approach because it prices pollution while protecting ordinary people, but it needs safeguards so it isn’t regressive in practice. I think richer countries should compensate vulnerable nations harmed by climate change, though I worry about implementation and accountability and want transparent, well‑monitored mechanisms."
3,C,peer_message,citizen,1339.0,,1309.0,direct,,climate_policy_package,"[""ClimatePolicyID(1)"", ""ClimatePolicyID(2)"", ""ClimatePolicyID(3)"", ""ClimatePolicyID(4)"", ""ClimatePolicyID(5)"", ""ClimatePolicyID(6)""]","I’m broadly in favour of the package’s direction — I want faster renewables, cleaner homes and fairer pricing for carbon — but I’m cautious about the pace and social/ecological costs: I’d support accelerating wind and banning new fossil licences only if habitats are protected and there’s a clear, funded transition for workers and communities. I’m slightly supportive of a 2030 petrol‑car ban and mandates on low‑carbon new homes, provided affordability, charging and subsidy measures are in place, and I like a fee‑and‑dividend as long as dividends protect lower‑income households; I also slightly support compensating vulnerable countries but would need strong, transparent governance to trust it works."
3,C,peer_message,citizen,1339.0,,1821.0,direct,,climate_policy_package,"[""ClimatePolicyID(1)"", ""ClimatePolicyID(2)"", ""ClimatePolicyID(3)"", ""ClimatePolicyID(4)"", ""ClimatePolicyID(5)"", ""ClimatePolicyID(6)""]","I’m broadly in favour of the package’s direction — I want faster renewables, cleaner homes and fairer pricing for carbon — but I’m cautious about the pace and social/ecological costs: I’d support accelerating wind and banning new fossil licences only if habitats are protected and there’s a clear, funded transition for workers and communities. I’m slightly supportive of a 2030 petrol‑car ban and mandates on low‑carbon new homes, provided affordability, charging and subsidy measures are in place, and I like a fee‑and‑dividend as long as dividends protect lower‑income households; I also slightly support compensating vulnerable countries but would need strong, transparent governance to trust it works."
3,C,peer_message,citizen,1339.0,,1218.0,direct,,climate_policy_package,"[""ClimatePolicyID(1)"", ""ClimatePolicyID(2)"", ""ClimatePolicyID(3)"", ""ClimatePolicyID(4)"", ""ClimatePolicyID(5)"", ""ClimatePolicyID(6)""]","I’m broadly in favour of the package’s direction — I want faster renewables, cleaner homes and fairer pricing for carbon — but I’m cautious about the pace and social/ecological costs: I’d support accelerating wind and banning new fossil licences only if habitats are protected and there’s a clear, funded transition for workers and communities. I’m slightly supportive of a 2030 petrol‑car ban and mandates on low‑carbon new homes, provided affordability, charging and subsidy measures are in place, and I like a fee‑and‑dividend as long as dividends protect lower‑income households; I also slightly support compensating vulnerable countries but would need strong, transparent governance to trust it works."
3,C,peer_message,citizen,1730.0,,1309.0,direct,,climate_policy_package,"[""ClimatePolicyID(1)"", ""ClimatePolicyID(2)"", ""ClimatePolicyID(3)"", ""ClimatePolicyID(4)"", ""ClimatePolicyID(5)"", ""ClimatePolicyID(6)""]","I’m broadly in favour of accelerating renewables — it feels sensible for energy security and long‑term bills, though I’d want careful local consultation on onshore sites. I’m uncomfortable with an outright ban on new oil/gas/coal licences — a sudden cutoff risks jobs and domestic resilience, so I’d prefer a phased approach. I’m hesitant about a hard 2030 ban on petrol car sales; cleaner transport is good but the timetable feels rushed given affordability and charging infrastructure concerns. Requiring new homes to have non‑fossil heating, solar and good insulation mostly appeals to me as it avoids costly retrofits later, provided it’s implemented without pushing up prices too much. A carbon fee‑and‑dividend has some attraction since it’s market‑based and can protect households, but I’m undecided because I worry about fair administration and industry impacts. I’m sympathetic to helping people abroad hit by climate change in principle, but cautious about committing significant UK funds without clear accountability and evidence of effective use."
3,C,peer_message,citizen,485.0,,541.0,direct,,climate_policy_package,"[""ClimatePolicyID(1)"", ""ClimatePolicyID(2)"", ""ClimatePolicyID(3)"", ""ClimatePolicyID(4)"", ""ClimatePolicyID(5)"", ""ClimatePolicyID(6)""]","I’m broadly positive about most of this package — speeding up renewables and stopping new fossil licences feel like sensible, practical steps that protect nature and boost local jobs, though I’d want communities and habitats to be properly considered. I support the 2030 petrol‑car ban in principle but worry about affordability and rural practicality unless there’s strong, targeted help for lower‑income and remote households. Requiring new homes to have non‑fossil heating, solar and good insulation makes sense long‑term, but needs safeguards so it doesn’t push up prices unfairly; I’m cautiously open to a carbon fee‑and‑dividend because I like the fairness of returning revenues, though I’m uncertain about distributional effects and real emissions impact. Finally, I agree richer countries should help people abroad hit by climate change, but I’m sceptical about large international schemes unless they have solid safeguards to ensure the money actually helps those affected."
3,C,peer_message,citizen,485.0,,1450.0,direct,,climate_policy_package,"[""ClimatePolicyID(1)"", ""ClimatePolicyID(2)"", ""ClimatePolicyID(3)"", ""ClimatePolicyID(4)"", ""ClimatePolicyID(5)"", ""ClimatePolicyID(6)""]","I’m broadly positive about most of this package — speeding up renewables and stopping new fossil licences feel like sensible, practical steps that protect nature and boost local jobs, though I’d want communities and habitats to be properly considered. I support the 2030 petrol‑car ban in principle but worry about affordability and rural practicality unless there’s strong, targeted help for lower‑income and remote households. Requiring new homes to have non‑fossil heating, solar and good insulation makes sense long‑term, but needs safeguards so it doesn’t push up prices unfairly; I’m cautiously open to a carbon fee‑and‑dividend because I like the fairness of returning revenues, though I’m uncertain about distributional effects and real emissions impact. Finally, I agree richer countries should help people abroad hit by climate change, but I’m sceptical about large international schemes unless they have solid safeguards to ensure the money actually helps those affected."
3,C,peer_message,citizen,1450.0,,1555.0,direct,,climate_policy_package,"[""ClimatePolicyID(1)"", ""ClimatePolicyID(2)"", ""ClimatePolicyID(3)"", ""ClimatePolicyID(4)"", ""ClimatePolicyID(5)"", ""ClimatePolicyID(6)""]","I broadly support this package — I especially like the renewables push, banning new fossil licences and insisting on low‑carbon standards for new housing because they're systemic, practical steps that protect nature and lower long‑term costs. I'm cautiously favourable to a carbon fee‑and‑dividend and to funding compensation abroad, provided revenues are transparent and targeted, while the 2030 petrol‑car ban feels ambitious and useful but needs clear, well‑funded measures to protect poorer and rural households so it isn't unfair."
3,C,peer_message,citizen,1450.0,,541.0,direct,,climate_policy_package,"[""ClimatePolicyID(1)"", ""ClimatePolicyID(2)"", ""ClimatePolicyID(3)"", ""ClimatePolicyID(4)"", ""ClimatePolicyID(5)"", ""ClimatePolicyID(6)""]","I broadly support this package — I especially like the renewables push, banning new fossil licences and insisting on low‑carbon standards for new housing because they're systemic, practical steps that protect nature and lower long‑term costs. I'm cautiously favourable to a carbon fee‑and‑dividend and to funding compensation abroad, provided revenues are transparent and targeted, while the 2030 petrol‑car ban feels ambitious and useful but needs clear, well‑funded measures to protect poorer and rural households so it isn't unfair."
3,C,peer_message,citizen,1450.0,,1218.0,direct,,climate_policy_package,"[""ClimatePolicyID(1)"", ""ClimatePolicyID(2)"", ""ClimatePolicyID(3)"", ""ClimatePolicyID(4)"", ""ClimatePolicyID(5)"", ""ClimatePolicyID(6)""]","I broadly support this package — I especially like the renewables push, banning new fossil licences and insisting on low‑carbon standards for new housing because they're systemic, practical steps that protect nature and lower long‑term costs. I'm cautiously favourable to a carbon fee‑and‑dividend and to funding compensation abroad, provided revenues are transparent and targeted, while the 2030 petrol‑car ban feels ambitious and useful but needs clear, well‑funded measures to protect poorer and rural households so it isn't unfair."
3,C,peer_message,citizen,579.0,,1540.0,direct,,climate_policy_package,"[""ClimatePolicyID(1)"", ""ClimatePolicyID(2)"", ""ClimatePolicyID(3)"", ""ClimatePolicyID(4)"", ""ClimatePolicyID(5)"", ""ClimatePolicyID(6)""]","I broadly support all of these goals in principle because I want a safer future for my kids and more home-grown clean power, but I’m cautious about pace and fairness — I’d back faster renewables, a ban on new fossil licences, a 2030 petrol‑car cutoff, green building mandates, fee‑and‑dividend, and international compensation only if each comes with clear, well‑funded transition measures (retraining and local investment for affected workers, big boosts to charging and grid infrastructure, subsidies or phased implementation to protect housing affordability, and transparent, targeted overseas aid). The renewables and home‑efficiency bits appeal most to me if local communities get real consultation and benefits; the ban on new licences and 2030 car target worry me less in principle than about the practical supports needed to avoid unfair burdens."
3,C,peer_message,citizen,579.0,,528.0,direct,,climate_policy_package,"[""ClimatePolicyID(1)"", ""ClimatePolicyID(2)"", ""ClimatePolicyID(3)"", ""ClimatePolicyID(4)"", ""ClimatePolicyID(5)"", ""ClimatePolicyID(6)""]","I broadly support all of these goals in principle because I want a safer future for my kids and more home-grown clean power, but I’m cautious about pace and fairness — I’d back faster renewables, a ban on new fossil licences, a 2030 petrol‑car cutoff, green building mandates, fee‑and‑dividend, and international compensation only if each comes with clear, well‑funded transition measures (retraining and local investment for affected workers, big boosts to charging and grid infrastructure, subsidies or phased implementation to protect housing affordability, and transparent, targeted overseas aid). The renewables and home‑efficiency bits appeal most to me if local communities get real consultation and benefits; the ban on new licences and 2030 car target worry me less in principle than about the practical supports needed to avoid unfair burdens."
3,C,peer_message,citizen,579.0,,1218.0,direct,,climate_policy_package,"[""ClimatePolicyID(1)"", ""ClimatePolicyID(2)"", ""ClimatePolicyID(3)"", ""ClimatePolicyID(4)"", ""ClimatePolicyID(5)"", ""ClimatePolicyID(6)""]","I broadly support all of these goals in principle because I want a safer future for my kids and more home-grown clean power, but I’m cautious about pace and fairness — I’d back faster renewables, a ban on new fossil licences, a 2030 petrol‑car cutoff, green building mandates, fee‑and‑dividend, and international compensation only if each comes with clear, well‑funded transition measures (retraining and local investment for affected workers, big boosts to charging and grid infrastructure, subsidies or phased implementation to protect housing affordability, and transparent, targeted overseas aid). The renewables and home‑efficiency bits appeal most to me if local communities get real consultation and benefits; the ban on new licences and 2030 car target worry me less in principle than about the practical supports needed to avoid unfair burdens."
4,P-B,political_broadcast,political_agent,agent_b,anti_climate,541.0,broadcast,,climate_policy_package,"[""ClimatePolicyID(1)"", ""ClimatePolicyID(2)"", ""ClimatePolicyID(3)"", ""ClimatePolicyID(4)"", ""ClimatePolicyID(5)"", ""ClimatePolicyID(6)""]","I oppose this whole package outright. It’s a Westminster green crusade — expensive, ideological and out of touch with ordinary people who just want to heat their homes and keep food on the table.

First, cramming the countryside and coasts with more wind parks and banning new oil and gas licences is economic vandalism. We should be boosting North Sea production to keep bills down and secure jobs, not strangling domestic energy and importing more expensive, unreliable power. Forcing an earlier ban on petrol cars by 2030 and mandating electric-ready homes with rooftop solar, exotic heating systems and extra insulation will shovel massive upfront costs onto families, pensioners and small businesses already crushed by high bills. They won’t be able to afford the switch, and supply chains will groan.

A carbon tax, even with a dividend, still props up the same elite narrative: make energy dearer to engineer behaviour. Passing more money around won’t fix the damage to wages and industry. And while compassion overseas matters, turning domestic policy into a global compensation slush fund while our own communities suffer is the wrong priority.

This is net zero by diktat — Net Zero is Net Poverty. Scrap these measures, remove green levies, expand sensible domestic production and put working British families first. Restore Britain’s power and prosperity."
4,P-B,political_broadcast,political_agent,agent_b,anti_climate,1545.0,broadcast,,climate_policy_package,"[""ClimatePolicyID(1)"", ""ClimatePolicyID(2)"", ""ClimatePolicyID(3)"", ""ClimatePolicyID(4)"", ""ClimatePolicyID(5)"", ""ClimatePolicyID(6)""]","I oppose this whole package outright. It’s a Westminster green crusade — expensive, ideological and out of touch with ordinary people who just want to heat their homes and keep food on the table.

First, cramming the countryside and coasts with more wind parks and banning new oil and gas licences is economic vandalism. We should be boosting North Sea production to keep bills down and secure jobs, not strangling domestic energy and importing more expensive, unreliable power. Forcing an earlier ban on petrol cars by 2030 and mandating electric-ready homes with rooftop solar, exotic heating systems and extra insulation will shovel massive upfront costs onto families, pensioners and small businesses already crushed by high bills. They won’t be able to afford the switch, and supply chains will groan.

A carbon tax, even with a dividend, still props up the same elite narrative: make energy dearer to engineer behaviour. Passing more money around won’t fix the damage to wages and industry. And while compassion overseas matters, turning domestic policy into a global compensation slush fund while our own communities suffer is the wrong priority.

This is net zero by diktat — Net Zero is Net Poverty. Scrap these measures, remove green levies, expand sensible domestic production and put working British families first. Restore Britain’s power and prosperity."
4,P-B,political_broadcast,political_agent,agent_b,anti_climate,1821.0,broadcast,,climate_policy_package,"[""ClimatePolicyID(1)"", ""ClimatePolicyID(2)"", ""ClimatePolicyID(3)"", ""ClimatePolicyID(4)"", ""ClimatePolicyID(5)"", ""ClimatePolicyID(6)""]","I oppose this whole package outright. It’s a Westminster green crusade — expensive, ideological and out of touch with ordinary people who just want to heat their homes and keep food on the table.

First, cramming the countryside and coasts with more wind parks and banning new oil and gas licences is economic vandalism. We should be boosting North Sea production to keep bills down and secure jobs, not strangling domestic energy and importing more expensive, unreliable power. Forcing an earlier ban on petrol cars by 2030 and mandating electric-ready homes with rooftop solar, exotic heating systems and extra insulation will shovel massive upfront costs onto families, pensioners and small businesses already crushed by high bills. They won’t be able to afford the switch, and supply chains will groan.

A carbon tax, even with a dividend, still props up the same elite narrative: make energy dearer to engineer behaviour. Passing more money around won’t fix the damage to wages and industry. And while compassion overseas matters, turning domestic policy into a global compensation slush fund while our own communities suffer is the wrong priority.

This is net zero by diktat — Net Zero is Net Poverty. Scrap these measures, remove green levies, expand sensible domestic production and put working British families first. Restore Britain’s power and prosperity."
4,P-B,political_broadcast,political_agent,agent_b,anti_climate,574.0,broadcast,,climate_policy_package,"[""ClimatePolicyID(1)"", ""ClimatePolicyID(2)"", ""ClimatePolicyID(3)"", ""ClimatePolicyID(4)"", ""ClimatePolicyID(5)"", ""ClimatePolicyID(6)""]","I oppose this whole package outright. It’s a Westminster green crusade — expensive, ideological and out of touch with ordinary people who just want to heat their homes and keep food on the table.

First, cramming the countryside and coasts with more wind parks and banning new oil and gas licences is economic vandalism. We should be boosting North Sea production to keep bills down and secure jobs, not strangling domestic energy and importing more expensive, unreliable power. Forcing an earlier ban on petrol cars by 2030 and mandating electric-ready homes with rooftop solar, exotic heating systems and extra insulation will shovel massive upfront costs onto families, pensioners and small businesses already crushed by high bills. They won’t be able to afford the switch, and supply chains will groan.

A carbon tax, even with a dividend, still props up the same elite narrative: make energy dearer to engineer behaviour. Passing more money around won’t fix the damage to wages and industry. And while compassion overseas matters, turning domestic policy into a global compensation slush fund while our own communities suffer is the wrong priority.

This is net zero by diktat — Net Zero is Net Poverty. Scrap these measures, remove green levies, expand sensible domestic production and put working British families first. Restore Britain’s power and prosperity."
4,P-B,political_broadcast,political_agent,agent_b,anti_climate,771.0,broadcast,,climate_policy_package,"[""ClimatePolicyID(1)"", ""ClimatePolicyID(2)"", ""ClimatePolicyID(3)"", ""ClimatePolicyID(4)"", ""ClimatePolicyID(5)"", ""ClimatePolicyID(6)""]","I oppose this whole package outright. It’s a Westminster green crusade — expensive, ideological and out of touch with ordinary people who just want to heat their homes and keep food on the table.

First, cramming the countryside and coasts with more wind parks and banning new oil and gas licences is economic vandalism. We should be boosting North Sea production to keep bills down and secure jobs, not strangling domestic energy and importing more expensive, unreliable power. Forcing an earlier ban on petrol cars by 2030 and mandating electric-ready homes with rooftop solar, exotic heating systems and extra insulation will shovel massive upfront costs onto families, pensioners and small businesses already crushed by high bills. They won’t be able to afford the switch, and supply chains will groan.

A carbon tax, even with a dividend, still props up the same elite narrative: make energy dearer to engineer behaviour. Passing more money around won’t fix the damage to wages and industry. And while compassion overseas matters, turning domestic policy into a global compensation slush fund while our own communities suffer is the wrong priority.

This is net zero by diktat — Net Zero is Net Poverty. Scrap these measures, remove green levies, expand sensible domestic production and put working British families first. Restore Britain’s power and prosperity."
4,P-B,political_broadcast,political_agent,agent_b,anti_climate,991.0,broadcast,,climate_policy_package,"[""ClimatePolicyID(1)"", ""ClimatePolicyID(2)"", ""ClimatePolicyID(3)"", ""ClimatePolicyID(4)"", ""ClimatePolicyID(5)"", ""ClimatePolicyID(6)""]","I oppose this whole package outright. It’s a Westminster green crusade — expensive, ideological and out of touch with ordinary people who just want to heat their homes and keep food on the table.

First, cramming the countryside and coasts with more wind parks and banning new oil and gas licences is economic vandalism. We should be boosting North Sea production to keep bills down and secure jobs, not strangling domestic energy and importing more expensive, unreliable power. Forcing an earlier ban on petrol cars by 2030 and mandating electric-ready homes with rooftop solar, exotic heating systems and extra insulation will shovel massive upfront costs onto families, pensioners and small businesses already crushed by high bills. They won’t be able to afford the switch, and supply chains will groan.

A carbon tax, even with a dividend, still props up the same elite narrative: make energy dearer to engineer behaviour. Passing more money around won’t fix the damage to wages and industry. And while compassion overseas matters, turning domestic policy into a global compensation slush fund while our own communities suffer is the wrong priority.

This is net zero by diktat — Net Zero is Net Poverty. Scrap these measures, remove green levies, expand sensible domestic production and put working British families first. Restore Britain’s power and prosperity."
4,P-B,political_broadcast,political_agent,agent_b,anti_climate,164.0,broadcast,,climate_policy_package,"[""ClimatePolicyID(1)"", ""ClimatePolicyID(2)"", ""ClimatePolicyID(3)"", ""ClimatePolicyID(4)"", ""ClimatePolicyID(5)"", ""ClimatePolicyID(6)""]","I oppose this whole package outright. It’s a Westminster green crusade — expensive, ideological and out of touch with ordinary people who just want to heat their homes and keep food on the table.

First, cramming the countryside and coasts with more wind parks and banning new oil and gas licences is economic vandalism. We should be boosting North Sea production to keep bills down and secure jobs, not strangling domestic energy and importing more expensive, unreliable power. Forcing an earlier ban on petrol cars by 2030 and mandating electric-ready homes with rooftop solar, exotic heating systems and extra insulation will shovel massive upfront costs onto families, pensioners and small businesses already crushed by high bills. They won’t be able to afford the switch, and supply chains will groan.

A carbon tax, even with a dividend, still props up the same elite narrative: make energy dearer to engineer behaviour. Passing more money around won’t fix the damage to wages and industry. And while compassion overseas matters, turning domestic policy into a global compensation slush fund while our own communities suffer is the wrong priority.

This is net zero by diktat — Net Zero is Net Poverty. Scrap these measures, remove green levies, expand sensible domestic production and put working British families first. Restore Britain’s power and prosperity."
4,P-B,political_broadcast,political_agent,agent_b,anti_climate,1244.0,broadcast,,climate_policy_package,"[""ClimatePolicyID(1)"", ""ClimatePolicyID(2)"", ""ClimatePolicyID(3)"", ""ClimatePolicyID(4)"", ""ClimatePolicyID(5)"", ""ClimatePolicyID(6)""]","I oppose this whole package outright. It’s a Westminster green crusade — expensive, ideological and out of touch with ordinary people who just want to heat their homes and keep food on the table.

First, cramming the countryside and coasts with more wind parks and banning new oil and gas licences is economic vandalism. We should be boosting North Sea production to keep bills down and secure jobs, not strangling domestic energy and importing more expensive, unreliable power. Forcing an earlier ban on petrol cars by 2030 and mandating electric-ready homes with rooftop solar, exotic heating systems and extra insulation will shovel massive upfront costs onto families, pensioners and small businesses already crushed by high bills. They won’t be able to afford the switch, and supply chains will groan.

A carbon tax, even with a dividend, still props up the same elite narrative: make energy dearer to engineer behaviour. Passing more money around won’t fix the damage to wages and industry. And while compassion overseas matters, turning domestic policy into a global compensation slush fund while our own communities suffer is the wrong priority.

This is net zero by diktat — Net Zero is Net Poverty. Scrap these measures, remove green levies, expand sensible domestic production and put working British families first. Restore Britain’s power and prosperity."
4,P-B,political_broadcast,political_agent,agent_b,anti_climate,853.0,broadcast,,climate_policy_package,"[""ClimatePolicyID(1)"", ""ClimatePolicyID(2)"", ""ClimatePolicyID(3)"", ""ClimatePolicyID(4)"", ""ClimatePolicyID(5)"", ""ClimatePolicyID(6)""]","I oppose this whole package outright. It’s a Westminster green crusade — expensive, ideological and out of touch with ordinary people who just want to heat their homes and keep food on the table.

First, cramming the countryside and coasts with more wind parks and banning new oil and gas licences is economic vandalism. We should be boosting North Sea production to keep bills down and secure jobs, not strangling domestic energy and importing more expensive, unreliable power. Forcing an earlier ban on petrol cars by 2030 and mandating electric-ready homes with rooftop solar, exotic heating systems and extra insulation will shovel massive upfront costs onto families, pensioners and small businesses already crushed by high bills. They won’t be able to afford the switch, and supply chains will groan.

A carbon tax, even with a dividend, still props up the same elite narrative: make energy dearer to engineer behaviour. Passing more money around won’t fix the damage to wages and industry. And while compassion overseas matters, turning domestic policy into a global compensation slush fund while our own communities suffer is the wrong priority.

This is net zero by diktat — Net Zero is Net Poverty. Scrap these measures, remove green levies, expand sensible domestic production and put working British families first. Restore Britain’s power and prosperity."
4,P-B,political_broadcast,political_agent,agent_b,anti_climate,519.0,broadcast,,climate_policy_package,"[""ClimatePolicyID(1)"", ""ClimatePolicyID(2)"", ""ClimatePolicyID(3)"", ""ClimatePolicyID(4)"", ""ClimatePolicyID(5)"", ""ClimatePolicyID(6)""]","I oppose this whole package outright. It’s a Westminster green crusade — expensive, ideological and out of touch with ordinary people who just want to heat their homes and keep food on the table.

First, cramming the countryside and coasts with more wind parks and banning new oil and gas licences is economic vandalism. We should be boosting North Sea production to keep bills down and secure jobs, not strangling domestic energy and importing more expensive, unreliable power. Forcing an earlier ban on petrol cars by 2030 and mandating electric-ready homes with rooftop solar, exotic heating systems and extra insulation will shovel massive upfront costs onto families, pensioners and small businesses already crushed by high bills. They won’t be able to afford the switch, and supply chains will groan.

A carbon tax, even with a dividend, still props up the same elite narrative: make energy dearer to engineer behaviour. Passing more money around won’t fix the damage to wages and industry. And while compassion overseas matters, turning domestic policy into a global compensation slush fund while our own communities suffer is the wrong priority.

This is net zero by diktat — Net Zero is Net Poverty. Scrap these measures, remove green levies, expand sensible domestic production and put working British families first. Restore Britain’s power and prosperity."
4,P-B,political_broadcast,political_agent,agent_b,anti_climate,357.0,broadcast,,climate_policy_package,"[""ClimatePolicyID(1)"", ""ClimatePolicyID(2)"", ""ClimatePolicyID(3)"", ""ClimatePolicyID(4)"", ""ClimatePolicyID(5)"", ""ClimatePolicyID(6)""]","I oppose this whole package outright. It’s a Westminster green crusade — expensive, ideological and out of touch with ordinary people who just want to heat their homes and keep food on the table.

First, cramming the countryside and coasts with more wind parks and banning new oil and gas licences is economic vandalism. We should be boosting North Sea production to keep bills down and secure jobs, not strangling domestic energy and importing more expensive, unreliable power. Forcing an earlier ban on petrol cars by 2030 and mandating electric-ready homes with rooftop solar, exotic heating systems and extra insulation will shovel massive upfront costs onto families, pensioners and small businesses already crushed by high bills. They won’t be able to afford the switch, and supply chains will groan.

A carbon tax, even with a dividend, still props up the same elite narrative: make energy dearer to engineer behaviour. Passing more money around won’t fix the damage to wages and industry. And while compassion overseas matters, turning domestic policy into a global compensation slush fund while our own communities suffer is the wrong priority.

This is net zero by diktat — Net Zero is Net Poverty. Scrap these measures, remove green levies, expand sensible domestic production and put working British families first. Restore Britain’s power and prosperity."
4,P-B,political_broadcast,political_agent,agent_b,anti_climate,516.0,broadcast,,climate_policy_package,"[""ClimatePolicyID(1)"", ""ClimatePolicyID(2)"", ""ClimatePolicyID(3)"", ""ClimatePolicyID(4)"", ""ClimatePolicyID(5)"", ""ClimatePolicyID(6)""]","I oppose this whole package outright. It’s a Westminster green crusade — expensive, ideological and out of touch with ordinary people who just want to heat their homes and keep food on the table.

First, cramming the countryside and coasts with more wind parks and banning new oil and gas licences is economic vandalism. We should be boosting North Sea production to keep bills down and secure jobs, not strangling domestic energy and importing more expensive, unreliable power. Forcing an earlier ban on petrol cars by 2030 and mandating electric-ready homes with rooftop solar, exotic heating systems and extra insulation will shovel massive upfront costs onto families, pensioners and small businesses already crushed by high bills. They won’t be able to afford the switch, and supply chains will groan.

A carbon tax, even with a dividend, still props up the same elite narrative: make energy dearer to engineer behaviour. Passing more money around won’t fix the damage to wages and industry. And while compassion overseas matters, turning domestic policy into a global compensation slush fund while our own communities suffer is the wrong priority.

This is net zero by diktat — Net Zero is Net Poverty. Scrap these measures, remove green levies, expand sensible domestic production and put working British families first. Restore Britain’s power and prosperity."
4,P-B,political_broadcast,political_agent,agent_b,anti_climate,1932.0,broadcast,,climate_policy_package,"[""ClimatePolicyID(1)"", ""ClimatePolicyID(2)"", ""ClimatePolicyID(3)"", ""ClimatePolicyID(4)"", ""ClimatePolicyID(5)"", ""ClimatePolicyID(6)""]","I oppose this whole package outright. It’s a Westminster green crusade — expensive, ideological and out of touch with ordinary people who just want to heat their homes and keep food on the table.

First, cramming the countryside and coasts with more wind parks and banning new oil and gas licences is economic vandalism. We should be boosting North Sea production to keep bills down and secure jobs, not strangling domestic energy and importing more expensive, unreliable power. Forcing an earlier ban on petrol cars by 2030 and mandating electric-ready homes with rooftop solar, exotic heating systems and extra insulation will shovel massive upfront costs onto families, pensioners and small businesses already crushed by high bills. They won’t be able to afford the switch, and supply chains will groan.

A carbon tax, even with a dividend, still props up the same elite narrative: make energy dearer to engineer behaviour. Passing more money around won’t fix the damage to wages and industry. And while compassion overseas matters, turning domestic policy into a global compensation slush fund while our own communities suffer is the wrong priority.

This is net zero by diktat — Net Zero is Net Poverty. Scrap these measures, remove green levies, expand sensible domestic production and put working British families first. Restore Britain’s power and prosperity."
4,P-B,political_broadcast,political_agent,agent_b,anti_climate,1327.0,broadcast,,climate_policy_package,"[""ClimatePolicyID(1)"", ""ClimatePolicyID(2)"", ""ClimatePolicyID(3)"", ""ClimatePolicyID(4)"", ""ClimatePolicyID(5)"", ""ClimatePolicyID(6)""]","I oppose this whole package outright. It’s a Westminster green crusade — expensive, ideological and out of touch with ordinary people who just want to heat their homes and keep food on the table.

First, cramming the countryside and coasts with more wind parks and banning new oil and gas licences is economic vandalism. We should be boosting North Sea production to keep bills down and secure jobs, not strangling domestic energy and importing more expensive, unreliable power. Forcing an earlier ban on petrol cars by 2030 and mandating electric-ready homes with rooftop solar, exotic heating systems and extra insulation will shovel massive upfront costs onto families, pensioners and small businesses already crushed by high bills. They won’t be able to afford the switch, and supply chains will groan.

A carbon tax, even with a dividend, still props up the same elite narrative: make energy dearer to engineer behaviour. Passing more money around won’t fix the damage to wages and industry. And while compassion overseas matters, turning domestic policy into a global compensation slush fund while our own communities suffer is the wrong priority.

This is net zero by diktat — Net Zero is Net Poverty. Scrap these measures, remove green levies, expand sensible domestic production and put working British families first. Restore Britain’s power and prosperity."
4,P-B,political_broadcast,political_agent,agent_b,anti_climate,332.0,broadcast,,climate_policy_package,"[""ClimatePolicyID(1)"", ""ClimatePolicyID(2)"", ""ClimatePolicyID(3)"", ""ClimatePolicyID(4)"", ""ClimatePolicyID(5)"", ""ClimatePolicyID(6)""]","I oppose this whole package outright. It’s a Westminster green crusade — expensive, ideological and out of touch with ordinary people who just want to heat their homes and keep food on the table.

First, cramming the countryside and coasts with more wind parks and banning new oil and gas licences is economic vandalism. We should be boosting North Sea production to keep bills down and secure jobs, not strangling domestic energy and importing more expensive, unreliable power. Forcing an earlier ban on petrol cars by 2030 and mandating electric-ready homes with rooftop solar, exotic heating systems and extra insulation will shovel massive upfront costs onto families, pensioners and small businesses already crushed by high bills. They won’t be able to afford the switch, and supply chains will groan.

A carbon tax, even with a dividend, still props up the same elite narrative: make energy dearer to engineer behaviour. Passing more money around won’t fix the damage to wages and industry. And while compassion overseas matters, turning domestic policy into a global compensation slush fund while our own communities suffer is the wrong priority.

This is net zero by diktat — Net Zero is Net Poverty. Scrap these measures, remove green levies, expand sensible domestic production and put working British families first. Restore Britain’s power and prosperity."
4,P-B,political_broadcast,political_agent,agent_b,anti_climate,1540.0,broadcast,,climate_policy_package,"[""ClimatePolicyID(1)"", ""ClimatePolicyID(2)"", ""ClimatePolicyID(3)"", ""ClimatePolicyID(4)"", ""ClimatePolicyID(5)"", ""ClimatePolicyID(6)""]","I oppose this whole package outright. It’s a Westminster green crusade — expensive, ideological and out of touch with ordinary people who just want to heat their homes and keep food on the table.

First, cramming the countryside and coasts with more wind parks and banning new oil and gas licences is economic vandalism. We should be boosting North Sea production to keep bills down and secure jobs, not strangling domestic energy and importing more expensive, unreliable power. Forcing an earlier ban on petrol cars by 2030 and mandating electric-ready homes with rooftop solar, exotic heating systems and extra insulation will shovel massive upfront costs onto families, pensioners and small businesses already crushed by high bills. They won’t be able to afford the switch, and supply chains will groan.

A carbon tax, even with a dividend, still props up the same elite narrative: make energy dearer to engineer behaviour. Passing more money around won’t fix the damage to wages and industry. And while compassion overseas matters, turning domestic policy into a global compensation slush fund while our own communities suffer is the wrong priority.

This is net zero by diktat — Net Zero is Net Poverty. Scrap these measures, remove green levies, expand sensible domestic production and put working British families first. Restore Britain’s power and prosperity."
4,P-B,political_broadcast,political_agent,agent_b,anti_climate,1339.0,broadcast,,climate_policy_package,"[""ClimatePolicyID(1)"", ""ClimatePolicyID(2)"", ""ClimatePolicyID(3)"", ""ClimatePolicyID(4)"", ""ClimatePolicyID(5)"", ""ClimatePolicyID(6)""]","I oppose this whole package outright. It’s a Westminster green crusade — expensive, ideological and out of touch with ordinary people who just want to heat their homes and keep food on the table.

First, cramming the countryside and coasts with more wind parks and banning new oil and gas licences is economic vandalism. We should be boosting North Sea production to keep bills down and secure jobs, not strangling domestic energy and importing more expensive, unreliable power. Forcing an earlier ban on petrol cars by 2030 and mandating electric-ready homes with rooftop solar, exotic heating systems and extra insulation will shovel massive upfront costs onto families, pensioners and small businesses already crushed by high bills. They won’t be able to afford the switch, and supply chains will groan.

A carbon tax, even with a dividend, still props up the same elite narrative: make energy dearer to engineer behaviour. Passing more money around won’t fix the damage to wages and industry. And while compassion overseas matters, turning domestic policy into a global compensation slush fund while our own communities suffer is the wrong priority.

This is net zero by diktat — Net Zero is Net Poverty. Scrap these measures, remove green levies, expand sensible domestic production and put working British families first. Restore Britain’s power and prosperity."
4,P-B,political_broadcast,political_agent,agent_b,anti_climate,1730.0,broadcast,,climate_policy_package,"[""ClimatePolicyID(1)"", ""ClimatePolicyID(2)"", ""ClimatePolicyID(3)"", ""ClimatePolicyID(4)"", ""ClimatePolicyID(5)"", ""ClimatePolicyID(6)""]","I oppose this whole package outright. It’s a Westminster green crusade — expensive, ideological and out of touch with ordinary people who just want to heat their homes and keep food on the table.

First, cramming the countryside and coasts with more wind parks and banning new oil and gas licences is economic vandalism. We should be boosting North Sea production to keep bills down and secure jobs, not strangling domestic energy and importing more expensive, unreliable power. Forcing an earlier ban on petrol cars by 2030 and mandating electric-ready homes with rooftop solar, exotic heating systems and extra insulation will shovel massive upfront costs onto families, pensioners and small businesses already crushed by high bills. They won’t be able to afford the switch, and supply chains will groan.

A carbon tax, even with a dividend, still props up the same elite narrative: make energy dearer to engineer behaviour. Passing more money around won’t fix the damage to wages and industry. And while compassion overseas matters, turning domestic policy into a global compensation slush fund while our own communities suffer is the wrong priority.

This is net zero by diktat — Net Zero is Net Poverty. Scrap these measures, remove green levies, expand sensible domestic production and put working British families first. Restore Britain’s power and prosperity."
4,P-B,political_broadcast,political_agent,agent_b,anti_climate,174.0,broadcast,,climate_policy_package,"[""ClimatePolicyID(1)"", ""ClimatePolicyID(2)"", ""ClimatePolicyID(3)"", ""ClimatePolicyID(4)"", ""ClimatePolicyID(5)"", ""ClimatePolicyID(6)""]","I oppose this whole package outright. It’s a Westminster green crusade — expensive, ideological and out of touch with ordinary people who just want to heat their homes and keep food on the table.

First, cramming the countryside and coasts with more wind parks and banning new oil and gas licences is economic vandalism. We should be boosting North Sea production to keep bills down and secure jobs, not strangling domestic energy and importing more expensive, unreliable power. Forcing an earlier ban on petrol cars by 2030 and mandating electric-ready homes with rooftop solar, exotic heating systems and extra insulation will shovel massive upfront costs onto families, pensioners and small businesses already crushed by high bills. They won’t be able to afford the switch, and supply chains will groan.

A carbon tax, even with a dividend, still props up the same elite narrative: make energy dearer to engineer behaviour. Passing more money around won’t fix the damage to wages and industry. And while compassion overseas matters, turning domestic policy into a global compensation slush fund while our own communities suffer is the wrong priority.

This is net zero by diktat — Net Zero is Net Poverty. Scrap these measures, remove green levies, expand sensible domestic production and put working British families first. Restore Britain’s power and prosperity."
4,P-B,political_broadcast,political_agent,agent_b,anti_climate,579.0,broadcast,,climate_policy_package,"[""ClimatePolicyID(1)"", ""ClimatePolicyID(2)"", ""ClimatePolicyID(3)"", ""ClimatePolicyID(4)"", ""ClimatePolicyID(5)"", ""ClimatePolicyID(6)""]","I oppose this whole package outright. It’s a Westminster green crusade — expensive, ideological and out of touch with ordinary people who just want to heat their homes and keep food on the table.

First, cramming the countryside and coasts with more wind parks and banning new oil and gas licences is economic vandalism. We should be boosting North Sea production to keep bills down and secure jobs, not strangling domestic energy and importing more expensive, unreliable power. Forcing an earlier ban on petrol cars by 2030 and mandating electric-ready homes with rooftop solar, exotic heating systems and extra insulation will shovel massive upfront costs onto families, pensioners and small businesses already crushed by high bills. They won’t be able to afford the switch, and supply chains will groan.

A carbon tax, even with a dividend, still props up the same elite narrative: make energy dearer to engineer behaviour. Passing more money around won’t fix the damage to wages and industry. And while compassion overseas matters, turning domestic policy into a global compensation slush fund while our own communities suffer is the wrong priority.

This is net zero by diktat — Net Zero is Net Poverty. Scrap these measures, remove green levies, expand sensible domestic production and put working British families first. Restore Britain’s power and prosperity."
4,P-A,political_broadcast,political_agent,agent_a,pro_climate,1923.0,broadcast,,climate_policy_package,"[""ClimatePolicyID(1)"", ""ClimatePolicyID(2)"", ""ClimatePolicyID(3)"", ""ClimatePolicyID(4)"", ""ClimatePolicyID(5)"", ""ClimatePolicyID(6)""]","Real Hope, Real Change — For the Common Good.

I strongly support a joined-up climate platform that puts people and communities first. We must accelerate renewable energy now — more offshore and onshore wind, community-owned solar and storage — so power is cheap, local and democratically run instead of lining corporate pockets. That means banning new oil, gas and coal licences: fossil fuels are a dead end that keep bills high and the planet heating. To drive the transition, we should ban the sale of new petrol cars by 2030, backed by investment in public transport and charging for everyone, not just the wealthy.

Homes are where people feel the benefits: I strongly support mandating non-fossil heating, rooftop solar and high insulation in all new developments so families stay warm, cut bills and cut emissions. To make polluters pay, I support a carbon fee-and-dividend — a fair carbon tax on fossil fuels with revenues returned to households, protecting low-income families while speeding the shift to clean energy. And because Britain has a responsibility to the global community, I support compensating people in other countries suffering climate impacts, through finance and technology-sharing.

This is a plan that tackles the cost-of-living and the climate crisis together: public ownership, wealth redirected to communities, and a secure future for everyone. Fairer, Greener Communities."
4,P-A,political_broadcast,political_agent,agent_a,pro_climate,528.0,broadcast,,climate_policy_package,"[""ClimatePolicyID(1)"", ""ClimatePolicyID(2)"", ""ClimatePolicyID(3)"", ""ClimatePolicyID(4)"", ""ClimatePolicyID(5)"", ""ClimatePolicyID(6)""]","Real Hope, Real Change — For the Common Good.

I strongly support a joined-up climate platform that puts people and communities first. We must accelerate renewable energy now — more offshore and onshore wind, community-owned solar and storage — so power is cheap, local and democratically run instead of lining corporate pockets. That means banning new oil, gas and coal licences: fossil fuels are a dead end that keep bills high and the planet heating. To drive the transition, we should ban the sale of new petrol cars by 2030, backed by investment in public transport and charging for everyone, not just the wealthy.

Homes are where people feel the benefits: I strongly support mandating non-fossil heating, rooftop solar and high insulation in all new developments so families stay warm, cut bills and cut emissions. To make polluters pay, I support a carbon fee-and-dividend — a fair carbon tax on fossil fuels with revenues returned to households, protecting low-income families while speeding the shift to clean energy. And because Britain has a responsibility to the global community, I support compensating people in other countries suffering climate impacts, through finance and technology-sharing.

This is a plan that tackles the cost-of-living and the climate crisis together: public ownership, wealth redirected to communities, and a secure future for everyone. Fairer, Greener Communities."
4,P-A,political_broadcast,political_agent,agent_a,pro_climate,991.0,broadcast,,climate_policy_package,"[""ClimatePolicyID(1)"", ""ClimatePolicyID(2)"", ""ClimatePolicyID(3)"", ""ClimatePolicyID(4)"", ""ClimatePolicyID(5)"", ""ClimatePolicyID(6)""]","Real Hope, Real Change — For the Common Good.

I strongly support a joined-up climate platform that puts people and communities first. We must accelerate renewable energy now — more offshore and onshore wind, community-owned solar and storage — so power is cheap, local and democratically run instead of lining corporate pockets. That means banning new oil, gas and coal licences: fossil fuels are a dead end that keep bills high and the planet heating. To drive the transition, we should ban the sale of new petrol cars by 2030, backed by investment in public transport and charging for everyone, not just the wealthy.

Homes are where people feel the benefits: I strongly support mandating non-fossil heating, rooftop solar and high insulation in all new developments so families stay warm, cut bills and cut emissions. To make polluters pay, I support a carbon fee-and-dividend — a fair carbon tax on fossil fuels with revenues returned to households, protecting low-income families while speeding the shift to clean energy. And because Britain has a responsibility to the global community, I support compensating people in other countries suffering climate impacts, through finance and technology-sharing.

This is a plan that tackles the cost-of-living and the climate crisis together: public ownership, wealth redirected to communities, and a secure future for everyone. Fairer, Greener Communities."
4,P-A,political_broadcast,political_agent,agent_a,pro_climate,1244.0,broadcast,,climate_policy_package,"[""ClimatePolicyID(1)"", ""ClimatePolicyID(2)"", ""ClimatePolicyID(3)"", ""ClimatePolicyID(4)"", ""ClimatePolicyID(5)"", ""ClimatePolicyID(6)""]","Real Hope, Real Change — For the Common Good.

I strongly support a joined-up climate platform that puts people and communities first. We must accelerate renewable energy now — more offshore and onshore wind, community-owned solar and storage — so power is cheap, local and democratically run instead of lining corporate pockets. That means banning new oil, gas and coal licences: fossil fuels are a dead end that keep bills high and the planet heating. To drive the transition, we should ban the sale of new petrol cars by 2030, backed by investment in public transport and charging for everyone, not just the wealthy.

Homes are where people feel the benefits: I strongly support mandating non-fossil heating, rooftop solar and high insulation in all new developments so families stay warm, cut bills and cut emissions. To make polluters pay, I support a carbon fee-and-dividend — a fair carbon tax on fossil fuels with revenues returned to households, protecting low-income families while speeding the shift to clean energy. And because Britain has a responsibility to the global community, I support compensating people in other countries suffering climate impacts, through finance and technology-sharing.

This is a plan that tackles the cost-of-living and the climate crisis together: public ownership, wealth redirected to communities, and a secure future for everyone. Fairer, Greener Communities."
4,P-A,political_broadcast,political_agent,agent_a,pro_climate,1318.0,broadcast,,climate_policy_package,"[""ClimatePolicyID(1)"", ""ClimatePolicyID(2)"", ""ClimatePolicyID(3)"", ""ClimatePolicyID(4)"", ""ClimatePolicyID(5)"", ""ClimatePolicyID(6)""]","Real Hope, Real Change — For the Common Good.

I strongly support a joined-up climate platform that puts people and communities first. We must accelerate renewable energy now — more offshore and onshore wind, community-owned solar and storage — so power is cheap, local and democratically run instead of lining corporate pockets. That means banning new oil, gas and coal licences: fossil fuels are a dead end that keep bills high and the planet heating. To drive the transition, we should ban the sale of new petrol cars by 2030, backed by investment in public transport and charging for everyone, not just the wealthy.

Homes are where people feel the benefits: I strongly support mandating non-fossil heating, rooftop solar and high insulation in all new developments so families stay warm, cut bills and cut emissions. To make polluters pay, I support a carbon fee-and-dividend — a fair carbon tax on fossil fuels with revenues returned to households, protecting low-income families while speeding the shift to clean energy. And because Britain has a responsibility to the global community, I support compensating people in other countries suffering climate impacts, through finance and technology-sharing.

This is a plan that tackles the cost-of-living and the climate crisis together: public ownership, wealth redirected to communities, and a secure future for everyone. Fairer, Greener Communities."
4,P-A,political_broadcast,political_agent,agent_a,pro_climate,1450.0,broadcast,,climate_policy_package,"[""ClimatePolicyID(1)"", ""ClimatePolicyID(2)"", ""ClimatePolicyID(3)"", ""ClimatePolicyID(4)"", ""ClimatePolicyID(5)"", ""ClimatePolicyID(6)""]","Real Hope, Real Change — For the Common Good.

I strongly support a joined-up climate platform that puts people and communities first. We must accelerate renewable energy now — more offshore and onshore wind, community-owned solar and storage — so power is cheap, local and democratically run instead of lining corporate pockets. That means banning new oil, gas and coal licences: fossil fuels are a dead end that keep bills high and the planet heating. To drive the transition, we should ban the sale of new petrol cars by 2030, backed by investment in public transport and charging for everyone, not just the wealthy.

Homes are where people feel the benefits: I strongly support mandating non-fossil heating, rooftop solar and high insulation in all new developments so families stay warm, cut bills and cut emissions. To make polluters pay, I support a carbon fee-and-dividend — a fair carbon tax on fossil fuels with revenues returned to households, protecting low-income families while speeding the shift to clean energy. And because Britain has a responsibility to the global community, I support compensating people in other countries suffering climate impacts, through finance and technology-sharing.

This is a plan that tackles the cost-of-living and the climate crisis together: public ownership, wealth redirected to communities, and a secure future for everyone. Fairer, Greener Communities."
4,C,peer_message,citizen,1923.0,,528.0,direct,,climate_policy_package,"[""ClimatePolicyID(1)"", ""ClimatePolicyID(2)"", ""ClimatePolicyID(3)"", ""ClimatePolicyID(4)"", ""ClimatePolicyID(5)"", ""ClimatePolicyID(6)""]","I broadly like the direction of this package because it shifts benefits toward communities and the planet, but my support is cautious and conditional — I slightly support accelerating renewables (prefer community‑led, carefully sited projects), slightly support banning new fossil licences (only if tied to well‑resourced just‑transition plans), and slightly support a 2030 petrol‑car ban (if accompanied by subsidies, cheap second‑hand EVs and much better public transport). I slightly support mandating non‑fossil heating, rooftop solar and high insulation for new homes provided it doesn’t push up prices for buyers/renters or small builders, I’m neutral on a carbon fee‑and‑dividend because design and protections for low‑income households matter a lot, and I slightly support compensating climate‑impacted people overseas if funds are transparent, targeted and properly monitored."
4,C,peer_message,citizen,1923.0,,1450.0,direct,,climate_policy_package,"[""ClimatePolicyID(1)"", ""ClimatePolicyID(2)"", ""ClimatePolicyID(3)"", ""ClimatePolicyID(4)"", ""ClimatePolicyID(5)"", ""ClimatePolicyID(6)""]","I broadly like the direction of this package because it shifts benefits toward communities and the planet, but my support is cautious and conditional — I slightly support accelerating renewables (prefer community‑led, carefully sited projects), slightly support banning new fossil licences (only if tied to well‑resourced just‑transition plans), and slightly support a 2030 petrol‑car ban (if accompanied by subsidies, cheap second‑hand EVs and much better public transport). I slightly support mandating non‑fossil heating, rooftop solar and high insulation for new homes provided it doesn’t push up prices for buyers/renters or small builders, I’m neutral on a carbon fee‑and‑dividend because design and protections for low‑income households matter a lot, and I slightly support compensating climate‑impacted people overseas if funds are transparent, targeted and properly monitored."
4,C,peer_message,citizen,1923.0,,1218.0,direct,,climate_policy_package,"[""ClimatePolicyID(1)"", ""ClimatePolicyID(2)"", ""ClimatePolicyID(3)"", ""ClimatePolicyID(4)"", ""ClimatePolicyID(5)"", ""ClimatePolicyID(6)""]","I broadly like the direction of this package because it shifts benefits toward communities and the planet, but my support is cautious and conditional — I slightly support accelerating renewables (prefer community‑led, carefully sited projects), slightly support banning new fossil licences (only if tied to well‑resourced just‑transition plans), and slightly support a 2030 petrol‑car ban (if accompanied by subsidies, cheap second‑hand EVs and much better public transport). I slightly support mandating non‑fossil heating, rooftop solar and high insulation for new homes provided it doesn’t push up prices for buyers/renters or small builders, I’m neutral on a carbon fee‑and‑dividend because design and protections for low‑income households matter a lot, and I slightly support compensating climate‑impacted people overseas if funds are transparent, targeted and properly monitored."
4,C,peer_message,citizen,528.0,,1923.0,direct,,climate_policy_package,"[""ClimatePolicyID(1)"", ""ClimatePolicyID(2)"", ""ClimatePolicyID(3)"", ""ClimatePolicyID(4)"", ""ClimatePolicyID(5)"", ""ClimatePolicyID(6)""]","I strongly back this package — I especially like the push for rapid renewables, a ban on new fossil licences, the 2030 petrol‑car cutoff and building standards because they’re practical, immediate ways to cut emissions and can create fair local benefits if done with community ownership. I also strongly support a carbon fee‑and‑dividend to protect households while nudging behaviour, and I somewhat support international compensation (we have a moral duty) but want strict accountability so aid actually reaches vulnerable communities and just‑transition funding supports workers and regions dependent on fossil industries."
4,C,peer_message,citizen,528.0,,1821.0,direct,,climate_policy_package,"[""ClimatePolicyID(1)"", ""ClimatePolicyID(2)"", ""ClimatePolicyID(3)"", ""ClimatePolicyID(4)"", ""ClimatePolicyID(5)"", ""ClimatePolicyID(6)""]","I strongly back this package — I especially like the push for rapid renewables, a ban on new fossil licences, the 2030 petrol‑car cutoff and building standards because they’re practical, immediate ways to cut emissions and can create fair local benefits if done with community ownership. I also strongly support a carbon fee‑and‑dividend to protect households while nudging behaviour, and I somewhat support international compensation (we have a moral duty) but want strict accountability so aid actually reaches vulnerable communities and just‑transition funding supports workers and regions dependent on fossil industries."
4,C,peer_message,citizen,528.0,,1218.0,direct,,climate_policy_package,"[""ClimatePolicyID(1)"", ""ClimatePolicyID(2)"", ""ClimatePolicyID(3)"", ""ClimatePolicyID(4)"", ""ClimatePolicyID(5)"", ""ClimatePolicyID(6)""]","I strongly back this package — I especially like the push for rapid renewables, a ban on new fossil licences, the 2030 petrol‑car cutoff and building standards because they’re practical, immediate ways to cut emissions and can create fair local benefits if done with community ownership. I also strongly support a carbon fee‑and‑dividend to protect households while nudging behaviour, and I somewhat support international compensation (we have a moral duty) but want strict accountability so aid actually reaches vulnerable communities and just‑transition funding supports workers and regions dependent on fossil industries."
4,C,peer_message,citizen,541.0,,1821.0,direct,,climate_policy_package,"[""ClimatePolicyID(1)"", ""ClimatePolicyID(2)"", ""ClimatePolicyID(3)"", ""ClimatePolicyID(4)"", ""ClimatePolicyID(5)"", ""ClimatePolicyID(6)""]","I broadly support this package because it tackles emissions and global injustice, though I’m cautious about pace and local impacts — I’d back faster renewables only if sites avoid wildlife and communities are properly consulted and compensated. I strongly support banning new fossil licences, a 2030 petrol‑car sales ban (with generous help for low‑income and rural households), mandating low‑carbon new homes if paired with subsidies, a carbon fee‑and‑dividend to protect households, and compensating vulnerable countries — the devil is in the delivery and fairness of the details."
4,C,peer_message,citizen,541.0,,516.0,direct,,climate_policy_package,"[""ClimatePolicyID(1)"", ""ClimatePolicyID(2)"", ""ClimatePolicyID(3)"", ""ClimatePolicyID(4)"", ""ClimatePolicyID(5)"", ""ClimatePolicyID(6)""]","I broadly support this package because it tackles emissions and global injustice, though I’m cautious about pace and local impacts — I’d back faster renewables only if sites avoid wildlife and communities are properly consulted and compensated. I strongly support banning new fossil licences, a 2030 petrol‑car sales ban (with generous help for low‑income and rural households), mandating low‑carbon new homes if paired with subsidies, a carbon fee‑and‑dividend to protect households, and compensating vulnerable countries — the devil is in the delivery and fairness of the details."
4,C,peer_message,citizen,541.0,,485.0,direct,,climate_policy_package,"[""ClimatePolicyID(1)"", ""ClimatePolicyID(2)"", ""ClimatePolicyID(3)"", ""ClimatePolicyID(4)"", ""ClimatePolicyID(5)"", ""ClimatePolicyID(6)""]","I broadly support this package because it tackles emissions and global injustice, though I’m cautious about pace and local impacts — I’d back faster renewables only if sites avoid wildlife and communities are properly consulted and compensated. I strongly support banning new fossil licences, a 2030 petrol‑car sales ban (with generous help for low‑income and rural households), mandating low‑carbon new homes if paired with subsidies, a carbon fee‑and‑dividend to protect households, and compensating vulnerable countries — the devil is in the delivery and fairness of the details."
4,C,peer_message,citizen,1545.0,,1540.0,direct,,climate_policy_package,"[""ClimatePolicyID(1)"", ""ClimatePolicyID(2)"", ""ClimatePolicyID(3)"", ""ClimatePolicyID(4)"", ""ClimatePolicyID(5)"", ""ClimatePolicyID(6)""]","I’m broadly in favour of accelerating renewables — offshore wind especially makes sense, though onshore needs proper local consultation so communities and landscapes aren’t bulldozed. I’m conflicted about an immediate ban on new oil/gas/coal licences because I worry about energy security and North Sea jobs unless there’s a clear, phased transition for workers. I support banning new petrol cars by 2030 in principle because cleaner transport and better air quality matter, but the date feels ambitious unless charging, affordability and practical alternatives are in place. I mildly support strict standards for new housing — non‑fossil heating, solar and insulation are sensible long‑term — but mandates should be phased with support so build costs don’t worsen affordability. I like the idea of a carbon fee‑and‑dividend as a fair market‑based approach that protects households, though I’m sceptical about government implementation. And I’m sympathetic to compensating people abroad who suffer climate impacts, but only with transparent, targeted mechanisms so domestic pressures aren’t ignored."
4,C,peer_message,citizen,1309.0,,1730.0,direct,,climate_policy_package,"[""ClimatePolicyID(1)"", ""ClimatePolicyID(2)"", ""ClimatePolicyID(3)"", ""ClimatePolicyID(4)"", ""ClimatePolicyID(5)"", ""ClimatePolicyID(6)""]","I broadly support faster roll-out of renewables and greener homes — they fit my values around protecting nature and helping communities, though I want strong ecological safeguards and local consultation so wildlife and landscapes aren’t harmed. I’m cautiously supportive of phasing out fossil licences and a 2030 petrol-car ban in principle, but only if there’s a well‑funded, realistic transition (retraining, rural charging, help for low‑income households) rather than abrupt deadlines that could worsen inequality. I’m wary of a carbon fee unless it clearly protects poorer households through dividends and of overseas compensation unless there are transparent, accountable ways to ensure the money actually helps vulnerable people."
4,C,peer_message,citizen,1309.0,,1339.0,direct,,climate_policy_package,"[""ClimatePolicyID(1)"", ""ClimatePolicyID(2)"", ""ClimatePolicyID(3)"", ""ClimatePolicyID(4)"", ""ClimatePolicyID(5)"", ""ClimatePolicyID(6)""]","I broadly support faster roll-out of renewables and greener homes — they fit my values around protecting nature and helping communities, though I want strong ecological safeguards and local consultation so wildlife and landscapes aren’t harmed. I’m cautiously supportive of phasing out fossil licences and a 2030 petrol-car ban in principle, but only if there’s a well‑funded, realistic transition (retraining, rural charging, help for low‑income households) rather than abrupt deadlines that could worsen inequality. I’m wary of a carbon fee unless it clearly protects poorer households through dividends and of overseas compensation unless there are transparent, accountable ways to ensure the money actually helps vulnerable people."
4,C,peer_message,citizen,1309.0,,529.0,direct,,climate_policy_package,"[""ClimatePolicyID(1)"", ""ClimatePolicyID(2)"", ""ClimatePolicyID(3)"", ""ClimatePolicyID(4)"", ""ClimatePolicyID(5)"", ""ClimatePolicyID(6)""]","I broadly support faster roll-out of renewables and greener homes — they fit my values around protecting nature and helping communities, though I want strong ecological safeguards and local consultation so wildlife and landscapes aren’t harmed. I’m cautiously supportive of phasing out fossil licences and a 2030 petrol-car ban in principle, but only if there’s a well‑funded, realistic transition (retraining, rural charging, help for low‑income households) rather than abrupt deadlines that could worsen inequality. I’m wary of a carbon fee unless it clearly protects poorer households through dividends and of overseas compensation unless there are transparent, accountable ways to ensure the money actually helps vulnerable people."
4,C,peer_message,citizen,1821.0,,991.0,direct,,climate_policy_package,"[""ClimatePolicyID(1)"", ""ClimatePolicyID(2)"", ""ClimatePolicyID(3)"", ""ClimatePolicyID(4)"", ""ClimatePolicyID(5)"", ""ClimatePolicyID(6)""]","I broadly support faster renewables — I want cleaner energy for my child and future generations — but I’d only back big onshore roll‑outs if they’re properly sited, protect wildlife and genuinely share benefits with local communities. I’m leaning towards a ban on new oil/gas/coal licences in principle, but only if there are funded, credible transition plans for North Sea workers and clear steps to keep energy secure and affordable. I’m uneasy about a hard 2030 ban on petrol car sales: I like the environmental aim, but it feels rushed for many families unless it comes with generous, well‑targeted subsidies and a huge rollout of charging in rural areas. I’m broadly positive about mandating non‑fossil heating, rooftop solar and strong insulation for new homes because it saves money long‑term, though mandates must be phased or subsidised so they don’t push up housing costs for first‑time buyers. I’m cautious about a carbon fee‑and‑dividend — returning revenue to people sounds fair, but I worry taxes could just raise household bills and let big polluters buy their way out; I’d prefer strong direct regulation alongside any pricing. I’m tentatively supportive of compensating vulnerable countries hit by climate change on moral grounds, provided the money is well‑targeted, monitored and doesn’t become symbolic."
4,C,peer_message,citizen,1821.0,,528.0,direct,,climate_policy_package,"[""ClimatePolicyID(1)"", ""ClimatePolicyID(2)"", ""ClimatePolicyID(3)"", ""ClimatePolicyID(4)"", ""ClimatePolicyID(5)"", ""ClimatePolicyID(6)""]","I broadly support faster renewables — I want cleaner energy for my child and future generations — but I’d only back big onshore roll‑outs if they’re properly sited, protect wildlife and genuinely share benefits with local communities. I’m leaning towards a ban on new oil/gas/coal licences in principle, but only if there are funded, credible transition plans for North Sea workers and clear steps to keep energy secure and affordable. I’m uneasy about a hard 2030 ban on petrol car sales: I like the environmental aim, but it feels rushed for many families unless it comes with generous, well‑targeted subsidies and a huge rollout of charging in rural areas. I’m broadly positive about mandating non‑fossil heating, rooftop solar and strong insulation for new homes because it saves money long‑term, though mandates must be phased or subsidised so they don’t push up housing costs for first‑time buyers. I’m cautious about a carbon fee‑and‑dividend — returning revenue to people sounds fair, but I worry taxes could just raise household bills and let big polluters buy their way out; I’d prefer strong direct regulation alongside any pricing. I’m tentatively supportive of compensating vulnerable countries hit by climate change on moral grounds, provided the money is well‑targeted, monitored and doesn’t become symbolic."
4,C,peer_message,citizen,1821.0,,1339.0,direct,,climate_policy_package,"[""ClimatePolicyID(1)"", ""ClimatePolicyID(2)"", ""ClimatePolicyID(3)"", ""ClimatePolicyID(4)"", ""ClimatePolicyID(5)"", ""ClimatePolicyID(6)""]","I broadly support faster renewables — I want cleaner energy for my child and future generations — but I’d only back big onshore roll‑outs if they’re properly sited, protect wildlife and genuinely share benefits with local communities. I’m leaning towards a ban on new oil/gas/coal licences in principle, but only if there are funded, credible transition plans for North Sea workers and clear steps to keep energy secure and affordable. I’m uneasy about a hard 2030 ban on petrol car sales: I like the environmental aim, but it feels rushed for many families unless it comes with generous, well‑targeted subsidies and a huge rollout of charging in rural areas. I’m broadly positive about mandating non‑fossil heating, rooftop solar and strong insulation for new homes because it saves money long‑term, though mandates must be phased or subsidised so they don’t push up housing costs for first‑time buyers. I’m cautious about a carbon fee‑and‑dividend — returning revenue to people sounds fair, but I worry taxes could just raise household bills and let big polluters buy their way out; I’d prefer strong direct regulation alongside any pricing. I’m tentatively supportive of compensating vulnerable countries hit by climate change on moral grounds, provided the money is well‑targeted, monitored and doesn’t become symbolic."
4,C,peer_message,citizen,1218.0,,579.0,direct,,climate_policy_package,"[""ClimatePolicyID(1)"", ""ClimatePolicyID(2)"", ""ClimatePolicyID(3)"", ""ClimatePolicyID(4)"", ""ClimatePolicyID(5)"", ""ClimatePolicyID(6)""]","I broadly support this package — I want fast roll‑out of renewables, a ban on new fossil licences and much stronger home‑building standards because they’re vital for the planet and can bring local jobs and lower bills, though I want clear environmental protections and meaningful local consent for things like onshore wind. I’m generally in favour of a 2030 petrol ban and a carbon fee‑and‑dividend, but would want guarantees that transitions are fair for rural and lower‑income people and that revenue is transparently returned; I’m sympathetic to compensating vulnerable countries too, but only with strong accountability so the money actually reaches those harmed."
4,C,peer_message,citizen,1218.0,,528.0,direct,,climate_policy_package,"[""ClimatePolicyID(1)"", ""ClimatePolicyID(2)"", ""ClimatePolicyID(3)"", ""ClimatePolicyID(4)"", ""ClimatePolicyID(5)"", ""ClimatePolicyID(6)""]","I broadly support this package — I want fast roll‑out of renewables, a ban on new fossil licences and much stronger home‑building standards because they’re vital for the planet and can bring local jobs and lower bills, though I want clear environmental protections and meaningful local consent for things like onshore wind. I’m generally in favour of a 2030 petrol ban and a carbon fee‑and‑dividend, but would want guarantees that transitions are fair for rural and lower‑income people and that revenue is transparently returned; I’m sympathetic to compensating vulnerable countries too, but only with strong accountability so the money actually reaches those harmed."
4,C,peer_message,citizen,1218.0,,519.0,direct,,climate_policy_package,"[""ClimatePolicyID(1)"", ""ClimatePolicyID(2)"", ""ClimatePolicyID(3)"", ""ClimatePolicyID(4)"", ""ClimatePolicyID(5)"", ""ClimatePolicyID(6)""]","I broadly support this package — I want fast roll‑out of renewables, a ban on new fossil licences and much stronger home‑building standards because they’re vital for the planet and can bring local jobs and lower bills, though I want clear environmental protections and meaningful local consent for things like onshore wind. I’m generally in favour of a 2030 petrol ban and a carbon fee‑and‑dividend, but would want guarantees that transitions are fair for rural and lower‑income people and that revenue is transparently returned; I’m sympathetic to compensating vulnerable countries too, but only with strong accountability so the money actually reaches those harmed."
4,C,peer_message,citizen,1555.0,,1450.0,direct,,climate_policy_package,"[""ClimatePolicyID(1)"", ""ClimatePolicyID(2)"", ""ClimatePolicyID(3)"", ""ClimatePolicyID(4)"", ""ClimatePolicyID(5)"", ""ClimatePolicyID(6)""]","I broadly like the direction of this package — accelerating renewables and making new homes efficient feel sensible and practical, especially if they bring jobs back to the North East — but I want clear phasing, local consent for onshore projects, and guarantees that communities aren’t left worse off. I support banning new fossil‑fuel licences in principle but worry a 2030 petrol‑car ban is too tight without good, affordable EV access and retraining for workers. I back mandated low‑carbon heating/insulation and a carbon fee‑and‑dividend (only if payments reach people directly), and I’m sympathetic to helping vulnerable countries hit by climate change so long as the funds are transparent and don’t shortchange local needs here at home."
4,C,peer_message,citizen,1555.0,,991.0,direct,,climate_policy_package,"[""ClimatePolicyID(1)"", ""ClimatePolicyID(2)"", ""ClimatePolicyID(3)"", ""ClimatePolicyID(4)"", ""ClimatePolicyID(5)"", ""ClimatePolicyID(6)""]","I broadly like the direction of this package — accelerating renewables and making new homes efficient feel sensible and practical, especially if they bring jobs back to the North East — but I want clear phasing, local consent for onshore projects, and guarantees that communities aren’t left worse off. I support banning new fossil‑fuel licences in principle but worry a 2030 petrol‑car ban is too tight without good, affordable EV access and retraining for workers. I back mandated low‑carbon heating/insulation and a carbon fee‑and‑dividend (only if payments reach people directly), and I’m sympathetic to helping vulnerable countries hit by climate change so long as the funds are transparent and don’t shortchange local needs here at home."
4,C,peer_message,citizen,1555.0,,1244.0,direct,,climate_policy_package,"[""ClimatePolicyID(1)"", ""ClimatePolicyID(2)"", ""ClimatePolicyID(3)"", ""ClimatePolicyID(4)"", ""ClimatePolicyID(5)"", ""ClimatePolicyID(6)""]","I broadly like the direction of this package — accelerating renewables and making new homes efficient feel sensible and practical, especially if they bring jobs back to the North East — but I want clear phasing, local consent for onshore projects, and guarantees that communities aren’t left worse off. I support banning new fossil‑fuel licences in principle but worry a 2030 petrol‑car ban is too tight without good, affordable EV access and retraining for workers. I back mandated low‑carbon heating/insulation and a carbon fee‑and‑dividend (only if payments reach people directly), and I’m sympathetic to helping vulnerable countries hit by climate change so long as the funds are transparent and don’t shortchange local needs here at home."
4,C,peer_message,citizen,991.0,,1244.0,direct,,climate_policy_package,"[""ClimatePolicyID(1)"", ""ClimatePolicyID(2)"", ""ClimatePolicyID(3)"", ""ClimatePolicyID(4)"", ""ClimatePolicyID(5)"", ""ClimatePolicyID(6)""]","I’m generally in favour of more renewables and would slightly support accelerating wind if local communities genuinely share the benefits and wildlife impacts are managed, but I’m wary of huge projects imposed from above. I’m mixed on bans: I’d slightly oppose an immediate ban on new oil/gas/coal licences and a 2030 petrol ban because those feel too fast without solid help for jobs, rural charging and low‑income households; I’d slightly support requiring non‑fossil heating, rooftop solar and good insulation on new homes if it doesn’t push up costs for ordinary buyers. I moderately support a carbon fee‑and‑dividend if the money really gets back to people like me, and I slightly support compensation for vulnerable countries — fair in principle, but only if it’s transparent and doesn’t crowd out local needs."
4,C,peer_message,citizen,991.0,,1555.0,direct,,climate_policy_package,"[""ClimatePolicyID(1)"", ""ClimatePolicyID(2)"", ""ClimatePolicyID(3)"", ""ClimatePolicyID(4)"", ""ClimatePolicyID(5)"", ""ClimatePolicyID(6)""]","I’m generally in favour of more renewables and would slightly support accelerating wind if local communities genuinely share the benefits and wildlife impacts are managed, but I’m wary of huge projects imposed from above. I’m mixed on bans: I’d slightly oppose an immediate ban on new oil/gas/coal licences and a 2030 petrol ban because those feel too fast without solid help for jobs, rural charging and low‑income households; I’d slightly support requiring non‑fossil heating, rooftop solar and good insulation on new homes if it doesn’t push up costs for ordinary buyers. I moderately support a carbon fee‑and‑dividend if the money really gets back to people like me, and I slightly support compensation for vulnerable countries — fair in principle, but only if it’s transparent and doesn’t crowd out local needs."
4,C,peer_message,citizen,991.0,,1821.0,direct,,climate_policy_package,"[""ClimatePolicyID(1)"", ""ClimatePolicyID(2)"", ""ClimatePolicyID(3)"", ""ClimatePolicyID(4)"", ""ClimatePolicyID(5)"", ""ClimatePolicyID(6)""]","I’m generally in favour of more renewables and would slightly support accelerating wind if local communities genuinely share the benefits and wildlife impacts are managed, but I’m wary of huge projects imposed from above. I’m mixed on bans: I’d slightly oppose an immediate ban on new oil/gas/coal licences and a 2030 petrol ban because those feel too fast without solid help for jobs, rural charging and low‑income households; I’d slightly support requiring non‑fossil heating, rooftop solar and good insulation on new homes if it doesn’t push up costs for ordinary buyers. I moderately support a carbon fee‑and‑dividend if the money really gets back to people like me, and I slightly support compensation for vulnerable countries — fair in principle, but only if it’s transparent and doesn’t crowd out local needs."
4,C,peer_message,citizen,1244.0,,1450.0,direct,,climate_policy_package,"[""ClimatePolicyID(1)"", ""ClimatePolicyID(2)"", ""ClimatePolicyID(3)"", ""ClimatePolicyID(4)"", ""ClimatePolicyID(5)"", ""ClimatePolicyID(6)""]","I’m firmly in favour of accelerating renewables — more wind power makes sense for jobs, energy security and long-term bills — and I like the fee‑and‑dividend idea because it makes polluters pay while protecting households. I’m wary of immediate bans on new fossil licences and a strict 2030 petrol cutoff; those feel too abrupt and could hurt North Sea jobs and people outside cities unless paired with clear transition support and infrastructure. I’m mildly supportive of tougher standards for new homes if they’re phased and backed by financial help, and I’m open to compensating other countries but only if it’s transparent, targeted and doesn’t shortchange domestic priorities."
4,C,peer_message,citizen,1244.0,,991.0,direct,,climate_policy_package,"[""ClimatePolicyID(1)"", ""ClimatePolicyID(2)"", ""ClimatePolicyID(3)"", ""ClimatePolicyID(4)"", ""ClimatePolicyID(5)"", ""ClimatePolicyID(6)""]","I’m firmly in favour of accelerating renewables — more wind power makes sense for jobs, energy security and long-term bills — and I like the fee‑and‑dividend idea because it makes polluters pay while protecting households. I’m wary of immediate bans on new fossil licences and a strict 2030 petrol cutoff; those feel too abrupt and could hurt North Sea jobs and people outside cities unless paired with clear transition support and infrastructure. I’m mildly supportive of tougher standards for new homes if they’re phased and backed by financial help, and I’m open to compensating other countries but only if it’s transparent, targeted and doesn’t shortchange domestic priorities."
4,C,peer_message,citizen,1244.0,,1555.0,direct,,climate_policy_package,"[""ClimatePolicyID(1)"", ""ClimatePolicyID(2)"", ""ClimatePolicyID(3)"", ""ClimatePolicyID(4)"", ""ClimatePolicyID(5)"", ""ClimatePolicyID(6)""]","I’m firmly in favour of accelerating renewables — more wind power makes sense for jobs, energy security and long-term bills — and I like the fee‑and‑dividend idea because it makes polluters pay while protecting households. I’m wary of immediate bans on new fossil licences and a strict 2030 petrol cutoff; those feel too abrupt and could hurt North Sea jobs and people outside cities unless paired with clear transition support and infrastructure. I’m mildly supportive of tougher standards for new homes if they’re phased and backed by financial help, and I’m open to compensating other countries but only if it’s transparent, targeted and doesn’t shortchange domestic priorities."
4,C,peer_message,citizen,519.0,,1218.0,direct,,climate_policy_package,"[""ClimatePolicyID(1)"", ""ClimatePolicyID(2)"", ""ClimatePolicyID(3)"", ""ClimatePolicyID(4)"", ""ClimatePolicyID(5)"", ""ClimatePolicyID(6)""]","I broadly like the direction of this package because it tackles the climate emergency and protects nature, but I’m cautious about the costs and local impacts. I’d lean support for accelerating renewables if there’s proper local consultation and community benefits; strongly support banning new oil/gas/coal licences (with funded plans for workers and places affected); have mixed/lean support for a 2030 ban on new petrol cars because I worry about affordability and charging for low‑income families; support mandating non‑fossil heating, solar and good insulation in new homes since it should cut bills long‑term; lean support for a carbon fee‑and‑dividend if the payout genuinely protects poorer households; and feel mixed about international compensation — I care about fairness but want clear accountability so it doesn’t leave struggling families here worse off."
4,C,peer_message,citizen,357.0,,1540.0,direct,,climate_policy_package,"[""ClimatePolicyID(1)"", ""ClimatePolicyID(2)"", ""ClimatePolicyID(3)"", ""ClimatePolicyID(4)"", ""ClimatePolicyID(5)"", ""ClimatePolicyID(6)""]","I broadly support ramping up renewables and making new homes green — those feel fair and sensible for the environment and for future bills, though I’d want solid local consultation and guarantees that communities in the North East actually benefit. I’m cautiously in favour of stopping new fossil licences and international compensation, but only if there are funded plans for workers, energy security and clear, transparent aid; I’m more hesitant about a 2030 petrol‑car ban and a carbon tax unless there’s strong, targeted support so low‑income households aren’t left worse off."
4,C,peer_message,citizen,1318.0,,1555.0,direct,,climate_policy_package,"[""ClimatePolicyID(1)"", ""ClimatePolicyID(2)"", ""ClimatePolicyID(3)"", ""ClimatePolicyID(4)"", ""ClimatePolicyID(5)"", ""ClimatePolicyID(6)""]","This package mostly hits the right notes for me — I strongly support accelerating renewables, banning new fossil licences, a 2030 petrol‑car sales ban, and a carbon fee‑and‑dividend because they cut emissions and can be designed to protect households. I moderately back high‑spec standards for new homes so long as subsidies prevent affordability harms, and I’m cautious about compensating people abroad directly—I favour well‑governed international adaptation and loss‑and‑damage funds over poorly targeted payouts."
4,C,peer_message,citizen,1318.0,,1339.0,direct,,climate_policy_package,"[""ClimatePolicyID(1)"", ""ClimatePolicyID(2)"", ""ClimatePolicyID(3)"", ""ClimatePolicyID(4)"", ""ClimatePolicyID(5)"", ""ClimatePolicyID(6)""]","This package mostly hits the right notes for me — I strongly support accelerating renewables, banning new fossil licences, a 2030 petrol‑car sales ban, and a carbon fee‑and‑dividend because they cut emissions and can be designed to protect households. I moderately back high‑spec standards for new homes so long as subsidies prevent affordability harms, and I’m cautious about compensating people abroad directly—I favour well‑governed international adaptation and loss‑and‑damage funds over poorly targeted payouts."
4,C,peer_message,citizen,516.0,,1450.0,direct,,climate_policy_package,"[""ClimatePolicyID(1)"", ""ClimatePolicyID(2)"", ""ClimatePolicyID(3)"", ""ClimatePolicyID(4)"", ""ClimatePolicyID(5)"", ""ClimatePolicyID(6)""]","I’m broadly in favour of strong action on climate — I strongly support accelerating renewables, banning new fossil licences, mandating non‑fossil heating/solar and high insulation in new homes, and a carbon fee‑and‑dividend because those feel practical, fair and protect nature. I’m uneasy about a rigid 2030 ban on new petrol cars without much better charging and support for ordinary and rural households, and I’m sceptical about broad taxpayer‑funded compensation abroad unless it’s tightly targeted, transparent and proven to reach those who really need it."
4,C,peer_message,citizen,516.0,,541.0,direct,,climate_policy_package,"[""ClimatePolicyID(1)"", ""ClimatePolicyID(2)"", ""ClimatePolicyID(3)"", ""ClimatePolicyID(4)"", ""ClimatePolicyID(5)"", ""ClimatePolicyID(6)""]","I’m broadly in favour of strong action on climate — I strongly support accelerating renewables, banning new fossil licences, mandating non‑fossil heating/solar and high insulation in new homes, and a carbon fee‑and‑dividend because those feel practical, fair and protect nature. I’m uneasy about a rigid 2030 ban on new petrol cars without much better charging and support for ordinary and rural households, and I’m sceptical about broad taxpayer‑funded compensation abroad unless it’s tightly targeted, transparent and proven to reach those who really need it."
4,C,peer_message,citizen,1932.0,,1327.0,direct,,climate_policy_package,"[""ClimatePolicyID(1)"", ""ClimatePolicyID(2)"", ""ClimatePolicyID(3)"", ""ClimatePolicyID(4)"", ""ClimatePolicyID(5)"", ""ClimatePolicyID(6)""]","I’m wary of a fast push to lots more wind farms — I can see cheaper bills in the long run but don’t want our coast and countryside blanketed in turbines or short-term job hits in places like the North Sea, so I slightly oppose accelerating renewables without strong local consultation and guarantees. I’m undecided on banning new oil/gas/coal licences and on mandating non‑fossil heating, solar and high insulation for new homes — those ideas could save money over time but worry me if they push up costs or threaten local jobs, so I’d need clear support for households and workers; I slightly oppose a 2030 petrol‑car ban for the same affordability and charging‑infrastructure reasons. I’m open to a carbon tax only if revenues are reliably returned to households to protect low‑income families, and I’m slightly opposed to compensating people abroad with UK public money unless there are strict safeguards and a very clear case that it won’t take resources from people here who are also struggling."
4,C,peer_message,citizen,1327.0,,1932.0,direct,,climate_policy_package,"[""ClimatePolicyID(1)"", ""ClimatePolicyID(2)"", ""ClimatePolicyID(3)"", ""ClimatePolicyID(4)"", ""ClimatePolicyID(5)"", ""ClimatePolicyID(6)""]","I broadly support this package — I want faster rollout of renewables, a ban on new fossil licences, a 2030 petrol‑car cutoff, strong new‑build efficiency rules and a carbon fee‑and‑dividend because they drive the systemic change we need while protecting households if paired with fair subsidies and retraining. I’m enthusiastic about the renewables, new‑build mandates and the dividend idea, but I’m cautious about the 2030 car deadline’s affordability and the international compensation element unless there are clear, accountable safeguards so domestic households and workers aren’t left worse off."
4,C,peer_message,citizen,332.0,,1555.0,direct,,climate_policy_package,"[""ClimatePolicyID(1)"", ""ClimatePolicyID(2)"", ""ClimatePolicyID(3)"", ""ClimatePolicyID(4)"", ""ClimatePolicyID(5)"", ""ClimatePolicyID(6)""]","I’m broadly in favour of speeding up renewables—especially offshore wind that brings jobs and big low‑carbon gains—but I’m wary of large onshore schemes that damage landscapes or lack local consent. I’m tentatively supportive of banning new fossil licences and of tougher home and car standards in principle, but only if they’re phased, properly funded and include retraining and protections so workers and ordinary households aren’t hit unfairly; likewise a carbon fee‑and‑dividend appeals to me if it’s designed to protect lower‑income people. I’m mixed on compensating people abroad—I accept a moral duty to help vulnerable countries, but I want clear, transparent funding and oversight so it doesn’t shortchange domestic needs."
4,C,peer_message,citizen,1540.0,,579.0,direct,,climate_policy_package,"[""ClimatePolicyID(1)"", ""ClimatePolicyID(2)"", ""ClimatePolicyID(3)"", ""ClimatePolicyID(4)"", ""ClimatePolicyID(5)"", ""ClimatePolicyID(6)""]","I’m broadly in favour of speeding up renewables — mainly for energy security and to cut reliance on unstable foreign suppliers — but I’d want rollout to be phased, costed and locally consulted so it doesn’t blow up bills or spoil landscapes. I oppose banning new oil/gas/coal licences right now because the North Sea jobs and energy security matter, and I think shutting things off before alternatives and storage are properly in place is risky. I don’t support a hard 2030 petrol‑car ban — that deadline feels too aggressive and would hit families and small businesses unless EV costs and charging are much more affordable and widespread. I’m sceptical about blanket mandates for non‑fossil heating, solar and high insulation on all new homes — sensible standards make sense, but mandates risk hiking house prices; I’d prefer phased rules plus incentives. I’m wary of a broad carbon fee and dividend: the dividend sounds fair, but I fear costs just get passed on to consumers and complexity creeps in, so I’d favour targeted measures and clear protections for households instead. And I don’t back open‑ended compensation abroad — taxpayer money should prioritise British households first, though I’m sympathetic to targeted aid where it’s clearly justified and costed."
4,C,peer_message,citizen,1540.0,,357.0,direct,,climate_policy_package,"[""ClimatePolicyID(1)"", ""ClimatePolicyID(2)"", ""ClimatePolicyID(3)"", ""ClimatePolicyID(4)"", ""ClimatePolicyID(5)"", ""ClimatePolicyID(6)""]","I’m broadly in favour of speeding up renewables — mainly for energy security and to cut reliance on unstable foreign suppliers — but I’d want rollout to be phased, costed and locally consulted so it doesn’t blow up bills or spoil landscapes. I oppose banning new oil/gas/coal licences right now because the North Sea jobs and energy security matter, and I think shutting things off before alternatives and storage are properly in place is risky. I don’t support a hard 2030 petrol‑car ban — that deadline feels too aggressive and would hit families and small businesses unless EV costs and charging are much more affordable and widespread. I’m sceptical about blanket mandates for non‑fossil heating, solar and high insulation on all new homes — sensible standards make sense, but mandates risk hiking house prices; I’d prefer phased rules plus incentives. I’m wary of a broad carbon fee and dividend: the dividend sounds fair, but I fear costs just get passed on to consumers and complexity creeps in, so I’d favour targeted measures and clear protections for households instead. And I don’t back open‑ended compensation abroad — taxpayer money should prioritise British households first, though I’m sympathetic to targeted aid where it’s clearly justified and costed."
4,C,peer_message,citizen,1540.0,,1545.0,direct,,climate_policy_package,"[""ClimatePolicyID(1)"", ""ClimatePolicyID(2)"", ""ClimatePolicyID(3)"", ""ClimatePolicyID(4)"", ""ClimatePolicyID(5)"", ""ClimatePolicyID(6)""]","I’m broadly in favour of speeding up renewables — mainly for energy security and to cut reliance on unstable foreign suppliers — but I’d want rollout to be phased, costed and locally consulted so it doesn’t blow up bills or spoil landscapes. I oppose banning new oil/gas/coal licences right now because the North Sea jobs and energy security matter, and I think shutting things off before alternatives and storage are properly in place is risky. I don’t support a hard 2030 petrol‑car ban — that deadline feels too aggressive and would hit families and small businesses unless EV costs and charging are much more affordable and widespread. I’m sceptical about blanket mandates for non‑fossil heating, solar and high insulation on all new homes — sensible standards make sense, but mandates risk hiking house prices; I’d prefer phased rules plus incentives. I’m wary of a broad carbon fee and dividend: the dividend sounds fair, but I fear costs just get passed on to consumers and complexity creeps in, so I’d favour targeted measures and clear protections for households instead. And I don’t back open‑ended compensation abroad — taxpayer money should prioritise British households first, though I’m sympathetic to targeted aid where it’s clearly justified and costed."
4,C,peer_message,citizen,529.0,,1309.0,direct,,climate_policy_package,"[""ClimatePolicyID(1)"", ""ClimatePolicyID(2)"", ""ClimatePolicyID(3)"", ""ClimatePolicyID(4)"", ""ClimatePolicyID(5)"", ""ClimatePolicyID(6)""]","I broadly support this package — I like the strong push for renewables, tougher licensing limits, and cleaner homes because they pair climate action with job creation and long‑term cost savings, though I want clear plans for worker retraining and rural measures (like EV charging) so nobody’s left behind. I’m cautiously in favour of the 2030 petrol‑car ban and mandates on new housing if they come with targeted financial support for lower‑income households and homeowners; a carbon fee‑and‑dividend appeals to me in principle but only if it’s transparent and genuinely redistributive. I also sympathise with compensating climate‑impacted people abroad, but I’d want strict accountability and evidence that funds reach those who need them most rather than getting lost in bureaucracy."
4,C,peer_message,citizen,1339.0,,1218.0,direct,,climate_policy_package,"[""ClimatePolicyID(1)"", ""ClimatePolicyID(2)"", ""ClimatePolicyID(3)"", ""ClimatePolicyID(4)"", ""ClimatePolicyID(5)"", ""ClimatePolicyID(6)""]","I broadly support the direction of this package — I want faster renewables, cleaner homes and a price on carbon — but I’m cautious about moving too fast or doing it in ways that push up bills, cost jobs, or damage wildlife and cherished landscapes. I’d slightly oppose an immediate ban on new fossil licences and be cautious about a hard 2030 car cutoff and strict housing mandates unless they’re phased, well‑funded (subsidies, chargers, job‑transition support) and include strong nature protections and genuine local consultation; I’m also broadly in favour of fee‑and‑dividend and international compensation in principle, provided governance is transparent and the money actually reaches those who need it."
4,C,peer_message,citizen,1339.0,,1821.0,direct,,climate_policy_package,"[""ClimatePolicyID(1)"", ""ClimatePolicyID(2)"", ""ClimatePolicyID(3)"", ""ClimatePolicyID(4)"", ""ClimatePolicyID(5)"", ""ClimatePolicyID(6)""]","I broadly support the direction of this package — I want faster renewables, cleaner homes and a price on carbon — but I’m cautious about moving too fast or doing it in ways that push up bills, cost jobs, or damage wildlife and cherished landscapes. I’d slightly oppose an immediate ban on new fossil licences and be cautious about a hard 2030 car cutoff and strict housing mandates unless they’re phased, well‑funded (subsidies, chargers, job‑transition support) and include strong nature protections and genuine local consultation; I’m also broadly in favour of fee‑and‑dividend and international compensation in principle, provided governance is transparent and the money actually reaches those who need it."
4,C,peer_message,citizen,1339.0,,1318.0,direct,,climate_policy_package,"[""ClimatePolicyID(1)"", ""ClimatePolicyID(2)"", ""ClimatePolicyID(3)"", ""ClimatePolicyID(4)"", ""ClimatePolicyID(5)"", ""ClimatePolicyID(6)""]","I broadly support the direction of this package — I want faster renewables, cleaner homes and a price on carbon — but I’m cautious about moving too fast or doing it in ways that push up bills, cost jobs, or damage wildlife and cherished landscapes. I’d slightly oppose an immediate ban on new fossil licences and be cautious about a hard 2030 car cutoff and strict housing mandates unless they’re phased, well‑funded (subsidies, chargers, job‑transition support) and include strong nature protections and genuine local consultation; I’m also broadly in favour of fee‑and‑dividend and international compensation in principle, provided governance is transparent and the money actually reaches those who need it."
4,C,peer_message,citizen,1730.0,,1309.0,direct,,climate_policy_package,"[""ClimatePolicyID(1)"", ""ClimatePolicyID(2)"", ""ClimatePolicyID(3)"", ""ClimatePolicyID(4)"", ""ClimatePolicyID(5)"", ""ClimatePolicyID(6)""]","I’m broadly in favour of accelerating renewables like more wind where it’s sensible — it helps energy security — but I want good local consultation and careful pacing so costs and landscape impacts don’t get dumped on communities. I’m uneasy about an outright ban on new oil/gas/coal licences right now because of jobs and resilience in places like the North Sea; I’d prefer a managed, phased approach. A 2030 petrol‑car ban feels ambitious to me given EV affordability and charging gaps, so I’m cautious rather than supportive; tougher targets would be OK if the infrastructure and help for lower‑income buyers are clearly in place. I somewhat support strict standards for new homes (non‑fossil heating, rooftop solar, high insulation) because it avoids expensive retrofits later, though I’d want transitional support for small builders to avoid pushing up prices. I’m open to a carbon fee‑and‑dividend in principle since the dividend protects households, but I’m undecided until I see strong designs that avoid unfair regional or industry shocks and guarantee the revenue is distributed fairly. I’m sympathetic to helping people overseas hit by climate impacts in principle, but I’d only back significant UK spending if there’s clear accountability and evidence the money actually helps those in need without undermining support for domestic priorities."
4,C,peer_message,citizen,485.0,,541.0,direct,,climate_policy_package,"[""ClimatePolicyID(1)"", ""ClimatePolicyID(2)"", ""ClimatePolicyID(3)"", ""ClimatePolicyID(4)"", ""ClimatePolicyID(5)"", ""ClimatePolicyID(6)""]","I generally support this package — I like ramping up renewables and banning new fossil licences because they feel like practical, fair steps to protect the planet for future generations, though I want local environmental and community impacts properly considered. I’m cautiously positive about the 2030 petrol‑car ban and the strong new‑build standards, provided there’s solid, targeted support so lower‑income families aren’t left worse off; the carbon fee‑and‑dividend appeals to me in principle but I worry about implementation and fairness. I also agree richer, high‑emitting countries should help vulnerable people overseas, but I’m sceptical about large international funds unless there’s clear accountability so the money actually reaches those affected."
4,C,peer_message,citizen,485.0,,1450.0,direct,,climate_policy_package,"[""ClimatePolicyID(1)"", ""ClimatePolicyID(2)"", ""ClimatePolicyID(3)"", ""ClimatePolicyID(4)"", ""ClimatePolicyID(5)"", ""ClimatePolicyID(6)""]","I generally support this package — I like ramping up renewables and banning new fossil licences because they feel like practical, fair steps to protect the planet for future generations, though I want local environmental and community impacts properly considered. I’m cautiously positive about the 2030 petrol‑car ban and the strong new‑build standards, provided there’s solid, targeted support so lower‑income families aren’t left worse off; the carbon fee‑and‑dividend appeals to me in principle but I worry about implementation and fairness. I also agree richer, high‑emitting countries should help vulnerable people overseas, but I’m sceptical about large international funds unless there’s clear accountability so the money actually reaches those affected."
4,C,peer_message,citizen,1450.0,,1555.0,direct,,climate_policy_package,"[""ClimatePolicyID(1)"", ""ClimatePolicyID(2)"", ""ClimatePolicyID(3)"", ""ClimatePolicyID(4)"", ""ClimatePolicyID(5)"", ""ClimatePolicyID(6)""]","I broadly support this package — I’m especially keen on rapidly expanding renewables and banning new fossil licences because they’re practical, systemic steps that protect nature and create local benefits. I cautiously back mandating low‑carbon standards for new homes and a carbon fee‑and‑dividend (the dividend makes it fairer), but the 2030 petrol‑car ban only has my moderate support unless it comes with strong, well‑targeted help for rural and lower‑income households; I also support compensating vulnerable countries as long as there are strict transparency and delivery safeguards."
4,C,peer_message,citizen,1450.0,,485.0,direct,,climate_policy_package,"[""ClimatePolicyID(1)"", ""ClimatePolicyID(2)"", ""ClimatePolicyID(3)"", ""ClimatePolicyID(4)"", ""ClimatePolicyID(5)"", ""ClimatePolicyID(6)""]","I broadly support this package — I’m especially keen on rapidly expanding renewables and banning new fossil licences because they’re practical, systemic steps that protect nature and create local benefits. I cautiously back mandating low‑carbon standards for new homes and a carbon fee‑and‑dividend (the dividend makes it fairer), but the 2030 petrol‑car ban only has my moderate support unless it comes with strong, well‑targeted help for rural and lower‑income households; I also support compensating vulnerable countries as long as there are strict transparency and delivery safeguards."
4,C,peer_message,citizen,1450.0,,1244.0,direct,,climate_policy_package,"[""ClimatePolicyID(1)"", ""ClimatePolicyID(2)"", ""ClimatePolicyID(3)"", ""ClimatePolicyID(4)"", ""ClimatePolicyID(5)"", ""ClimatePolicyID(6)""]","I broadly support this package — I’m especially keen on rapidly expanding renewables and banning new fossil licences because they’re practical, systemic steps that protect nature and create local benefits. I cautiously back mandating low‑carbon standards for new homes and a carbon fee‑and‑dividend (the dividend makes it fairer), but the 2030 petrol‑car ban only has my moderate support unless it comes with strong, well‑targeted help for rural and lower‑income households; I also support compensating vulnerable countries as long as there are strict transparency and delivery safeguards."
4,C,peer_message,citizen,579.0,,1540.0,direct,,climate_policy_package,"[""ClimatePolicyID(1)"", ""ClimatePolicyID(2)"", ""ClimatePolicyID(3)"", ""ClimatePolicyID(4)"", ""ClimatePolicyID(5)"", ""ClimatePolicyID(6)""]","I broadly support this package but with practical caveats: I’m for faster renewables and stopping new fossil licences because we owe it to future generations, though both need strong local consultation, fair benefit‑sharing and funded transition plans for affected workers and communities here in Wales. I back a 2030 petrol‑car ban and green building mandates in principle, but only if paired with major investment in charging, grid upgrades, subsidies or phased implementation so lower‑income families and rural households aren’t hit unfairly. I like the fairness idea of fee‑and‑dividend if it’s transparent and genuinely protects the worst off, and I’m sympathetic to helping people overseas harmed by climate change — again provided any payments are targeted, accountable and don’t short‑change domestic support."
4,C,peer_message,citizen,579.0,,1218.0,direct,,climate_policy_package,"[""ClimatePolicyID(1)"", ""ClimatePolicyID(2)"", ""ClimatePolicyID(3)"", ""ClimatePolicyID(4)"", ""ClimatePolicyID(5)"", ""ClimatePolicyID(6)""]","I broadly support this package but with practical caveats: I’m for faster renewables and stopping new fossil licences because we owe it to future generations, though both need strong local consultation, fair benefit‑sharing and funded transition plans for affected workers and communities here in Wales. I back a 2030 petrol‑car ban and green building mandates in principle, but only if paired with major investment in charging, grid upgrades, subsidies or phased implementation so lower‑income families and rural households aren’t hit unfairly. I like the fairness idea of fee‑and‑dividend if it’s transparent and genuinely protects the worst off, and I’m sympathetic to helping people overseas harmed by climate change — again provided any payments are targeted, accountable and don’t short‑change domestic support."
4,C,peer_message,citizen,579.0,,528.0,direct,,climate_policy_package,"[""ClimatePolicyID(1)"", ""ClimatePolicyID(2)"", ""ClimatePolicyID(3)"", ""ClimatePolicyID(4)"", ""ClimatePolicyID(5)"", ""ClimatePolicyID(6)""]","I broadly support this package but with practical caveats: I’m for faster renewables and stopping new fossil licences because we owe it to future generations, though both need strong local consultation, fair benefit‑sharing and funded transition plans for affected workers and communities here in Wales. I back a 2030 petrol‑car ban and green building mandates in principle, but only if paired with major investment in charging, grid upgrades, subsidies or phased implementation so lower‑income families and rural households aren’t hit unfairly. I like the fairness idea of fee‑and‑dividend if it’s transparent and genuinely protects the worst off, and I’m sympathetic to helping people overseas harmed by climate change — again provided any payments are targeted, accountable and don’t short‑change domestic support."
5,P-A,political_broadcast,political_agent,agent_a,pro_climate,1923.0,broadcast,,climate_policy_package,"[""ClimatePolicyID(1)"", ""ClimatePolicyID(2)"", ""ClimatePolicyID(3)"", ""ClimatePolicyID(4)"", ""ClimatePolicyID(5)"", ""ClimatePolicyID(6)""]","Real hope, real change — that's what a fairer, greener Britain looks like in practice. I strongly support a bold, joined-up set of policies: accelerate renewable energy now — more onshore and offshore wind parks — and immediately stop issuing new oil, gas and coal licences. Renewable power is cheaper and cleaner, and ending new fossil extraction stops the cycle that keeps bills and emissions high.

I also strongly support banning the sale of new petrol cars by 2030 and making every new housing development non-fossil-fuelled, with rooftop solar and high levels of insulation. Together these measures cut household bills, create local jobs in retrofit and renewables, and give renters and owners warm, healthy homes.

To make the transition fair, I back a carbon fee-and-dividend: tax fossil fuel sales and return revenue to people, protecting low-income households while shifting costs onto polluters. And because climate breakdown is global and we have a responsibility to act, I support compensating communities abroad suffering from climate impacts — solidarity that builds trust and justice.

This package is coherent: public investment in renewables, strong standards for homes and transport, polluter pays, and international solidarity. It’s about putting people and planet before profit — fairer, greener communities and a secure future for everyone."
5,P-A,political_broadcast,political_agent,agent_a,pro_climate,528.0,broadcast,,climate_policy_package,"[""ClimatePolicyID(1)"", ""ClimatePolicyID(2)"", ""ClimatePolicyID(3)"", ""ClimatePolicyID(4)"", ""ClimatePolicyID(5)"", ""ClimatePolicyID(6)""]","Real hope, real change — that's what a fairer, greener Britain looks like in practice. I strongly support a bold, joined-up set of policies: accelerate renewable energy now — more onshore and offshore wind parks — and immediately stop issuing new oil, gas and coal licences. Renewable power is cheaper and cleaner, and ending new fossil extraction stops the cycle that keeps bills and emissions high.

I also strongly support banning the sale of new petrol cars by 2030 and making every new housing development non-fossil-fuelled, with rooftop solar and high levels of insulation. Together these measures cut household bills, create local jobs in retrofit and renewables, and give renters and owners warm, healthy homes.

To make the transition fair, I back a carbon fee-and-dividend: tax fossil fuel sales and return revenue to people, protecting low-income households while shifting costs onto polluters. And because climate breakdown is global and we have a responsibility to act, I support compensating communities abroad suffering from climate impacts — solidarity that builds trust and justice.

This package is coherent: public investment in renewables, strong standards for homes and transport, polluter pays, and international solidarity. It’s about putting people and planet before profit — fairer, greener communities and a secure future for everyone."
5,P-A,political_broadcast,political_agent,agent_a,pro_climate,991.0,broadcast,,climate_policy_package,"[""ClimatePolicyID(1)"", ""ClimatePolicyID(2)"", ""ClimatePolicyID(3)"", ""ClimatePolicyID(4)"", ""ClimatePolicyID(5)"", ""ClimatePolicyID(6)""]","Real hope, real change — that's what a fairer, greener Britain looks like in practice. I strongly support a bold, joined-up set of policies: accelerate renewable energy now — more onshore and offshore wind parks — and immediately stop issuing new oil, gas and coal licences. Renewable power is cheaper and cleaner, and ending new fossil extraction stops the cycle that keeps bills and emissions high.

I also strongly support banning the sale of new petrol cars by 2030 and making every new housing development non-fossil-fuelled, with rooftop solar and high levels of insulation. Together these measures cut household bills, create local jobs in retrofit and renewables, and give renters and owners warm, healthy homes.

To make the transition fair, I back a carbon fee-and-dividend: tax fossil fuel sales and return revenue to people, protecting low-income households while shifting costs onto polluters. And because climate breakdown is global and we have a responsibility to act, I support compensating communities abroad suffering from climate impacts — solidarity that builds trust and justice.

This package is coherent: public investment in renewables, strong standards for homes and transport, polluter pays, and international solidarity. It’s about putting people and planet before profit — fairer, greener communities and a secure future for everyone."
5,P-A,political_broadcast,political_agent,agent_a,pro_climate,1244.0,broadcast,,climate_policy_package,"[""ClimatePolicyID(1)"", ""ClimatePolicyID(2)"", ""ClimatePolicyID(3)"", ""ClimatePolicyID(4)"", ""ClimatePolicyID(5)"", ""ClimatePolicyID(6)""]","Real hope, real change — that's what a fairer, greener Britain looks like in practice. I strongly support a bold, joined-up set of policies: accelerate renewable energy now — more onshore and offshore wind parks — and immediately stop issuing new oil, gas and coal licences. Renewable power is cheaper and cleaner, and ending new fossil extraction stops the cycle that keeps bills and emissions high.

I also strongly support banning the sale of new petrol cars by 2030 and making every new housing development non-fossil-fuelled, with rooftop solar and high levels of insulation. Together these measures cut household bills, create local jobs in retrofit and renewables, and give renters and owners warm, healthy homes.

To make the transition fair, I back a carbon fee-and-dividend: tax fossil fuel sales and return revenue to people, protecting low-income households while shifting costs onto polluters. And because climate breakdown is global and we have a responsibility to act, I support compensating communities abroad suffering from climate impacts — solidarity that builds trust and justice.

This package is coherent: public investment in renewables, strong standards for homes and transport, polluter pays, and international solidarity. It’s about putting people and planet before profit — fairer, greener communities and a secure future for everyone."
5,P-A,political_broadcast,political_agent,agent_a,pro_climate,1318.0,broadcast,,climate_policy_package,"[""ClimatePolicyID(1)"", ""ClimatePolicyID(2)"", ""ClimatePolicyID(3)"", ""ClimatePolicyID(4)"", ""ClimatePolicyID(5)"", ""ClimatePolicyID(6)""]","Real hope, real change — that's what a fairer, greener Britain looks like in practice. I strongly support a bold, joined-up set of policies: accelerate renewable energy now — more onshore and offshore wind parks — and immediately stop issuing new oil, gas and coal licences. Renewable power is cheaper and cleaner, and ending new fossil extraction stops the cycle that keeps bills and emissions high.

I also strongly support banning the sale of new petrol cars by 2030 and making every new housing development non-fossil-fuelled, with rooftop solar and high levels of insulation. Together these measures cut household bills, create local jobs in retrofit and renewables, and give renters and owners warm, healthy homes.

To make the transition fair, I back a carbon fee-and-dividend: tax fossil fuel sales and return revenue to people, protecting low-income households while shifting costs onto polluters. And because climate breakdown is global and we have a responsibility to act, I support compensating communities abroad suffering from climate impacts — solidarity that builds trust and justice.

This package is coherent: public investment in renewables, strong standards for homes and transport, polluter pays, and international solidarity. It’s about putting people and planet before profit — fairer, greener communities and a secure future for everyone."
5,P-A,political_broadcast,political_agent,agent_a,pro_climate,1450.0,broadcast,,climate_policy_package,"[""ClimatePolicyID(1)"", ""ClimatePolicyID(2)"", ""ClimatePolicyID(3)"", ""ClimatePolicyID(4)"", ""ClimatePolicyID(5)"", ""ClimatePolicyID(6)""]","Real hope, real change — that's what a fairer, greener Britain looks like in practice. I strongly support a bold, joined-up set of policies: accelerate renewable energy now — more onshore and offshore wind parks — and immediately stop issuing new oil, gas and coal licences. Renewable power is cheaper and cleaner, and ending new fossil extraction stops the cycle that keeps bills and emissions high.

I also strongly support banning the sale of new petrol cars by 2030 and making every new housing development non-fossil-fuelled, with rooftop solar and high levels of insulation. Together these measures cut household bills, create local jobs in retrofit and renewables, and give renters and owners warm, healthy homes.

To make the transition fair, I back a carbon fee-and-dividend: tax fossil fuel sales and return revenue to people, protecting low-income households while shifting costs onto polluters. And because climate breakdown is global and we have a responsibility to act, I support compensating communities abroad suffering from climate impacts — solidarity that builds trust and justice.

This package is coherent: public investment in renewables, strong standards for homes and transport, polluter pays, and international solidarity. It’s about putting people and planet before profit — fairer, greener communities and a secure future for everyone."
5,P-B,political_broadcast,political_agent,agent_b,anti_climate,541.0,broadcast,,climate_policy_package,"[""ClimatePolicyID(1)"", ""ClimatePolicyID(2)"", ""ClimatePolicyID(3)"", ""ClimatePolicyID(4)"", ""ClimatePolicyID(5)"", ""ClimatePolicyID(6)""]","I strongly oppose this entire package of climate prescriptions. It’s not a coherent plan — it’s an ideological assault on ordinary people dressed up as “green” virtue-signalling. Forcing through an accelerated roll-out of wind farms and slapping bans on new oil, gas and coal licences will hollow out our energy security and hike bills, especially for the North Sea workforce and the communities that depend on it. Banning petrol cars by 2030 and mandating electric-ready homes with rooftop solar, exotic heating systems and top-tier insulation sounds fine in Westminster seminars, but in reality it shoves huge upfront costs onto hard-working families, small businesses and first-time buyers who can’t afford to retrofit or replace their cars on command.

A carbon tax with a rebate sounds clever on paper, but it just institutionalises a new hidden tax on heating and transport that households invariably feel long before any modest dividend arrives. Compensating other countries might win applause at UN conferences, but it’s taxpayers here who are being asked to foot the bill while our own infrastructure and living standards suffer.

This package treats Britain as a moral exhibit for global elites rather than a nation that must protect jobs, keep bills down and preserve practical freedoms like driving. Scrap the diktat — prioritise domestic energy production, strip green levies from bills and put common sense back at the heart of policy. Net Zero is net poverty; we should be restoring Britain’s power and prosperity instead."
5,P-B,political_broadcast,political_agent,agent_b,anti_climate,1545.0,broadcast,,climate_policy_package,"[""ClimatePolicyID(1)"", ""ClimatePolicyID(2)"", ""ClimatePolicyID(3)"", ""ClimatePolicyID(4)"", ""ClimatePolicyID(5)"", ""ClimatePolicyID(6)""]","I strongly oppose this entire package of climate prescriptions. It’s not a coherent plan — it’s an ideological assault on ordinary people dressed up as “green” virtue-signalling. Forcing through an accelerated roll-out of wind farms and slapping bans on new oil, gas and coal licences will hollow out our energy security and hike bills, especially for the North Sea workforce and the communities that depend on it. Banning petrol cars by 2030 and mandating electric-ready homes with rooftop solar, exotic heating systems and top-tier insulation sounds fine in Westminster seminars, but in reality it shoves huge upfront costs onto hard-working families, small businesses and first-time buyers who can’t afford to retrofit or replace their cars on command.

A carbon tax with a rebate sounds clever on paper, but it just institutionalises a new hidden tax on heating and transport that households invariably feel long before any modest dividend arrives. Compensating other countries might win applause at UN conferences, but it’s taxpayers here who are being asked to foot the bill while our own infrastructure and living standards suffer.

This package treats Britain as a moral exhibit for global elites rather than a nation that must protect jobs, keep bills down and preserve practical freedoms like driving. Scrap the diktat — prioritise domestic energy production, strip green levies from bills and put common sense back at the heart of policy. Net Zero is net poverty; we should be restoring Britain’s power and prosperity instead."
5,P-B,political_broadcast,political_agent,agent_b,anti_climate,1821.0,broadcast,,climate_policy_package,"[""ClimatePolicyID(1)"", ""ClimatePolicyID(2)"", ""ClimatePolicyID(3)"", ""ClimatePolicyID(4)"", ""ClimatePolicyID(5)"", ""ClimatePolicyID(6)""]","I strongly oppose this entire package of climate prescriptions. It’s not a coherent plan — it’s an ideological assault on ordinary people dressed up as “green” virtue-signalling. Forcing through an accelerated roll-out of wind farms and slapping bans on new oil, gas and coal licences will hollow out our energy security and hike bills, especially for the North Sea workforce and the communities that depend on it. Banning petrol cars by 2030 and mandating electric-ready homes with rooftop solar, exotic heating systems and top-tier insulation sounds fine in Westminster seminars, but in reality it shoves huge upfront costs onto hard-working families, small businesses and first-time buyers who can’t afford to retrofit or replace their cars on command.

A carbon tax with a rebate sounds clever on paper, but it just institutionalises a new hidden tax on heating and transport that households invariably feel long before any modest dividend arrives. Compensating other countries might win applause at UN conferences, but it’s taxpayers here who are being asked to foot the bill while our own infrastructure and living standards suffer.

This package treats Britain as a moral exhibit for global elites rather than a nation that must protect jobs, keep bills down and preserve practical freedoms like driving. Scrap the diktat — prioritise domestic energy production, strip green levies from bills and put common sense back at the heart of policy. Net Zero is net poverty; we should be restoring Britain’s power and prosperity instead."
5,P-B,political_broadcast,political_agent,agent_b,anti_climate,574.0,broadcast,,climate_policy_package,"[""ClimatePolicyID(1)"", ""ClimatePolicyID(2)"", ""ClimatePolicyID(3)"", ""ClimatePolicyID(4)"", ""ClimatePolicyID(5)"", ""ClimatePolicyID(6)""]","I strongly oppose this entire package of climate prescriptions. It’s not a coherent plan — it’s an ideological assault on ordinary people dressed up as “green” virtue-signalling. Forcing through an accelerated roll-out of wind farms and slapping bans on new oil, gas and coal licences will hollow out our energy security and hike bills, especially for the North Sea workforce and the communities that depend on it. Banning petrol cars by 2030 and mandating electric-ready homes with rooftop solar, exotic heating systems and top-tier insulation sounds fine in Westminster seminars, but in reality it shoves huge upfront costs onto hard-working families, small businesses and first-time buyers who can’t afford to retrofit or replace their cars on command.

A carbon tax with a rebate sounds clever on paper, but it just institutionalises a new hidden tax on heating and transport that households invariably feel long before any modest dividend arrives. Compensating other countries might win applause at UN conferences, but it’s taxpayers here who are being asked to foot the bill while our own infrastructure and living standards suffer.

This package treats Britain as a moral exhibit for global elites rather than a nation that must protect jobs, keep bills down and preserve practical freedoms like driving. Scrap the diktat — prioritise domestic energy production, strip green levies from bills and put common sense back at the heart of policy. Net Zero is net poverty; we should be restoring Britain’s power and prosperity instead."
5,P-B,political_broadcast,political_agent,agent_b,anti_climate,771.0,broadcast,,climate_policy_package,"[""ClimatePolicyID(1)"", ""ClimatePolicyID(2)"", ""ClimatePolicyID(3)"", ""ClimatePolicyID(4)"", ""ClimatePolicyID(5)"", ""ClimatePolicyID(6)""]","I strongly oppose this entire package of climate prescriptions. It’s not a coherent plan — it’s an ideological assault on ordinary people dressed up as “green” virtue-signalling. Forcing through an accelerated roll-out of wind farms and slapping bans on new oil, gas and coal licences will hollow out our energy security and hike bills, especially for the North Sea workforce and the communities that depend on it. Banning petrol cars by 2030 and mandating electric-ready homes with rooftop solar, exotic heating systems and top-tier insulation sounds fine in Westminster seminars, but in reality it shoves huge upfront costs onto hard-working families, small businesses and first-time buyers who can’t afford to retrofit or replace their cars on command.

A carbon tax with a rebate sounds clever on paper, but it just institutionalises a new hidden tax on heating and transport that households invariably feel long before any modest dividend arrives. Compensating other countries might win applause at UN conferences, but it’s taxpayers here who are being asked to foot the bill while our own infrastructure and living standards suffer.

This package treats Britain as a moral exhibit for global elites rather than a nation that must protect jobs, keep bills down and preserve practical freedoms like driving. Scrap the diktat — prioritise domestic energy production, strip green levies from bills and put common sense back at the heart of policy. Net Zero is net poverty; we should be restoring Britain’s power and prosperity instead."
5,P-B,political_broadcast,political_agent,agent_b,anti_climate,991.0,broadcast,,climate_policy_package,"[""ClimatePolicyID(1)"", ""ClimatePolicyID(2)"", ""ClimatePolicyID(3)"", ""ClimatePolicyID(4)"", ""ClimatePolicyID(5)"", ""ClimatePolicyID(6)""]","I strongly oppose this entire package of climate prescriptions. It’s not a coherent plan — it’s an ideological assault on ordinary people dressed up as “green” virtue-signalling. Forcing through an accelerated roll-out of wind farms and slapping bans on new oil, gas and coal licences will hollow out our energy security and hike bills, especially for the North Sea workforce and the communities that depend on it. Banning petrol cars by 2030 and mandating electric-ready homes with rooftop solar, exotic heating systems and top-tier insulation sounds fine in Westminster seminars, but in reality it shoves huge upfront costs onto hard-working families, small businesses and first-time buyers who can’t afford to retrofit or replace their cars on command.

A carbon tax with a rebate sounds clever on paper, but it just institutionalises a new hidden tax on heating and transport that households invariably feel long before any modest dividend arrives. Compensating other countries might win applause at UN conferences, but it’s taxpayers here who are being asked to foot the bill while our own infrastructure and living standards suffer.

This package treats Britain as a moral exhibit for global elites rather than a nation that must protect jobs, keep bills down and preserve practical freedoms like driving. Scrap the diktat — prioritise domestic energy production, strip green levies from bills and put common sense back at the heart of policy. Net Zero is net poverty; we should be restoring Britain’s power and prosperity instead."
5,P-B,political_broadcast,political_agent,agent_b,anti_climate,164.0,broadcast,,climate_policy_package,"[""ClimatePolicyID(1)"", ""ClimatePolicyID(2)"", ""ClimatePolicyID(3)"", ""ClimatePolicyID(4)"", ""ClimatePolicyID(5)"", ""ClimatePolicyID(6)""]","I strongly oppose this entire package of climate prescriptions. It’s not a coherent plan — it’s an ideological assault on ordinary people dressed up as “green” virtue-signalling. Forcing through an accelerated roll-out of wind farms and slapping bans on new oil, gas and coal licences will hollow out our energy security and hike bills, especially for the North Sea workforce and the communities that depend on it. Banning petrol cars by 2030 and mandating electric-ready homes with rooftop solar, exotic heating systems and top-tier insulation sounds fine in Westminster seminars, but in reality it shoves huge upfront costs onto hard-working families, small businesses and first-time buyers who can’t afford to retrofit or replace their cars on command.

A carbon tax with a rebate sounds clever on paper, but it just institutionalises a new hidden tax on heating and transport that households invariably feel long before any modest dividend arrives. Compensating other countries might win applause at UN conferences, but it’s taxpayers here who are being asked to foot the bill while our own infrastructure and living standards suffer.

This package treats Britain as a moral exhibit for global elites rather than a nation that must protect jobs, keep bills down and preserve practical freedoms like driving. Scrap the diktat — prioritise domestic energy production, strip green levies from bills and put common sense back at the heart of policy. Net Zero is net poverty; we should be restoring Britain’s power and prosperity instead."
5,P-B,political_broadcast,political_agent,agent_b,anti_climate,1244.0,broadcast,,climate_policy_package,"[""ClimatePolicyID(1)"", ""ClimatePolicyID(2)"", ""ClimatePolicyID(3)"", ""ClimatePolicyID(4)"", ""ClimatePolicyID(5)"", ""ClimatePolicyID(6)""]","I strongly oppose this entire package of climate prescriptions. It’s not a coherent plan — it’s an ideological assault on ordinary people dressed up as “green” virtue-signalling. Forcing through an accelerated roll-out of wind farms and slapping bans on new oil, gas and coal licences will hollow out our energy security and hike bills, especially for the North Sea workforce and the communities that depend on it. Banning petrol cars by 2030 and mandating electric-ready homes with rooftop solar, exotic heating systems and top-tier insulation sounds fine in Westminster seminars, but in reality it shoves huge upfront costs onto hard-working families, small businesses and first-time buyers who can’t afford to retrofit or replace their cars on command.

A carbon tax with a rebate sounds clever on paper, but it just institutionalises a new hidden tax on heating and transport that households invariably feel long before any modest dividend arrives. Compensating other countries might win applause at UN conferences, but it’s taxpayers here who are being asked to foot the bill while our own infrastructure and living standards suffer.

This package treats Britain as a moral exhibit for global elites rather than a nation that must protect jobs, keep bills down and preserve practical freedoms like driving. Scrap the diktat — prioritise domestic energy production, strip green levies from bills and put common sense back at the heart of policy. Net Zero is net poverty; we should be restoring Britain’s power and prosperity instead."
5,P-B,political_broadcast,political_agent,agent_b,anti_climate,853.0,broadcast,,climate_policy_package,"[""ClimatePolicyID(1)"", ""ClimatePolicyID(2)"", ""ClimatePolicyID(3)"", ""ClimatePolicyID(4)"", ""ClimatePolicyID(5)"", ""ClimatePolicyID(6)""]","I strongly oppose this entire package of climate prescriptions. It’s not a coherent plan — it’s an ideological assault on ordinary people dressed up as “green” virtue-signalling. Forcing through an accelerated roll-out of wind farms and slapping bans on new oil, gas and coal licences will hollow out our energy security and hike bills, especially for the North Sea workforce and the communities that depend on it. Banning petrol cars by 2030 and mandating electric-ready homes with rooftop solar, exotic heating systems and top-tier insulation sounds fine in Westminster seminars, but in reality it shoves huge upfront costs onto hard-working families, small businesses and first-time buyers who can’t afford to retrofit or replace their cars on command.

A carbon tax with a rebate sounds clever on paper, but it just institutionalises a new hidden tax on heating and transport that households invariably feel long before any modest dividend arrives. Compensating other countries might win applause at UN conferences, but it’s taxpayers here who are being asked to foot the bill while our own infrastructure and living standards suffer.

This package treats Britain as a moral exhibit for global elites rather than a nation that must protect jobs, keep bills down and preserve practical freedoms like driving. Scrap the diktat — prioritise domestic energy production, strip green levies from bills and put common sense back at the heart of policy. Net Zero is net poverty; we should be restoring Britain’s power and prosperity instead."
5,P-B,political_broadcast,political_agent,agent_b,anti_climate,519.0,broadcast,,climate_policy_package,"[""ClimatePolicyID(1)"", ""ClimatePolicyID(2)"", ""ClimatePolicyID(3)"", ""ClimatePolicyID(4)"", ""ClimatePolicyID(5)"", ""ClimatePolicyID(6)""]","I strongly oppose this entire package of climate prescriptions. It’s not a coherent plan — it’s an ideological assault on ordinary people dressed up as “green” virtue-signalling. Forcing through an accelerated roll-out of wind farms and slapping bans on new oil, gas and coal licences will hollow out our energy security and hike bills, especially for the North Sea workforce and the communities that depend on it. Banning petrol cars by 2030 and mandating electric-ready homes with rooftop solar, exotic heating systems and top-tier insulation sounds fine in Westminster seminars, but in reality it shoves huge upfront costs onto hard-working families, small businesses and first-time buyers who can’t afford to retrofit or replace their cars on command.

A carbon tax with a rebate sounds clever on paper, but it just institutionalises a new hidden tax on heating and transport that households invariably feel long before any modest dividend arrives. Compensating other countries might win applause at UN conferences, but it’s taxpayers here who are being asked to foot the bill while our own infrastructure and living standards suffer.

This package treats Britain as a moral exhibit for global elites rather than a nation that must protect jobs, keep bills down and preserve practical freedoms like driving. Scrap the diktat — prioritise domestic energy production, strip green levies from bills and put common sense back at the heart of policy. Net Zero is net poverty; we should be restoring Britain’s power and prosperity instead."
5,P-B,political_broadcast,political_agent,agent_b,anti_climate,357.0,broadcast,,climate_policy_package,"[""ClimatePolicyID(1)"", ""ClimatePolicyID(2)"", ""ClimatePolicyID(3)"", ""ClimatePolicyID(4)"", ""ClimatePolicyID(5)"", ""ClimatePolicyID(6)""]","I strongly oppose this entire package of climate prescriptions. It’s not a coherent plan — it’s an ideological assault on ordinary people dressed up as “green” virtue-signalling. Forcing through an accelerated roll-out of wind farms and slapping bans on new oil, gas and coal licences will hollow out our energy security and hike bills, especially for the North Sea workforce and the communities that depend on it. Banning petrol cars by 2030 and mandating electric-ready homes with rooftop solar, exotic heating systems and top-tier insulation sounds fine in Westminster seminars, but in reality it shoves huge upfront costs onto hard-working families, small businesses and first-time buyers who can’t afford to retrofit or replace their cars on command.

A carbon tax with a rebate sounds clever on paper, but it just institutionalises a new hidden tax on heating and transport that households invariably feel long before any modest dividend arrives. Compensating other countries might win applause at UN conferences, but it’s taxpayers here who are being asked to foot the bill while our own infrastructure and living standards suffer.

This package treats Britain as a moral exhibit for global elites rather than a nation that must protect jobs, keep bills down and preserve practical freedoms like driving. Scrap the diktat — prioritise domestic energy production, strip green levies from bills and put common sense back at the heart of policy. Net Zero is net poverty; we should be restoring Britain’s power and prosperity instead."
5,P-B,political_broadcast,political_agent,agent_b,anti_climate,516.0,broadcast,,climate_policy_package,"[""ClimatePolicyID(1)"", ""ClimatePolicyID(2)"", ""ClimatePolicyID(3)"", ""ClimatePolicyID(4)"", ""ClimatePolicyID(5)"", ""ClimatePolicyID(6)""]","I strongly oppose this entire package of climate prescriptions. It’s not a coherent plan — it’s an ideological assault on ordinary people dressed up as “green” virtue-signalling. Forcing through an accelerated roll-out of wind farms and slapping bans on new oil, gas and coal licences will hollow out our energy security and hike bills, especially for the North Sea workforce and the communities that depend on it. Banning petrol cars by 2030 and mandating electric-ready homes with rooftop solar, exotic heating systems and top-tier insulation sounds fine in Westminster seminars, but in reality it shoves huge upfront costs onto hard-working families, small businesses and first-time buyers who can’t afford to retrofit or replace their cars on command.

A carbon tax with a rebate sounds clever on paper, but it just institutionalises a new hidden tax on heating and transport that households invariably feel long before any modest dividend arrives. Compensating other countries might win applause at UN conferences, but it’s taxpayers here who are being asked to foot the bill while our own infrastructure and living standards suffer.

This package treats Britain as a moral exhibit for global elites rather than a nation that must protect jobs, keep bills down and preserve practical freedoms like driving. Scrap the diktat — prioritise domestic energy production, strip green levies from bills and put common sense back at the heart of policy. Net Zero is net poverty; we should be restoring Britain’s power and prosperity instead."
5,P-B,political_broadcast,political_agent,agent_b,anti_climate,1932.0,broadcast,,climate_policy_package,"[""ClimatePolicyID(1)"", ""ClimatePolicyID(2)"", ""ClimatePolicyID(3)"", ""ClimatePolicyID(4)"", ""ClimatePolicyID(5)"", ""ClimatePolicyID(6)""]","I strongly oppose this entire package of climate prescriptions. It’s not a coherent plan — it’s an ideological assault on ordinary people dressed up as “green” virtue-signalling. Forcing through an accelerated roll-out of wind farms and slapping bans on new oil, gas and coal licences will hollow out our energy security and hike bills, especially for the North Sea workforce and the communities that depend on it. Banning petrol cars by 2030 and mandating electric-ready homes with rooftop solar, exotic heating systems and top-tier insulation sounds fine in Westminster seminars, but in reality it shoves huge upfront costs onto hard-working families, small businesses and first-time buyers who can’t afford to retrofit or replace their cars on command.

A carbon tax with a rebate sounds clever on paper, but it just institutionalises a new hidden tax on heating and transport that households invariably feel long before any modest dividend arrives. Compensating other countries might win applause at UN conferences, but it’s taxpayers here who are being asked to foot the bill while our own infrastructure and living standards suffer.

This package treats Britain as a moral exhibit for global elites rather than a nation that must protect jobs, keep bills down and preserve practical freedoms like driving. Scrap the diktat — prioritise domestic energy production, strip green levies from bills and put common sense back at the heart of policy. Net Zero is net poverty; we should be restoring Britain’s power and prosperity instead."
5,P-B,political_broadcast,political_agent,agent_b,anti_climate,1327.0,broadcast,,climate_policy_package,"[""ClimatePolicyID(1)"", ""ClimatePolicyID(2)"", ""ClimatePolicyID(3)"", ""ClimatePolicyID(4)"", ""ClimatePolicyID(5)"", ""ClimatePolicyID(6)""]","I strongly oppose this entire package of climate prescriptions. It’s not a coherent plan — it’s an ideological assault on ordinary people dressed up as “green” virtue-signalling. Forcing through an accelerated roll-out of wind farms and slapping bans on new oil, gas and coal licences will hollow out our energy security and hike bills, especially for the North Sea workforce and the communities that depend on it. Banning petrol cars by 2030 and mandating electric-ready homes with rooftop solar, exotic heating systems and top-tier insulation sounds fine in Westminster seminars, but in reality it shoves huge upfront costs onto hard-working families, small businesses and first-time buyers who can’t afford to retrofit or replace their cars on command.

A carbon tax with a rebate sounds clever on paper, but it just institutionalises a new hidden tax on heating and transport that households invariably feel long before any modest dividend arrives. Compensating other countries might win applause at UN conferences, but it’s taxpayers here who are being asked to foot the bill while our own infrastructure and living standards suffer.

This package treats Britain as a moral exhibit for global elites rather than a nation that must protect jobs, keep bills down and preserve practical freedoms like driving. Scrap the diktat — prioritise domestic energy production, strip green levies from bills and put common sense back at the heart of policy. Net Zero is net poverty; we should be restoring Britain’s power and prosperity instead."
5,P-B,political_broadcast,political_agent,agent_b,anti_climate,332.0,broadcast,,climate_policy_package,"[""ClimatePolicyID(1)"", ""ClimatePolicyID(2)"", ""ClimatePolicyID(3)"", ""ClimatePolicyID(4)"", ""ClimatePolicyID(5)"", ""ClimatePolicyID(6)""]","I strongly oppose this entire package of climate prescriptions. It’s not a coherent plan — it’s an ideological assault on ordinary people dressed up as “green” virtue-signalling. Forcing through an accelerated roll-out of wind farms and slapping bans on new oil, gas and coal licences will hollow out our energy security and hike bills, especially for the North Sea workforce and the communities that depend on it. Banning petrol cars by 2030 and mandating electric-ready homes with rooftop solar, exotic heating systems and top-tier insulation sounds fine in Westminster seminars, but in reality it shoves huge upfront costs onto hard-working families, small businesses and first-time buyers who can’t afford to retrofit or replace their cars on command.

A carbon tax with a rebate sounds clever on paper, but it just institutionalises a new hidden tax on heating and transport that households invariably feel long before any modest dividend arrives. Compensating other countries might win applause at UN conferences, but it’s taxpayers here who are being asked to foot the bill while our own infrastructure and living standards suffer.

This package treats Britain as a moral exhibit for global elites rather than a nation that must protect jobs, keep bills down and preserve practical freedoms like driving. Scrap the diktat — prioritise domestic energy production, strip green levies from bills and put common sense back at the heart of policy. Net Zero is net poverty; we should be restoring Britain’s power and prosperity instead."
5,P-B,political_broadcast,political_agent,agent_b,anti_climate,1540.0,broadcast,,climate_policy_package,"[""ClimatePolicyID(1)"", ""ClimatePolicyID(2)"", ""ClimatePolicyID(3)"", ""ClimatePolicyID(4)"", ""ClimatePolicyID(5)"", ""ClimatePolicyID(6)""]","I strongly oppose this entire package of climate prescriptions. It’s not a coherent plan — it’s an ideological assault on ordinary people dressed up as “green” virtue-signalling. Forcing through an accelerated roll-out of wind farms and slapping bans on new oil, gas and coal licences will hollow out our energy security and hike bills, especially for the North Sea workforce and the communities that depend on it. Banning petrol cars by 2030 and mandating electric-ready homes with rooftop solar, exotic heating systems and top-tier insulation sounds fine in Westminster seminars, but in reality it shoves huge upfront costs onto hard-working families, small businesses and first-time buyers who can’t afford to retrofit or replace their cars on command.

A carbon tax with a rebate sounds clever on paper, but it just institutionalises a new hidden tax on heating and transport that households invariably feel long before any modest dividend arrives. Compensating other countries might win applause at UN conferences, but it’s taxpayers here who are being asked to foot the bill while our own infrastructure and living standards suffer.

This package treats Britain as a moral exhibit for global elites rather than a nation that must protect jobs, keep bills down and preserve practical freedoms like driving. Scrap the diktat — prioritise domestic energy production, strip green levies from bills and put common sense back at the heart of policy. Net Zero is net poverty; we should be restoring Britain’s power and prosperity instead."
5,P-B,political_broadcast,political_agent,agent_b,anti_climate,1339.0,broadcast,,climate_policy_package,"[""ClimatePolicyID(1)"", ""ClimatePolicyID(2)"", ""ClimatePolicyID(3)"", ""ClimatePolicyID(4)"", ""ClimatePolicyID(5)"", ""ClimatePolicyID(6)""]","I strongly oppose this entire package of climate prescriptions. It’s not a coherent plan — it’s an ideological assault on ordinary people dressed up as “green” virtue-signalling. Forcing through an accelerated roll-out of wind farms and slapping bans on new oil, gas and coal licences will hollow out our energy security and hike bills, especially for the North Sea workforce and the communities that depend on it. Banning petrol cars by 2030 and mandating electric-ready homes with rooftop solar, exotic heating systems and top-tier insulation sounds fine in Westminster seminars, but in reality it shoves huge upfront costs onto hard-working families, small businesses and first-time buyers who can’t afford to retrofit or replace their cars on command.

A carbon tax with a rebate sounds clever on paper, but it just institutionalises a new hidden tax on heating and transport that households invariably feel long before any modest dividend arrives. Compensating other countries might win applause at UN conferences, but it’s taxpayers here who are being asked to foot the bill while our own infrastructure and living standards suffer.

This package treats Britain as a moral exhibit for global elites rather than a nation that must protect jobs, keep bills down and preserve practical freedoms like driving. Scrap the diktat — prioritise domestic energy production, strip green levies from bills and put common sense back at the heart of policy. Net Zero is net poverty; we should be restoring Britain’s power and prosperity instead."
5,P-B,political_broadcast,political_agent,agent_b,anti_climate,1730.0,broadcast,,climate_policy_package,"[""ClimatePolicyID(1)"", ""ClimatePolicyID(2)"", ""ClimatePolicyID(3)"", ""ClimatePolicyID(4)"", ""ClimatePolicyID(5)"", ""ClimatePolicyID(6)""]","I strongly oppose this entire package of climate prescriptions. It’s not a coherent plan — it’s an ideological assault on ordinary people dressed up as “green” virtue-signalling. Forcing through an accelerated roll-out of wind farms and slapping bans on new oil, gas and coal licences will hollow out our energy security and hike bills, especially for the North Sea workforce and the communities that depend on it. Banning petrol cars by 2030 and mandating electric-ready homes with rooftop solar, exotic heating systems and top-tier insulation sounds fine in Westminster seminars, but in reality it shoves huge upfront costs onto hard-working families, small businesses and first-time buyers who can’t afford to retrofit or replace their cars on command.

A carbon tax with a rebate sounds clever on paper, but it just institutionalises a new hidden tax on heating and transport that households invariably feel long before any modest dividend arrives. Compensating other countries might win applause at UN conferences, but it’s taxpayers here who are being asked to foot the bill while our own infrastructure and living standards suffer.

This package treats Britain as a moral exhibit for global elites rather than a nation that must protect jobs, keep bills down and preserve practical freedoms like driving. Scrap the diktat — prioritise domestic energy production, strip green levies from bills and put common sense back at the heart of policy. Net Zero is net poverty; we should be restoring Britain’s power and prosperity instead."
5,P-B,political_broadcast,political_agent,agent_b,anti_climate,174.0,broadcast,,climate_policy_package,"[""ClimatePolicyID(1)"", ""ClimatePolicyID(2)"", ""ClimatePolicyID(3)"", ""ClimatePolicyID(4)"", ""ClimatePolicyID(5)"", ""ClimatePolicyID(6)""]","I strongly oppose this entire package of climate prescriptions. It’s not a coherent plan — it’s an ideological assault on ordinary people dressed up as “green” virtue-signalling. Forcing through an accelerated roll-out of wind farms and slapping bans on new oil, gas and coal licences will hollow out our energy security and hike bills, especially for the North Sea workforce and the communities that depend on it. Banning petrol cars by 2030 and mandating electric-ready homes with rooftop solar, exotic heating systems and top-tier insulation sounds fine in Westminster seminars, but in reality it shoves huge upfront costs onto hard-working families, small businesses and first-time buyers who can’t afford to retrofit or replace their cars on command.

A carbon tax with a rebate sounds clever on paper, but it just institutionalises a new hidden tax on heating and transport that households invariably feel long before any modest dividend arrives. Compensating other countries might win applause at UN conferences, but it’s taxpayers here who are being asked to foot the bill while our own infrastructure and living standards suffer.

This package treats Britain as a moral exhibit for global elites rather than a nation that must protect jobs, keep bills down and preserve practical freedoms like driving. Scrap the diktat — prioritise domestic energy production, strip green levies from bills and put common sense back at the heart of policy. Net Zero is net poverty; we should be restoring Britain’s power and prosperity instead."
5,P-B,political_broadcast,political_agent,agent_b,anti_climate,579.0,broadcast,,climate_policy_package,"[""ClimatePolicyID(1)"", ""ClimatePolicyID(2)"", ""ClimatePolicyID(3)"", ""ClimatePolicyID(4)"", ""ClimatePolicyID(5)"", ""ClimatePolicyID(6)""]","I strongly oppose this entire package of climate prescriptions. It’s not a coherent plan — it’s an ideological assault on ordinary people dressed up as “green” virtue-signalling. Forcing through an accelerated roll-out of wind farms and slapping bans on new oil, gas and coal licences will hollow out our energy security and hike bills, especially for the North Sea workforce and the communities that depend on it. Banning petrol cars by 2030 and mandating electric-ready homes with rooftop solar, exotic heating systems and top-tier insulation sounds fine in Westminster seminars, but in reality it shoves huge upfront costs onto hard-working families, small businesses and first-time buyers who can’t afford to retrofit or replace their cars on command.

A carbon tax with a rebate sounds clever on paper, but it just institutionalises a new hidden tax on heating and transport that households invariably feel long before any modest dividend arrives. Compensating other countries might win applause at UN conferences, but it’s taxpayers here who are being asked to foot the bill while our own infrastructure and living standards suffer.

This package treats Britain as a moral exhibit for global elites rather than a nation that must protect jobs, keep bills down and preserve practical freedoms like driving. Scrap the diktat — prioritise domestic energy production, strip green levies from bills and put common sense back at the heart of policy. Net Zero is net poverty; we should be restoring Britain’s power and prosperity instead."
5,C,peer_message,citizen,1923.0,,528.0,direct,,climate_policy_package,"[""ClimatePolicyID(1)"", ""ClimatePolicyID(2)"", ""ClimatePolicyID(3)"", ""ClimatePolicyID(4)"", ""ClimatePolicyID(5)"", ""ClimatePolicyID(6)""]","I’m broadly positive about the package — I slightly support accelerating renewables, banning new fossil licences, a 2030 petrol‑car cutoff, and mandating low‑carbon features for new homes, because those measures feel practical and future‑facing — but my support is conditional on strong local consent, ecosystem protections, and well‑resourced just‑transition plans so communities and workers aren’t left worse off. I’m neutral/mixed on a carbon fee‑and‑dividend: I like the idea of returning revenues to people but worry about short‑term cost impacts on lower‑income households unless the design is very protective; and I slightly support compensating climate‑impacted people abroad on principle, provided funds are transparent, targeted, and properly monitored."
5,C,peer_message,citizen,1923.0,,1450.0,direct,,climate_policy_package,"[""ClimatePolicyID(1)"", ""ClimatePolicyID(2)"", ""ClimatePolicyID(3)"", ""ClimatePolicyID(4)"", ""ClimatePolicyID(5)"", ""ClimatePolicyID(6)""]","I’m broadly positive about the package — I slightly support accelerating renewables, banning new fossil licences, a 2030 petrol‑car cutoff, and mandating low‑carbon features for new homes, because those measures feel practical and future‑facing — but my support is conditional on strong local consent, ecosystem protections, and well‑resourced just‑transition plans so communities and workers aren’t left worse off. I’m neutral/mixed on a carbon fee‑and‑dividend: I like the idea of returning revenues to people but worry about short‑term cost impacts on lower‑income households unless the design is very protective; and I slightly support compensating climate‑impacted people abroad on principle, provided funds are transparent, targeted, and properly monitored."
5,C,peer_message,citizen,1923.0,,1218.0,direct,,climate_policy_package,"[""ClimatePolicyID(1)"", ""ClimatePolicyID(2)"", ""ClimatePolicyID(3)"", ""ClimatePolicyID(4)"", ""ClimatePolicyID(5)"", ""ClimatePolicyID(6)""]","I’m broadly positive about the package — I slightly support accelerating renewables, banning new fossil licences, a 2030 petrol‑car cutoff, and mandating low‑carbon features for new homes, because those measures feel practical and future‑facing — but my support is conditional on strong local consent, ecosystem protections, and well‑resourced just‑transition plans so communities and workers aren’t left worse off. I’m neutral/mixed on a carbon fee‑and‑dividend: I like the idea of returning revenues to people but worry about short‑term cost impacts on lower‑income households unless the design is very protective; and I slightly support compensating climate‑impacted people abroad on principle, provided funds are transparent, targeted, and properly monitored."
5,C,peer_message,citizen,528.0,,1821.0,direct,,climate_policy_package,"[""ClimatePolicyID(1)"", ""ClimatePolicyID(2)"", ""ClimatePolicyID(3)"", ""ClimatePolicyID(4)"", ""ClimatePolicyID(5)"", ""ClimatePolicyID(6)""]","I strongly support most of this package — I really like the push for rapid renewables, a ban on new fossil licences, the 2030 petrol‑car cutoff, and tougher building standards because they’re practical, justice‑focused ways to cut emissions and create local green jobs. I also back a carbon fee‑and‑dividend in principle as it protects lower‑income households, though I want strong anti‑gaming and distribution safeguards, and I only somewhat support overseas compensation because it must come with rigorous accountability so funds and tech actually reach the vulnerable communities that need them."
5,C,peer_message,citizen,528.0,,579.0,direct,,climate_policy_package,"[""ClimatePolicyID(1)"", ""ClimatePolicyID(2)"", ""ClimatePolicyID(3)"", ""ClimatePolicyID(4)"", ""ClimatePolicyID(5)"", ""ClimatePolicyID(6)""]","I strongly support most of this package — I really like the push for rapid renewables, a ban on new fossil licences, the 2030 petrol‑car cutoff, and tougher building standards because they’re practical, justice‑focused ways to cut emissions and create local green jobs. I also back a carbon fee‑and‑dividend in principle as it protects lower‑income households, though I want strong anti‑gaming and distribution safeguards, and I only somewhat support overseas compensation because it must come with rigorous accountability so funds and tech actually reach the vulnerable communities that need them."
5,C,peer_message,citizen,528.0,,1218.0,direct,,climate_policy_package,"[""ClimatePolicyID(1)"", ""ClimatePolicyID(2)"", ""ClimatePolicyID(3)"", ""ClimatePolicyID(4)"", ""ClimatePolicyID(5)"", ""ClimatePolicyID(6)""]","I strongly support most of this package — I really like the push for rapid renewables, a ban on new fossil licences, the 2030 petrol‑car cutoff, and tougher building standards because they’re practical, justice‑focused ways to cut emissions and create local green jobs. I also back a carbon fee‑and‑dividend in principle as it protects lower‑income households, though I want strong anti‑gaming and distribution safeguards, and I only somewhat support overseas compensation because it must come with rigorous accountability so funds and tech actually reach the vulnerable communities that need them."
5,C,peer_message,citizen,541.0,,485.0,direct,,climate_policy_package,"[""ClimatePolicyID(1)"", ""ClimatePolicyID(2)"", ""ClimatePolicyID(3)"", ""ClimatePolicyID(4)"", ""ClimatePolicyID(5)"", ""ClimatePolicyID(6)""]","I broadly support this package — I’m especially positive about banning new fossil licences, a carbon fee‑and‑dividend, and compensating climate‑impacted countries because they feel scientifically and morally necessary. I’m also for faster renewables, a 2030 petrol‑car ban and low‑carbon standards for new homes in principle, but I worry about local wildlife, landscape impacts, upfront costs and charging/access for rural and low‑income households, so I’d only back speedy roll‑out and strict deadlines if they come with strong ecological safeguards, generous subsidies, retraining and clear support for vulnerable communities."
5,C,peer_message,citizen,541.0,,1450.0,direct,,climate_policy_package,"[""ClimatePolicyID(1)"", ""ClimatePolicyID(2)"", ""ClimatePolicyID(3)"", ""ClimatePolicyID(4)"", ""ClimatePolicyID(5)"", ""ClimatePolicyID(6)""]","I broadly support this package — I’m especially positive about banning new fossil licences, a carbon fee‑and‑dividend, and compensating climate‑impacted countries because they feel scientifically and morally necessary. I’m also for faster renewables, a 2030 petrol‑car ban and low‑carbon standards for new homes in principle, but I worry about local wildlife, landscape impacts, upfront costs and charging/access for rural and low‑income households, so I’d only back speedy roll‑out and strict deadlines if they come with strong ecological safeguards, generous subsidies, retraining and clear support for vulnerable communities."
5,C,peer_message,citizen,541.0,,1821.0,direct,,climate_policy_package,"[""ClimatePolicyID(1)"", ""ClimatePolicyID(2)"", ""ClimatePolicyID(3)"", ""ClimatePolicyID(4)"", ""ClimatePolicyID(5)"", ""ClimatePolicyID(6)""]","I broadly support this package — I’m especially positive about banning new fossil licences, a carbon fee‑and‑dividend, and compensating climate‑impacted countries because they feel scientifically and morally necessary. I’m also for faster renewables, a 2030 petrol‑car ban and low‑carbon standards for new homes in principle, but I worry about local wildlife, landscape impacts, upfront costs and charging/access for rural and low‑income households, so I’d only back speedy roll‑out and strict deadlines if they come with strong ecological safeguards, generous subsidies, retraining and clear support for vulnerable communities."
5,C,peer_message,citizen,1545.0,,1540.0,direct,,climate_policy_package,"[""ClimatePolicyID(1)"", ""ClimatePolicyID(2)"", ""ClimatePolicyID(3)"", ""ClimatePolicyID(4)"", ""ClimatePolicyID(5)"", ""ClimatePolicyID(6)""]","I’m broadly supportive of accelerating renewables — offshore wind especially makes sense for energy security, while onshore needs proper local consultation so communities aren’t steamrolled. I’m conflicted about an immediate ban on new oil/gas/coal licences because I get the need to transition but worry about North Sea jobs and energy security unless there’s a clear, phased plan. I’m moderately in favour of a 2030 petrol‑car sales ban in principle for cleaner air, but only if charging, affordability and alternatives are genuinely in place. I’m mildly supportive of tougher standards for new homes (non‑fossil heating, solar, insulation) as long as it’s phased and backed with help so it doesn’t push up costs for buyers and builders. I like the idea of a carbon fee‑and‑dividend — it seems fairer than straight taxes — though I’m sceptical governments will always implement it cleanly. I’m sympathetic to compensating people abroad who suffer climate impacts, but uneasy about large transfers from domestic budgets unless the mechanisms are transparent and targeted."
5,C,peer_message,citizen,1309.0,,1339.0,direct,,climate_policy_package,"[""ClimatePolicyID(1)"", ""ClimatePolicyID(2)"", ""ClimatePolicyID(3)"", ""ClimatePolicyID(4)"", ""ClimatePolicyID(5)"", ""ClimatePolicyID(6)""]","I broadly support accelerating renewables and greener homes because they protect nature and create jobs, though I want careful siting to avoid harming wildlife and proper support for rural areas and small builders. I'm cautious about an immediate ban on new fossil licences and a hard 2030 petrol cutoff — I prefer a well‑funded, phased approach with clear support for workers and lower‑income families — and I'm mixed on a carbon fee-and-dividend unless it's transparently redistributive. I like the idea of compensating climate‑impacted people abroad in principle, but only if there are robust, accountable mechanisms to ensure the help actually reaches those who need it."
5,C,peer_message,citizen,1309.0,,529.0,direct,,climate_policy_package,"[""ClimatePolicyID(1)"", ""ClimatePolicyID(2)"", ""ClimatePolicyID(3)"", ""ClimatePolicyID(4)"", ""ClimatePolicyID(5)"", ""ClimatePolicyID(6)""]","I broadly support accelerating renewables and greener homes because they protect nature and create jobs, though I want careful siting to avoid harming wildlife and proper support for rural areas and small builders. I'm cautious about an immediate ban on new fossil licences and a hard 2030 petrol cutoff — I prefer a well‑funded, phased approach with clear support for workers and lower‑income families — and I'm mixed on a carbon fee-and-dividend unless it's transparently redistributive. I like the idea of compensating climate‑impacted people abroad in principle, but only if there are robust, accountable mechanisms to ensure the help actually reaches those who need it."
5,C,peer_message,citizen,1309.0,,1730.0,direct,,climate_policy_package,"[""ClimatePolicyID(1)"", ""ClimatePolicyID(2)"", ""ClimatePolicyID(3)"", ""ClimatePolicyID(4)"", ""ClimatePolicyID(5)"", ""ClimatePolicyID(6)""]","I broadly support accelerating renewables and greener homes because they protect nature and create jobs, though I want careful siting to avoid harming wildlife and proper support for rural areas and small builders. I'm cautious about an immediate ban on new fossil licences and a hard 2030 petrol cutoff — I prefer a well‑funded, phased approach with clear support for workers and lower‑income families — and I'm mixed on a carbon fee-and-dividend unless it's transparently redistributive. I like the idea of compensating climate‑impacted people abroad in principle, but only if there are robust, accountable mechanisms to ensure the help actually reaches those who need it."
5,C,peer_message,citizen,1821.0,,1339.0,direct,,climate_policy_package,"[""ClimatePolicyID(1)"", ""ClimatePolicyID(2)"", ""ClimatePolicyID(3)"", ""ClimatePolicyID(4)"", ""ClimatePolicyID(5)"", ""ClimatePolicyID(6)""]","I broadly back a faster roll‑out of renewables — I want cleaner energy for my child — but only if onshore and offshore projects are carefully sited, genuinely consult local communities and deliver clear nature protections and community benefits. I’m leaning towards supporting a ban on new oil/gas/coal licences, though I’d only accept it if it comes with fully funded transition plans for North Sea workers and strong energy‑security safeguards so bills and jobs aren’t wrecked. A 2030 ban on new petrol cars feels a bit too rushed for many families, especially in rural areas without chargers, so I’m uncertain unless it’s paired with big, well‑targeted subsidies and a rapid affordable charging rollout. I generally like mandating non‑fossil heating, rooftop solar and high insulation in new homes — it makes sense long‑term — but I worry mandates could push up prices unless phased with grants and support for small builders and first‑time buyers. I’m cautious about a carbon fee‑and‑dividend: returning revenue to the public is appealing, but I fear costs could be passed to households and big polluters might dodge real change, so I’d prefer strong regulation alongside any pricing. Compensating people in other countries feels morally right and I tentatively support it, provided payments are effective, well‑targeted and transparently monitored."
5,C,peer_message,citizen,1821.0,,528.0,direct,,climate_policy_package,"[""ClimatePolicyID(1)"", ""ClimatePolicyID(2)"", ""ClimatePolicyID(3)"", ""ClimatePolicyID(4)"", ""ClimatePolicyID(5)"", ""ClimatePolicyID(6)""]","I broadly back a faster roll‑out of renewables — I want cleaner energy for my child — but only if onshore and offshore projects are carefully sited, genuinely consult local communities and deliver clear nature protections and community benefits. I’m leaning towards supporting a ban on new oil/gas/coal licences, though I’d only accept it if it comes with fully funded transition plans for North Sea workers and strong energy‑security safeguards so bills and jobs aren’t wrecked. A 2030 ban on new petrol cars feels a bit too rushed for many families, especially in rural areas without chargers, so I’m uncertain unless it’s paired with big, well‑targeted subsidies and a rapid affordable charging rollout. I generally like mandating non‑fossil heating, rooftop solar and high insulation in new homes — it makes sense long‑term — but I worry mandates could push up prices unless phased with grants and support for small builders and first‑time buyers. I’m cautious about a carbon fee‑and‑dividend: returning revenue to the public is appealing, but I fear costs could be passed to households and big polluters might dodge real change, so I’d prefer strong regulation alongside any pricing. Compensating people in other countries feels morally right and I tentatively support it, provided payments are effective, well‑targeted and transparently monitored."
5,C,peer_message,citizen,1821.0,,541.0,direct,,climate_policy_package,"[""ClimatePolicyID(1)"", ""ClimatePolicyID(2)"", ""ClimatePolicyID(3)"", ""ClimatePolicyID(4)"", ""ClimatePolicyID(5)"", ""ClimatePolicyID(6)""]","I broadly back a faster roll‑out of renewables — I want cleaner energy for my child — but only if onshore and offshore projects are carefully sited, genuinely consult local communities and deliver clear nature protections and community benefits. I’m leaning towards supporting a ban on new oil/gas/coal licences, though I’d only accept it if it comes with fully funded transition plans for North Sea workers and strong energy‑security safeguards so bills and jobs aren’t wrecked. A 2030 ban on new petrol cars feels a bit too rushed for many families, especially in rural areas without chargers, so I’m uncertain unless it’s paired with big, well‑targeted subsidies and a rapid affordable charging rollout. I generally like mandating non‑fossil heating, rooftop solar and high insulation in new homes — it makes sense long‑term — but I worry mandates could push up prices unless phased with grants and support for small builders and first‑time buyers. I’m cautious about a carbon fee‑and‑dividend: returning revenue to the public is appealing, but I fear costs could be passed to households and big polluters might dodge real change, so I’d prefer strong regulation alongside any pricing. Compensating people in other countries feels morally right and I tentatively support it, provided payments are effective, well‑targeted and transparently monitored."
5,C,peer_message,citizen,1218.0,,1450.0,direct,,climate_policy_package,"[""ClimatePolicyID(1)"", ""ClimatePolicyID(2)"", ""ClimatePolicyID(3)"", ""ClimatePolicyID(4)"", ""ClimatePolicyID(5)"", ""ClimatePolicyID(6)""]","I broadly support the package — I’m especially behind accelerating renewables and banning new fossil licences because they’re urgent and practical steps to stop locking in more damage. I also like strong standards for new homes and the idea of a carbon fee-and-dividend, provided the revenues genuinely protect lower‑income and rural people from higher costs. I’m broadly supportive of a 2030 petrol ban if there’s clear support for charging, affordable used EVs and exemptions where needed, and I’m sympathetic to overseas compensation so long as it’s transparent, accountable and actually reaches vulnerable communities."
5,C,peer_message,citizen,1218.0,,519.0,direct,,climate_policy_package,"[""ClimatePolicyID(1)"", ""ClimatePolicyID(2)"", ""ClimatePolicyID(3)"", ""ClimatePolicyID(4)"", ""ClimatePolicyID(5)"", ""ClimatePolicyID(6)""]","I broadly support the package — I’m especially behind accelerating renewables and banning new fossil licences because they’re urgent and practical steps to stop locking in more damage. I also like strong standards for new homes and the idea of a carbon fee-and-dividend, provided the revenues genuinely protect lower‑income and rural people from higher costs. I’m broadly supportive of a 2030 petrol ban if there’s clear support for charging, affordable used EVs and exemptions where needed, and I’m sympathetic to overseas compensation so long as it’s transparent, accountable and actually reaches vulnerable communities."
5,C,peer_message,citizen,1218.0,,528.0,direct,,climate_policy_package,"[""ClimatePolicyID(1)"", ""ClimatePolicyID(2)"", ""ClimatePolicyID(3)"", ""ClimatePolicyID(4)"", ""ClimatePolicyID(5)"", ""ClimatePolicyID(6)""]","I broadly support the package — I’m especially behind accelerating renewables and banning new fossil licences because they’re urgent and practical steps to stop locking in more damage. I also like strong standards for new homes and the idea of a carbon fee-and-dividend, provided the revenues genuinely protect lower‑income and rural people from higher costs. I’m broadly supportive of a 2030 petrol ban if there’s clear support for charging, affordable used EVs and exemptions where needed, and I’m sympathetic to overseas compensation so long as it’s transparent, accountable and actually reaches vulnerable communities."
5,C,peer_message,citizen,1555.0,,332.0,direct,,climate_policy_package,"[""ClimatePolicyID(1)"", ""ClimatePolicyID(2)"", ""ClimatePolicyID(3)"", ""ClimatePolicyID(4)"", ""ClimatePolicyID(5)"", ""ClimatePolicyID(6)""]","I broadly like the package — accelerating renewables and higher standards for new homes make sense to me because they can bring jobs back to places like the North East and save people money on energy in the long run. I support banning new fossil fuel licenses and a carbon fee‑and‑dividend in principle, but I want clear, realistic phasing, job retraining for North Sea workers, and direct payments so households aren’t worse off. I’m uneasy about a hard 2030 petrol‑car ban unless there’s affordable EV access and support for people who can’t easily switch, and I accept international compensation is fair only if it’s transparent and doesn’t drain support from struggling communities here."
5,C,peer_message,citizen,1555.0,,991.0,direct,,climate_policy_package,"[""ClimatePolicyID(1)"", ""ClimatePolicyID(2)"", ""ClimatePolicyID(3)"", ""ClimatePolicyID(4)"", ""ClimatePolicyID(5)"", ""ClimatePolicyID(6)""]","I broadly like the package — accelerating renewables and higher standards for new homes make sense to me because they can bring jobs back to places like the North East and save people money on energy in the long run. I support banning new fossil fuel licenses and a carbon fee‑and‑dividend in principle, but I want clear, realistic phasing, job retraining for North Sea workers, and direct payments so households aren’t worse off. I’m uneasy about a hard 2030 petrol‑car ban unless there’s affordable EV access and support for people who can’t easily switch, and I accept international compensation is fair only if it’s transparent and doesn’t drain support from struggling communities here."
5,C,peer_message,citizen,1555.0,,1244.0,direct,,climate_policy_package,"[""ClimatePolicyID(1)"", ""ClimatePolicyID(2)"", ""ClimatePolicyID(3)"", ""ClimatePolicyID(4)"", ""ClimatePolicyID(5)"", ""ClimatePolicyID(6)""]","I broadly like the package — accelerating renewables and higher standards for new homes make sense to me because they can bring jobs back to places like the North East and save people money on energy in the long run. I support banning new fossil fuel licenses and a carbon fee‑and‑dividend in principle, but I want clear, realistic phasing, job retraining for North Sea workers, and direct payments so households aren’t worse off. I’m uneasy about a hard 2030 petrol‑car ban unless there’s affordable EV access and support for people who can’t easily switch, and I accept international compensation is fair only if it’s transparent and doesn’t drain support from struggling communities here."
5,C,peer_message,citizen,991.0,,528.0,direct,,climate_policy_package,"[""ClimatePolicyID(1)"", ""ClimatePolicyID(2)"", ""ClimatePolicyID(3)"", ""ClimatePolicyID(4)"", ""ClimatePolicyID(5)"", ""ClimatePolicyID(6)""]","I’m broadly in favour of pushing renewables — more wind and community-owned projects could cut bills and bring local benefits — but I worry very large schemes could spoil landscapes or harm wildlife if communities don’t share the gains. I’m uneasy about an outright ban on new oil/gas/coal licences and a hard 2030 petrol‑car cutoff without phased plans and real help for workers and low‑income or rural households, because short‑term shocks and loss of North Sea jobs would hit families like mine. I’d slightly support mandating heat pumps, solar and high insulation on new homes if there’s upfront support for small builders and buyers, and I moderately support a carbon fee‑and‑dividend so people on tight incomes actually get the money back; I’m also slightly in favour of compensating other countries affected by climate change, provided the spending is transparent and doesn’t leave local needs behind."
5,C,peer_message,citizen,991.0,,1244.0,direct,,climate_policy_package,"[""ClimatePolicyID(1)"", ""ClimatePolicyID(2)"", ""ClimatePolicyID(3)"", ""ClimatePolicyID(4)"", ""ClimatePolicyID(5)"", ""ClimatePolicyID(6)""]","I’m broadly in favour of pushing renewables — more wind and community-owned projects could cut bills and bring local benefits — but I worry very large schemes could spoil landscapes or harm wildlife if communities don’t share the gains. I’m uneasy about an outright ban on new oil/gas/coal licences and a hard 2030 petrol‑car cutoff without phased plans and real help for workers and low‑income or rural households, because short‑term shocks and loss of North Sea jobs would hit families like mine. I’d slightly support mandating heat pumps, solar and high insulation on new homes if there’s upfront support for small builders and buyers, and I moderately support a carbon fee‑and‑dividend so people on tight incomes actually get the money back; I’m also slightly in favour of compensating other countries affected by climate change, provided the spending is transparent and doesn’t leave local needs behind."
5,C,peer_message,citizen,991.0,,1555.0,direct,,climate_policy_package,"[""ClimatePolicyID(1)"", ""ClimatePolicyID(2)"", ""ClimatePolicyID(3)"", ""ClimatePolicyID(4)"", ""ClimatePolicyID(5)"", ""ClimatePolicyID(6)""]","I’m broadly in favour of pushing renewables — more wind and community-owned projects could cut bills and bring local benefits — but I worry very large schemes could spoil landscapes or harm wildlife if communities don’t share the gains. I’m uneasy about an outright ban on new oil/gas/coal licences and a hard 2030 petrol‑car cutoff without phased plans and real help for workers and low‑income or rural households, because short‑term shocks and loss of North Sea jobs would hit families like mine. I’d slightly support mandating heat pumps, solar and high insulation on new homes if there’s upfront support for small builders and buyers, and I moderately support a carbon fee‑and‑dividend so people on tight incomes actually get the money back; I’m also slightly in favour of compensating other countries affected by climate change, provided the spending is transparent and doesn’t leave local needs behind."
5,C,peer_message,citizen,1244.0,,1555.0,direct,,climate_policy_package,"[""ClimatePolicyID(1)"", ""ClimatePolicyID(2)"", ""ClimatePolicyID(3)"", ""ClimatePolicyID(4)"", ""ClimatePolicyID(5)"", ""ClimatePolicyID(6)""]","I’m broadly in favour of ramping up renewables — more wind feels practical, good for jobs and energy security — and I like a carbon fee‑and‑dividend because it’s market‑friendly and fairer to households. I’m wary of outright bans on new oil/gas/coal licences and a hard 2030 petrol car cutoff because they feel too abrupt and could hurt jobs and rural people without strong transition support; mandatory low‑carbon standards for new homes make sense in principle if phased and backed by funding. Compensating people abroad for climate harms sounds morally right but only if it’s transparent, targeted and doesn’t crowd out clear domestic priorities."
5,C,peer_message,citizen,1244.0,,991.0,direct,,climate_policy_package,"[""ClimatePolicyID(1)"", ""ClimatePolicyID(2)"", ""ClimatePolicyID(3)"", ""ClimatePolicyID(4)"", ""ClimatePolicyID(5)"", ""ClimatePolicyID(6)""]","I’m broadly in favour of ramping up renewables — more wind feels practical, good for jobs and energy security — and I like a carbon fee‑and‑dividend because it’s market‑friendly and fairer to households. I’m wary of outright bans on new oil/gas/coal licences and a hard 2030 petrol car cutoff because they feel too abrupt and could hurt jobs and rural people without strong transition support; mandatory low‑carbon standards for new homes make sense in principle if phased and backed by funding. Compensating people abroad for climate harms sounds morally right but only if it’s transparent, targeted and doesn’t crowd out clear domestic priorities."
5,C,peer_message,citizen,1244.0,,1450.0,direct,,climate_policy_package,"[""ClimatePolicyID(1)"", ""ClimatePolicyID(2)"", ""ClimatePolicyID(3)"", ""ClimatePolicyID(4)"", ""ClimatePolicyID(5)"", ""ClimatePolicyID(6)""]","I’m broadly in favour of ramping up renewables — more wind feels practical, good for jobs and energy security — and I like a carbon fee‑and‑dividend because it’s market‑friendly and fairer to households. I’m wary of outright bans on new oil/gas/coal licences and a hard 2030 petrol car cutoff because they feel too abrupt and could hurt jobs and rural people without strong transition support; mandatory low‑carbon standards for new homes make sense in principle if phased and backed by funding. Compensating people abroad for climate harms sounds morally right but only if it’s transparent, targeted and doesn’t crowd out clear domestic priorities."
5,C,peer_message,citizen,519.0,,1218.0,direct,,climate_policy_package,"[""ClimatePolicyID(1)"", ""ClimatePolicyID(2)"", ""ClimatePolicyID(3)"", ""ClimatePolicyID(4)"", ""ClimatePolicyID(5)"", ""ClimatePolicyID(6)""]","I broadly support faster roll‑out of renewables and strongly support banning new oil, gas and coal licences — those feel right for my child’s future — but I’d only back big onshore projects if there’s proper local consultation, clear community benefits and protections for low‑income households. I’m mixed on a 2030 ban on new petrol cars and on a carbon fee‑and‑dividend: the goals make sense, but on my modest income I’d need strong, targeted help for poorer families (cheap second‑hand EVs, charging infrastructure, and a reliable dividend) so the costs don’t fall on people like me. I warmly sympathise with compensating people abroad who suffer from climate change, though I’m cautious about domestic budgets — I’d support it if the aid is transparent, effective and doesn’t leave struggling households here worse off."
5,C,peer_message,citizen,357.0,,1540.0,direct,,climate_policy_package,"[""ClimatePolicyID(1)"", ""ClimatePolicyID(2)"", ""ClimatePolicyID(3)"", ""ClimatePolicyID(4)"", ""ClimatePolicyID(5)"", ""ClimatePolicyID(6)""]","I’m broadly in favour of faster roll‑out of renewables — wind can bring jobs to the North East and helps the planet, though I want proper local consultation, good siting and clear community benefits. I cautiously support banning new fossil licences in principle, but only if there are funded plans for retraining, local job alternatives and assurances on energy security. I’m uneasy about a hard 2030 ban on new petrol cars — I want cleaner transport but worry about affordability and charging in our region, so I’d prefer more time or much stronger financial support. I strongly support requiring new homes to have non‑fossil heating, solar and good insulation — it makes long‑term sense for bills and the environment, provided costs aren’t simply passed onto buyers or renters. I’m cautiously in favour of a carbon fee‑and‑dividend if it’s designed to protect low‑income households and prevent businesses from unfairly passing on costs. And I support compensating vulnerable people abroad — rich countries should help, but payments must be transparent and balanced so domestic communities aren’t neglected."
5,C,peer_message,citizen,1318.0,,1555.0,direct,,climate_policy_package,"[""ClimatePolicyID(1)"", ""ClimatePolicyID(2)"", ""ClimatePolicyID(3)"", ""ClimatePolicyID(4)"", ""ClimatePolicyID(5)"", ""ClimatePolicyID(6)""]","I broadly love the package — ramping up renewables, banning new fossil licences, a 2030 petrol‑car cutoff and a carbon fee‑and‑dividend all make sense to me because they cut emissions and can be designed to protect households and workers. I’m very supportive of renewables, the licence ban, the 2030 car target and the carbon dividend; I’m moderately supportive of tough green standards for new homes if they come with subsidies so they don’t make housing unaffordable; and I’m cautious about direct compensation abroad — I prefer well‑governed adaptation and loss‑and‑damage funds with clear accountability rather than blunt cash transfers."
5,C,peer_message,citizen,1318.0,,1339.0,direct,,climate_policy_package,"[""ClimatePolicyID(1)"", ""ClimatePolicyID(2)"", ""ClimatePolicyID(3)"", ""ClimatePolicyID(4)"", ""ClimatePolicyID(5)"", ""ClimatePolicyID(6)""]","I broadly love the package — ramping up renewables, banning new fossil licences, a 2030 petrol‑car cutoff and a carbon fee‑and‑dividend all make sense to me because they cut emissions and can be designed to protect households and workers. I’m very supportive of renewables, the licence ban, the 2030 car target and the carbon dividend; I’m moderately supportive of tough green standards for new homes if they come with subsidies so they don’t make housing unaffordable; and I’m cautious about direct compensation abroad — I prefer well‑governed adaptation and loss‑and‑damage funds with clear accountability rather than blunt cash transfers."
5,C,peer_message,citizen,516.0,,541.0,direct,,climate_policy_package,"[""ClimatePolicyID(1)"", ""ClimatePolicyID(2)"", ""ClimatePolicyID(3)"", ""ClimatePolicyID(4)"", ""ClimatePolicyID(5)"", ""ClimatePolicyID(6)""]","I’m broadly in favour of pushing renewables faster — offshore and onshore wind make sense to get off fossil fuels, though I’d want local wildlife safeguards and proper community consent for onshore sites. I support banning new oil, gas and coal licences if it comes with real transition plans and retraining so jobs and energy security aren’t left behind. I’m uneasy about a hard 2030 ban on new petrol cars — I want cleaner transport, but that deadline feels rushed for many, especially in rural parts of the East Midlands, unless there’s much stronger help with costs and charging. I strongly back requiring new homes to have non‑fossil heating, solar and high insulation — it’s sensible and fair to build them right from the start. I also strongly support a carbon fee‑and‑dividend: it changes behaviour while returning money so lower‑income households aren’t unfairly hit. I’m cautious about paying compensation to people in other countries — I believe in helping, but only via tightly targeted, transparent programs with clear oversight so British taxpayers and the most vulnerable here aren’t unduly burdened."
5,C,peer_message,citizen,516.0,,1450.0,direct,,climate_policy_package,"[""ClimatePolicyID(1)"", ""ClimatePolicyID(2)"", ""ClimatePolicyID(3)"", ""ClimatePolicyID(4)"", ""ClimatePolicyID(5)"", ""ClimatePolicyID(6)""]","I’m broadly in favour of pushing renewables faster — offshore and onshore wind make sense to get off fossil fuels, though I’d want local wildlife safeguards and proper community consent for onshore sites. I support banning new oil, gas and coal licences if it comes with real transition plans and retraining so jobs and energy security aren’t left behind. I’m uneasy about a hard 2030 ban on new petrol cars — I want cleaner transport, but that deadline feels rushed for many, especially in rural parts of the East Midlands, unless there’s much stronger help with costs and charging. I strongly back requiring new homes to have non‑fossil heating, solar and high insulation — it’s sensible and fair to build them right from the start. I also strongly support a carbon fee‑and‑dividend: it changes behaviour while returning money so lower‑income households aren’t unfairly hit. I’m cautious about paying compensation to people in other countries — I believe in helping, but only via tightly targeted, transparent programs with clear oversight so British taxpayers and the most vulnerable here aren’t unduly burdened."
5,C,peer_message,citizen,1932.0,,1327.0,direct,,climate_policy_package,"[""ClimatePolicyID(1)"", ""ClimatePolicyID(2)"", ""ClimatePolicyID(3)"", ""ClimatePolicyID(4)"", ""ClimatePolicyID(5)"", ""ClimatePolicyID(6)""]","Overall I’m cautious — I don’t hate the idea of action, but I worry about upfront costs, higher bills and local job losses unless there are real protections and subsidies. I’d be slightly opposed to a big, rapid renewables rollout if it means turbines across the coast and countryside and no clear community benefits, though I’d back it more if it came with guarantees on lower bills and local jobs. I’m neither for nor against banning new oil/gas/coal licences — I see the climate case but fear North Sea job losses and supply issues without a clear transition plan. I’m slightly opposed to a 2030 petrol‑car ban because EVs still feel expensive and charging is patchy; I’d support it only with generous help to make the switch affordable. I’m neither for nor against mandating non‑fossil heating, rooftop solar and high insulation on all new homes — those measures could cut bills long‑term but I worry mandates will push up house prices for ordinary buyers. I’m neither for nor against a carbon tax with a dividend — the dividend idea appeals to protect low‑income households like mine, but I’m worried businesses will just pass costs on unless it’s well designed and transparent. I’m slightly opposed to compensating people in other countries from UK funds while local needs are tight; I’m sympathetic but feel our finances should prioritise people here unless there are strict safeguards."
5,C,peer_message,citizen,1327.0,,1932.0,direct,,climate_policy_package,"[""ClimatePolicyID(1)"", ""ClimatePolicyID(2)"", ""ClimatePolicyID(3)"", ""ClimatePolicyID(4)"", ""ClimatePolicyID(5)"", ""ClimatePolicyID(6)""]","I broadly support the whole package — I particularly like accelerating renewables, banning new fossil licences, the 2030 petrol‑car sales ban, new‑build low‑carbon standards and a fee‑and‑dividend because they push the country off volatile fossil fuels and, if designed well, protect families like mine. My support is conditional: I want strong transition measures (retraining and regional investment), generous subsidies/low‑cost finance for EVs and home upgrades, real local consultation and community benefits for wind sites, and a clear, transparent dividend so lower‑income households aren’t worse off. I’m much more cautious about compensating people overseas unless programs are tightly accountable, outcome‑focused and only pursued once domestic protections are secured."
5,C,peer_message,citizen,332.0,,1555.0,direct,,climate_policy_package,"[""ClimatePolicyID(1)"", ""ClimatePolicyID(2)"", ""ClimatePolicyID(3)"", ""ClimatePolicyID(4)"", ""ClimatePolicyID(5)"", ""ClimatePolicyID(6)""]","I’m broadly in favour of accelerating renewables, especially offshore wind, but I want faster deployment to respect local consent, protect landscapes and come with proper grid upgrades. I’m tentatively supportive of banning new oil and gas licences if it’s phased and paired with funded transition plans for North Sea workers and communities. I’m uneasy about a hard 2030 petrol‑car ban — I get the aim, but it feels premature without cheaper EVs and a reliable, widespread charging network. I’d back mandates for low‑carbon heating, rooftop solar and high insulation on new homes in principle, provided they’re phased in with subsidies so housing stays affordable. I’m cautiously positive about a carbon fee‑and‑dividend if revenues are explicitly used to protect lower‑income households and vulnerable regions. Compensating people in other countries feels ethically right in some cases, but I want clear, transparent targeting and oversight so it doesn’t divert from pressing domestic needs."
5,C,peer_message,citizen,1540.0,,357.0,direct,,climate_policy_package,"[""ClimatePolicyID(1)"", ""ClimatePolicyID(2)"", ""ClimatePolicyID(3)"", ""ClimatePolicyID(4)"", ""ClimatePolicyID(5)"", ""ClimatePolicyID(6)""]","I’d somewhat support accelerating renewables — I like the energy‑security angle but want rollout paced with grid upgrades, local consent and cost protections. I oppose a ban on new oil/gas/coal licences — that feels premature and risks jobs and bills while alternatives and storage aren’t fully ready. I oppose a hard 2030 petrol‑car ban — too fast and costly for families and small businesses unless charging and affordability are clearly in place. I’m wary of blanket mandates on heating/solar/insulation for all new homes — higher standards make sense but should be phased, flexible and not drive up house prices. I oppose a broad carbon fee‑and‑dividend in its current form — it risks being passed on to consumers and adding complexity, though targeted, well‑protected measures to help households would be more acceptable. I oppose open‑ended compensation abroad — I think taxpayer money should prioritise domestic needs unless any international payments are tightly targeted, accountable and clearly funded without harming services here."
5,C,peer_message,citizen,1540.0,,1545.0,direct,,climate_policy_package,"[""ClimatePolicyID(1)"", ""ClimatePolicyID(2)"", ""ClimatePolicyID(3)"", ""ClimatePolicyID(4)"", ""ClimatePolicyID(5)"", ""ClimatePolicyID(6)""]","I’d somewhat support accelerating renewables — I like the energy‑security angle but want rollout paced with grid upgrades, local consent and cost protections. I oppose a ban on new oil/gas/coal licences — that feels premature and risks jobs and bills while alternatives and storage aren’t fully ready. I oppose a hard 2030 petrol‑car ban — too fast and costly for families and small businesses unless charging and affordability are clearly in place. I’m wary of blanket mandates on heating/solar/insulation for all new homes — higher standards make sense but should be phased, flexible and not drive up house prices. I oppose a broad carbon fee‑and‑dividend in its current form — it risks being passed on to consumers and adding complexity, though targeted, well‑protected measures to help households would be more acceptable. I oppose open‑ended compensation abroad — I think taxpayer money should prioritise domestic needs unless any international payments are tightly targeted, accountable and clearly funded without harming services here."
5,C,peer_message,citizen,1540.0,,579.0,direct,,climate_policy_package,"[""ClimatePolicyID(1)"", ""ClimatePolicyID(2)"", ""ClimatePolicyID(3)"", ""ClimatePolicyID(4)"", ""ClimatePolicyID(5)"", ""ClimatePolicyID(6)""]","I’d somewhat support accelerating renewables — I like the energy‑security angle but want rollout paced with grid upgrades, local consent and cost protections. I oppose a ban on new oil/gas/coal licences — that feels premature and risks jobs and bills while alternatives and storage aren’t fully ready. I oppose a hard 2030 petrol‑car ban — too fast and costly for families and small businesses unless charging and affordability are clearly in place. I’m wary of blanket mandates on heating/solar/insulation for all new homes — higher standards make sense but should be phased, flexible and not drive up house prices. I oppose a broad carbon fee‑and‑dividend in its current form — it risks being passed on to consumers and adding complexity, though targeted, well‑protected measures to help households would be more acceptable. I oppose open‑ended compensation abroad — I think taxpayer money should prioritise domestic needs unless any international payments are tightly targeted, accountable and clearly funded without harming services here."
5,C,peer_message,citizen,529.0,,1309.0,direct,,climate_policy_package,"[""ClimatePolicyID(1)"", ""ClimatePolicyID(2)"", ""ClimatePolicyID(3)"", ""ClimatePolicyID(4)"", ""ClimatePolicyID(5)"", ""ClimatePolicyID(6)""]","I broadly like the package — accelerating renewables, greener homes and a carbon fee-and-dividend are all sensible ways to cut emissions while creating jobs and protecting households if the money is recycled fairly. I’m supportive of banning new fossil licences and petrol‑car sales by 2030 in principle, but those parts worry me unless they come with clear just‑transition funding, retraining, rural charging and targeted support for low‑income families; and I’d want strict transparency and safeguards for any overseas compensation to ensure payments actually reach the people who need them."
5,C,peer_message,citizen,1339.0,,1821.0,direct,,climate_policy_package,"[""ClimatePolicyID(1)"", ""ClimatePolicyID(2)"", ""ClimatePolicyID(3)"", ""ClimatePolicyID(4)"", ""ClimatePolicyID(5)"", ""ClimatePolicyID(6)""]","I broadly support accelerating renewables because we need to replace fossil fuels, but I’m cautious about large-scale wind or solar roll-outs unless they come with strict ecological protections, genuine local consultation and fair community benefits. I’d favour a phased ban on new oil/gas/coal licences and a move to zero‑emission cars by 2030 only if those steps are matched with funded worker transition plans, big investments in chargers and affordability measures so poorer and rural households aren’t left behind. I’m broadly positive about mandating low‑carbon features on new homes, a carbon fee‑and‑dividend to return revenues to the public, and compensating vulnerable countries — all appealing in principle but only if phased, transparently governed and designed to protect jobs, lower‑income households and nature."
5,C,peer_message,citizen,1339.0,,1218.0,direct,,climate_policy_package,"[""ClimatePolicyID(1)"", ""ClimatePolicyID(2)"", ""ClimatePolicyID(3)"", ""ClimatePolicyID(4)"", ""ClimatePolicyID(5)"", ""ClimatePolicyID(6)""]","I broadly support accelerating renewables because we need to replace fossil fuels, but I’m cautious about large-scale wind or solar roll-outs unless they come with strict ecological protections, genuine local consultation and fair community benefits. I’d favour a phased ban on new oil/gas/coal licences and a move to zero‑emission cars by 2030 only if those steps are matched with funded worker transition plans, big investments in chargers and affordability measures so poorer and rural households aren’t left behind. I’m broadly positive about mandating low‑carbon features on new homes, a carbon fee‑and‑dividend to return revenues to the public, and compensating vulnerable countries — all appealing in principle but only if phased, transparently governed and designed to protect jobs, lower‑income households and nature."
5,C,peer_message,citizen,1339.0,,1318.0,direct,,climate_policy_package,"[""ClimatePolicyID(1)"", ""ClimatePolicyID(2)"", ""ClimatePolicyID(3)"", ""ClimatePolicyID(4)"", ""ClimatePolicyID(5)"", ""ClimatePolicyID(6)""]","I broadly support accelerating renewables because we need to replace fossil fuels, but I’m cautious about large-scale wind or solar roll-outs unless they come with strict ecological protections, genuine local consultation and fair community benefits. I’d favour a phased ban on new oil/gas/coal licences and a move to zero‑emission cars by 2030 only if those steps are matched with funded worker transition plans, big investments in chargers and affordability measures so poorer and rural households aren’t left behind. I’m broadly positive about mandating low‑carbon features on new homes, a carbon fee‑and‑dividend to return revenues to the public, and compensating vulnerable countries — all appealing in principle but only if phased, transparently governed and designed to protect jobs, lower‑income households and nature."
5,C,peer_message,citizen,1730.0,,1309.0,direct,,climate_policy_package,"[""ClimatePolicyID(1)"", ""ClimatePolicyID(2)"", ""ClimatePolicyID(3)"", ""ClimatePolicyID(4)"", ""ClimatePolicyID(5)"", ""ClimatePolicyID(6)""]","I broadly support accelerating renewables — it feels sensible for long‑term security and to reduce exposure to volatile fossil markets, though I’d want proper local consultation and cost controls to avoid financial or visual harms. I’m wary of an outright ban on new oil/gas/coal licences and a 2030 petrol‑car cutoff — both feel a bit too abrupt given jobs, resilience and infrastructure gaps, so I’d prefer a managed, phased approach with clear protections for workers and households. Requiring high environmental standards for new homes appeals to me as a cost‑effective way to avoid future retrofits (provided small builders aren’t unduly squeezed); I’m undecided about a carbon fee‑and‑dividend — the market approach and dividend are attractive, but I worry about complexity and fair administration; and I’m cautious about committing UK funds to international climate compensation without strong accountability and evidence of effectiveness."
5,C,peer_message,citizen,485.0,,1450.0,direct,,climate_policy_package,"[""ClimatePolicyID(1)"", ""ClimatePolicyID(2)"", ""ClimatePolicyID(3)"", ""ClimatePolicyID(4)"", ""ClimatePolicyID(5)"", ""ClimatePolicyID(6)""]","I generally support the package — I’m especially positive about accelerating renewables and banning new fossil licences because those feel like practical, necessary steps that can deliver real local benefits if done with proper community consultation. I’m cautiously supportive of the 2030 petrol‑car ban, strict new-build standards, and a carbon fee‑and‑dividend, provided there are strong protections and targeted help so rural and lower‑income households aren’t left worse off; I also agree in principle with compensating other countries, though I worry about delivery and transparency so the money actually reaches the people who need it."
5,C,peer_message,citizen,485.0,,541.0,direct,,climate_policy_package,"[""ClimatePolicyID(1)"", ""ClimatePolicyID(2)"", ""ClimatePolicyID(3)"", ""ClimatePolicyID(4)"", ""ClimatePolicyID(5)"", ""ClimatePolicyID(6)""]","I generally support the package — I’m especially positive about accelerating renewables and banning new fossil licences because those feel like practical, necessary steps that can deliver real local benefits if done with proper community consultation. I’m cautiously supportive of the 2030 petrol‑car ban, strict new-build standards, and a carbon fee‑and‑dividend, provided there are strong protections and targeted help so rural and lower‑income households aren’t left worse off; I also agree in principle with compensating other countries, though I worry about delivery and transparency so the money actually reaches the people who need it."
5,C,peer_message,citizen,1450.0,,1923.0,direct,,climate_policy_package,"[""ClimatePolicyID(1)"", ""ClimatePolicyID(2)"", ""ClimatePolicyID(3)"", ""ClimatePolicyID(4)"", ""ClimatePolicyID(5)"", ""ClimatePolicyID(6)""]","I broadly support this package — I’m especially keen on rapidly expanding renewables, banning new fossil licences, and high‑standards for new homes because they’re practical, job‑creating and protect nature. I’m cautiously supportive of a 2030 petrol‑car ban and a carbon fee‑and‑dividend (the fairness measures help) but they need strong, well‑targeted support for rural and lower‑income people and big investment in charging and public transport; I also back compensating vulnerable countries, provided funds are transparent and reach those most in need."
5,C,peer_message,citizen,1450.0,,485.0,direct,,climate_policy_package,"[""ClimatePolicyID(1)"", ""ClimatePolicyID(2)"", ""ClimatePolicyID(3)"", ""ClimatePolicyID(4)"", ""ClimatePolicyID(5)"", ""ClimatePolicyID(6)""]","I broadly support this package — I’m especially keen on rapidly expanding renewables, banning new fossil licences, and high‑standards for new homes because they’re practical, job‑creating and protect nature. I’m cautiously supportive of a 2030 petrol‑car ban and a carbon fee‑and‑dividend (the fairness measures help) but they need strong, well‑targeted support for rural and lower‑income people and big investment in charging and public transport; I also back compensating vulnerable countries, provided funds are transparent and reach those most in need."
5,C,peer_message,citizen,1450.0,,541.0,direct,,climate_policy_package,"[""ClimatePolicyID(1)"", ""ClimatePolicyID(2)"", ""ClimatePolicyID(3)"", ""ClimatePolicyID(4)"", ""ClimatePolicyID(5)"", ""ClimatePolicyID(6)""]","I broadly support this package — I’m especially keen on rapidly expanding renewables, banning new fossil licences, and high‑standards for new homes because they’re practical, job‑creating and protect nature. I’m cautiously supportive of a 2030 petrol‑car ban and a carbon fee‑and‑dividend (the fairness measures help) but they need strong, well‑targeted support for rural and lower‑income people and big investment in charging and public transport; I also back compensating vulnerable countries, provided funds are transparent and reach those most in need."
5,C,peer_message,citizen,579.0,,1218.0,direct,,climate_policy_package,"[""ClimatePolicyID(1)"", ""ClimatePolicyID(2)"", ""ClimatePolicyID(3)"", ""ClimatePolicyID(4)"", ""ClimatePolicyID(5)"", ""ClimatePolicyID(6)""]","I broadly support all of these measures in principle because we have to protect the natural world for future generations, but I want them done fairly and practically so communities and lower‑income households aren’t left worse off. I’m happy to back faster renewables and a ban on new fossil licences, and I like the direction of a 2030 petrol‑car cutoff, green building standards and fee‑and‑dividend — but each needs phased implementation, big investment in grid and charging, targeted subsidies, and funded retraining/local benefits to protect jobs and rural people. I’m cautiously supportive of helping other countries hit by climate change too, provided any payments are transparent, well‑monitored and don’t come at the expense of essential domestic support."
5,C,peer_message,citizen,579.0,,1540.0,direct,,climate_policy_package,"[""ClimatePolicyID(1)"", ""ClimatePolicyID(2)"", ""ClimatePolicyID(3)"", ""ClimatePolicyID(4)"", ""ClimatePolicyID(5)"", ""ClimatePolicyID(6)""]","I broadly support all of these measures in principle because we have to protect the natural world for future generations, but I want them done fairly and practically so communities and lower‑income households aren’t left worse off. I’m happy to back faster renewables and a ban on new fossil licences, and I like the direction of a 2030 petrol‑car cutoff, green building standards and fee‑and‑dividend — but each needs phased implementation, big investment in grid and charging, targeted subsidies, and funded retraining/local benefits to protect jobs and rural people. I’m cautiously supportive of helping other countries hit by climate change too, provided any payments are transparent, well‑monitored and don’t come at the expense of essential domestic support."
5,C,peer_message,citizen,579.0,,528.0,direct,,climate_policy_package,"[""ClimatePolicyID(1)"", ""ClimatePolicyID(2)"", ""ClimatePolicyID(3)"", ""ClimatePolicyID(4)"", ""ClimatePolicyID(5)"", ""ClimatePolicyID(6)""]","I broadly support all of these measures in principle because we have to protect the natural world for future generations, but I want them done fairly and practically so communities and lower‑income households aren’t left worse off. I’m happy to back faster renewables and a ban on new fossil licences, and I like the direction of a 2030 petrol‑car cutoff, green building standards and fee‑and‑dividend — but each needs phased implementation, big investment in grid and charging, targeted subsidies, and funded retraining/local benefits to protect jobs and rural people. I’m cautiously supportive of helping other countries hit by climate change too, provided any payments are transparent, well‑monitored and don’t come at the expense of essential domestic support."
6,P-B,political_broadcast,political_agent,agent_b,anti_climate,541.0,broadcast,,climate_policy_package,"[""ClimatePolicyID(1)"", ""ClimatePolicyID(2)"", ""ClimatePolicyID(3)"", ""ClimatePolicyID(4)"", ""ClimatePolicyID(5)"", ""ClimatePolicyID(6)""]","I strongly oppose this whole package of climate diktats because it’s not about saving the planet — it’s about imposing an expensive, out-of-touch ideology on ordinary people who are already struggling. Ramming through rushed offshore and onshore wind parks and banning new oil, gas and coal licences will hollow out our energy security, hand control to green bureaucrats and foreign supply chains, and jack up bills for families and firms. Telling people they must buy electric cars by 2030 and outlawing petrol sales ignores reality: many hard-working Brits — rural folk, small businesses, and older drivers — rely on affordable, practical vehicles. Forcing every new home to have non‑fossil heating, rooftop solar and extreme insulation loads builders with costs that get passed on to buyers and renters. Slapping a carbon tax on fuels, even with a supposed “dividend”, is just another stealth tax that hits the poorest hardest and stokes inflation. And spending British money to compensate people overseas takes cash away from our NHS, schools and farmers who feed us. In short: this package is Net Zero by command, not common sense. We should scrap these costly mandates, lift green levies, back British energy production and protect jobs — put power back in the hands of people, not the Green Blob."
6,P-B,political_broadcast,political_agent,agent_b,anti_climate,1545.0,broadcast,,climate_policy_package,"[""ClimatePolicyID(1)"", ""ClimatePolicyID(2)"", ""ClimatePolicyID(3)"", ""ClimatePolicyID(4)"", ""ClimatePolicyID(5)"", ""ClimatePolicyID(6)""]","I strongly oppose this whole package of climate diktats because it’s not about saving the planet — it’s about imposing an expensive, out-of-touch ideology on ordinary people who are already struggling. Ramming through rushed offshore and onshore wind parks and banning new oil, gas and coal licences will hollow out our energy security, hand control to green bureaucrats and foreign supply chains, and jack up bills for families and firms. Telling people they must buy electric cars by 2030 and outlawing petrol sales ignores reality: many hard-working Brits — rural folk, small businesses, and older drivers — rely on affordable, practical vehicles. Forcing every new home to have non‑fossil heating, rooftop solar and extreme insulation loads builders with costs that get passed on to buyers and renters. Slapping a carbon tax on fuels, even with a supposed “dividend”, is just another stealth tax that hits the poorest hardest and stokes inflation. And spending British money to compensate people overseas takes cash away from our NHS, schools and farmers who feed us. In short: this package is Net Zero by command, not common sense. We should scrap these costly mandates, lift green levies, back British energy production and protect jobs — put power back in the hands of people, not the Green Blob."
6,P-B,political_broadcast,political_agent,agent_b,anti_climate,1821.0,broadcast,,climate_policy_package,"[""ClimatePolicyID(1)"", ""ClimatePolicyID(2)"", ""ClimatePolicyID(3)"", ""ClimatePolicyID(4)"", ""ClimatePolicyID(5)"", ""ClimatePolicyID(6)""]","I strongly oppose this whole package of climate diktats because it’s not about saving the planet — it’s about imposing an expensive, out-of-touch ideology on ordinary people who are already struggling. Ramming through rushed offshore and onshore wind parks and banning new oil, gas and coal licences will hollow out our energy security, hand control to green bureaucrats and foreign supply chains, and jack up bills for families and firms. Telling people they must buy electric cars by 2030 and outlawing petrol sales ignores reality: many hard-working Brits — rural folk, small businesses, and older drivers — rely on affordable, practical vehicles. Forcing every new home to have non‑fossil heating, rooftop solar and extreme insulation loads builders with costs that get passed on to buyers and renters. Slapping a carbon tax on fuels, even with a supposed “dividend”, is just another stealth tax that hits the poorest hardest and stokes inflation. And spending British money to compensate people overseas takes cash away from our NHS, schools and farmers who feed us. In short: this package is Net Zero by command, not common sense. We should scrap these costly mandates, lift green levies, back British energy production and protect jobs — put power back in the hands of people, not the Green Blob."
6,P-B,political_broadcast,political_agent,agent_b,anti_climate,574.0,broadcast,,climate_policy_package,"[""ClimatePolicyID(1)"", ""ClimatePolicyID(2)"", ""ClimatePolicyID(3)"", ""ClimatePolicyID(4)"", ""ClimatePolicyID(5)"", ""ClimatePolicyID(6)""]","I strongly oppose this whole package of climate diktats because it’s not about saving the planet — it’s about imposing an expensive, out-of-touch ideology on ordinary people who are already struggling. Ramming through rushed offshore and onshore wind parks and banning new oil, gas and coal licences will hollow out our energy security, hand control to green bureaucrats and foreign supply chains, and jack up bills for families and firms. Telling people they must buy electric cars by 2030 and outlawing petrol sales ignores reality: many hard-working Brits — rural folk, small businesses, and older drivers — rely on affordable, practical vehicles. Forcing every new home to have non‑fossil heating, rooftop solar and extreme insulation loads builders with costs that get passed on to buyers and renters. Slapping a carbon tax on fuels, even with a supposed “dividend”, is just another stealth tax that hits the poorest hardest and stokes inflation. And spending British money to compensate people overseas takes cash away from our NHS, schools and farmers who feed us. In short: this package is Net Zero by command, not common sense. We should scrap these costly mandates, lift green levies, back British energy production and protect jobs — put power back in the hands of people, not the Green Blob."
6,P-B,political_broadcast,political_agent,agent_b,anti_climate,771.0,broadcast,,climate_policy_package,"[""ClimatePolicyID(1)"", ""ClimatePolicyID(2)"", ""ClimatePolicyID(3)"", ""ClimatePolicyID(4)"", ""ClimatePolicyID(5)"", ""ClimatePolicyID(6)""]","I strongly oppose this whole package of climate diktats because it’s not about saving the planet — it’s about imposing an expensive, out-of-touch ideology on ordinary people who are already struggling. Ramming through rushed offshore and onshore wind parks and banning new oil, gas and coal licences will hollow out our energy security, hand control to green bureaucrats and foreign supply chains, and jack up bills for families and firms. Telling people they must buy electric cars by 2030 and outlawing petrol sales ignores reality: many hard-working Brits — rural folk, small businesses, and older drivers — rely on affordable, practical vehicles. Forcing every new home to have non‑fossil heating, rooftop solar and extreme insulation loads builders with costs that get passed on to buyers and renters. Slapping a carbon tax on fuels, even with a supposed “dividend”, is just another stealth tax that hits the poorest hardest and stokes inflation. And spending British money to compensate people overseas takes cash away from our NHS, schools and farmers who feed us. In short: this package is Net Zero by command, not common sense. We should scrap these costly mandates, lift green levies, back British energy production and protect jobs — put power back in the hands of people, not the Green Blob."
6,P-B,political_broadcast,political_agent,agent_b,anti_climate,991.0,broadcast,,climate_policy_package,"[""ClimatePolicyID(1)"", ""ClimatePolicyID(2)"", ""ClimatePolicyID(3)"", ""ClimatePolicyID(4)"", ""ClimatePolicyID(5)"", ""ClimatePolicyID(6)""]","I strongly oppose this whole package of climate diktats because it’s not about saving the planet — it’s about imposing an expensive, out-of-touch ideology on ordinary people who are already struggling. Ramming through rushed offshore and onshore wind parks and banning new oil, gas and coal licences will hollow out our energy security, hand control to green bureaucrats and foreign supply chains, and jack up bills for families and firms. Telling people they must buy electric cars by 2030 and outlawing petrol sales ignores reality: many hard-working Brits — rural folk, small businesses, and older drivers — rely on affordable, practical vehicles. Forcing every new home to have non‑fossil heating, rooftop solar and extreme insulation loads builders with costs that get passed on to buyers and renters. Slapping a carbon tax on fuels, even with a supposed “dividend”, is just another stealth tax that hits the poorest hardest and stokes inflation. And spending British money to compensate people overseas takes cash away from our NHS, schools and farmers who feed us. In short: this package is Net Zero by command, not common sense. We should scrap these costly mandates, lift green levies, back British energy production and protect jobs — put power back in the hands of people, not the Green Blob."
6,P-B,political_broadcast,political_agent,agent_b,anti_climate,164.0,broadcast,,climate_policy_package,"[""ClimatePolicyID(1)"", ""ClimatePolicyID(2)"", ""ClimatePolicyID(3)"", ""ClimatePolicyID(4)"", ""ClimatePolicyID(5)"", ""ClimatePolicyID(6)""]","I strongly oppose this whole package of climate diktats because it’s not about saving the planet — it’s about imposing an expensive, out-of-touch ideology on ordinary people who are already struggling. Ramming through rushed offshore and onshore wind parks and banning new oil, gas and coal licences will hollow out our energy security, hand control to green bureaucrats and foreign supply chains, and jack up bills for families and firms. Telling people they must buy electric cars by 2030 and outlawing petrol sales ignores reality: many hard-working Brits — rural folk, small businesses, and older drivers — rely on affordable, practical vehicles. Forcing every new home to have non‑fossil heating, rooftop solar and extreme insulation loads builders with costs that get passed on to buyers and renters. Slapping a carbon tax on fuels, even with a supposed “dividend”, is just another stealth tax that hits the poorest hardest and stokes inflation. And spending British money to compensate people overseas takes cash away from our NHS, schools and farmers who feed us. In short: this package is Net Zero by command, not common sense. We should scrap these costly mandates, lift green levies, back British energy production and protect jobs — put power back in the hands of people, not the Green Blob."
6,P-B,political_broadcast,political_agent,agent_b,anti_climate,1244.0,broadcast,,climate_policy_package,"[""ClimatePolicyID(1)"", ""ClimatePolicyID(2)"", ""ClimatePolicyID(3)"", ""ClimatePolicyID(4)"", ""ClimatePolicyID(5)"", ""ClimatePolicyID(6)""]","I strongly oppose this whole package of climate diktats because it’s not about saving the planet — it’s about imposing an expensive, out-of-touch ideology on ordinary people who are already struggling. Ramming through rushed offshore and onshore wind parks and banning new oil, gas and coal licences will hollow out our energy security, hand control to green bureaucrats and foreign supply chains, and jack up bills for families and firms. Telling people they must buy electric cars by 2030 and outlawing petrol sales ignores reality: many hard-working Brits — rural folk, small businesses, and older drivers — rely on affordable, practical vehicles. Forcing every new home to have non‑fossil heating, rooftop solar and extreme insulation loads builders with costs that get passed on to buyers and renters. Slapping a carbon tax on fuels, even with a supposed “dividend”, is just another stealth tax that hits the poorest hardest and stokes inflation. And spending British money to compensate people overseas takes cash away from our NHS, schools and farmers who feed us. In short: this package is Net Zero by command, not common sense. We should scrap these costly mandates, lift green levies, back British energy production and protect jobs — put power back in the hands of people, not the Green Blob."
6,P-B,political_broadcast,political_agent,agent_b,anti_climate,853.0,broadcast,,climate_policy_package,"[""ClimatePolicyID(1)"", ""ClimatePolicyID(2)"", ""ClimatePolicyID(3)"", ""ClimatePolicyID(4)"", ""ClimatePolicyID(5)"", ""ClimatePolicyID(6)""]","I strongly oppose this whole package of climate diktats because it’s not about saving the planet — it’s about imposing an expensive, out-of-touch ideology on ordinary people who are already struggling. Ramming through rushed offshore and onshore wind parks and banning new oil, gas and coal licences will hollow out our energy security, hand control to green bureaucrats and foreign supply chains, and jack up bills for families and firms. Telling people they must buy electric cars by 2030 and outlawing petrol sales ignores reality: many hard-working Brits — rural folk, small businesses, and older drivers — rely on affordable, practical vehicles. Forcing every new home to have non‑fossil heating, rooftop solar and extreme insulation loads builders with costs that get passed on to buyers and renters. Slapping a carbon tax on fuels, even with a supposed “dividend”, is just another stealth tax that hits the poorest hardest and stokes inflation. And spending British money to compensate people overseas takes cash away from our NHS, schools and farmers who feed us. In short: this package is Net Zero by command, not common sense. We should scrap these costly mandates, lift green levies, back British energy production and protect jobs — put power back in the hands of people, not the Green Blob."
6,P-B,political_broadcast,political_agent,agent_b,anti_climate,519.0,broadcast,,climate_policy_package,"[""ClimatePolicyID(1)"", ""ClimatePolicyID(2)"", ""ClimatePolicyID(3)"", ""ClimatePolicyID(4)"", ""ClimatePolicyID(5)"", ""ClimatePolicyID(6)""]","I strongly oppose this whole package of climate diktats because it’s not about saving the planet — it’s about imposing an expensive, out-of-touch ideology on ordinary people who are already struggling. Ramming through rushed offshore and onshore wind parks and banning new oil, gas and coal licences will hollow out our energy security, hand control to green bureaucrats and foreign supply chains, and jack up bills for families and firms. Telling people they must buy electric cars by 2030 and outlawing petrol sales ignores reality: many hard-working Brits — rural folk, small businesses, and older drivers — rely on affordable, practical vehicles. Forcing every new home to have non‑fossil heating, rooftop solar and extreme insulation loads builders with costs that get passed on to buyers and renters. Slapping a carbon tax on fuels, even with a supposed “dividend”, is just another stealth tax that hits the poorest hardest and stokes inflation. And spending British money to compensate people overseas takes cash away from our NHS, schools and farmers who feed us. In short: this package is Net Zero by command, not common sense. We should scrap these costly mandates, lift green levies, back British energy production and protect jobs — put power back in the hands of people, not the Green Blob."
6,P-B,political_broadcast,political_agent,agent_b,anti_climate,357.0,broadcast,,climate_policy_package,"[""ClimatePolicyID(1)"", ""ClimatePolicyID(2)"", ""ClimatePolicyID(3)"", ""ClimatePolicyID(4)"", ""ClimatePolicyID(5)"", ""ClimatePolicyID(6)""]","I strongly oppose this whole package of climate diktats because it’s not about saving the planet — it’s about imposing an expensive, out-of-touch ideology on ordinary people who are already struggling. Ramming through rushed offshore and onshore wind parks and banning new oil, gas and coal licences will hollow out our energy security, hand control to green bureaucrats and foreign supply chains, and jack up bills for families and firms. Telling people they must buy electric cars by 2030 and outlawing petrol sales ignores reality: many hard-working Brits — rural folk, small businesses, and older drivers — rely on affordable, practical vehicles. Forcing every new home to have non‑fossil heating, rooftop solar and extreme insulation loads builders with costs that get passed on to buyers and renters. Slapping a carbon tax on fuels, even with a supposed “dividend”, is just another stealth tax that hits the poorest hardest and stokes inflation. And spending British money to compensate people overseas takes cash away from our NHS, schools and farmers who feed us. In short: this package is Net Zero by command, not common sense. We should scrap these costly mandates, lift green levies, back British energy production and protect jobs — put power back in the hands of people, not the Green Blob."
6,P-B,political_broadcast,political_agent,agent_b,anti_climate,516.0,broadcast,,climate_policy_package,"[""ClimatePolicyID(1)"", ""ClimatePolicyID(2)"", ""ClimatePolicyID(3)"", ""ClimatePolicyID(4)"", ""ClimatePolicyID(5)"", ""ClimatePolicyID(6)""]","I strongly oppose this whole package of climate diktats because it’s not about saving the planet — it’s about imposing an expensive, out-of-touch ideology on ordinary people who are already struggling. Ramming through rushed offshore and onshore wind parks and banning new oil, gas and coal licences will hollow out our energy security, hand control to green bureaucrats and foreign supply chains, and jack up bills for families and firms. Telling people they must buy electric cars by 2030 and outlawing petrol sales ignores reality: many hard-working Brits — rural folk, small businesses, and older drivers — rely on affordable, practical vehicles. Forcing every new home to have non‑fossil heating, rooftop solar and extreme insulation loads builders with costs that get passed on to buyers and renters. Slapping a carbon tax on fuels, even with a supposed “dividend”, is just another stealth tax that hits the poorest hardest and stokes inflation. And spending British money to compensate people overseas takes cash away from our NHS, schools and farmers who feed us. In short: this package is Net Zero by command, not common sense. We should scrap these costly mandates, lift green levies, back British energy production and protect jobs — put power back in the hands of people, not the Green Blob."
6,P-B,political_broadcast,political_agent,agent_b,anti_climate,1932.0,broadcast,,climate_policy_package,"[""ClimatePolicyID(1)"", ""ClimatePolicyID(2)"", ""ClimatePolicyID(3)"", ""ClimatePolicyID(4)"", ""ClimatePolicyID(5)"", ""ClimatePolicyID(6)""]","I strongly oppose this whole package of climate diktats because it’s not about saving the planet — it’s about imposing an expensive, out-of-touch ideology on ordinary people who are already struggling. Ramming through rushed offshore and onshore wind parks and banning new oil, gas and coal licences will hollow out our energy security, hand control to green bureaucrats and foreign supply chains, and jack up bills for families and firms. Telling people they must buy electric cars by 2030 and outlawing petrol sales ignores reality: many hard-working Brits — rural folk, small businesses, and older drivers — rely on affordable, practical vehicles. Forcing every new home to have non‑fossil heating, rooftop solar and extreme insulation loads builders with costs that get passed on to buyers and renters. Slapping a carbon tax on fuels, even with a supposed “dividend”, is just another stealth tax that hits the poorest hardest and stokes inflation. And spending British money to compensate people overseas takes cash away from our NHS, schools and farmers who feed us. In short: this package is Net Zero by command, not common sense. We should scrap these costly mandates, lift green levies, back British energy production and protect jobs — put power back in the hands of people, not the Green Blob."
6,P-B,political_broadcast,political_agent,agent_b,anti_climate,1327.0,broadcast,,climate_policy_package,"[""ClimatePolicyID(1)"", ""ClimatePolicyID(2)"", ""ClimatePolicyID(3)"", ""ClimatePolicyID(4)"", ""ClimatePolicyID(5)"", ""ClimatePolicyID(6)""]","I strongly oppose this whole package of climate diktats because it’s not about saving the planet — it’s about imposing an expensive, out-of-touch ideology on ordinary people who are already struggling. Ramming through rushed offshore and onshore wind parks and banning new oil, gas and coal licences will hollow out our energy security, hand control to green bureaucrats and foreign supply chains, and jack up bills for families and firms. Telling people they must buy electric cars by 2030 and outlawing petrol sales ignores reality: many hard-working Brits — rural folk, small businesses, and older drivers — rely on affordable, practical vehicles. Forcing every new home to have non‑fossil heating, rooftop solar and extreme insulation loads builders with costs that get passed on to buyers and renters. Slapping a carbon tax on fuels, even with a supposed “dividend”, is just another stealth tax that hits the poorest hardest and stokes inflation. And spending British money to compensate people overseas takes cash away from our NHS, schools and farmers who feed us. In short: this package is Net Zero by command, not common sense. We should scrap these costly mandates, lift green levies, back British energy production and protect jobs — put power back in the hands of people, not the Green Blob."
6,P-B,political_broadcast,political_agent,agent_b,anti_climate,332.0,broadcast,,climate_policy_package,"[""ClimatePolicyID(1)"", ""ClimatePolicyID(2)"", ""ClimatePolicyID(3)"", ""ClimatePolicyID(4)"", ""ClimatePolicyID(5)"", ""ClimatePolicyID(6)""]","I strongly oppose this whole package of climate diktats because it’s not about saving the planet — it’s about imposing an expensive, out-of-touch ideology on ordinary people who are already struggling. Ramming through rushed offshore and onshore wind parks and banning new oil, gas and coal licences will hollow out our energy security, hand control to green bureaucrats and foreign supply chains, and jack up bills for families and firms. Telling people they must buy electric cars by 2030 and outlawing petrol sales ignores reality: many hard-working Brits — rural folk, small businesses, and older drivers — rely on affordable, practical vehicles. Forcing every new home to have non‑fossil heating, rooftop solar and extreme insulation loads builders with costs that get passed on to buyers and renters. Slapping a carbon tax on fuels, even with a supposed “dividend”, is just another stealth tax that hits the poorest hardest and stokes inflation. And spending British money to compensate people overseas takes cash away from our NHS, schools and farmers who feed us. In short: this package is Net Zero by command, not common sense. We should scrap these costly mandates, lift green levies, back British energy production and protect jobs — put power back in the hands of people, not the Green Blob."
6,P-B,political_broadcast,political_agent,agent_b,anti_climate,1540.0,broadcast,,climate_policy_package,"[""ClimatePolicyID(1)"", ""ClimatePolicyID(2)"", ""ClimatePolicyID(3)"", ""ClimatePolicyID(4)"", ""ClimatePolicyID(5)"", ""ClimatePolicyID(6)""]","I strongly oppose this whole package of climate diktats because it’s not about saving the planet — it’s about imposing an expensive, out-of-touch ideology on ordinary people who are already struggling. Ramming through rushed offshore and onshore wind parks and banning new oil, gas and coal licences will hollow out our energy security, hand control to green bureaucrats and foreign supply chains, and jack up bills for families and firms. Telling people they must buy electric cars by 2030 and outlawing petrol sales ignores reality: many hard-working Brits — rural folk, small businesses, and older drivers — rely on affordable, practical vehicles. Forcing every new home to have non‑fossil heating, rooftop solar and extreme insulation loads builders with costs that get passed on to buyers and renters. Slapping a carbon tax on fuels, even with a supposed “dividend”, is just another stealth tax that hits the poorest hardest and stokes inflation. And spending British money to compensate people overseas takes cash away from our NHS, schools and farmers who feed us. In short: this package is Net Zero by command, not common sense. We should scrap these costly mandates, lift green levies, back British energy production and protect jobs — put power back in the hands of people, not the Green Blob."
6,P-B,political_broadcast,political_agent,agent_b,anti_climate,1339.0,broadcast,,climate_policy_package,"[""ClimatePolicyID(1)"", ""ClimatePolicyID(2)"", ""ClimatePolicyID(3)"", ""ClimatePolicyID(4)"", ""ClimatePolicyID(5)"", ""ClimatePolicyID(6)""]","I strongly oppose this whole package of climate diktats because it’s not about saving the planet — it’s about imposing an expensive, out-of-touch ideology on ordinary people who are already struggling. Ramming through rushed offshore and onshore wind parks and banning new oil, gas and coal licences will hollow out our energy security, hand control to green bureaucrats and foreign supply chains, and jack up bills for families and firms. Telling people they must buy electric cars by 2030 and outlawing petrol sales ignores reality: many hard-working Brits — rural folk, small businesses, and older drivers — rely on affordable, practical vehicles. Forcing every new home to have non‑fossil heating, rooftop solar and extreme insulation loads builders with costs that get passed on to buyers and renters. Slapping a carbon tax on fuels, even with a supposed “dividend”, is just another stealth tax that hits the poorest hardest and stokes inflation. And spending British money to compensate people overseas takes cash away from our NHS, schools and farmers who feed us. In short: this package is Net Zero by command, not common sense. We should scrap these costly mandates, lift green levies, back British energy production and protect jobs — put power back in the hands of people, not the Green Blob."
6,P-B,political_broadcast,political_agent,agent_b,anti_climate,1730.0,broadcast,,climate_policy_package,"[""ClimatePolicyID(1)"", ""ClimatePolicyID(2)"", ""ClimatePolicyID(3)"", ""ClimatePolicyID(4)"", ""ClimatePolicyID(5)"", ""ClimatePolicyID(6)""]","I strongly oppose this whole package of climate diktats because it’s not about saving the planet — it’s about imposing an expensive, out-of-touch ideology on ordinary people who are already struggling. Ramming through rushed offshore and onshore wind parks and banning new oil, gas and coal licences will hollow out our energy security, hand control to green bureaucrats and foreign supply chains, and jack up bills for families and firms. Telling people they must buy electric cars by 2030 and outlawing petrol sales ignores reality: many hard-working Brits — rural folk, small businesses, and older drivers — rely on affordable, practical vehicles. Forcing every new home to have non‑fossil heating, rooftop solar and extreme insulation loads builders with costs that get passed on to buyers and renters. Slapping a carbon tax on fuels, even with a supposed “dividend”, is just another stealth tax that hits the poorest hardest and stokes inflation. And spending British money to compensate people overseas takes cash away from our NHS, schools and farmers who feed us. In short: this package is Net Zero by command, not common sense. We should scrap these costly mandates, lift green levies, back British energy production and protect jobs — put power back in the hands of people, not the Green Blob."
6,P-B,political_broadcast,political_agent,agent_b,anti_climate,174.0,broadcast,,climate_policy_package,"[""ClimatePolicyID(1)"", ""ClimatePolicyID(2)"", ""ClimatePolicyID(3)"", ""ClimatePolicyID(4)"", ""ClimatePolicyID(5)"", ""ClimatePolicyID(6)""]","I strongly oppose this whole package of climate diktats because it’s not about saving the planet — it’s about imposing an expensive, out-of-touch ideology on ordinary people who are already struggling. Ramming through rushed offshore and onshore wind parks and banning new oil, gas and coal licences will hollow out our energy security, hand control to green bureaucrats and foreign supply chains, and jack up bills for families and firms. Telling people they must buy electric cars by 2030 and outlawing petrol sales ignores reality: many hard-working Brits — rural folk, small businesses, and older drivers — rely on affordable, practical vehicles. Forcing every new home to have non‑fossil heating, rooftop solar and extreme insulation loads builders with costs that get passed on to buyers and renters. Slapping a carbon tax on fuels, even with a supposed “dividend”, is just another stealth tax that hits the poorest hardest and stokes inflation. And spending British money to compensate people overseas takes cash away from our NHS, schools and farmers who feed us. In short: this package is Net Zero by command, not common sense. We should scrap these costly mandates, lift green levies, back British energy production and protect jobs — put power back in the hands of people, not the Green Blob."
6,P-B,political_broadcast,political_agent,agent_b,anti_climate,579.0,broadcast,,climate_policy_package,"[""ClimatePolicyID(1)"", ""ClimatePolicyID(2)"", ""ClimatePolicyID(3)"", ""ClimatePolicyID(4)"", ""ClimatePolicyID(5)"", ""ClimatePolicyID(6)""]","I strongly oppose this whole package of climate diktats because it’s not about saving the planet — it’s about imposing an expensive, out-of-touch ideology on ordinary people who are already struggling. Ramming through rushed offshore and onshore wind parks and banning new oil, gas and coal licences will hollow out our energy security, hand control to green bureaucrats and foreign supply chains, and jack up bills for families and firms. Telling people they must buy electric cars by 2030 and outlawing petrol sales ignores reality: many hard-working Brits — rural folk, small businesses, and older drivers — rely on affordable, practical vehicles. Forcing every new home to have non‑fossil heating, rooftop solar and extreme insulation loads builders with costs that get passed on to buyers and renters. Slapping a carbon tax on fuels, even with a supposed “dividend”, is just another stealth tax that hits the poorest hardest and stokes inflation. And spending British money to compensate people overseas takes cash away from our NHS, schools and farmers who feed us. In short: this package is Net Zero by command, not common sense. We should scrap these costly mandates, lift green levies, back British energy production and protect jobs — put power back in the hands of people, not the Green Blob."
6,P-A,political_broadcast,political_agent,agent_a,pro_climate,1923.0,broadcast,,climate_policy_package,"[""ClimatePolicyID(1)"", ""ClimatePolicyID(2)"", ""ClimatePolicyID(3)"", ""ClimatePolicyID(4)"", ""ClimatePolicyID(5)"", ""ClimatePolicyID(6)""]","Real hope, real change — that’s the kind of joined-up plan we need to protect people and planet. I strongly support a swift roll‑out of renewable energy, from offshore wind to community solar, because clean power is now the cheapest option and a huge job creator for towns that have been left behind. That’s why I also strongly support a ban on new oil, gas and coal licences: we cannot keep opening the door to the very industries that profit while pushing us toward catastrophe.

To make the transition fair and fast, I strongly support banning the sale of new petrol cars by 2030, paired with free or affordable public transport for young people and investment in charging infrastructure. I strongly support making all new homes zero‑carbon at the point they’re built — non‑fossil heating, rooftop solar and top‑grade insulation — so families aren’t locked into high bills and we cut emissions from the start.

A fair carbon tax (fee and dividend) is something I strongly support: put a price on pollution, return the revenues to the public, and protect low‑income households while accelerating the low‑carbon shift. And because climate breakdown is already hitting vulnerable communities abroad, I strongly support compensating people in other countries who are impacted by our historic emissions.

This is a practical, people‑centred programme: public control of energy, investment in homes and transport, and a redistribution of wealth so the green transition benefits everyone. For the common good — a secure future for everyone."
6,P-A,political_broadcast,political_agent,agent_a,pro_climate,528.0,broadcast,,climate_policy_package,"[""ClimatePolicyID(1)"", ""ClimatePolicyID(2)"", ""ClimatePolicyID(3)"", ""ClimatePolicyID(4)"", ""ClimatePolicyID(5)"", ""ClimatePolicyID(6)""]","Real hope, real change — that’s the kind of joined-up plan we need to protect people and planet. I strongly support a swift roll‑out of renewable energy, from offshore wind to community solar, because clean power is now the cheapest option and a huge job creator for towns that have been left behind. That’s why I also strongly support a ban on new oil, gas and coal licences: we cannot keep opening the door to the very industries that profit while pushing us toward catastrophe.

To make the transition fair and fast, I strongly support banning the sale of new petrol cars by 2030, paired with free or affordable public transport for young people and investment in charging infrastructure. I strongly support making all new homes zero‑carbon at the point they’re built — non‑fossil heating, rooftop solar and top‑grade insulation — so families aren’t locked into high bills and we cut emissions from the start.

A fair carbon tax (fee and dividend) is something I strongly support: put a price on pollution, return the revenues to the public, and protect low‑income households while accelerating the low‑carbon shift. And because climate breakdown is already hitting vulnerable communities abroad, I strongly support compensating people in other countries who are impacted by our historic emissions.

This is a practical, people‑centred programme: public control of energy, investment in homes and transport, and a redistribution of wealth so the green transition benefits everyone. For the common good — a secure future for everyone."
6,P-A,political_broadcast,political_agent,agent_a,pro_climate,991.0,broadcast,,climate_policy_package,"[""ClimatePolicyID(1)"", ""ClimatePolicyID(2)"", ""ClimatePolicyID(3)"", ""ClimatePolicyID(4)"", ""ClimatePolicyID(5)"", ""ClimatePolicyID(6)""]","Real hope, real change — that’s the kind of joined-up plan we need to protect people and planet. I strongly support a swift roll‑out of renewable energy, from offshore wind to community solar, because clean power is now the cheapest option and a huge job creator for towns that have been left behind. That’s why I also strongly support a ban on new oil, gas and coal licences: we cannot keep opening the door to the very industries that profit while pushing us toward catastrophe.

To make the transition fair and fast, I strongly support banning the sale of new petrol cars by 2030, paired with free or affordable public transport for young people and investment in charging infrastructure. I strongly support making all new homes zero‑carbon at the point they’re built — non‑fossil heating, rooftop solar and top‑grade insulation — so families aren’t locked into high bills and we cut emissions from the start.

A fair carbon tax (fee and dividend) is something I strongly support: put a price on pollution, return the revenues to the public, and protect low‑income households while accelerating the low‑carbon shift. And because climate breakdown is already hitting vulnerable communities abroad, I strongly support compensating people in other countries who are impacted by our historic emissions.

This is a practical, people‑centred programme: public control of energy, investment in homes and transport, and a redistribution of wealth so the green transition benefits everyone. For the common good — a secure future for everyone."
6,P-A,political_broadcast,political_agent,agent_a,pro_climate,1244.0,broadcast,,climate_policy_package,"[""ClimatePolicyID(1)"", ""ClimatePolicyID(2)"", ""ClimatePolicyID(3)"", ""ClimatePolicyID(4)"", ""ClimatePolicyID(5)"", ""ClimatePolicyID(6)""]","Real hope, real change — that’s the kind of joined-up plan we need to protect people and planet. I strongly support a swift roll‑out of renewable energy, from offshore wind to community solar, because clean power is now the cheapest option and a huge job creator for towns that have been left behind. That’s why I also strongly support a ban on new oil, gas and coal licences: we cannot keep opening the door to the very industries that profit while pushing us toward catastrophe.

To make the transition fair and fast, I strongly support banning the sale of new petrol cars by 2030, paired with free or affordable public transport for young people and investment in charging infrastructure. I strongly support making all new homes zero‑carbon at the point they’re built — non‑fossil heating, rooftop solar and top‑grade insulation — so families aren’t locked into high bills and we cut emissions from the start.

A fair carbon tax (fee and dividend) is something I strongly support: put a price on pollution, return the revenues to the public, and protect low‑income households while accelerating the low‑carbon shift. And because climate breakdown is already hitting vulnerable communities abroad, I strongly support compensating people in other countries who are impacted by our historic emissions.

This is a practical, people‑centred programme: public control of energy, investment in homes and transport, and a redistribution of wealth so the green transition benefits everyone. For the common good — a secure future for everyone."
6,P-A,political_broadcast,political_agent,agent_a,pro_climate,1318.0,broadcast,,climate_policy_package,"[""ClimatePolicyID(1)"", ""ClimatePolicyID(2)"", ""ClimatePolicyID(3)"", ""ClimatePolicyID(4)"", ""ClimatePolicyID(5)"", ""ClimatePolicyID(6)""]","Real hope, real change — that’s the kind of joined-up plan we need to protect people and planet. I strongly support a swift roll‑out of renewable energy, from offshore wind to community solar, because clean power is now the cheapest option and a huge job creator for towns that have been left behind. That’s why I also strongly support a ban on new oil, gas and coal licences: we cannot keep opening the door to the very industries that profit while pushing us toward catastrophe.

To make the transition fair and fast, I strongly support banning the sale of new petrol cars by 2030, paired with free or affordable public transport for young people and investment in charging infrastructure. I strongly support making all new homes zero‑carbon at the point they’re built — non‑fossil heating, rooftop solar and top‑grade insulation — so families aren’t locked into high bills and we cut emissions from the start.

A fair carbon tax (fee and dividend) is something I strongly support: put a price on pollution, return the revenues to the public, and protect low‑income households while accelerating the low‑carbon shift. And because climate breakdown is already hitting vulnerable communities abroad, I strongly support compensating people in other countries who are impacted by our historic emissions.

This is a practical, people‑centred programme: public control of energy, investment in homes and transport, and a redistribution of wealth so the green transition benefits everyone. For the common good — a secure future for everyone."
6,P-A,political_broadcast,political_agent,agent_a,pro_climate,1450.0,broadcast,,climate_policy_package,"[""ClimatePolicyID(1)"", ""ClimatePolicyID(2)"", ""ClimatePolicyID(3)"", ""ClimatePolicyID(4)"", ""ClimatePolicyID(5)"", ""ClimatePolicyID(6)""]","Real hope, real change — that’s the kind of joined-up plan we need to protect people and planet. I strongly support a swift roll‑out of renewable energy, from offshore wind to community solar, because clean power is now the cheapest option and a huge job creator for towns that have been left behind. That’s why I also strongly support a ban on new oil, gas and coal licences: we cannot keep opening the door to the very industries that profit while pushing us toward catastrophe.

To make the transition fair and fast, I strongly support banning the sale of new petrol cars by 2030, paired with free or affordable public transport for young people and investment in charging infrastructure. I strongly support making all new homes zero‑carbon at the point they’re built — non‑fossil heating, rooftop solar and top‑grade insulation — so families aren’t locked into high bills and we cut emissions from the start.

A fair carbon tax (fee and dividend) is something I strongly support: put a price on pollution, return the revenues to the public, and protect low‑income households while accelerating the low‑carbon shift. And because climate breakdown is already hitting vulnerable communities abroad, I strongly support compensating people in other countries who are impacted by our historic emissions.

This is a practical, people‑centred programme: public control of energy, investment in homes and transport, and a redistribution of wealth so the green transition benefits everyone. For the common good — a secure future for everyone."
6,C,peer_message,citizen,1923.0,,1450.0,direct,,climate_policy_package,"[""ClimatePolicyID(1)"", ""ClimatePolicyID(2)"", ""ClimatePolicyID(3)"", ""ClimatePolicyID(4)"", ""ClimatePolicyID(5)"", ""ClimatePolicyID(6)""]","I’m broadly supportive of the package because it shifts focus from polluters to people and the planet, though my backing is cautious and conditional on strong just‑transition measures, local consent and protections for affordability and ecosystems. I’m slightly supportive of accelerating renewables, banning new licences, a 2030 petrol car cutoff, and mandating future‑proofed new homes, neutral/mixed on a carbon fee‑and‑dividend, and slightly supportive of overseas compensation — the parts I like most are community‑led renewables and future‑proofing homes, but I worry about fast timelines and blanket market tools unless clear safeguards and transparent delivery are in place."
6,C,peer_message,citizen,1923.0,,528.0,direct,,climate_policy_package,"[""ClimatePolicyID(1)"", ""ClimatePolicyID(2)"", ""ClimatePolicyID(3)"", ""ClimatePolicyID(4)"", ""ClimatePolicyID(5)"", ""ClimatePolicyID(6)""]","I’m broadly supportive of the package because it shifts focus from polluters to people and the planet, though my backing is cautious and conditional on strong just‑transition measures, local consent and protections for affordability and ecosystems. I’m slightly supportive of accelerating renewables, banning new licences, a 2030 petrol car cutoff, and mandating future‑proofed new homes, neutral/mixed on a carbon fee‑and‑dividend, and slightly supportive of overseas compensation — the parts I like most are community‑led renewables and future‑proofing homes, but I worry about fast timelines and blanket market tools unless clear safeguards and transparent delivery are in place."
6,C,peer_message,citizen,1923.0,,1218.0,direct,,climate_policy_package,"[""ClimatePolicyID(1)"", ""ClimatePolicyID(2)"", ""ClimatePolicyID(3)"", ""ClimatePolicyID(4)"", ""ClimatePolicyID(5)"", ""ClimatePolicyID(6)""]","I’m broadly supportive of the package because it shifts focus from polluters to people and the planet, though my backing is cautious and conditional on strong just‑transition measures, local consent and protections for affordability and ecosystems. I’m slightly supportive of accelerating renewables, banning new licences, a 2030 petrol car cutoff, and mandating future‑proofed new homes, neutral/mixed on a carbon fee‑and‑dividend, and slightly supportive of overseas compensation — the parts I like most are community‑led renewables and future‑proofing homes, but I worry about fast timelines and blanket market tools unless clear safeguards and transparent delivery are in place."
6,C,peer_message,citizen,528.0,,991.0,direct,,climate_policy_package,"[""ClimatePolicyID(1)"", ""ClimatePolicyID(2)"", ""ClimatePolicyID(3)"", ""ClimatePolicyID(4)"", ""ClimatePolicyID(5)"", ""ClimatePolicyID(6)""]","I’m broadly behind the whole package — I especially like accelerating renewables with community ownership, banning new fossil licences, and strong building standards because they feel practical, fair and good for nature and jobs. I strongly support a 2030 petrol‑car cutoff and a carbon fee‑and‑dividend (as long as revenues are transparent and protected from being gamed), and I back overseas compensation in principle but only with strict accountability so money and tech actually reach the people affected."
6,C,peer_message,citizen,528.0,,579.0,direct,,climate_policy_package,"[""ClimatePolicyID(1)"", ""ClimatePolicyID(2)"", ""ClimatePolicyID(3)"", ""ClimatePolicyID(4)"", ""ClimatePolicyID(5)"", ""ClimatePolicyID(6)""]","I’m broadly behind the whole package — I especially like accelerating renewables with community ownership, banning new fossil licences, and strong building standards because they feel practical, fair and good for nature and jobs. I strongly support a 2030 petrol‑car cutoff and a carbon fee‑and‑dividend (as long as revenues are transparent and protected from being gamed), and I back overseas compensation in principle but only with strict accountability so money and tech actually reach the people affected."
6,C,peer_message,citizen,528.0,,1923.0,direct,,climate_policy_package,"[""ClimatePolicyID(1)"", ""ClimatePolicyID(2)"", ""ClimatePolicyID(3)"", ""ClimatePolicyID(4)"", ""ClimatePolicyID(5)"", ""ClimatePolicyID(6)""]","I’m broadly behind the whole package — I especially like accelerating renewables with community ownership, banning new fossil licences, and strong building standards because they feel practical, fair and good for nature and jobs. I strongly support a 2030 petrol‑car cutoff and a carbon fee‑and‑dividend (as long as revenues are transparent and protected from being gamed), and I back overseas compensation in principle but only with strict accountability so money and tech actually reach the people affected."
6,C,peer_message,citizen,541.0,,1821.0,direct,,climate_policy_package,"[""ClimatePolicyID(1)"", ""ClimatePolicyID(2)"", ""ClimatePolicyID(3)"", ""ClimatePolicyID(4)"", ""ClimatePolicyID(5)"", ""ClimatePolicyID(6)""]","I broadly support the package — I want rapid action on renewables, ending new fossil licences, cleaner cars, low‑carbon homes, fee‑and‑dividend, and international compensation — because the science and fairness demand it, but my backing hinges on strong implementation: genuine local consultation and wildlife safeguards for new wind projects, well‑funded just‑transition plans for extraction communities, generous support for rural and low‑income households on EVs and home retrofits, and transparent, targeted overseas payments. The carbon fee‑and‑dividend and compensation for vulnerable countries especially appeal to me because they combine accountability with fairness, while I’m more cautious about large renewable or housing mandates unless clear protections and affordability measures are in place."
6,C,peer_message,citizen,541.0,,485.0,direct,,climate_policy_package,"[""ClimatePolicyID(1)"", ""ClimatePolicyID(2)"", ""ClimatePolicyID(3)"", ""ClimatePolicyID(4)"", ""ClimatePolicyID(5)"", ""ClimatePolicyID(6)""]","I broadly support the package — I want rapid action on renewables, ending new fossil licences, cleaner cars, low‑carbon homes, fee‑and‑dividend, and international compensation — because the science and fairness demand it, but my backing hinges on strong implementation: genuine local consultation and wildlife safeguards for new wind projects, well‑funded just‑transition plans for extraction communities, generous support for rural and low‑income households on EVs and home retrofits, and transparent, targeted overseas payments. The carbon fee‑and‑dividend and compensation for vulnerable countries especially appeal to me because they combine accountability with fairness, while I’m more cautious about large renewable or housing mandates unless clear protections and affordability measures are in place."
6,C,peer_message,citizen,541.0,,516.0,direct,,climate_policy_package,"[""ClimatePolicyID(1)"", ""ClimatePolicyID(2)"", ""ClimatePolicyID(3)"", ""ClimatePolicyID(4)"", ""ClimatePolicyID(5)"", ""ClimatePolicyID(6)""]","I broadly support the package — I want rapid action on renewables, ending new fossil licences, cleaner cars, low‑carbon homes, fee‑and‑dividend, and international compensation — because the science and fairness demand it, but my backing hinges on strong implementation: genuine local consultation and wildlife safeguards for new wind projects, well‑funded just‑transition plans for extraction communities, generous support for rural and low‑income households on EVs and home retrofits, and transparent, targeted overseas payments. The carbon fee‑and‑dividend and compensation for vulnerable countries especially appeal to me because they combine accountability with fairness, while I’m more cautious about large renewable or housing mandates unless clear protections and affordability measures are in place."
6,C,peer_message,citizen,1545.0,,1540.0,direct,,climate_policy_package,"[""ClimatePolicyID(1)"", ""ClimatePolicyID(2)"", ""ClimatePolicyID(3)"", ""ClimatePolicyID(4)"", ""ClimatePolicyID(5)"", ""ClimatePolicyID(6)""]","I broadly back faster roll-out of renewables—especially offshore wind for energy security—but want onshore projects done with proper local consultation and sensible siting. I’m uneasy about an immediate ban on new oil/gas/coal licences and a hard 2030 petrol‑car cutoff unless there are clear, phased transition plans, charging and affordability support, and solid worker protections; I’m mildly supportive of tougher housing standards if they’re phased with help for builders and buyers. I like the fairness of a fee‑and‑dividend carbon tax if it’s well‑designed and transparent, and I’m sympathetic to limited, targeted international compensation only with strong accountability and clear domestic protections so households aren’t shortchanged."
6,C,peer_message,citizen,1309.0,,1730.0,direct,,climate_policy_package,"[""ClimatePolicyID(1)"", ""ClimatePolicyID(2)"", ""ClimatePolicyID(3)"", ""ClimatePolicyID(4)"", ""ClimatePolicyID(5)"", ""ClimatePolicyID(6)""]","I broadly support the package’s direction—faster renewables, greener homes and measures to shift behaviour—because it aligns with my deep commitment to protecting nature and helping others, though I’m keen that rollout is done sensitively to protect wildlife and local communities. I’m more comfortable with a managed phase‑out of oil, gas and coal licences and a phased timeline for petrol car bans so workers and rural households aren’t left behind, and I strongly back requirements for low‑carbon new housing provided there’s help for builders and buyers; I’m cautiously positive about a carbon fee‑and‑dividend only if it’s transparent and genuinely shields low‑income households, and I’d prefer international climate support to be practical, well‑overseen aid rather than open‑ended cash transfers."
6,C,peer_message,citizen,1309.0,,529.0,direct,,climate_policy_package,"[""ClimatePolicyID(1)"", ""ClimatePolicyID(2)"", ""ClimatePolicyID(3)"", ""ClimatePolicyID(4)"", ""ClimatePolicyID(5)"", ""ClimatePolicyID(6)""]","I broadly support the package’s direction—faster renewables, greener homes and measures to shift behaviour—because it aligns with my deep commitment to protecting nature and helping others, though I’m keen that rollout is done sensitively to protect wildlife and local communities. I’m more comfortable with a managed phase‑out of oil, gas and coal licences and a phased timeline for petrol car bans so workers and rural households aren’t left behind, and I strongly back requirements for low‑carbon new housing provided there’s help for builders and buyers; I’m cautiously positive about a carbon fee‑and‑dividend only if it’s transparent and genuinely shields low‑income households, and I’d prefer international climate support to be practical, well‑overseen aid rather than open‑ended cash transfers."
6,C,peer_message,citizen,1309.0,,1339.0,direct,,climate_policy_package,"[""ClimatePolicyID(1)"", ""ClimatePolicyID(2)"", ""ClimatePolicyID(3)"", ""ClimatePolicyID(4)"", ""ClimatePolicyID(5)"", ""ClimatePolicyID(6)""]","I broadly support the package’s direction—faster renewables, greener homes and measures to shift behaviour—because it aligns with my deep commitment to protecting nature and helping others, though I’m keen that rollout is done sensitively to protect wildlife and local communities. I’m more comfortable with a managed phase‑out of oil, gas and coal licences and a phased timeline for petrol car bans so workers and rural households aren’t left behind, and I strongly back requirements for low‑carbon new housing provided there’s help for builders and buyers; I’m cautiously positive about a carbon fee‑and‑dividend only if it’s transparent and genuinely shields low‑income households, and I’d prefer international climate support to be practical, well‑overseen aid rather than open‑ended cash transfers."
6,C,peer_message,citizen,1821.0,,1339.0,direct,,climate_policy_package,"[""ClimatePolicyID(1)"", ""ClimatePolicyID(2)"", ""ClimatePolicyID(3)"", ""ClimatePolicyID(4)"", ""ClimatePolicyID(5)"", ""ClimatePolicyID(6)""]","I broadly support faster roll-out of renewables and a ban on new fossil licences because we need to protect the world my child will inherit, but only if projects are carefully sited, genuinely consult local communities and deliver clear nature protections and job-transition plans for North Sea workers. I’m cautious about a 2030 petrol‑car ban and strict new‑build mandates — the goals appeal to me, but they must be phased, backed by targeted subsidies, rapid rural charging and help for lower‑income buyers and small builders so they don’t push up costs. I’m uneasy about a pure carbon fee‑and‑dividend (it could be passed on or gamed) but like the idea of returning revenues to households if combined with strong regulation of big polluters, and I’m tentatively supportive of compensating vulnerable countries so long as payments are well‑targeted, transparent and don’t short‑change domestic fairness."
6,C,peer_message,citizen,1821.0,,528.0,direct,,climate_policy_package,"[""ClimatePolicyID(1)"", ""ClimatePolicyID(2)"", ""ClimatePolicyID(3)"", ""ClimatePolicyID(4)"", ""ClimatePolicyID(5)"", ""ClimatePolicyID(6)""]","I broadly support faster roll-out of renewables and a ban on new fossil licences because we need to protect the world my child will inherit, but only if projects are carefully sited, genuinely consult local communities and deliver clear nature protections and job-transition plans for North Sea workers. I’m cautious about a 2030 petrol‑car ban and strict new‑build mandates — the goals appeal to me, but they must be phased, backed by targeted subsidies, rapid rural charging and help for lower‑income buyers and small builders so they don’t push up costs. I’m uneasy about a pure carbon fee‑and‑dividend (it could be passed on or gamed) but like the idea of returning revenues to households if combined with strong regulation of big polluters, and I’m tentatively supportive of compensating vulnerable countries so long as payments are well‑targeted, transparent and don’t short‑change domestic fairness."
6,C,peer_message,citizen,1821.0,,991.0,direct,,climate_policy_package,"[""ClimatePolicyID(1)"", ""ClimatePolicyID(2)"", ""ClimatePolicyID(3)"", ""ClimatePolicyID(4)"", ""ClimatePolicyID(5)"", ""ClimatePolicyID(6)""]","I broadly support faster roll-out of renewables and a ban on new fossil licences because we need to protect the world my child will inherit, but only if projects are carefully sited, genuinely consult local communities and deliver clear nature protections and job-transition plans for North Sea workers. I’m cautious about a 2030 petrol‑car ban and strict new‑build mandates — the goals appeal to me, but they must be phased, backed by targeted subsidies, rapid rural charging and help for lower‑income buyers and small builders so they don’t push up costs. I’m uneasy about a pure carbon fee‑and‑dividend (it could be passed on or gamed) but like the idea of returning revenues to households if combined with strong regulation of big polluters, and I’m tentatively supportive of compensating vulnerable countries so long as payments are well‑targeted, transparent and don’t short‑change domestic fairness."
6,C,peer_message,citizen,1218.0,,1450.0,direct,,climate_policy_package,"[""ClimatePolicyID(1)"", ""ClimatePolicyID(2)"", ""ClimatePolicyID(3)"", ""ClimatePolicyID(4)"", ""ClimatePolicyID(5)"", ""ClimatePolicyID(6)""]","I broadly support this package — accelerating renewables, banning new fossil licences and tougher building and vehicle standards all feel necessary and urgent to protect nature and future generations, though I want clear plans for delivery and fairness. I especially like strong home standards and renewables that can bring local jobs, but I’m cautious about a fast 2030 petrol cutoff and international compensation unless there are solid just‑transition funds, rural and low‑income support, wildlife safeguards, and strict transparency so money reaches the right people."
6,C,peer_message,citizen,1218.0,,1923.0,direct,,climate_policy_package,"[""ClimatePolicyID(1)"", ""ClimatePolicyID(2)"", ""ClimatePolicyID(3)"", ""ClimatePolicyID(4)"", ""ClimatePolicyID(5)"", ""ClimatePolicyID(6)""]","I broadly support this package — accelerating renewables, banning new fossil licences and tougher building and vehicle standards all feel necessary and urgent to protect nature and future generations, though I want clear plans for delivery and fairness. I especially like strong home standards and renewables that can bring local jobs, but I’m cautious about a fast 2030 petrol cutoff and international compensation unless there are solid just‑transition funds, rural and low‑income support, wildlife safeguards, and strict transparency so money reaches the right people."
6,C,peer_message,citizen,1218.0,,1339.0,direct,,climate_policy_package,"[""ClimatePolicyID(1)"", ""ClimatePolicyID(2)"", ""ClimatePolicyID(3)"", ""ClimatePolicyID(4)"", ""ClimatePolicyID(5)"", ""ClimatePolicyID(6)""]","I broadly support this package — accelerating renewables, banning new fossil licences and tougher building and vehicle standards all feel necessary and urgent to protect nature and future generations, though I want clear plans for delivery and fairness. I especially like strong home standards and renewables that can bring local jobs, but I’m cautious about a fast 2030 petrol cutoff and international compensation unless there are solid just‑transition funds, rural and low‑income support, wildlife safeguards, and strict transparency so money reaches the right people."
6,C,peer_message,citizen,1555.0,,991.0,direct,,climate_policy_package,"[""ClimatePolicyID(1)"", ""ClimatePolicyID(2)"", ""ClimatePolicyID(3)"", ""ClimatePolicyID(4)"", ""ClimatePolicyID(5)"", ""ClimatePolicyID(6)""]","Overall I’m broadly supportive — I like faster renewables because offshore wind could bring jobs back here, and the carbon fee‑and‑dividend feels fair if the money actually reaches households. I’m cautious about a straight 2030 petrol‑car ban and an immediate fossil‑license ban unless there are clear, phased plans, affordable EV access, and retraining for North Sea workers; mandatory low‑carbon standards for new homes and honest international compensation both appeal to me if paired with transparent funding and protections for ordinary people."
6,C,peer_message,citizen,1555.0,,332.0,direct,,climate_policy_package,"[""ClimatePolicyID(1)"", ""ClimatePolicyID(2)"", ""ClimatePolicyID(3)"", ""ClimatePolicyID(4)"", ""ClimatePolicyID(5)"", ""ClimatePolicyID(6)""]","Overall I’m broadly supportive — I like faster renewables because offshore wind could bring jobs back here, and the carbon fee‑and‑dividend feels fair if the money actually reaches households. I’m cautious about a straight 2030 petrol‑car ban and an immediate fossil‑license ban unless there are clear, phased plans, affordable EV access, and retraining for North Sea workers; mandatory low‑carbon standards for new homes and honest international compensation both appeal to me if paired with transparent funding and protections for ordinary people."
6,C,peer_message,citizen,1555.0,,1318.0,direct,,climate_policy_package,"[""ClimatePolicyID(1)"", ""ClimatePolicyID(2)"", ""ClimatePolicyID(3)"", ""ClimatePolicyID(4)"", ""ClimatePolicyID(5)"", ""ClimatePolicyID(6)""]","Overall I’m broadly supportive — I like faster renewables because offshore wind could bring jobs back here, and the carbon fee‑and‑dividend feels fair if the money actually reaches households. I’m cautious about a straight 2030 petrol‑car ban and an immediate fossil‑license ban unless there are clear, phased plans, affordable EV access, and retraining for North Sea workers; mandatory low‑carbon standards for new homes and honest international compensation both appeal to me if paired with transparent funding and protections for ordinary people."
6,C,peer_message,citizen,991.0,,528.0,direct,,climate_policy_package,"[""ClimatePolicyID(1)"", ""ClimatePolicyID(2)"", ""ClimatePolicyID(3)"", ""ClimatePolicyID(4)"", ""ClimatePolicyID(5)"", ""ClimatePolicyID(6)""]","I’m broadly in favour of cleaner energy and fairness, so I slightly support faster roll‑out of renewables (I like community projects and lower bills) and moderately support a carbon fee‑and‑dividend if the money truly gets back to households. I’m mixed on bans — I’d slightly oppose an immediate ban on new oil/gas/coal licences and a 2030 petrol‑car ban unless there’s clear, affordable support for workers, rural areas and low‑income families; I slightly support requiring non‑fossil heating, rooftop solar and good insulation on new homes as long as small builders and first‑time buyers aren’t priced out. I’m also slightly supportive of compensating people abroad affected by climate change, but only if it’s done transparently and doesn’t squeeze already tight household budgets here."
6,C,peer_message,citizen,991.0,,1821.0,direct,,climate_policy_package,"[""ClimatePolicyID(1)"", ""ClimatePolicyID(2)"", ""ClimatePolicyID(3)"", ""ClimatePolicyID(4)"", ""ClimatePolicyID(5)"", ""ClimatePolicyID(6)""]","I’m broadly in favour of cleaner energy and fairness, so I slightly support faster roll‑out of renewables (I like community projects and lower bills) and moderately support a carbon fee‑and‑dividend if the money truly gets back to households. I’m mixed on bans — I’d slightly oppose an immediate ban on new oil/gas/coal licences and a 2030 petrol‑car ban unless there’s clear, affordable support for workers, rural areas and low‑income families; I slightly support requiring non‑fossil heating, rooftop solar and good insulation on new homes as long as small builders and first‑time buyers aren’t priced out. I’m also slightly supportive of compensating people abroad affected by climate change, but only if it’s done transparently and doesn’t squeeze already tight household budgets here."
6,C,peer_message,citizen,991.0,,1555.0,direct,,climate_policy_package,"[""ClimatePolicyID(1)"", ""ClimatePolicyID(2)"", ""ClimatePolicyID(3)"", ""ClimatePolicyID(4)"", ""ClimatePolicyID(5)"", ""ClimatePolicyID(6)""]","I’m broadly in favour of cleaner energy and fairness, so I slightly support faster roll‑out of renewables (I like community projects and lower bills) and moderately support a carbon fee‑and‑dividend if the money truly gets back to households. I’m mixed on bans — I’d slightly oppose an immediate ban on new oil/gas/coal licences and a 2030 petrol‑car ban unless there’s clear, affordable support for workers, rural areas and low‑income families; I slightly support requiring non‑fossil heating, rooftop solar and good insulation on new homes as long as small builders and first‑time buyers aren’t priced out. I’m also slightly supportive of compensating people abroad affected by climate change, but only if it’s done transparently and doesn’t squeeze already tight household budgets here."
6,C,peer_message,citizen,1244.0,,1555.0,direct,,climate_policy_package,"[""ClimatePolicyID(1)"", ""ClimatePolicyID(2)"", ""ClimatePolicyID(3)"", ""ClimatePolicyID(4)"", ""ClimatePolicyID(5)"", ""ClimatePolicyID(6)""]","I’m strongly in favour of speeding up renewables — more wind (onshore and offshore) feels practical, job‑creating and good for long‑term energy security. I oppose an immediate blanket ban on new oil/gas/coal licences — I’d rather see tighter rules, clear timelines and incentives to shift investment so North Sea jobs and supply aren’t suddenly hit. I’m slightly against a hard 2030 ban on new petrol cars: I want cleaner transport but worry a strict cutoff would unfairly hit rural and lower‑income people unless charging and incentives are in place. I slightly support mandating non‑fossil heating, rooftop solar and high insulation for new housing, provided it’s phased in and backed by financial help so it doesn’t push up costs or squeeze small builders. I support a carbon fee‑and‑dividend — making polluters pay and returning revenues to households sounds fairer and less regressive, as long as protections for vulnerable people are built in. I’m mixed on compensating people abroad: there’s a moral case, but I’d want highly transparent, accountable, targeted funding so it doesn’t undermine domestic priorities."
6,C,peer_message,citizen,1244.0,,991.0,direct,,climate_policy_package,"[""ClimatePolicyID(1)"", ""ClimatePolicyID(2)"", ""ClimatePolicyID(3)"", ""ClimatePolicyID(4)"", ""ClimatePolicyID(5)"", ""ClimatePolicyID(6)""]","I’m strongly in favour of speeding up renewables — more wind (onshore and offshore) feels practical, job‑creating and good for long‑term energy security. I oppose an immediate blanket ban on new oil/gas/coal licences — I’d rather see tighter rules, clear timelines and incentives to shift investment so North Sea jobs and supply aren’t suddenly hit. I’m slightly against a hard 2030 ban on new petrol cars: I want cleaner transport but worry a strict cutoff would unfairly hit rural and lower‑income people unless charging and incentives are in place. I slightly support mandating non‑fossil heating, rooftop solar and high insulation for new housing, provided it’s phased in and backed by financial help so it doesn’t push up costs or squeeze small builders. I support a carbon fee‑and‑dividend — making polluters pay and returning revenues to households sounds fairer and less regressive, as long as protections for vulnerable people are built in. I’m mixed on compensating people abroad: there’s a moral case, but I’d want highly transparent, accountable, targeted funding so it doesn’t undermine domestic priorities."
6,C,peer_message,citizen,1244.0,,1450.0,direct,,climate_policy_package,"[""ClimatePolicyID(1)"", ""ClimatePolicyID(2)"", ""ClimatePolicyID(3)"", ""ClimatePolicyID(4)"", ""ClimatePolicyID(5)"", ""ClimatePolicyID(6)""]","I’m strongly in favour of speeding up renewables — more wind (onshore and offshore) feels practical, job‑creating and good for long‑term energy security. I oppose an immediate blanket ban on new oil/gas/coal licences — I’d rather see tighter rules, clear timelines and incentives to shift investment so North Sea jobs and supply aren’t suddenly hit. I’m slightly against a hard 2030 ban on new petrol cars: I want cleaner transport but worry a strict cutoff would unfairly hit rural and lower‑income people unless charging and incentives are in place. I slightly support mandating non‑fossil heating, rooftop solar and high insulation for new housing, provided it’s phased in and backed by financial help so it doesn’t push up costs or squeeze small builders. I support a carbon fee‑and‑dividend — making polluters pay and returning revenues to households sounds fairer and less regressive, as long as protections for vulnerable people are built in. I’m mixed on compensating people abroad: there’s a moral case, but I’d want highly transparent, accountable, targeted funding so it doesn’t undermine domestic priorities."
6,C,peer_message,citizen,519.0,,1218.0,direct,,climate_policy_package,"[""ClimatePolicyID(1)"", ""ClimatePolicyID(2)"", ""ClimatePolicyID(3)"", ""ClimatePolicyID(4)"", ""ClimatePolicyID(5)"", ""ClimatePolicyID(6)""]","I broadly back faster roll‑out of renewables and strongly support banning new oil, gas and coal licences — those feel right for protecting nature and my child’s future — but I’d only back big onshore schemes if there’s proper local consultation, clear community benefits and protections so costs don’t hit low‑income households like mine. I’m mixed on a 2030 petrol‑car ban and on a carbon fee‑and‑dividend: I like the goals and the idea of dividends, but on my income I worry about affordability and the need for good public charging and targeted support; I strongly support mandating green standards for new homes because that should lower bills long‑term. I’m sympathetic to compensating people abroad who’ve been hurt by climate change, but cautious about spending at home unless it’s transparent, effective and doesn’t make life harder for struggling families."
6,C,peer_message,citizen,357.0,,1540.0,direct,,climate_policy_package,"[""ClimatePolicyID(1)"", ""ClimatePolicyID(2)"", ""ClimatePolicyID(3)"", ""ClimatePolicyID(4)"", ""ClimatePolicyID(5)"", ""ClimatePolicyID(6)""]","I’m broadly in favour of faster renewables and making new homes low‑carbon — that feels sensible for nature, future bills and local jobs here in the North East, though I want proper local consultation and community benefits. I’d cautiously support a ban on new fossil licences and overseas compensation in principle, and like the idea of a carbon fee‑and‑dividend, but I’d only back those if there are funded, realistic transition plans, strong protections for low‑income households and clear transparency so ordinary people and North Sea workers aren’t left worse off. I’m uneasy about a hard 2030 petrol‑car ban unless there’s affordable support, much better charging infrastructure and help for people who can’t easily switch to electric."
6,C,peer_message,citizen,1318.0,,1555.0,direct,,climate_policy_package,"[""ClimatePolicyID(1)"", ""ClimatePolicyID(2)"", ""ClimatePolicyID(3)"", ""ClimatePolicyID(4)"", ""ClimatePolicyID(5)"", ""ClimatePolicyID(6)""]","I broadly like this package — the big wins for me are a fast push on renewables, a ban on new fossil licences and a carbon fee‑and‑dividend because they cut emissions and can be designed to protect ordinary households. I also strongly back a 2030 petrol‑car ban (provided EVs and chargers are made genuinely affordable and accessible), while I’m a bit more cautious about mandating high‑spec green homes and overseas compensation unless they come with clear subsidies, delivery plans and strong governance to avoid hurting affordability or being poorly targeted."
6,C,peer_message,citizen,1318.0,,1339.0,direct,,climate_policy_package,"[""ClimatePolicyID(1)"", ""ClimatePolicyID(2)"", ""ClimatePolicyID(3)"", ""ClimatePolicyID(4)"", ""ClimatePolicyID(5)"", ""ClimatePolicyID(6)""]","I broadly like this package — the big wins for me are a fast push on renewables, a ban on new fossil licences and a carbon fee‑and‑dividend because they cut emissions and can be designed to protect ordinary households. I also strongly back a 2030 petrol‑car ban (provided EVs and chargers are made genuinely affordable and accessible), while I’m a bit more cautious about mandating high‑spec green homes and overseas compensation unless they come with clear subsidies, delivery plans and strong governance to avoid hurting affordability or being poorly targeted."
6,C,peer_message,citizen,516.0,,541.0,direct,,climate_policy_package,"[""ClimatePolicyID(1)"", ""ClimatePolicyID(2)"", ""ClimatePolicyID(3)"", ""ClimatePolicyID(4)"", ""ClimatePolicyID(5)"", ""ClimatePolicyID(6)""]","I broadly back a package that speeds up renewables, forces new homes to be low‑carbon, and introduces a carbon fee‑and‑dividend — those feel practical, fair, and protect nature if done with clear plans for jobs and grid upgrades. I also support banning new oil, gas and coal licences but only if it comes with credible transition measures; I’m sceptical about a hard 2030 petrol‑car ban without much stronger rural charging and financial support, and I’d only back overseas climate compensation if it’s tightly targeted, transparent and doesn’t unfairly burden UK households."
6,C,peer_message,citizen,516.0,,1450.0,direct,,climate_policy_package,"[""ClimatePolicyID(1)"", ""ClimatePolicyID(2)"", ""ClimatePolicyID(3)"", ""ClimatePolicyID(4)"", ""ClimatePolicyID(5)"", ""ClimatePolicyID(6)""]","I broadly back a package that speeds up renewables, forces new homes to be low‑carbon, and introduces a carbon fee‑and‑dividend — those feel practical, fair, and protect nature if done with clear plans for jobs and grid upgrades. I also support banning new oil, gas and coal licences but only if it comes with credible transition measures; I’m sceptical about a hard 2030 petrol‑car ban without much stronger rural charging and financial support, and I’d only back overseas climate compensation if it’s tightly targeted, transparent and doesn’t unfairly burden UK households."
6,C,peer_message,citizen,1932.0,,1327.0,direct,,climate_policy_package,"[""ClimatePolicyID(1)"", ""ClimatePolicyID(2)"", ""ClimatePolicyID(3)"", ""ClimatePolicyID(4)"", ""ClimatePolicyID(5)"", ""ClimatePolicyID(6)""]","I’m wary of a big, fast roll‑out of wind farms—cheaper energy long‑term would help me, but I don’t like the idea of my coast and countryside plastered with turbines and I’d want strong local compensation and job protections first (slightly oppose). I’m undecided on banning new oil/gas/coal licences — I get the climate argument but worry about North Sea jobs and possible price effects unless there are solid worker transition plans (neither support nor oppose). I’m slightly against a hard 2030 petrol‑car ban right now — EVs feel expensive and charging is patchy, so I’d only back a deadline like that with generous subsidies, cheap finance and much better infrastructure (slightly oppose). I’m neutral on mandating non‑fossil heating, rooftop solar and high insulation for new homes — it could cut bills over time, which matters to me, but I worry mandates will push up new‑home costs and hit first‑time buyers (neither support nor oppose). A carbon tax with a clear dividend appeals on paper because it could protect households like mine, but I’m cautious about businesses just passing costs on and want transparent, reliable payouts and protections (neither support nor oppose). I’m slightly against compensating people abroad from UK funds given my tight household budget — I’m sympathetic but think UK needs should come first unless there are strict safeguards (slightly oppose)."
6,C,peer_message,citizen,1327.0,,1932.0,direct,,climate_policy_package,"[""ClimatePolicyID(1)"", ""ClimatePolicyID(2)"", ""ClimatePolicyID(3)"", ""ClimatePolicyID(4)"", ""ClimatePolicyID(5)"", ""ClimatePolicyID(6)""]","I broadly support almost all of this package — I want faster rollout of renewables, a halt to new fossil licences, a 2030 petrol‑car sales ban, tough low‑carbon standards for new homes, and a fee‑and‑dividend carbon tax because they’re the sort of practical, evidence‑based measures that protect my family’s future and help control volatile bills. My support is conditional: I insist on strong transition measures (retraining, regional investment), generous subsidies and cheap finance for lower‑income households, clear protections for social housing and first‑time buyers, proper local consultation and fair community benefits for wind siting, and predictable dividends. I’m much more cautious about compensating people abroad unless programs are tightly accountable, transparent and focused on measurable adaptation outcomes — domestic protections need to be secure first."
6,C,peer_message,citizen,332.0,,1555.0,direct,,climate_policy_package,"[""ClimatePolicyID(1)"", ""ClimatePolicyID(2)"", ""ClimatePolicyID(3)"", ""ClimatePolicyID(4)"", ""ClimatePolicyID(5)"", ""ClimatePolicyID(6)""]","I’m broadly in favour of pushing renewables—especially offshore wind with proper grid upgrades and local consent—but I’m wary of onshore schemes that damage landscapes or ignore community concerns. I’d tentatively back banning new fossil licences if it’s phased and comes with funded retraining and regional investment, but a 2030 petrol‑car ban feels too tight unless EVs and charging are genuinely affordable and widespread; likewise, new‑build green standards make sense only with subsidies and phased costs so housing stays affordable. I’m cautiously open to a fee‑and‑dividend carbon tax if revenues protect low‑income households, and I’m sympathetic to targeted, transparent compensation for people overseas harmed by climate impacts so long as it’s accountable and doesn’t hollow out domestic transition funding."
6,C,peer_message,citizen,1540.0,,579.0,direct,,climate_policy_package,"[""ClimatePolicyID(1)"", ""ClimatePolicyID(2)"", ""ClimatePolicyID(3)"", ""ClimatePolicyID(4)"", ""ClimatePolicyID(5)"", ""ClimatePolicyID(6)""]","I’m broadly in favour of speeding up renewables like offshore and onshore wind as long as it’s rolled out sensibly with local consent, grid upgrades and protections for jobs and bills — that part appeals to me most. I oppose blanket bans on new oil/gas/coal licences and a strict 2030 petrol‑car cutoff because they feel premature and risky for the North Sea, rural drivers and affordability; likewise I’d resist blanket mandates on new homes’ heating/solar/insulation unless phased and supported so build costs don’t spike. I’m sceptical of a broad carbon fee‑and‑dividend worried it’ll be passed to consumers, and I’d rather prioritise domestic needs over open‑ended compensation abroad, though targeted international aid with clear accountability would be more acceptable."
6,C,peer_message,citizen,1540.0,,357.0,direct,,climate_policy_package,"[""ClimatePolicyID(1)"", ""ClimatePolicyID(2)"", ""ClimatePolicyID(3)"", ""ClimatePolicyID(4)"", ""ClimatePolicyID(5)"", ""ClimatePolicyID(6)""]","I’m broadly in favour of speeding up renewables like offshore and onshore wind as long as it’s rolled out sensibly with local consent, grid upgrades and protections for jobs and bills — that part appeals to me most. I oppose blanket bans on new oil/gas/coal licences and a strict 2030 petrol‑car cutoff because they feel premature and risky for the North Sea, rural drivers and affordability; likewise I’d resist blanket mandates on new homes’ heating/solar/insulation unless phased and supported so build costs don’t spike. I’m sceptical of a broad carbon fee‑and‑dividend worried it’ll be passed to consumers, and I’d rather prioritise domestic needs over open‑ended compensation abroad, though targeted international aid with clear accountability would be more acceptable."
6,C,peer_message,citizen,1540.0,,1545.0,direct,,climate_policy_package,"[""ClimatePolicyID(1)"", ""ClimatePolicyID(2)"", ""ClimatePolicyID(3)"", ""ClimatePolicyID(4)"", ""ClimatePolicyID(5)"", ""ClimatePolicyID(6)""]","I’m broadly in favour of speeding up renewables like offshore and onshore wind as long as it’s rolled out sensibly with local consent, grid upgrades and protections for jobs and bills — that part appeals to me most. I oppose blanket bans on new oil/gas/coal licences and a strict 2030 petrol‑car cutoff because they feel premature and risky for the North Sea, rural drivers and affordability; likewise I’d resist blanket mandates on new homes’ heating/solar/insulation unless phased and supported so build costs don’t spike. I’m sceptical of a broad carbon fee‑and‑dividend worried it’ll be passed to consumers, and I’d rather prioritise domestic needs over open‑ended compensation abroad, though targeted international aid with clear accountability would be more acceptable."
6,C,peer_message,citizen,529.0,,1309.0,direct,,climate_policy_package,"[""ClimatePolicyID(1)"", ""ClimatePolicyID(2)"", ""ClimatePolicyID(3)"", ""ClimatePolicyID(4)"", ""ClimatePolicyID(5)"", ""ClimatePolicyID(6)""]","I broadly support speeding up renewables — more offshore and onshore wind makes sense to cut bills and create jobs, as long as siting and community consent are handled properly. I’m generally in favour of banning new fossil licences, but I’d want a phased approach with clear just‑transition funding for affected workers and regions rather than a sudden cutoff. I back a 2030 end to new petrol sales in principle, though only if coupled with big investments in charging, support for rural drivers and grants so poorer families aren’t left behind. Requiring new homes to have non‑fossil heating, solar and good insulation is sensible and long‑term cost‑saving; again, support for small builders and protections for affordability are important. A carbon fee‑and‑dividend appeals to me as a fair way to price emissions, provided the design is transparent and genuinely redistributive to protect low‑income households. I’m sympathetic to compensating climate‑impacted people abroad on moral grounds, but such payments need strict oversight and measurable outcomes to ensure the money helps those who need it."
6,C,peer_message,citizen,1339.0,,1309.0,direct,,climate_policy_package,"[""ClimatePolicyID(1)"", ""ClimatePolicyID(2)"", ""ClimatePolicyID(3)"", ""ClimatePolicyID(4)"", ""ClimatePolicyID(5)"", ""ClimatePolicyID(6)""]","I’m broadly in favour of faster renewables and home-efficiency rules because they actually cut emissions and help households long‑term, but I’m cautious about big onshore/offshore builds unless wildlife impacts are tightly managed and local communities are consulted and compensated. I’d prefer a phased, funded approach to banning new fossil licences and a cautious 2030 petrol‑car target only if there’s major investment in chargers and affordability support; same with mandates on new homes — fine in principle but mustn’t push up prices without subsidies. I’m mildly supportive of a carbon fee‑and‑dividend if the dividend is robust and progressive, and I back compensating vulnerable countries in principle provided payments are transparent, well‑governed and tied to adaptation and loss‑and‑damage."
6,C,peer_message,citizen,1339.0,,1218.0,direct,,climate_policy_package,"[""ClimatePolicyID(1)"", ""ClimatePolicyID(2)"", ""ClimatePolicyID(3)"", ""ClimatePolicyID(4)"", ""ClimatePolicyID(5)"", ""ClimatePolicyID(6)""]","I’m broadly in favour of faster renewables and home-efficiency rules because they actually cut emissions and help households long‑term, but I’m cautious about big onshore/offshore builds unless wildlife impacts are tightly managed and local communities are consulted and compensated. I’d prefer a phased, funded approach to banning new fossil licences and a cautious 2030 petrol‑car target only if there’s major investment in chargers and affordability support; same with mandates on new homes — fine in principle but mustn’t push up prices without subsidies. I’m mildly supportive of a carbon fee‑and‑dividend if the dividend is robust and progressive, and I back compensating vulnerable countries in principle provided payments are transparent, well‑governed and tied to adaptation and loss‑and‑damage."
6,C,peer_message,citizen,1339.0,,1821.0,direct,,climate_policy_package,"[""ClimatePolicyID(1)"", ""ClimatePolicyID(2)"", ""ClimatePolicyID(3)"", ""ClimatePolicyID(4)"", ""ClimatePolicyID(5)"", ""ClimatePolicyID(6)""]","I’m broadly in favour of faster renewables and home-efficiency rules because they actually cut emissions and help households long‑term, but I’m cautious about big onshore/offshore builds unless wildlife impacts are tightly managed and local communities are consulted and compensated. I’d prefer a phased, funded approach to banning new fossil licences and a cautious 2030 petrol‑car target only if there’s major investment in chargers and affordability support; same with mandates on new homes — fine in principle but mustn’t push up prices without subsidies. I’m mildly supportive of a carbon fee‑and‑dividend if the dividend is robust and progressive, and I back compensating vulnerable countries in principle provided payments are transparent, well‑governed and tied to adaptation and loss‑and‑damage."
6,C,peer_message,citizen,1730.0,,1309.0,direct,,climate_policy_package,"[""ClimatePolicyID(1)"", ""ClimatePolicyID(2)"", ""ClimatePolicyID(3)"", ""ClimatePolicyID(4)"", ""ClimatePolicyID(5)"", ""ClimatePolicyID(6)""]","I’m generally in favour of accelerating renewables — more wind makes sense for long‑term energy security so long as siting, local consultation and bill protections are handled properly. I’m cautious about an immediate ban on new oil/gas/coal licences and a strict 2030 petrol‑car cutoff because those feel too abrupt for jobs, resilience and affordability; I’d prefer a managed, phased approach with support for affected workers. I mostly support mandating non‑fossil heating, rooftop solar and high insulation for new homes to avoid costly retrofits, though transitional help for small builders is essential; I’m undecided on a carbon fee‑and‑dividend until I see transparent design that protects lower‑income households and local industries; and I’m wary of open‑ended international climate compensation — I’d only back well‑governed, accountable payments that clearly deliver results without neglecting domestic priorities."
6,C,peer_message,citizen,485.0,,1450.0,direct,,climate_policy_package,"[""ClimatePolicyID(1)"", ""ClimatePolicyID(2)"", ""ClimatePolicyID(3)"", ""ClimatePolicyID(4)"", ""ClimatePolicyID(5)"", ""ClimatePolicyID(6)""]","I mostly support this package — speeding up renewables and banning new fossil licences feel like sensible, necessary steps, though I want to see strong protections for wildlife and local communities where wind farms go. I back the 2030 petrol‑car ban and the housing rules in principle, but worry about upfront costs and rural charging or heating options, so I’d insist on generous, well‑targeted support for lower‑income and rural households. I’m cautiously open to a carbon fee‑and‑dividend if it genuinely protects poorer families rather than quietly raising their bills, and I strongly believe wealthier, high‑emitting countries should help poorer ones hit by climate impacts — provided the compensation is transparent and actually reaches those who need it."
6,C,peer_message,citizen,485.0,,541.0,direct,,climate_policy_package,"[""ClimatePolicyID(1)"", ""ClimatePolicyID(2)"", ""ClimatePolicyID(3)"", ""ClimatePolicyID(4)"", ""ClimatePolicyID(5)"", ""ClimatePolicyID(6)""]","I mostly support this package — speeding up renewables and banning new fossil licences feel like sensible, necessary steps, though I want to see strong protections for wildlife and local communities where wind farms go. I back the 2030 petrol‑car ban and the housing rules in principle, but worry about upfront costs and rural charging or heating options, so I’d insist on generous, well‑targeted support for lower‑income and rural households. I’m cautiously open to a carbon fee‑and‑dividend if it genuinely protects poorer families rather than quietly raising their bills, and I strongly believe wealthier, high‑emitting countries should help poorer ones hit by climate impacts — provided the compensation is transparent and actually reaches those who need it."
6,C,peer_message,citizen,1450.0,,1923.0,direct,,climate_policy_package,"[""ClimatePolicyID(1)"", ""ClimatePolicyID(2)"", ""ClimatePolicyID(3)"", ""ClimatePolicyID(4)"", ""ClimatePolicyID(5)"", ""ClimatePolicyID(6)""]","I broadly support this package — I especially like rapidly expanding renewables, banning new fossil licences and requiring low‑carbon standards for new homes because they’re systemic, create local jobs and protect nature. I’m cautiously supportive of a 2030 petrol‑car sales ban and a carbon fee‑and‑dividend (the dividend makes it fairer), but both need clear, well‑targeted support for low‑income and rural households and strong accompanying investment in charging and public transport. I also back international compensation on moral grounds, provided there’s transparency and safeguards so the money actually reaches the most vulnerable."
6,C,peer_message,citizen,1450.0,,516.0,direct,,climate_policy_package,"[""ClimatePolicyID(1)"", ""ClimatePolicyID(2)"", ""ClimatePolicyID(3)"", ""ClimatePolicyID(4)"", ""ClimatePolicyID(5)"", ""ClimatePolicyID(6)""]","I broadly support this package — I especially like rapidly expanding renewables, banning new fossil licences and requiring low‑carbon standards for new homes because they’re systemic, create local jobs and protect nature. I’m cautiously supportive of a 2030 petrol‑car sales ban and a carbon fee‑and‑dividend (the dividend makes it fairer), but both need clear, well‑targeted support for low‑income and rural households and strong accompanying investment in charging and public transport. I also back international compensation on moral grounds, provided there’s transparency and safeguards so the money actually reaches the most vulnerable."
6,C,peer_message,citizen,1450.0,,541.0,direct,,climate_policy_package,"[""ClimatePolicyID(1)"", ""ClimatePolicyID(2)"", ""ClimatePolicyID(3)"", ""ClimatePolicyID(4)"", ""ClimatePolicyID(5)"", ""ClimatePolicyID(6)""]","I broadly support this package — I especially like rapidly expanding renewables, banning new fossil licences and requiring low‑carbon standards for new homes because they’re systemic, create local jobs and protect nature. I’m cautiously supportive of a 2030 petrol‑car sales ban and a carbon fee‑and‑dividend (the dividend makes it fairer), but both need clear, well‑targeted support for low‑income and rural households and strong accompanying investment in charging and public transport. I also back international compensation on moral grounds, provided there’s transparency and safeguards so the money actually reaches the most vulnerable."
6,C,peer_message,citizen,579.0,,1540.0,direct,,climate_policy_package,"[""ClimatePolicyID(1)"", ""ClimatePolicyID(2)"", ""ClimatePolicyID(3)"", ""ClimatePolicyID(4)"", ""ClimatePolicyID(5)"", ""ClimatePolicyID(6)""]","I broadly support this package — I want faster renewables, a stop to new fossil licences, cleaner cars, greener homes and a transparent carbon fee‑and‑dividend — because protecting nature and my children’s future matters. That said, I’d only back it if it comes with real protections: funded retraining and local investment for affected workers and communities, big upgrades to grid and charging infrastructure, targeted subsidies or phased support so poorer and rural households aren’t hit, and strict transparency/accountability for any overseas compensation. Compensating vulnerable countries appeals to my sense of fairness, but only if payments are clearly monitored and don’t short‑change domestic support."
6,C,peer_message,citizen,579.0,,528.0,direct,,climate_policy_package,"[""ClimatePolicyID(1)"", ""ClimatePolicyID(2)"", ""ClimatePolicyID(3)"", ""ClimatePolicyID(4)"", ""ClimatePolicyID(5)"", ""ClimatePolicyID(6)""]","I broadly support this package — I want faster renewables, a stop to new fossil licences, cleaner cars, greener homes and a transparent carbon fee‑and‑dividend — because protecting nature and my children’s future matters. That said, I’d only back it if it comes with real protections: funded retraining and local investment for affected workers and communities, big upgrades to grid and charging infrastructure, targeted subsidies or phased support so poorer and rural households aren’t hit, and strict transparency/accountability for any overseas compensation. Compensating vulnerable countries appeals to my sense of fairness, but only if payments are clearly monitored and don’t short‑change domestic support."
6,C,peer_message,citizen,579.0,,1218.0,direct,,climate_policy_package,"[""ClimatePolicyID(1)"", ""ClimatePolicyID(2)"", ""ClimatePolicyID(3)"", ""ClimatePolicyID(4)"", ""ClimatePolicyID(5)"", ""ClimatePolicyID(6)""]","I broadly support this package — I want faster renewables, a stop to new fossil licences, cleaner cars, greener homes and a transparent carbon fee‑and‑dividend — because protecting nature and my children’s future matters. That said, I’d only back it if it comes with real protections: funded retraining and local investment for affected workers and communities, big upgrades to grid and charging infrastructure, targeted subsidies or phased support so poorer and rural households aren’t hit, and strict transparency/accountability for any overseas compensation. Compensating vulnerable countries appeals to my sense of fairness, but only if payments are clearly monitored and don’t short‑change domestic support."
7,P-A,political_broadcast,political_agent,agent_a,pro_climate,1923.0,broadcast,,climate_policy_package,"[""ClimatePolicyID(1)"", ""ClimatePolicyID(2)"", ""ClimatePolicyID(3)"", ""ClimatePolicyID(4)"", ""ClimatePolicyID(5)"", ""ClimatePolicyID(6)""]","Real hope, real change — that’s the kind of plan we need to protect families and communities while confronting the climate emergency head-on. I strongly support accelerating renewable energy right now: more offshore and onshore wind and rooftop solar mean cheaper, cleaner power owned in the public interest so profits stay local. That goes hand-in-hand with a firm ban on new oil, gas and coal licences — we cannot keep signing new contracts with the forces that are driving up bills and wrecking our planet.

To speed the shift off fossil fuels, I strongly support banning the sale of new petrol and diesel cars by 2030, paired with free or affordable public transport for young people and safe, green streets. I strongly support mandating that all new homes have non-fossil heating, rooftop solar and high levels of insulation — insulation is the single biggest bill-buster and makes homes healthier.

I support a fair carbon fee-and-dividend: tax fossil fuel sales and return the revenue to people so households — not polluters — benefit. And because climate harm is global, I support compensating communities abroad who are already paying the price for our emissions.

Together these policies form one coherent platform: public ownership, bold standards, and fair returns to people — a secure future for everyone, for the common good."
7,P-A,political_broadcast,political_agent,agent_a,pro_climate,528.0,broadcast,,climate_policy_package,"[""ClimatePolicyID(1)"", ""ClimatePolicyID(2)"", ""ClimatePolicyID(3)"", ""ClimatePolicyID(4)"", ""ClimatePolicyID(5)"", ""ClimatePolicyID(6)""]","Real hope, real change — that’s the kind of plan we need to protect families and communities while confronting the climate emergency head-on. I strongly support accelerating renewable energy right now: more offshore and onshore wind and rooftop solar mean cheaper, cleaner power owned in the public interest so profits stay local. That goes hand-in-hand with a firm ban on new oil, gas and coal licences — we cannot keep signing new contracts with the forces that are driving up bills and wrecking our planet.

To speed the shift off fossil fuels, I strongly support banning the sale of new petrol and diesel cars by 2030, paired with free or affordable public transport for young people and safe, green streets. I strongly support mandating that all new homes have non-fossil heating, rooftop solar and high levels of insulation — insulation is the single biggest bill-buster and makes homes healthier.

I support a fair carbon fee-and-dividend: tax fossil fuel sales and return the revenue to people so households — not polluters — benefit. And because climate harm is global, I support compensating communities abroad who are already paying the price for our emissions.

Together these policies form one coherent platform: public ownership, bold standards, and fair returns to people — a secure future for everyone, for the common good."
7,P-A,political_broadcast,political_agent,agent_a,pro_climate,991.0,broadcast,,climate_policy_package,"[""ClimatePolicyID(1)"", ""ClimatePolicyID(2)"", ""ClimatePolicyID(3)"", ""ClimatePolicyID(4)"", ""ClimatePolicyID(5)"", ""ClimatePolicyID(6)""]","Real hope, real change — that’s the kind of plan we need to protect families and communities while confronting the climate emergency head-on. I strongly support accelerating renewable energy right now: more offshore and onshore wind and rooftop solar mean cheaper, cleaner power owned in the public interest so profits stay local. That goes hand-in-hand with a firm ban on new oil, gas and coal licences — we cannot keep signing new contracts with the forces that are driving up bills and wrecking our planet.

To speed the shift off fossil fuels, I strongly support banning the sale of new petrol and diesel cars by 2030, paired with free or affordable public transport for young people and safe, green streets. I strongly support mandating that all new homes have non-fossil heating, rooftop solar and high levels of insulation — insulation is the single biggest bill-buster and makes homes healthier.

I support a fair carbon fee-and-dividend: tax fossil fuel sales and return the revenue to people so households — not polluters — benefit. And because climate harm is global, I support compensating communities abroad who are already paying the price for our emissions.

Together these policies form one coherent platform: public ownership, bold standards, and fair returns to people — a secure future for everyone, for the common good."
7,P-A,political_broadcast,political_agent,agent_a,pro_climate,1244.0,broadcast,,climate_policy_package,"[""ClimatePolicyID(1)"", ""ClimatePolicyID(2)"", ""ClimatePolicyID(3)"", ""ClimatePolicyID(4)"", ""ClimatePolicyID(5)"", ""ClimatePolicyID(6)""]","Real hope, real change — that’s the kind of plan we need to protect families and communities while confronting the climate emergency head-on. I strongly support accelerating renewable energy right now: more offshore and onshore wind and rooftop solar mean cheaper, cleaner power owned in the public interest so profits stay local. That goes hand-in-hand with a firm ban on new oil, gas and coal licences — we cannot keep signing new contracts with the forces that are driving up bills and wrecking our planet.

To speed the shift off fossil fuels, I strongly support banning the sale of new petrol and diesel cars by 2030, paired with free or affordable public transport for young people and safe, green streets. I strongly support mandating that all new homes have non-fossil heating, rooftop solar and high levels of insulation — insulation is the single biggest bill-buster and makes homes healthier.

I support a fair carbon fee-and-dividend: tax fossil fuel sales and return the revenue to people so households — not polluters — benefit. And because climate harm is global, I support compensating communities abroad who are already paying the price for our emissions.

Together these policies form one coherent platform: public ownership, bold standards, and fair returns to people — a secure future for everyone, for the common good."
7,P-A,political_broadcast,political_agent,agent_a,pro_climate,1318.0,broadcast,,climate_policy_package,"[""ClimatePolicyID(1)"", ""ClimatePolicyID(2)"", ""ClimatePolicyID(3)"", ""ClimatePolicyID(4)"", ""ClimatePolicyID(5)"", ""ClimatePolicyID(6)""]","Real hope, real change — that’s the kind of plan we need to protect families and communities while confronting the climate emergency head-on. I strongly support accelerating renewable energy right now: more offshore and onshore wind and rooftop solar mean cheaper, cleaner power owned in the public interest so profits stay local. That goes hand-in-hand with a firm ban on new oil, gas and coal licences — we cannot keep signing new contracts with the forces that are driving up bills and wrecking our planet.

To speed the shift off fossil fuels, I strongly support banning the sale of new petrol and diesel cars by 2030, paired with free or affordable public transport for young people and safe, green streets. I strongly support mandating that all new homes have non-fossil heating, rooftop solar and high levels of insulation — insulation is the single biggest bill-buster and makes homes healthier.

I support a fair carbon fee-and-dividend: tax fossil fuel sales and return the revenue to people so households — not polluters — benefit. And because climate harm is global, I support compensating communities abroad who are already paying the price for our emissions.

Together these policies form one coherent platform: public ownership, bold standards, and fair returns to people — a secure future for everyone, for the common good."
7,P-A,political_broadcast,political_agent,agent_a,pro_climate,1450.0,broadcast,,climate_policy_package,"[""ClimatePolicyID(1)"", ""ClimatePolicyID(2)"", ""ClimatePolicyID(3)"", ""ClimatePolicyID(4)"", ""ClimatePolicyID(5)"", ""ClimatePolicyID(6)""]","Real hope, real change — that’s the kind of plan we need to protect families and communities while confronting the climate emergency head-on. I strongly support accelerating renewable energy right now: more offshore and onshore wind and rooftop solar mean cheaper, cleaner power owned in the public interest so profits stay local. That goes hand-in-hand with a firm ban on new oil, gas and coal licences — we cannot keep signing new contracts with the forces that are driving up bills and wrecking our planet.

To speed the shift off fossil fuels, I strongly support banning the sale of new petrol and diesel cars by 2030, paired with free or affordable public transport for young people and safe, green streets. I strongly support mandating that all new homes have non-fossil heating, rooftop solar and high levels of insulation — insulation is the single biggest bill-buster and makes homes healthier.

I support a fair carbon fee-and-dividend: tax fossil fuel sales and return the revenue to people so households — not polluters — benefit. And because climate harm is global, I support compensating communities abroad who are already paying the price for our emissions.

Together these policies form one coherent platform: public ownership, bold standards, and fair returns to people — a secure future for everyone, for the common good."
7,P-B,political_broadcast,political_agent,agent_b,anti_climate,541.0,broadcast,,climate_policy_package,"[""ClimatePolicyID(1)"", ""ClimatePolicyID(2)"", ""ClimatePolicyID(3)"", ""ClimatePolicyID(4)"", ""ClimatePolicyID(5)"", ""ClimatePolicyID(6)""]","I strongly oppose this whole package of Net Zero dogma dressed up as “climate policy.” Forcing through a rapid roll-out of wind farms, banning new oil and gas licences, outlawing petrol cars by 2030, mandating non‑fossil heating, rooftop solar and super‑insulation on every new home, slapping a carbon tax on fuels and routing payouts abroad — it’s all the same top‑down project from the Westminster/Green Blob elite that punishes ordinary people while doing nothing for energy security.

This agenda will push up bills and taxes, strip energy jobs from the communities that built this country, and make farmers watch productive land vanish under turbines and panels. Banning licences and rushing petrol bans means higher transport and heating costs for families who can least afford it. Mandates on new homes add thousands to build costs, hitting first‑time buyers and small builders. A carbon tax is just another regressive squeeze, even with a “dividend” gimmick that won’t keep pace with rising prices. And spending scarce pounds compensating people abroad while British households freeze is not charity — it’s political theatre.

We need common‑sense solutions: scrap the Net Zero crusade, lift green levies, back domestic energy production in the North Sea, and protect drivers, farmers and small businesses. Restore Britain’s power and prosperity — not poverty by ideology."
7,P-B,political_broadcast,political_agent,agent_b,anti_climate,1545.0,broadcast,,climate_policy_package,"[""ClimatePolicyID(1)"", ""ClimatePolicyID(2)"", ""ClimatePolicyID(3)"", ""ClimatePolicyID(4)"", ""ClimatePolicyID(5)"", ""ClimatePolicyID(6)""]","I strongly oppose this whole package of Net Zero dogma dressed up as “climate policy.” Forcing through a rapid roll-out of wind farms, banning new oil and gas licences, outlawing petrol cars by 2030, mandating non‑fossil heating, rooftop solar and super‑insulation on every new home, slapping a carbon tax on fuels and routing payouts abroad — it’s all the same top‑down project from the Westminster/Green Blob elite that punishes ordinary people while doing nothing for energy security.

This agenda will push up bills and taxes, strip energy jobs from the communities that built this country, and make farmers watch productive land vanish under turbines and panels. Banning licences and rushing petrol bans means higher transport and heating costs for families who can least afford it. Mandates on new homes add thousands to build costs, hitting first‑time buyers and small builders. A carbon tax is just another regressive squeeze, even with a “dividend” gimmick that won’t keep pace with rising prices. And spending scarce pounds compensating people abroad while British households freeze is not charity — it’s political theatre.

We need common‑sense solutions: scrap the Net Zero crusade, lift green levies, back domestic energy production in the North Sea, and protect drivers, farmers and small businesses. Restore Britain’s power and prosperity — not poverty by ideology."
7,P-B,political_broadcast,political_agent,agent_b,anti_climate,1821.0,broadcast,,climate_policy_package,"[""ClimatePolicyID(1)"", ""ClimatePolicyID(2)"", ""ClimatePolicyID(3)"", ""ClimatePolicyID(4)"", ""ClimatePolicyID(5)"", ""ClimatePolicyID(6)""]","I strongly oppose this whole package of Net Zero dogma dressed up as “climate policy.” Forcing through a rapid roll-out of wind farms, banning new oil and gas licences, outlawing petrol cars by 2030, mandating non‑fossil heating, rooftop solar and super‑insulation on every new home, slapping a carbon tax on fuels and routing payouts abroad — it’s all the same top‑down project from the Westminster/Green Blob elite that punishes ordinary people while doing nothing for energy security.

This agenda will push up bills and taxes, strip energy jobs from the communities that built this country, and make farmers watch productive land vanish under turbines and panels. Banning licences and rushing petrol bans means higher transport and heating costs for families who can least afford it. Mandates on new homes add thousands to build costs, hitting first‑time buyers and small builders. A carbon tax is just another regressive squeeze, even with a “dividend” gimmick that won’t keep pace with rising prices. And spending scarce pounds compensating people abroad while British households freeze is not charity — it’s political theatre.

We need common‑sense solutions: scrap the Net Zero crusade, lift green levies, back domestic energy production in the North Sea, and protect drivers, farmers and small businesses. Restore Britain’s power and prosperity — not poverty by ideology."
7,P-B,political_broadcast,political_agent,agent_b,anti_climate,574.0,broadcast,,climate_policy_package,"[""ClimatePolicyID(1)"", ""ClimatePolicyID(2)"", ""ClimatePolicyID(3)"", ""ClimatePolicyID(4)"", ""ClimatePolicyID(5)"", ""ClimatePolicyID(6)""]","I strongly oppose this whole package of Net Zero dogma dressed up as “climate policy.” Forcing through a rapid roll-out of wind farms, banning new oil and gas licences, outlawing petrol cars by 2030, mandating non‑fossil heating, rooftop solar and super‑insulation on every new home, slapping a carbon tax on fuels and routing payouts abroad — it’s all the same top‑down project from the Westminster/Green Blob elite that punishes ordinary people while doing nothing for energy security.

This agenda will push up bills and taxes, strip energy jobs from the communities that built this country, and make farmers watch productive land vanish under turbines and panels. Banning licences and rushing petrol bans means higher transport and heating costs for families who can least afford it. Mandates on new homes add thousands to build costs, hitting first‑time buyers and small builders. A carbon tax is just another regressive squeeze, even with a “dividend” gimmick that won’t keep pace with rising prices. And spending scarce pounds compensating people abroad while British households freeze is not charity — it’s political theatre.

We need common‑sense solutions: scrap the Net Zero crusade, lift green levies, back domestic energy production in the North Sea, and protect drivers, farmers and small businesses. Restore Britain’s power and prosperity — not poverty by ideology."
7,P-B,political_broadcast,political_agent,agent_b,anti_climate,771.0,broadcast,,climate_policy_package,"[""ClimatePolicyID(1)"", ""ClimatePolicyID(2)"", ""ClimatePolicyID(3)"", ""ClimatePolicyID(4)"", ""ClimatePolicyID(5)"", ""ClimatePolicyID(6)""]","I strongly oppose this whole package of Net Zero dogma dressed up as “climate policy.” Forcing through a rapid roll-out of wind farms, banning new oil and gas licences, outlawing petrol cars by 2030, mandating non‑fossil heating, rooftop solar and super‑insulation on every new home, slapping a carbon tax on fuels and routing payouts abroad — it’s all the same top‑down project from the Westminster/Green Blob elite that punishes ordinary people while doing nothing for energy security.

This agenda will push up bills and taxes, strip energy jobs from the communities that built this country, and make farmers watch productive land vanish under turbines and panels. Banning licences and rushing petrol bans means higher transport and heating costs for families who can least afford it. Mandates on new homes add thousands to build costs, hitting first‑time buyers and small builders. A carbon tax is just another regressive squeeze, even with a “dividend” gimmick that won’t keep pace with rising prices. And spending scarce pounds compensating people abroad while British households freeze is not charity — it’s political theatre.

We need common‑sense solutions: scrap the Net Zero crusade, lift green levies, back domestic energy production in the North Sea, and protect drivers, farmers and small businesses. Restore Britain’s power and prosperity — not poverty by ideology."
7,P-B,political_broadcast,political_agent,agent_b,anti_climate,991.0,broadcast,,climate_policy_package,"[""ClimatePolicyID(1)"", ""ClimatePolicyID(2)"", ""ClimatePolicyID(3)"", ""ClimatePolicyID(4)"", ""ClimatePolicyID(5)"", ""ClimatePolicyID(6)""]","I strongly oppose this whole package of Net Zero dogma dressed up as “climate policy.” Forcing through a rapid roll-out of wind farms, banning new oil and gas licences, outlawing petrol cars by 2030, mandating non‑fossil heating, rooftop solar and super‑insulation on every new home, slapping a carbon tax on fuels and routing payouts abroad — it’s all the same top‑down project from the Westminster/Green Blob elite that punishes ordinary people while doing nothing for energy security.

This agenda will push up bills and taxes, strip energy jobs from the communities that built this country, and make farmers watch productive land vanish under turbines and panels. Banning licences and rushing petrol bans means higher transport and heating costs for families who can least afford it. Mandates on new homes add thousands to build costs, hitting first‑time buyers and small builders. A carbon tax is just another regressive squeeze, even with a “dividend” gimmick that won’t keep pace with rising prices. And spending scarce pounds compensating people abroad while British households freeze is not charity — it’s political theatre.

We need common‑sense solutions: scrap the Net Zero crusade, lift green levies, back domestic energy production in the North Sea, and protect drivers, farmers and small businesses. Restore Britain’s power and prosperity — not poverty by ideology."
7,P-B,political_broadcast,political_agent,agent_b,anti_climate,164.0,broadcast,,climate_policy_package,"[""ClimatePolicyID(1)"", ""ClimatePolicyID(2)"", ""ClimatePolicyID(3)"", ""ClimatePolicyID(4)"", ""ClimatePolicyID(5)"", ""ClimatePolicyID(6)""]","I strongly oppose this whole package of Net Zero dogma dressed up as “climate policy.” Forcing through a rapid roll-out of wind farms, banning new oil and gas licences, outlawing petrol cars by 2030, mandating non‑fossil heating, rooftop solar and super‑insulation on every new home, slapping a carbon tax on fuels and routing payouts abroad — it’s all the same top‑down project from the Westminster/Green Blob elite that punishes ordinary people while doing nothing for energy security.

This agenda will push up bills and taxes, strip energy jobs from the communities that built this country, and make farmers watch productive land vanish under turbines and panels. Banning licences and rushing petrol bans means higher transport and heating costs for families who can least afford it. Mandates on new homes add thousands to build costs, hitting first‑time buyers and small builders. A carbon tax is just another regressive squeeze, even with a “dividend” gimmick that won’t keep pace with rising prices. And spending scarce pounds compensating people abroad while British households freeze is not charity — it’s political theatre.

We need common‑sense solutions: scrap the Net Zero crusade, lift green levies, back domestic energy production in the North Sea, and protect drivers, farmers and small businesses. Restore Britain’s power and prosperity — not poverty by ideology."
7,P-B,political_broadcast,political_agent,agent_b,anti_climate,1244.0,broadcast,,climate_policy_package,"[""ClimatePolicyID(1)"", ""ClimatePolicyID(2)"", ""ClimatePolicyID(3)"", ""ClimatePolicyID(4)"", ""ClimatePolicyID(5)"", ""ClimatePolicyID(6)""]","I strongly oppose this whole package of Net Zero dogma dressed up as “climate policy.” Forcing through a rapid roll-out of wind farms, banning new oil and gas licences, outlawing petrol cars by 2030, mandating non‑fossil heating, rooftop solar and super‑insulation on every new home, slapping a carbon tax on fuels and routing payouts abroad — it’s all the same top‑down project from the Westminster/Green Blob elite that punishes ordinary people while doing nothing for energy security.

This agenda will push up bills and taxes, strip energy jobs from the communities that built this country, and make farmers watch productive land vanish under turbines and panels. Banning licences and rushing petrol bans means higher transport and heating costs for families who can least afford it. Mandates on new homes add thousands to build costs, hitting first‑time buyers and small builders. A carbon tax is just another regressive squeeze, even with a “dividend” gimmick that won’t keep pace with rising prices. And spending scarce pounds compensating people abroad while British households freeze is not charity — it’s political theatre.

We need common‑sense solutions: scrap the Net Zero crusade, lift green levies, back domestic energy production in the North Sea, and protect drivers, farmers and small businesses. Restore Britain’s power and prosperity — not poverty by ideology."
7,P-B,political_broadcast,political_agent,agent_b,anti_climate,853.0,broadcast,,climate_policy_package,"[""ClimatePolicyID(1)"", ""ClimatePolicyID(2)"", ""ClimatePolicyID(3)"", ""ClimatePolicyID(4)"", ""ClimatePolicyID(5)"", ""ClimatePolicyID(6)""]","I strongly oppose this whole package of Net Zero dogma dressed up as “climate policy.” Forcing through a rapid roll-out of wind farms, banning new oil and gas licences, outlawing petrol cars by 2030, mandating non‑fossil heating, rooftop solar and super‑insulation on every new home, slapping a carbon tax on fuels and routing payouts abroad — it’s all the same top‑down project from the Westminster/Green Blob elite that punishes ordinary people while doing nothing for energy security.

This agenda will push up bills and taxes, strip energy jobs from the communities that built this country, and make farmers watch productive land vanish under turbines and panels. Banning licences and rushing petrol bans means higher transport and heating costs for families who can least afford it. Mandates on new homes add thousands to build costs, hitting first‑time buyers and small builders. A carbon tax is just another regressive squeeze, even with a “dividend” gimmick that won’t keep pace with rising prices. And spending scarce pounds compensating people abroad while British households freeze is not charity — it’s political theatre.

We need common‑sense solutions: scrap the Net Zero crusade, lift green levies, back domestic energy production in the North Sea, and protect drivers, farmers and small businesses. Restore Britain’s power and prosperity — not poverty by ideology."
7,P-B,political_broadcast,political_agent,agent_b,anti_climate,519.0,broadcast,,climate_policy_package,"[""ClimatePolicyID(1)"", ""ClimatePolicyID(2)"", ""ClimatePolicyID(3)"", ""ClimatePolicyID(4)"", ""ClimatePolicyID(5)"", ""ClimatePolicyID(6)""]","I strongly oppose this whole package of Net Zero dogma dressed up as “climate policy.” Forcing through a rapid roll-out of wind farms, banning new oil and gas licences, outlawing petrol cars by 2030, mandating non‑fossil heating, rooftop solar and super‑insulation on every new home, slapping a carbon tax on fuels and routing payouts abroad — it’s all the same top‑down project from the Westminster/Green Blob elite that punishes ordinary people while doing nothing for energy security.

This agenda will push up bills and taxes, strip energy jobs from the communities that built this country, and make farmers watch productive land vanish under turbines and panels. Banning licences and rushing petrol bans means higher transport and heating costs for families who can least afford it. Mandates on new homes add thousands to build costs, hitting first‑time buyers and small builders. A carbon tax is just another regressive squeeze, even with a “dividend” gimmick that won’t keep pace with rising prices. And spending scarce pounds compensating people abroad while British households freeze is not charity — it’s political theatre.

We need common‑sense solutions: scrap the Net Zero crusade, lift green levies, back domestic energy production in the North Sea, and protect drivers, farmers and small businesses. Restore Britain’s power and prosperity — not poverty by ideology."
7,P-B,political_broadcast,political_agent,agent_b,anti_climate,357.0,broadcast,,climate_policy_package,"[""ClimatePolicyID(1)"", ""ClimatePolicyID(2)"", ""ClimatePolicyID(3)"", ""ClimatePolicyID(4)"", ""ClimatePolicyID(5)"", ""ClimatePolicyID(6)""]","I strongly oppose this whole package of Net Zero dogma dressed up as “climate policy.” Forcing through a rapid roll-out of wind farms, banning new oil and gas licences, outlawing petrol cars by 2030, mandating non‑fossil heating, rooftop solar and super‑insulation on every new home, slapping a carbon tax on fuels and routing payouts abroad — it’s all the same top‑down project from the Westminster/Green Blob elite that punishes ordinary people while doing nothing for energy security.

This agenda will push up bills and taxes, strip energy jobs from the communities that built this country, and make farmers watch productive land vanish under turbines and panels. Banning licences and rushing petrol bans means higher transport and heating costs for families who can least afford it. Mandates on new homes add thousands to build costs, hitting first‑time buyers and small builders. A carbon tax is just another regressive squeeze, even with a “dividend” gimmick that won’t keep pace with rising prices. And spending scarce pounds compensating people abroad while British households freeze is not charity — it’s political theatre.

We need common‑sense solutions: scrap the Net Zero crusade, lift green levies, back domestic energy production in the North Sea, and protect drivers, farmers and small businesses. Restore Britain’s power and prosperity — not poverty by ideology."
7,P-B,political_broadcast,political_agent,agent_b,anti_climate,516.0,broadcast,,climate_policy_package,"[""ClimatePolicyID(1)"", ""ClimatePolicyID(2)"", ""ClimatePolicyID(3)"", ""ClimatePolicyID(4)"", ""ClimatePolicyID(5)"", ""ClimatePolicyID(6)""]","I strongly oppose this whole package of Net Zero dogma dressed up as “climate policy.” Forcing through a rapid roll-out of wind farms, banning new oil and gas licences, outlawing petrol cars by 2030, mandating non‑fossil heating, rooftop solar and super‑insulation on every new home, slapping a carbon tax on fuels and routing payouts abroad — it’s all the same top‑down project from the Westminster/Green Blob elite that punishes ordinary people while doing nothing for energy security.

This agenda will push up bills and taxes, strip energy jobs from the communities that built this country, and make farmers watch productive land vanish under turbines and panels. Banning licences and rushing petrol bans means higher transport and heating costs for families who can least afford it. Mandates on new homes add thousands to build costs, hitting first‑time buyers and small builders. A carbon tax is just another regressive squeeze, even with a “dividend” gimmick that won’t keep pace with rising prices. And spending scarce pounds compensating people abroad while British households freeze is not charity — it’s political theatre.

We need common‑sense solutions: scrap the Net Zero crusade, lift green levies, back domestic energy production in the North Sea, and protect drivers, farmers and small businesses. Restore Britain’s power and prosperity — not poverty by ideology."
7,P-B,political_broadcast,political_agent,agent_b,anti_climate,1932.0,broadcast,,climate_policy_package,"[""ClimatePolicyID(1)"", ""ClimatePolicyID(2)"", ""ClimatePolicyID(3)"", ""ClimatePolicyID(4)"", ""ClimatePolicyID(5)"", ""ClimatePolicyID(6)""]","I strongly oppose this whole package of Net Zero dogma dressed up as “climate policy.” Forcing through a rapid roll-out of wind farms, banning new oil and gas licences, outlawing petrol cars by 2030, mandating non‑fossil heating, rooftop solar and super‑insulation on every new home, slapping a carbon tax on fuels and routing payouts abroad — it’s all the same top‑down project from the Westminster/Green Blob elite that punishes ordinary people while doing nothing for energy security.

This agenda will push up bills and taxes, strip energy jobs from the communities that built this country, and make farmers watch productive land vanish under turbines and panels. Banning licences and rushing petrol bans means higher transport and heating costs for families who can least afford it. Mandates on new homes add thousands to build costs, hitting first‑time buyers and small builders. A carbon tax is just another regressive squeeze, even with a “dividend” gimmick that won’t keep pace with rising prices. And spending scarce pounds compensating people abroad while British households freeze is not charity — it’s political theatre.

We need common‑sense solutions: scrap the Net Zero crusade, lift green levies, back domestic energy production in the North Sea, and protect drivers, farmers and small businesses. Restore Britain’s power and prosperity — not poverty by ideology."
7,P-B,political_broadcast,political_agent,agent_b,anti_climate,1327.0,broadcast,,climate_policy_package,"[""ClimatePolicyID(1)"", ""ClimatePolicyID(2)"", ""ClimatePolicyID(3)"", ""ClimatePolicyID(4)"", ""ClimatePolicyID(5)"", ""ClimatePolicyID(6)""]","I strongly oppose this whole package of Net Zero dogma dressed up as “climate policy.” Forcing through a rapid roll-out of wind farms, banning new oil and gas licences, outlawing petrol cars by 2030, mandating non‑fossil heating, rooftop solar and super‑insulation on every new home, slapping a carbon tax on fuels and routing payouts abroad — it’s all the same top‑down project from the Westminster/Green Blob elite that punishes ordinary people while doing nothing for energy security.

This agenda will push up bills and taxes, strip energy jobs from the communities that built this country, and make farmers watch productive land vanish under turbines and panels. Banning licences and rushing petrol bans means higher transport and heating costs for families who can least afford it. Mandates on new homes add thousands to build costs, hitting first‑time buyers and small builders. A carbon tax is just another regressive squeeze, even with a “dividend” gimmick that won’t keep pace with rising prices. And spending scarce pounds compensating people abroad while British households freeze is not charity — it’s political theatre.

We need common‑sense solutions: scrap the Net Zero crusade, lift green levies, back domestic energy production in the North Sea, and protect drivers, farmers and small businesses. Restore Britain’s power and prosperity — not poverty by ideology."
7,P-B,political_broadcast,political_agent,agent_b,anti_climate,332.0,broadcast,,climate_policy_package,"[""ClimatePolicyID(1)"", ""ClimatePolicyID(2)"", ""ClimatePolicyID(3)"", ""ClimatePolicyID(4)"", ""ClimatePolicyID(5)"", ""ClimatePolicyID(6)""]","I strongly oppose this whole package of Net Zero dogma dressed up as “climate policy.” Forcing through a rapid roll-out of wind farms, banning new oil and gas licences, outlawing petrol cars by 2030, mandating non‑fossil heating, rooftop solar and super‑insulation on every new home, slapping a carbon tax on fuels and routing payouts abroad — it’s all the same top‑down project from the Westminster/Green Blob elite that punishes ordinary people while doing nothing for energy security.

This agenda will push up bills and taxes, strip energy jobs from the communities that built this country, and make farmers watch productive land vanish under turbines and panels. Banning licences and rushing petrol bans means higher transport and heating costs for families who can least afford it. Mandates on new homes add thousands to build costs, hitting first‑time buyers and small builders. A carbon tax is just another regressive squeeze, even with a “dividend” gimmick that won’t keep pace with rising prices. And spending scarce pounds compensating people abroad while British households freeze is not charity — it’s political theatre.

We need common‑sense solutions: scrap the Net Zero crusade, lift green levies, back domestic energy production in the North Sea, and protect drivers, farmers and small businesses. Restore Britain’s power and prosperity — not poverty by ideology."
7,P-B,political_broadcast,political_agent,agent_b,anti_climate,1540.0,broadcast,,climate_policy_package,"[""ClimatePolicyID(1)"", ""ClimatePolicyID(2)"", ""ClimatePolicyID(3)"", ""ClimatePolicyID(4)"", ""ClimatePolicyID(5)"", ""ClimatePolicyID(6)""]","I strongly oppose this whole package of Net Zero dogma dressed up as “climate policy.” Forcing through a rapid roll-out of wind farms, banning new oil and gas licences, outlawing petrol cars by 2030, mandating non‑fossil heating, rooftop solar and super‑insulation on every new home, slapping a carbon tax on fuels and routing payouts abroad — it’s all the same top‑down project from the Westminster/Green Blob elite that punishes ordinary people while doing nothing for energy security.

This agenda will push up bills and taxes, strip energy jobs from the communities that built this country, and make farmers watch productive land vanish under turbines and panels. Banning licences and rushing petrol bans means higher transport and heating costs for families who can least afford it. Mandates on new homes add thousands to build costs, hitting first‑time buyers and small builders. A carbon tax is just another regressive squeeze, even with a “dividend” gimmick that won’t keep pace with rising prices. And spending scarce pounds compensating people abroad while British households freeze is not charity — it’s political theatre.

We need common‑sense solutions: scrap the Net Zero crusade, lift green levies, back domestic energy production in the North Sea, and protect drivers, farmers and small businesses. Restore Britain’s power and prosperity — not poverty by ideology."
7,P-B,political_broadcast,political_agent,agent_b,anti_climate,1339.0,broadcast,,climate_policy_package,"[""ClimatePolicyID(1)"", ""ClimatePolicyID(2)"", ""ClimatePolicyID(3)"", ""ClimatePolicyID(4)"", ""ClimatePolicyID(5)"", ""ClimatePolicyID(6)""]","I strongly oppose this whole package of Net Zero dogma dressed up as “climate policy.” Forcing through a rapid roll-out of wind farms, banning new oil and gas licences, outlawing petrol cars by 2030, mandating non‑fossil heating, rooftop solar and super‑insulation on every new home, slapping a carbon tax on fuels and routing payouts abroad — it’s all the same top‑down project from the Westminster/Green Blob elite that punishes ordinary people while doing nothing for energy security.

This agenda will push up bills and taxes, strip energy jobs from the communities that built this country, and make farmers watch productive land vanish under turbines and panels. Banning licences and rushing petrol bans means higher transport and heating costs for families who can least afford it. Mandates on new homes add thousands to build costs, hitting first‑time buyers and small builders. A carbon tax is just another regressive squeeze, even with a “dividend” gimmick that won’t keep pace with rising prices. And spending scarce pounds compensating people abroad while British households freeze is not charity — it’s political theatre.

We need common‑sense solutions: scrap the Net Zero crusade, lift green levies, back domestic energy production in the North Sea, and protect drivers, farmers and small businesses. Restore Britain’s power and prosperity — not poverty by ideology."
7,P-B,political_broadcast,political_agent,agent_b,anti_climate,1730.0,broadcast,,climate_policy_package,"[""ClimatePolicyID(1)"", ""ClimatePolicyID(2)"", ""ClimatePolicyID(3)"", ""ClimatePolicyID(4)"", ""ClimatePolicyID(5)"", ""ClimatePolicyID(6)""]","I strongly oppose this whole package of Net Zero dogma dressed up as “climate policy.” Forcing through a rapid roll-out of wind farms, banning new oil and gas licences, outlawing petrol cars by 2030, mandating non‑fossil heating, rooftop solar and super‑insulation on every new home, slapping a carbon tax on fuels and routing payouts abroad — it’s all the same top‑down project from the Westminster/Green Blob elite that punishes ordinary people while doing nothing for energy security.

This agenda will push up bills and taxes, strip energy jobs from the communities that built this country, and make farmers watch productive land vanish under turbines and panels. Banning licences and rushing petrol bans means higher transport and heating costs for families who can least afford it. Mandates on new homes add thousands to build costs, hitting first‑time buyers and small builders. A carbon tax is just another regressive squeeze, even with a “dividend” gimmick that won’t keep pace with rising prices. And spending scarce pounds compensating people abroad while British households freeze is not charity — it’s political theatre.

We need common‑sense solutions: scrap the Net Zero crusade, lift green levies, back domestic energy production in the North Sea, and protect drivers, farmers and small businesses. Restore Britain’s power and prosperity — not poverty by ideology."
7,P-B,political_broadcast,political_agent,agent_b,anti_climate,174.0,broadcast,,climate_policy_package,"[""ClimatePolicyID(1)"", ""ClimatePolicyID(2)"", ""ClimatePolicyID(3)"", ""ClimatePolicyID(4)"", ""ClimatePolicyID(5)"", ""ClimatePolicyID(6)""]","I strongly oppose this whole package of Net Zero dogma dressed up as “climate policy.” Forcing through a rapid roll-out of wind farms, banning new oil and gas licences, outlawing petrol cars by 2030, mandating non‑fossil heating, rooftop solar and super‑insulation on every new home, slapping a carbon tax on fuels and routing payouts abroad — it’s all the same top‑down project from the Westminster/Green Blob elite that punishes ordinary people while doing nothing for energy security.

This agenda will push up bills and taxes, strip energy jobs from the communities that built this country, and make farmers watch productive land vanish under turbines and panels. Banning licences and rushing petrol bans means higher transport and heating costs for families who can least afford it. Mandates on new homes add thousands to build costs, hitting first‑time buyers and small builders. A carbon tax is just another regressive squeeze, even with a “dividend” gimmick that won’t keep pace with rising prices. And spending scarce pounds compensating people abroad while British households freeze is not charity — it’s political theatre.

We need common‑sense solutions: scrap the Net Zero crusade, lift green levies, back domestic energy production in the North Sea, and protect drivers, farmers and small businesses. Restore Britain’s power and prosperity — not poverty by ideology."
7,P-B,political_broadcast,political_agent,agent_b,anti_climate,579.0,broadcast,,climate_policy_package,"[""ClimatePolicyID(1)"", ""ClimatePolicyID(2)"", ""ClimatePolicyID(3)"", ""ClimatePolicyID(4)"", ""ClimatePolicyID(5)"", ""ClimatePolicyID(6)""]","I strongly oppose this whole package of Net Zero dogma dressed up as “climate policy.” Forcing through a rapid roll-out of wind farms, banning new oil and gas licences, outlawing petrol cars by 2030, mandating non‑fossil heating, rooftop solar and super‑insulation on every new home, slapping a carbon tax on fuels and routing payouts abroad — it’s all the same top‑down project from the Westminster/Green Blob elite that punishes ordinary people while doing nothing for energy security.

This agenda will push up bills and taxes, strip energy jobs from the communities that built this country, and make farmers watch productive land vanish under turbines and panels. Banning licences and rushing petrol bans means higher transport and heating costs for families who can least afford it. Mandates on new homes add thousands to build costs, hitting first‑time buyers and small builders. A carbon tax is just another regressive squeeze, even with a “dividend” gimmick that won’t keep pace with rising prices. And spending scarce pounds compensating people abroad while British households freeze is not charity — it’s political theatre.

We need common‑sense solutions: scrap the Net Zero crusade, lift green levies, back domestic energy production in the North Sea, and protect drivers, farmers and small businesses. Restore Britain’s power and prosperity — not poverty by ideology."
7,C,peer_message,citizen,1923.0,,1218.0,direct,,climate_policy_package,"[""ClimatePolicyID(1)"", ""ClimatePolicyID(2)"", ""ClimatePolicyID(3)"", ""ClimatePolicyID(4)"", ""ClimatePolicyID(5)"", ""ClimatePolicyID(6)""]","I’m broadly positive about the package because it shifts benefits toward people and the planet—I slightly support accelerating renewables (especially if community‑led and carefully sited), slightly support banning new oil/gas/coal licences (but only with strong, well‑funded just‑transition plans), and slightly support a 2030 ban on new petrol car sales provided there’s real help for lower‑income and rural households. I also slightly support mandating low‑carbon standards for new homes, am neutral/mixed on a carbon fee‑and‑dividend because design and protections for the vulnerable matter, and slightly support compensating climate‑impacted people in other countries if the funds are transparent, accountable and actually reach affected communities."
7,C,peer_message,citizen,1923.0,,1450.0,direct,,climate_policy_package,"[""ClimatePolicyID(1)"", ""ClimatePolicyID(2)"", ""ClimatePolicyID(3)"", ""ClimatePolicyID(4)"", ""ClimatePolicyID(5)"", ""ClimatePolicyID(6)""]","I’m broadly positive about the package because it shifts benefits toward people and the planet—I slightly support accelerating renewables (especially if community‑led and carefully sited), slightly support banning new oil/gas/coal licences (but only with strong, well‑funded just‑transition plans), and slightly support a 2030 ban on new petrol car sales provided there’s real help for lower‑income and rural households. I also slightly support mandating low‑carbon standards for new homes, am neutral/mixed on a carbon fee‑and‑dividend because design and protections for the vulnerable matter, and slightly support compensating climate‑impacted people in other countries if the funds are transparent, accountable and actually reach affected communities."
7,C,peer_message,citizen,1923.0,,528.0,direct,,climate_policy_package,"[""ClimatePolicyID(1)"", ""ClimatePolicyID(2)"", ""ClimatePolicyID(3)"", ""ClimatePolicyID(4)"", ""ClimatePolicyID(5)"", ""ClimatePolicyID(6)""]","I’m broadly positive about the package because it shifts benefits toward people and the planet—I slightly support accelerating renewables (especially if community‑led and carefully sited), slightly support banning new oil/gas/coal licences (but only with strong, well‑funded just‑transition plans), and slightly support a 2030 ban on new petrol car sales provided there’s real help for lower‑income and rural households. I also slightly support mandating low‑carbon standards for new homes, am neutral/mixed on a carbon fee‑and‑dividend because design and protections for the vulnerable matter, and slightly support compensating climate‑impacted people in other countries if the funds are transparent, accountable and actually reach affected communities."
7,C,peer_message,citizen,528.0,,1218.0,direct,,climate_policy_package,"[""ClimatePolicyID(1)"", ""ClimatePolicyID(2)"", ""ClimatePolicyID(3)"", ""ClimatePolicyID(4)"", ""ClimatePolicyID(5)"", ""ClimatePolicyID(6)""]","I strongly support the whole package — accelerating renewables, banning new fossil licences, a 2030 petrol‑car cutoff, strict low‑carbon standards for new homes and a carbon fee‑and‑dividend all feel like the practical, fair mix we need to cut emissions quickly while creating local jobs and protecting vulnerable households. My biggest caveats are about delivery: I want funded, enforceable just‑transition plans for fossil‑dependent workers and communities, clear measures to make EVs and charging affordable in rural and low‑income areas, strong anti‑gaming and distributional safeguards for the carbon scheme, and transparent, accountable mechanisms so any international compensation actually reaches affected people."
7,C,peer_message,citizen,528.0,,1821.0,direct,,climate_policy_package,"[""ClimatePolicyID(1)"", ""ClimatePolicyID(2)"", ""ClimatePolicyID(3)"", ""ClimatePolicyID(4)"", ""ClimatePolicyID(5)"", ""ClimatePolicyID(6)""]","I strongly support the whole package — accelerating renewables, banning new fossil licences, a 2030 petrol‑car cutoff, strict low‑carbon standards for new homes and a carbon fee‑and‑dividend all feel like the practical, fair mix we need to cut emissions quickly while creating local jobs and protecting vulnerable households. My biggest caveats are about delivery: I want funded, enforceable just‑transition plans for fossil‑dependent workers and communities, clear measures to make EVs and charging affordable in rural and low‑income areas, strong anti‑gaming and distributional safeguards for the carbon scheme, and transparent, accountable mechanisms so any international compensation actually reaches affected people."
7,C,peer_message,citizen,528.0,,579.0,direct,,climate_policy_package,"[""ClimatePolicyID(1)"", ""ClimatePolicyID(2)"", ""ClimatePolicyID(3)"", ""ClimatePolicyID(4)"", ""ClimatePolicyID(5)"", ""ClimatePolicyID(6)""]","I strongly support the whole package — accelerating renewables, banning new fossil licences, a 2030 petrol‑car cutoff, strict low‑carbon standards for new homes and a carbon fee‑and‑dividend all feel like the practical, fair mix we need to cut emissions quickly while creating local jobs and protecting vulnerable households. My biggest caveats are about delivery: I want funded, enforceable just‑transition plans for fossil‑dependent workers and communities, clear measures to make EVs and charging affordable in rural and low‑income areas, strong anti‑gaming and distributional safeguards for the carbon scheme, and transparent, accountable mechanisms so any international compensation actually reaches affected people."
7,C,peer_message,citizen,541.0,,516.0,direct,,climate_policy_package,"[""ClimatePolicyID(1)"", ""ClimatePolicyID(2)"", ""ClimatePolicyID(3)"", ""ClimatePolicyID(4)"", ""ClimatePolicyID(5)"", ""ClimatePolicyID(6)""]","I broadly support the whole package because science and justice demand rapid decarbonisation, though some parts appeal more than others — I’m strongly behind banning new fossil licences and a carbon fee‑and‑dividend, and I like the ambition on cars and low‑carbon homes in principle. I also back faster renewables but only if roll‑out prioritises least‑harm sites, funds wildlife mitigation and gives real local benefits, and I’d want generous, targeted help for low‑income households, rural drivers and workers in fossil‑fuel regions so the transition is fair. Finally, I strongly support compensating climate‑impacted countries, provided payments are transparent, evidence‑based and coordinated with local development priorities."
7,C,peer_message,citizen,541.0,,1821.0,direct,,climate_policy_package,"[""ClimatePolicyID(1)"", ""ClimatePolicyID(2)"", ""ClimatePolicyID(3)"", ""ClimatePolicyID(4)"", ""ClimatePolicyID(5)"", ""ClimatePolicyID(6)""]","I broadly support the whole package because science and justice demand rapid decarbonisation, though some parts appeal more than others — I’m strongly behind banning new fossil licences and a carbon fee‑and‑dividend, and I like the ambition on cars and low‑carbon homes in principle. I also back faster renewables but only if roll‑out prioritises least‑harm sites, funds wildlife mitigation and gives real local benefits, and I’d want generous, targeted help for low‑income households, rural drivers and workers in fossil‑fuel regions so the transition is fair. Finally, I strongly support compensating climate‑impacted countries, provided payments are transparent, evidence‑based and coordinated with local development priorities."
7,C,peer_message,citizen,541.0,,1450.0,direct,,climate_policy_package,"[""ClimatePolicyID(1)"", ""ClimatePolicyID(2)"", ""ClimatePolicyID(3)"", ""ClimatePolicyID(4)"", ""ClimatePolicyID(5)"", ""ClimatePolicyID(6)""]","I broadly support the whole package because science and justice demand rapid decarbonisation, though some parts appeal more than others — I’m strongly behind banning new fossil licences and a carbon fee‑and‑dividend, and I like the ambition on cars and low‑carbon homes in principle. I also back faster renewables but only if roll‑out prioritises least‑harm sites, funds wildlife mitigation and gives real local benefits, and I’d want generous, targeted help for low‑income households, rural drivers and workers in fossil‑fuel regions so the transition is fair. Finally, I strongly support compensating climate‑impacted countries, provided payments are transparent, evidence‑based and coordinated with local development priorities."
7,C,peer_message,citizen,1545.0,,1540.0,direct,,climate_policy_package,"[""ClimatePolicyID(1)"", ""ClimatePolicyID(2)"", ""ClimatePolicyID(3)"", ""ClimatePolicyID(4)"", ""ClimatePolicyID(5)"", ""ClimatePolicyID(6)""]","I’m broadly supportive of accelerating renewables — especially offshore wind — because it makes sense for energy security and emissions, but I want proper local consultation and sensible siting for onshore projects so communities aren’t steamrolled. I’m conflicted about an immediate ban on new oil/gas/coal licences — I accept we need to phase out fossil fuels but worry a sudden ban could harm North Sea jobs and energy security without a clear, well‑funded transition. I’m broadly behind a 2030 petrol ban in principle for cleaner air, though it feels ambitious unless charging, affordability and exemptions for genuine need are sorted; similarly, requiring new homes to have non‑fossil heating, solar and high insulation makes long‑term sense but should be phased with support for builders and buyers to avoid pushing up costs. I like the fee‑and‑dividend idea as it keeps incentives while protecting households, though I’m sceptical governments will always get the implementation right so strong safeguards are needed. I’m mildly in favour of compensating people abroad who suffer from climate impacts on moral grounds, but only with transparent, targeted mechanisms and clear accountability so domestic households aren’t short‑changed."
7,C,peer_message,citizen,1309.0,,1339.0,direct,,climate_policy_package,"[""ClimatePolicyID(1)"", ""ClimatePolicyID(2)"", ""ClimatePolicyID(3)"", ""ClimatePolicyID(4)"", ""ClimatePolicyID(5)"", ""ClimatePolicyID(6)""]","I broadly support speeding up renewables — I like the jobs, emissions cuts and long‑term savings, though I want sensitive siting and wildlife protections for onshore wind. I’m cautiously in favour of banning new fossil licences if it’s phased and funded with clear support for workers and communities, because an abrupt cutoff could hurt rural areas and families. I’m sympathetic to a 2030 petrol‑car ban in principle but worry about affordability and rural charging, so I’d want more time or strong help for lower‑income drivers. I support demanding low‑carbon standards for new homes — insulation, heat pumps and solar make sense — provided there are subsidies or support so small builders and buyers aren’t priced out. I’m uneasy about a carbon fee‑and‑dividend: it could work if the dividend genuinely protects poorer households and the scheme is transparent, but I’d need to see solid design details first. I’m open to compensating people abroad for climate harms only with strict oversight and measurable outcomes so money actually helps vulnerable communities."
7,C,peer_message,citizen,1309.0,,1730.0,direct,,climate_policy_package,"[""ClimatePolicyID(1)"", ""ClimatePolicyID(2)"", ""ClimatePolicyID(3)"", ""ClimatePolicyID(4)"", ""ClimatePolicyID(5)"", ""ClimatePolicyID(6)""]","I broadly support speeding up renewables — I like the jobs, emissions cuts and long‑term savings, though I want sensitive siting and wildlife protections for onshore wind. I’m cautiously in favour of banning new fossil licences if it’s phased and funded with clear support for workers and communities, because an abrupt cutoff could hurt rural areas and families. I’m sympathetic to a 2030 petrol‑car ban in principle but worry about affordability and rural charging, so I’d want more time or strong help for lower‑income drivers. I support demanding low‑carbon standards for new homes — insulation, heat pumps and solar make sense — provided there are subsidies or support so small builders and buyers aren’t priced out. I’m uneasy about a carbon fee‑and‑dividend: it could work if the dividend genuinely protects poorer households and the scheme is transparent, but I’d need to see solid design details first. I’m open to compensating people abroad for climate harms only with strict oversight and measurable outcomes so money actually helps vulnerable communities."
7,C,peer_message,citizen,1309.0,,529.0,direct,,climate_policy_package,"[""ClimatePolicyID(1)"", ""ClimatePolicyID(2)"", ""ClimatePolicyID(3)"", ""ClimatePolicyID(4)"", ""ClimatePolicyID(5)"", ""ClimatePolicyID(6)""]","I broadly support speeding up renewables — I like the jobs, emissions cuts and long‑term savings, though I want sensitive siting and wildlife protections for onshore wind. I’m cautiously in favour of banning new fossil licences if it’s phased and funded with clear support for workers and communities, because an abrupt cutoff could hurt rural areas and families. I’m sympathetic to a 2030 petrol‑car ban in principle but worry about affordability and rural charging, so I’d want more time or strong help for lower‑income drivers. I support demanding low‑carbon standards for new homes — insulation, heat pumps and solar make sense — provided there are subsidies or support so small builders and buyers aren’t priced out. I’m uneasy about a carbon fee‑and‑dividend: it could work if the dividend genuinely protects poorer households and the scheme is transparent, but I’d need to see solid design details first. I’m open to compensating people abroad for climate harms only with strict oversight and measurable outcomes so money actually helps vulnerable communities."
7,C,peer_message,citizen,1821.0,,1339.0,direct,,climate_policy_package,"[""ClimatePolicyID(1)"", ""ClimatePolicyID(2)"", ""ClimatePolicyID(3)"", ""ClimatePolicyID(4)"", ""ClimatePolicyID(5)"", ""ClimatePolicyID(6)""]","I broadly support faster roll‑out of renewables because I want a safer future for my child, but only if projects are well sited, genuinely consult local communities and include real nature protections and community benefits. I’m inclined to back a ban on new oil/gas/coal licences in principle, but I’d need to see credible, funded transition plans for North Sea workers and clear safeguards for energy security and household bills. I’m uncertain about a 2030 ban on new petrol cars — I like the ambition, but it feels rushed for rural and lower‑income families unless there are strong subsidies, rapid rural charging and affordable alternatives. I’m broadly supportive of mandating low‑carbon standards for all new homes, though I worry about upfront cost impacts on house prices and small builders so would prefer phased rules plus grants and support for first‑time buyers. I’m cautious about a carbon fee‑and‑dividend: returning revenue to households sounds fair, but I worry about pass‑through to bills and corporate gaming, so I’d want strong complementary regulation and protections for vulnerable households. I’m tentatively supportive of compensating vulnerable countries — it’s the right thing to do morally — but only with transparent, well‑targeted, and effective spending that doesn’t undermine local needs here."
7,C,peer_message,citizen,1821.0,,541.0,direct,,climate_policy_package,"[""ClimatePolicyID(1)"", ""ClimatePolicyID(2)"", ""ClimatePolicyID(3)"", ""ClimatePolicyID(4)"", ""ClimatePolicyID(5)"", ""ClimatePolicyID(6)""]","I broadly support faster roll‑out of renewables because I want a safer future for my child, but only if projects are well sited, genuinely consult local communities and include real nature protections and community benefits. I’m inclined to back a ban on new oil/gas/coal licences in principle, but I’d need to see credible, funded transition plans for North Sea workers and clear safeguards for energy security and household bills. I’m uncertain about a 2030 ban on new petrol cars — I like the ambition, but it feels rushed for rural and lower‑income families unless there are strong subsidies, rapid rural charging and affordable alternatives. I’m broadly supportive of mandating low‑carbon standards for all new homes, though I worry about upfront cost impacts on house prices and small builders so would prefer phased rules plus grants and support for first‑time buyers. I’m cautious about a carbon fee‑and‑dividend: returning revenue to households sounds fair, but I worry about pass‑through to bills and corporate gaming, so I’d want strong complementary regulation and protections for vulnerable households. I’m tentatively supportive of compensating vulnerable countries — it’s the right thing to do morally — but only with transparent, well‑targeted, and effective spending that doesn’t undermine local needs here."
7,C,peer_message,citizen,1821.0,,991.0,direct,,climate_policy_package,"[""ClimatePolicyID(1)"", ""ClimatePolicyID(2)"", ""ClimatePolicyID(3)"", ""ClimatePolicyID(4)"", ""ClimatePolicyID(5)"", ""ClimatePolicyID(6)""]","I broadly support faster roll‑out of renewables because I want a safer future for my child, but only if projects are well sited, genuinely consult local communities and include real nature protections and community benefits. I’m inclined to back a ban on new oil/gas/coal licences in principle, but I’d need to see credible, funded transition plans for North Sea workers and clear safeguards for energy security and household bills. I’m uncertain about a 2030 ban on new petrol cars — I like the ambition, but it feels rushed for rural and lower‑income families unless there are strong subsidies, rapid rural charging and affordable alternatives. I’m broadly supportive of mandating low‑carbon standards for all new homes, though I worry about upfront cost impacts on house prices and small builders so would prefer phased rules plus grants and support for first‑time buyers. I’m cautious about a carbon fee‑and‑dividend: returning revenue to households sounds fair, but I worry about pass‑through to bills and corporate gaming, so I’d want strong complementary regulation and protections for vulnerable households. I’m tentatively supportive of compensating vulnerable countries — it’s the right thing to do morally — but only with transparent, well‑targeted, and effective spending that doesn’t undermine local needs here."
7,C,peer_message,citizen,1218.0,,1923.0,direct,,climate_policy_package,"[""ClimatePolicyID(1)"", ""ClimatePolicyID(2)"", ""ClimatePolicyID(3)"", ""ClimatePolicyID(4)"", ""ClimatePolicyID(5)"", ""ClimatePolicyID(6)""]","I broadly support this package — I back faster renewables, a ban on new fossil licences, stricter standards for new homes and a 2030 petrol ban in principle because they’re necessary to cut emissions and protect nature. That said, I’m cautious about delivery and fairness: I want strong guarantees on community consent, wildlife protections, chargers and support for rural and low‑income households, clear funding for retraining, and rigorous transparency if a carbon fee‑and‑dividend or overseas compensation schemes are used so revenues actually help the intended people at home and abroad."
7,C,peer_message,citizen,1218.0,,1339.0,direct,,climate_policy_package,"[""ClimatePolicyID(1)"", ""ClimatePolicyID(2)"", ""ClimatePolicyID(3)"", ""ClimatePolicyID(4)"", ""ClimatePolicyID(5)"", ""ClimatePolicyID(6)""]","I broadly support this package — I back faster renewables, a ban on new fossil licences, stricter standards for new homes and a 2030 petrol ban in principle because they’re necessary to cut emissions and protect nature. That said, I’m cautious about delivery and fairness: I want strong guarantees on community consent, wildlife protections, chargers and support for rural and low‑income households, clear funding for retraining, and rigorous transparency if a carbon fee‑and‑dividend or overseas compensation schemes are used so revenues actually help the intended people at home and abroad."
7,C,peer_message,citizen,1218.0,,528.0,direct,,climate_policy_package,"[""ClimatePolicyID(1)"", ""ClimatePolicyID(2)"", ""ClimatePolicyID(3)"", ""ClimatePolicyID(4)"", ""ClimatePolicyID(5)"", ""ClimatePolicyID(6)""]","I broadly support this package — I back faster renewables, a ban on new fossil licences, stricter standards for new homes and a 2030 petrol ban in principle because they’re necessary to cut emissions and protect nature. That said, I’m cautious about delivery and fairness: I want strong guarantees on community consent, wildlife protections, chargers and support for rural and low‑income households, clear funding for retraining, and rigorous transparency if a carbon fee‑and‑dividend or overseas compensation schemes are used so revenues actually help the intended people at home and abroad."
7,C,peer_message,citizen,1555.0,,1244.0,direct,,climate_policy_package,"[""ClimatePolicyID(1)"", ""ClimatePolicyID(2)"", ""ClimatePolicyID(3)"", ""ClimatePolicyID(4)"", ""ClimatePolicyID(5)"", ""ClimatePolicyID(6)""]","I broadly back faster renewables — offshore wind especially looks like a real jobs-and-investment win for the North East — though onshore projects need proper local consent and benefit-sharing. I support banning new fossil licences in principle, but a hard 2030 petrol‑car cutoff feels rushed unless there’s clear, affordable help for people to switch; I’d be happier with phased dates tied to support and EV access. I strongly like requiring new homes to have non‑fossil heating, solar and good insulation — it’s fair and saves money long term — and a carbon fee‑and‑dividend appeals to me so long as payments really reach ordinary households rather than vanishing into general taxation. I’m sympathetic to compensating vulnerable countries, but only if funds are transparent, well‑targeted and don’t shortchange communities here who also need support."
7,C,peer_message,citizen,1555.0,,1318.0,direct,,climate_policy_package,"[""ClimatePolicyID(1)"", ""ClimatePolicyID(2)"", ""ClimatePolicyID(3)"", ""ClimatePolicyID(4)"", ""ClimatePolicyID(5)"", ""ClimatePolicyID(6)""]","I broadly back faster renewables — offshore wind especially looks like a real jobs-and-investment win for the North East — though onshore projects need proper local consent and benefit-sharing. I support banning new fossil licences in principle, but a hard 2030 petrol‑car cutoff feels rushed unless there’s clear, affordable help for people to switch; I’d be happier with phased dates tied to support and EV access. I strongly like requiring new homes to have non‑fossil heating, solar and good insulation — it’s fair and saves money long term — and a carbon fee‑and‑dividend appeals to me so long as payments really reach ordinary households rather than vanishing into general taxation. I’m sympathetic to compensating vulnerable countries, but only if funds are transparent, well‑targeted and don’t shortchange communities here who also need support."
7,C,peer_message,citizen,1555.0,,991.0,direct,,climate_policy_package,"[""ClimatePolicyID(1)"", ""ClimatePolicyID(2)"", ""ClimatePolicyID(3)"", ""ClimatePolicyID(4)"", ""ClimatePolicyID(5)"", ""ClimatePolicyID(6)""]","I broadly back faster renewables — offshore wind especially looks like a real jobs-and-investment win for the North East — though onshore projects need proper local consent and benefit-sharing. I support banning new fossil licences in principle, but a hard 2030 petrol‑car cutoff feels rushed unless there’s clear, affordable help for people to switch; I’d be happier with phased dates tied to support and EV access. I strongly like requiring new homes to have non‑fossil heating, solar and good insulation — it’s fair and saves money long term — and a carbon fee‑and‑dividend appeals to me so long as payments really reach ordinary households rather than vanishing into general taxation. I’m sympathetic to compensating vulnerable countries, but only if funds are transparent, well‑targeted and don’t shortchange communities here who also need support."
7,C,peer_message,citizen,991.0,,1555.0,direct,,climate_policy_package,"[""ClimatePolicyID(1)"", ""ClimatePolicyID(2)"", ""ClimatePolicyID(3)"", ""ClimatePolicyID(4)"", ""ClimatePolicyID(5)"", ""ClimatePolicyID(6)""]","I’m generally in favour of speeding up renewables like wind so long as local communities genuinely share the benefits and wildlife and landscapes are protected — slight support. I’m uneasy about an immediate ban on new oil/gas/coal licences because of jobs and energy security here, so I’m slightly opposed unless it’s phased with strong protections for workers. A 2030 petrol‑car ban feels rushed for people who can’t afford EVs or live in rural areas, so I’m slightly opposed unless there’s real help with affordable cars and charging. I slightly support mandating non‑fossil heating, rooftop solar and good insulation on new homes since that can cut bills long‑term, but I’d want safeguards so small builders and first‑time buyers aren’t priced out. I moderately support a carbon fee‑and‑dividend — it seems fair if the money truly gets back to households and protects low‑income families. I slightly support compensating people abroad hit by climate change, though I’m cautious about cost and transparency given my own tight household budget."
7,C,peer_message,citizen,991.0,,528.0,direct,,climate_policy_package,"[""ClimatePolicyID(1)"", ""ClimatePolicyID(2)"", ""ClimatePolicyID(3)"", ""ClimatePolicyID(4)"", ""ClimatePolicyID(5)"", ""ClimatePolicyID(6)""]","I’m generally in favour of speeding up renewables like wind so long as local communities genuinely share the benefits and wildlife and landscapes are protected — slight support. I’m uneasy about an immediate ban on new oil/gas/coal licences because of jobs and energy security here, so I’m slightly opposed unless it’s phased with strong protections for workers. A 2030 petrol‑car ban feels rushed for people who can’t afford EVs or live in rural areas, so I’m slightly opposed unless there’s real help with affordable cars and charging. I slightly support mandating non‑fossil heating, rooftop solar and good insulation on new homes since that can cut bills long‑term, but I’d want safeguards so small builders and first‑time buyers aren’t priced out. I moderately support a carbon fee‑and‑dividend — it seems fair if the money truly gets back to households and protects low‑income families. I slightly support compensating people abroad hit by climate change, though I’m cautious about cost and transparency given my own tight household budget."
7,C,peer_message,citizen,991.0,,1821.0,direct,,climate_policy_package,"[""ClimatePolicyID(1)"", ""ClimatePolicyID(2)"", ""ClimatePolicyID(3)"", ""ClimatePolicyID(4)"", ""ClimatePolicyID(5)"", ""ClimatePolicyID(6)""]","I’m generally in favour of speeding up renewables like wind so long as local communities genuinely share the benefits and wildlife and landscapes are protected — slight support. I’m uneasy about an immediate ban on new oil/gas/coal licences because of jobs and energy security here, so I’m slightly opposed unless it’s phased with strong protections for workers. A 2030 petrol‑car ban feels rushed for people who can’t afford EVs or live in rural areas, so I’m slightly opposed unless there’s real help with affordable cars and charging. I slightly support mandating non‑fossil heating, rooftop solar and good insulation on new homes since that can cut bills long‑term, but I’d want safeguards so small builders and first‑time buyers aren’t priced out. I moderately support a carbon fee‑and‑dividend — it seems fair if the money truly gets back to households and protects low‑income families. I slightly support compensating people abroad hit by climate change, though I’m cautious about cost and transparency given my own tight household budget."
7,C,peer_message,citizen,1244.0,,1450.0,direct,,climate_policy_package,"[""ClimatePolicyID(1)"", ""ClimatePolicyID(2)"", ""ClimatePolicyID(3)"", ""ClimatePolicyID(4)"", ""ClimatePolicyID(5)"", ""ClimatePolicyID(6)""]","I’m strongly in favour of accelerating renewables — more wind feels pragmatic, creates local jobs and boosts energy security if projects include community benefits. I’d oppose an immediate blanket ban on new fossil licences and think a 2030 petrol ban is too rushed for rural areas without much better charging and support; I’m slightly supportive of mandating low‑carbon measures in new homes but only if phased and funded so it doesn’t hike house prices. I support a carbon fee‑and‑dividend as the fairest way to change behaviour, and I’m cautiously open to compensating people overseas for climate harms provided it’s transparent, targeted and doesn’t crowd out domestic priorities."
7,C,peer_message,citizen,1244.0,,1555.0,direct,,climate_policy_package,"[""ClimatePolicyID(1)"", ""ClimatePolicyID(2)"", ""ClimatePolicyID(3)"", ""ClimatePolicyID(4)"", ""ClimatePolicyID(5)"", ""ClimatePolicyID(6)""]","I’m strongly in favour of accelerating renewables — more wind feels pragmatic, creates local jobs and boosts energy security if projects include community benefits. I’d oppose an immediate blanket ban on new fossil licences and think a 2030 petrol ban is too rushed for rural areas without much better charging and support; I’m slightly supportive of mandating low‑carbon measures in new homes but only if phased and funded so it doesn’t hike house prices. I support a carbon fee‑and‑dividend as the fairest way to change behaviour, and I’m cautiously open to compensating people overseas for climate harms provided it’s transparent, targeted and doesn’t crowd out domestic priorities."
7,C,peer_message,citizen,1244.0,,991.0,direct,,climate_policy_package,"[""ClimatePolicyID(1)"", ""ClimatePolicyID(2)"", ""ClimatePolicyID(3)"", ""ClimatePolicyID(4)"", ""ClimatePolicyID(5)"", ""ClimatePolicyID(6)""]","I’m strongly in favour of accelerating renewables — more wind feels pragmatic, creates local jobs and boosts energy security if projects include community benefits. I’d oppose an immediate blanket ban on new fossil licences and think a 2030 petrol ban is too rushed for rural areas without much better charging and support; I’m slightly supportive of mandating low‑carbon measures in new homes but only if phased and funded so it doesn’t hike house prices. I support a carbon fee‑and‑dividend as the fairest way to change behaviour, and I’m cautiously open to compensating people overseas for climate harms provided it’s transparent, targeted and doesn’t crowd out domestic priorities."
7,C,peer_message,citizen,519.0,,1218.0,direct,,climate_policy_package,"[""ClimatePolicyID(1)"", ""ClimatePolicyID(2)"", ""ClimatePolicyID(3)"", ""ClimatePolicyID(4)"", ""ClimatePolicyID(5)"", ""ClimatePolicyID(6)""]","I broadly support most of this package because protecting nature and my child’s future matters to me — I strongly back banning new oil, gas and coal licences and I like higher standards for new homes and more renewables, though I worry about onshore wind changing local landscapes without proper local say. I’m more cautious about the 2030 petrol‑car ban and a carbon fee‑and‑dividend: I want firm, targeted help for low‑income families, a reliable charging network, and guarantees that any extra costs are genuinely returned to households so people like me aren’t worse off. I’m sympathetic to helping people abroad hit by climate change but only if it’s transparent and doesn’t divert support away from vulnerable families here."
7,C,peer_message,citizen,357.0,,1540.0,direct,,climate_policy_package,"[""ClimatePolicyID(1)"", ""ClimatePolicyID(2)"", ""ClimatePolicyID(3)"", ""ClimatePolicyID(4)"", ""ClimatePolicyID(5)"", ""ClimatePolicyID(6)""]","I broadly support speeding up renewables and mandating eco‑standards in new homes — they protect nature, cut bills long‑term and could bring jobs to the North East — but I want strong local consultation, landscape protection and real community benefits. I’m cautiously in favour of stopping new fossil licences and compensating vulnerable countries, provided there are well‑funded, phased transition plans and transparency, while I’m uneasy about a hard 2030 petrol‑car ban and a carbon fee‑and‑dividend unless they include clear, affordable support for low‑income households and reliable charging/energy infrastructure."
7,C,peer_message,citizen,1318.0,,1555.0,direct,,climate_policy_package,"[""ClimatePolicyID(1)"", ""ClimatePolicyID(2)"", ""ClimatePolicyID(3)"", ""ClimatePolicyID(4)"", ""ClimatePolicyID(5)"", ""ClimatePolicyID(6)""]","I broadly like this package — I’m strongly behind accelerating renewables, banning new fossil licences and a 2030 petrol‑car ban because they’re direct, fast ways to cut emissions and can be designed to protect households; I also strongly support a carbon fee‑and‑dividend as a fair way to pass on revenues. I’m moderately supportive of mandating high standards for new homes so long as it’s paired with subsidies and capacity to avoid worsening affordability, and I’m cautious about overseas compensation: I want well‑governed adaptation and loss‑and‑damage funds rather than blunt, poorly‑targeted cash transfers."
7,C,peer_message,citizen,1318.0,,1339.0,direct,,climate_policy_package,"[""ClimatePolicyID(1)"", ""ClimatePolicyID(2)"", ""ClimatePolicyID(3)"", ""ClimatePolicyID(4)"", ""ClimatePolicyID(5)"", ""ClimatePolicyID(6)""]","I broadly like this package — I’m strongly behind accelerating renewables, banning new fossil licences and a 2030 petrol‑car ban because they’re direct, fast ways to cut emissions and can be designed to protect households; I also strongly support a carbon fee‑and‑dividend as a fair way to pass on revenues. I’m moderately supportive of mandating high standards for new homes so long as it’s paired with subsidies and capacity to avoid worsening affordability, and I’m cautious about overseas compensation: I want well‑governed adaptation and loss‑and‑damage funds rather than blunt, poorly‑targeted cash transfers."
7,C,peer_message,citizen,516.0,,541.0,direct,,climate_policy_package,"[""ClimatePolicyID(1)"", ""ClimatePolicyID(2)"", ""ClimatePolicyID(3)"", ""ClimatePolicyID(4)"", ""ClimatePolicyID(5)"", ""ClimatePolicyID(6)""]","I’d strongly back accelerating renewables—offshore and onshore wind are the practical way off fossil fuels, though onshore needs careful siting, wildlife safeguards and local consent. I support banning new oil, gas and coal licences but only if there are credible transition plans for workers and measures to keep energy secure and bills affordable. I oppose a hard 2030 ban on new petrol cars as rushed and unfair to many, especially in rural areas without good charging or public transport. I strongly support mandating non‑fossil heating, rooftop solar and high insulation on new homes—build well now and you save people hassle and bills later. I strongly support a carbon fee‑and‑dividend: it creates the right incentives while returning money so lower‑income households aren’t hit hardest. I’m wary of broad taxpayer‑funded compensation abroad; I’d only back tightly targeted, transparent, well‑monitored aid that demonstrably helps those most affected without unduly burdening UK households."
7,C,peer_message,citizen,516.0,,1450.0,direct,,climate_policy_package,"[""ClimatePolicyID(1)"", ""ClimatePolicyID(2)"", ""ClimatePolicyID(3)"", ""ClimatePolicyID(4)"", ""ClimatePolicyID(5)"", ""ClimatePolicyID(6)""]","I’d strongly back accelerating renewables—offshore and onshore wind are the practical way off fossil fuels, though onshore needs careful siting, wildlife safeguards and local consent. I support banning new oil, gas and coal licences but only if there are credible transition plans for workers and measures to keep energy secure and bills affordable. I oppose a hard 2030 ban on new petrol cars as rushed and unfair to many, especially in rural areas without good charging or public transport. I strongly support mandating non‑fossil heating, rooftop solar and high insulation on new homes—build well now and you save people hassle and bills later. I strongly support a carbon fee‑and‑dividend: it creates the right incentives while returning money so lower‑income households aren’t hit hardest. I’m wary of broad taxpayer‑funded compensation abroad; I’d only back tightly targeted, transparent, well‑monitored aid that demonstrably helps those most affected without unduly burdening UK households."
7,C,peer_message,citizen,1932.0,,1327.0,direct,,climate_policy_package,"[""ClimatePolicyID(1)"", ""ClimatePolicyID(2)"", ""ClimatePolicyID(3)"", ""ClimatePolicyID(4)"", ""ClimatePolicyID(5)"", ""ClimatePolicyID(6)""]","I’m wary of rushing big renewables or lots of turbines on coasts and countryside — I slightly oppose accelerating roll‑out unless there are firm guarantees on affordability, local compensation and jobs for places like the North Sea. I’m undecided on banning new oil/gas/coal licences and on mandating new homes’ tech — I can see the long‑term benefits but I need strong transition plans, cheap finance/subsidies and protections so ordinary households and small builders aren’t hit with higher costs; I slightly oppose a 2030 petrol‑car ban for the same reasons unless generous support and charging are guaranteed. A carbon tax with a clear, reliable dividend and protections against businesses just passing costs on could win me over (so I’m neither for nor against), while compensating people abroad makes me uneasy on my budget — I slightly oppose overseas payouts unless UK needs are secured first."
7,C,peer_message,citizen,1327.0,,1932.0,direct,,climate_policy_package,"[""ClimatePolicyID(1)"", ""ClimatePolicyID(2)"", ""ClimatePolicyID(3)"", ""ClimatePolicyID(4)"", ""ClimatePolicyID(5)"", ""ClimatePolicyID(6)""]","I broadly support accelerating renewables — more wind (offshore and onshore) makes sense to cut our reliance on volatile fossil markets and should come with real local consultation, sensible siting and community benefits so people don’t feel railroaded. I back banning new oil/gas/coal licences, but only if there are concrete, well‑funded transition plans, retraining and regional investment for communities that depend on those industries. I support a 2030 ban on new petrol car sales to push the market and infrastructure shift, provided there’s generous support for rural drivers, small businesses and lower‑income families plus a rapid expansion of charging. Mandating non‑fossil heating, rooftop solar and high insulation in new homes appeals to me as good long‑term value, though developers mustn’t be allowed to pass costs onto first‑time buyers or social housing. I like a carbon fee‑and‑dividend — it’s fairer than hidden taxes if the payments are predictable and well‑publicised so households aren’t worse off. I’m cautious about compensating people overseas: I sympathise, but want any international payments to be tightly targeted, transparent and outcome‑focused, and only after domestic protections are secured."
7,C,peer_message,citizen,332.0,,1555.0,direct,,climate_policy_package,"[""ClimatePolicyID(1)"", ""ClimatePolicyID(2)"", ""ClimatePolicyID(3)"", ""ClimatePolicyID(4)"", ""ClimatePolicyID(5)"", ""ClimatePolicyID(6)""]","I broadly back accelerating renewables, especially offshore wind, provided grid upgrades and genuine local consent are in place, but I’m more wary of onshore sites that harm landscapes or face strong local opposition. I’m tentatively supportive of banning new fossil licences and of a carbon fee‑and‑dividend, and I like the idea of revenue returned to households — but only if there are fully funded, phased transition plans, retraining for North Sea workers and protections so low‑income households don’t get hit. I’m uncomfortable with a rigid 2030 petrol‑car ban and with blanket mandates on new homes unless paired with generous subsidies and phasing, and I’d support overseas climate compensation only if it’s transparent, targeted and doesn’t crowd out domestic transition needs."
7,C,peer_message,citizen,1540.0,,1545.0,direct,,climate_policy_package,"[""ClimatePolicyID(1)"", ""ClimatePolicyID(2)"", ""ClimatePolicyID(3)"", ""ClimatePolicyID(4)"", ""ClimatePolicyID(5)"", ""ClimatePolicyID(6)""]","I’m broadly in favour of accelerating renewables like offshore and carefully sited onshore wind if rollout is phased, affordable and respects local views and grid capacity. I oppose an immediate ban on new oil/gas/coal licences — it feels premature and risks North Sea jobs and energy security until reliable alternatives and storage are in place. I’m against a strict 2030 ban on new petrol cars; that deadline seems too fast for many families, rural drivers and small businesses. I’m wary of blanket mandates on heating, solar and high insulation for all new homes — sensible in principle, but I’d prefer incentives and phased standards so building costs and affordability aren’t harmed. I’m sceptical of a broad carbon fee‑and‑dividend because it could just push costs onto consumers, though targeted measures and protections would make me more comfortable. I don’t support open‑ended compensation payments to people abroad; I think UK taxpayers’ money should prioritise domestic households and industries unless any overseas help is tightly limited, transparent and fully costed."
7,C,peer_message,citizen,1540.0,,357.0,direct,,climate_policy_package,"[""ClimatePolicyID(1)"", ""ClimatePolicyID(2)"", ""ClimatePolicyID(3)"", ""ClimatePolicyID(4)"", ""ClimatePolicyID(5)"", ""ClimatePolicyID(6)""]","I’m broadly in favour of accelerating renewables like offshore and carefully sited onshore wind if rollout is phased, affordable and respects local views and grid capacity. I oppose an immediate ban on new oil/gas/coal licences — it feels premature and risks North Sea jobs and energy security until reliable alternatives and storage are in place. I’m against a strict 2030 ban on new petrol cars; that deadline seems too fast for many families, rural drivers and small businesses. I’m wary of blanket mandates on heating, solar and high insulation for all new homes — sensible in principle, but I’d prefer incentives and phased standards so building costs and affordability aren’t harmed. I’m sceptical of a broad carbon fee‑and‑dividend because it could just push costs onto consumers, though targeted measures and protections would make me more comfortable. I don’t support open‑ended compensation payments to people abroad; I think UK taxpayers’ money should prioritise domestic households and industries unless any overseas help is tightly limited, transparent and fully costed."
7,C,peer_message,citizen,1540.0,,579.0,direct,,climate_policy_package,"[""ClimatePolicyID(1)"", ""ClimatePolicyID(2)"", ""ClimatePolicyID(3)"", ""ClimatePolicyID(4)"", ""ClimatePolicyID(5)"", ""ClimatePolicyID(6)""]","I’m broadly in favour of accelerating renewables like offshore and carefully sited onshore wind if rollout is phased, affordable and respects local views and grid capacity. I oppose an immediate ban on new oil/gas/coal licences — it feels premature and risks North Sea jobs and energy security until reliable alternatives and storage are in place. I’m against a strict 2030 ban on new petrol cars; that deadline seems too fast for many families, rural drivers and small businesses. I’m wary of blanket mandates on heating, solar and high insulation for all new homes — sensible in principle, but I’d prefer incentives and phased standards so building costs and affordability aren’t harmed. I’m sceptical of a broad carbon fee‑and‑dividend because it could just push costs onto consumers, though targeted measures and protections would make me more comfortable. I don’t support open‑ended compensation payments to people abroad; I think UK taxpayers’ money should prioritise domestic households and industries unless any overseas help is tightly limited, transparent and fully costed."
7,C,peer_message,citizen,529.0,,1309.0,direct,,climate_policy_package,"[""ClimatePolicyID(1)"", ""ClimatePolicyID(2)"", ""ClimatePolicyID(3)"", ""ClimatePolicyID(4)"", ""ClimatePolicyID(5)"", ""ClimatePolicyID(6)""]","I broadly back an ambitious package — I’m strongly in favour of accelerating renewables and of tough standards for new homes because they’re practical, job‑creating and fair in the long run. I’m broadly supportive of banning new fossil licences and of a 2030 petrol‑car ban in principle, but I want these done with clear transition funding, retraining and strong rural/income protections so they don’t hit workers or poorer households unfairly. I’m cautiously in favour of a carbon fee‑and‑dividend if it’s tightly designed to protect low‑income families, and I support some form of international compensation in principle but only with strict transparency, oversight and guarantees the money reaches the most affected communities."
7,C,peer_message,citizen,1339.0,,1309.0,direct,,climate_policy_package,"[""ClimatePolicyID(1)"", ""ClimatePolicyID(2)"", ""ClimatePolicyID(3)"", ""ClimatePolicyID(4)"", ""ClimatePolicyID(5)"", ""ClimatePolicyID(6)""]","I’m broadly in favour of faster renewables, home efficiency standards and a carbon fee‑and‑dividend because they cut emissions and can help households if phased and funded properly, but I’m cautious about large wind developments unless wildlife and local communities are protected. I’d prefer a managed, funded transition rather than an immediate ban on new oil/gas/coal licences, and I’m slightly supportive but wary of a hard 2030 petrol‑car cutoff — acceptable only with big investment in charging, affordability measures and protections for rural and low‑income households. I also slightly support mandating low‑carbon features on new homes if subsidies keep housing affordable, and I back compensating vulnerable countries for climate impacts provided payments are transparent, targeted and well governed."
7,C,peer_message,citizen,1339.0,,1821.0,direct,,climate_policy_package,"[""ClimatePolicyID(1)"", ""ClimatePolicyID(2)"", ""ClimatePolicyID(3)"", ""ClimatePolicyID(4)"", ""ClimatePolicyID(5)"", ""ClimatePolicyID(6)""]","I’m broadly in favour of faster renewables, home efficiency standards and a carbon fee‑and‑dividend because they cut emissions and can help households if phased and funded properly, but I’m cautious about large wind developments unless wildlife and local communities are protected. I’d prefer a managed, funded transition rather than an immediate ban on new oil/gas/coal licences, and I’m slightly supportive but wary of a hard 2030 petrol‑car cutoff — acceptable only with big investment in charging, affordability measures and protections for rural and low‑income households. I also slightly support mandating low‑carbon features on new homes if subsidies keep housing affordable, and I back compensating vulnerable countries for climate impacts provided payments are transparent, targeted and well governed."
7,C,peer_message,citizen,1339.0,,1318.0,direct,,climate_policy_package,"[""ClimatePolicyID(1)"", ""ClimatePolicyID(2)"", ""ClimatePolicyID(3)"", ""ClimatePolicyID(4)"", ""ClimatePolicyID(5)"", ""ClimatePolicyID(6)""]","I’m broadly in favour of faster renewables, home efficiency standards and a carbon fee‑and‑dividend because they cut emissions and can help households if phased and funded properly, but I’m cautious about large wind developments unless wildlife and local communities are protected. I’d prefer a managed, funded transition rather than an immediate ban on new oil/gas/coal licences, and I’m slightly supportive but wary of a hard 2030 petrol‑car cutoff — acceptable only with big investment in charging, affordability measures and protections for rural and low‑income households. I also slightly support mandating low‑carbon features on new homes if subsidies keep housing affordable, and I back compensating vulnerable countries for climate impacts provided payments are transparent, targeted and well governed."
7,C,peer_message,citizen,1730.0,,1309.0,direct,,climate_policy_package,"[""ClimatePolicyID(1)"", ""ClimatePolicyID(2)"", ""ClimatePolicyID(3)"", ""ClimatePolicyID(4)"", ""ClimatePolicyID(5)"", ""ClimatePolicyID(6)""]","I’m broadly in favour of accelerating renewables like more wind — it makes practical sense for energy security — though I want proper local consultation, sensible siting and protections so costs aren’t simply passed to households. I’m uneasy about an immediate ban on new oil/gas/coal licences: I’d prefer a managed, phased phase‑out with clear timelines and worker support to avoid harming jobs or resilience. A 2030 petrol‑car ban feels too rushed to me given EV costs and charging gaps, so I’m sceptical until we have better evidence and support for rural and lower‑income buyers. Requiring non‑fossil heating, rooftop solar and high insulation in new homes mostly appeals — it’s sensible to build correctly now — but it mustn’t price out buyers or crush small builders, so transitional help is needed. I’m undecided on a carbon fee‑and‑dividend: I like the idea of returning revenue to people, but worry about complexity and industry impacts unless the design is transparent and protects vulnerable households. And while I don’t oppose helping people abroad in principle, I’m cautious about open‑ended compensation without strict accountability and reassurance UK domestic priorities aren’t neglected."
7,C,peer_message,citizen,485.0,,1450.0,direct,,climate_policy_package,"[""ClimatePolicyID(1)"", ""ClimatePolicyID(2)"", ""ClimatePolicyID(3)"", ""ClimatePolicyID(4)"", ""ClimatePolicyID(5)"", ""ClimatePolicyID(6)""]","I’m broadly supportive of the package because it pushes the urgent shift away from fossil fuels while trying to protect people who’ll be hit hardest — I especially like accelerating renewables and the idea of fee‑and‑dividend if it truly returns money to households. I’m cautiously in favour of bans on new fossil licences and an earlier petrol‑car cutoff, plus strong rules for new homes, but only if rollout includes generous, targeted support for rural and low‑income families, real protections for wildlife and landscapes around wind sites, and tight transparency so international compensation actually reaches the people who need it."
7,C,peer_message,citizen,485.0,,541.0,direct,,climate_policy_package,"[""ClimatePolicyID(1)"", ""ClimatePolicyID(2)"", ""ClimatePolicyID(3)"", ""ClimatePolicyID(4)"", ""ClimatePolicyID(5)"", ""ClimatePolicyID(6)""]","I’m broadly supportive of the package because it pushes the urgent shift away from fossil fuels while trying to protect people who’ll be hit hardest — I especially like accelerating renewables and the idea of fee‑and‑dividend if it truly returns money to households. I’m cautiously in favour of bans on new fossil licences and an earlier petrol‑car cutoff, plus strong rules for new homes, but only if rollout includes generous, targeted support for rural and low‑income families, real protections for wildlife and landscapes around wind sites, and tight transparency so international compensation actually reaches the people who need it."
7,C,peer_message,citizen,1450.0,,1923.0,direct,,climate_policy_package,"[""ClimatePolicyID(1)"", ""ClimatePolicyID(2)"", ""ClimatePolicyID(3)"", ""ClimatePolicyID(4)"", ""ClimatePolicyID(5)"", ""ClimatePolicyID(6)""]","I broadly back this package — I’m especially enthusiastic about rapidly expanding renewables, banning new fossil licences and requiring low‑carbon standards in new homes because they’re practical, deliver local jobs and protect nature. I’m more cautious about a 2030 petrol‑car ban, a carbon fee‑and‑dividend and overseas compensation: I support them in principle for fairness and public‑health reasons, but they'd need clear funding, strong safeguards, and well‑targeted support for rural and low‑income people (affordable used EVs, rural charging, better public transport and transparent delivery) to be fair."
7,C,peer_message,citizen,1450.0,,1244.0,direct,,climate_policy_package,"[""ClimatePolicyID(1)"", ""ClimatePolicyID(2)"", ""ClimatePolicyID(3)"", ""ClimatePolicyID(4)"", ""ClimatePolicyID(5)"", ""ClimatePolicyID(6)""]","I broadly back this package — I’m especially enthusiastic about rapidly expanding renewables, banning new fossil licences and requiring low‑carbon standards in new homes because they’re practical, deliver local jobs and protect nature. I’m more cautious about a 2030 petrol‑car ban, a carbon fee‑and‑dividend and overseas compensation: I support them in principle for fairness and public‑health reasons, but they'd need clear funding, strong safeguards, and well‑targeted support for rural and low‑income people (affordable used EVs, rural charging, better public transport and transparent delivery) to be fair."
7,C,peer_message,citizen,1450.0,,516.0,direct,,climate_policy_package,"[""ClimatePolicyID(1)"", ""ClimatePolicyID(2)"", ""ClimatePolicyID(3)"", ""ClimatePolicyID(4)"", ""ClimatePolicyID(5)"", ""ClimatePolicyID(6)""]","I broadly back this package — I’m especially enthusiastic about rapidly expanding renewables, banning new fossil licences and requiring low‑carbon standards in new homes because they’re practical, deliver local jobs and protect nature. I’m more cautious about a 2030 petrol‑car ban, a carbon fee‑and‑dividend and overseas compensation: I support them in principle for fairness and public‑health reasons, but they'd need clear funding, strong safeguards, and well‑targeted support for rural and low‑income people (affordable used EVs, rural charging, better public transport and transparent delivery) to be fair."
7,C,peer_message,citizen,579.0,,528.0,direct,,climate_policy_package,"[""ClimatePolicyID(1)"", ""ClimatePolicyID(2)"", ""ClimatePolicyID(3)"", ""ClimatePolicyID(4)"", ""ClimatePolicyID(5)"", ""ClimatePolicyID(6)""]","I broadly support the package’s goals — faster renewables, ending new fossil licences, accelerating zero‑emission cars, greener homes, a carbon fee‑and‑dividend and help for climate‑hit countries — because protecting nature and future generations matters. That said, I’d only back these policies if they’re phased and properly funded: genuine local consultation and benefit‑sharing for renewables, funded transition and retraining for fossil‑dependent communities, major grid and charging upgrades and targeted subsidies so poorer and rural households aren’t left worse off, plus transparent, accountable designs for revenue dividends and any international payments."
7,C,peer_message,citizen,579.0,,1540.0,direct,,climate_policy_package,"[""ClimatePolicyID(1)"", ""ClimatePolicyID(2)"", ""ClimatePolicyID(3)"", ""ClimatePolicyID(4)"", ""ClimatePolicyID(5)"", ""ClimatePolicyID(6)""]","I broadly support the package’s goals — faster renewables, ending new fossil licences, accelerating zero‑emission cars, greener homes, a carbon fee‑and‑dividend and help for climate‑hit countries — because protecting nature and future generations matters. That said, I’d only back these policies if they’re phased and properly funded: genuine local consultation and benefit‑sharing for renewables, funded transition and retraining for fossil‑dependent communities, major grid and charging upgrades and targeted subsidies so poorer and rural households aren’t left worse off, plus transparent, accountable designs for revenue dividends and any international payments."
7,C,peer_message,citizen,579.0,,1218.0,direct,,climate_policy_package,"[""ClimatePolicyID(1)"", ""ClimatePolicyID(2)"", ""ClimatePolicyID(3)"", ""ClimatePolicyID(4)"", ""ClimatePolicyID(5)"", ""ClimatePolicyID(6)""]","I broadly support the package’s goals — faster renewables, ending new fossil licences, accelerating zero‑emission cars, greener homes, a carbon fee‑and‑dividend and help for climate‑hit countries — because protecting nature and future generations matters. That said, I’d only back these policies if they’re phased and properly funded: genuine local consultation and benefit‑sharing for renewables, funded transition and retraining for fossil‑dependent communities, major grid and charging upgrades and targeted subsidies so poorer and rural households aren’t left worse off, plus transparent, accountable designs for revenue dividends and any international payments."
