model_label,provider,model,agent_id,bucket,day,policy_id,reasoning,raw_response,letter,numeric,latency_s,error
qwen3-8b,local,mlx-community/Qwen3-8B-4bit,69.0,B-only,1,ClimatePolicyID(1),"I would slightly support accelerating the roll-out of renewable energy production because I believe in protecting the environment and ensuring a sustainable future for all. However, I am cautious about the pace and cost of such projects, especially their impact on local communities and the economy, which aligns with my balanced and thoughtful approach to policy.",E,E,1,8.203432250011247,
qwen3-8b,local,mlx-community/Qwen3-8B-4bit,69.0,B-only,1,ClimatePolicyID(2),"I would be slightly in favor of banning new oil, gas, and coal licenses, but only with strong safeguards for existing industries and energy security. As someone who values environmental protection and long-term sustainability, I see the need to phase out fossil fuels to reduce emissions and combat climate change. However, I am also cautious about the economic impact on workers and communities in the energy sector, and I worry about the potential for energy insecurity if we move too quickly without a reliable alternative. Given my background and values, I would support such a ban only if it is part of a carefully managed transition that prioritizes both environmental goals and economic fairness.",E,E,1,16.989319292013533,
qwen3-8b,local,mlx-community/Qwen3-8B-4bit,69.0,B-only,1,ClimatePolicyID(3),"I would likely **oppose** the ban on new petrol car sales by 2030. As someone who values economic stability and personal choice, I’m concerned about the potential disruption to working families and the automotive industry, especially in regions like the East of England where manufacturing and related jobs are important. While I support environmental progress, I believe the transition to electric vehicles should be gradual and supported with proper infrastructure and incentives, rather than imposed through a strict deadline that could place an unfair burden on individuals and businesses.",**B. Somewhat oppose**,B,-2,15.405813625024166,
qwen3-8b,local,mlx-community/Qwen3-8B-4bit,69.0,B-only,1,ClimatePolicyID(4),"I would slightly support this policy because I believe in environmental protection and sustainable living, and I think promoting non-fossil fuel heating and solar panels is important for reducing carbon emissions. However, I am cautious about the potential costs and practicality for homeowners, especially those with limited resources, and I worry that strict mandates might place an unfair burden on some communities.",E,E,1,11.553599499980919,
qwen3-8b,local,mlx-community/Qwen3-8B-4bit,69.0,B-only,1,ClimatePolicyID(5),"I'm neutral on the carbon fee and dividend policy. On one hand, I support environmental protection and believe that reducing carbon emissions is essential, and a carbon tax could help incentivize cleaner energy use. However, I'm cautious about how the revenue is distributed, especially given my concerns about economic fairness and the potential burden on lower-income households. I also value balanced policy-making and am wary of policies that might feel too heavy-handed or disrupt existing industries without clear safeguards.",D. Neutral,D,0,14.148058833030518,
qwen3-8b,local,mlx-community/Qwen3-8B-4bit,69.0,B-only,1,ClimatePolicyID(6),"I would be somewhat neutral on compensating people in other countries impacted by climate change. On one hand, I strongly believe in global harmony and equal opportunity, and I care deeply about the well-being of people everywhere, especially those who are most vulnerable to climate impacts. On the other hand, I think responsibility for climate change should primarily rest with those who have contributed most to it, particularly developed nations, and I worry that compensation could create dependency or shift focus away from reducing emissions and supporting sustainable development.",**B. Somewhat oppose**,B,-2,15.051289124996401,
qwen3-8b,local,mlx-community/Qwen3-8B-4bit,69.0,B-only,2,ClimatePolicyID(1),"I would slightly support accelerating the roll-out of renewable energy production, as I believe in protecting the environment and ensuring a sustainable future for all. However, I am cautious about the pace and cost of such projects, particularly their impact on local communities and the economy, which aligns with my balanced and thoughtful approach to policy.",E,E,1,25.600372749962844,
qwen3-8b,local,mlx-community/Qwen3-8B-4bit,69.0,B-only,2,ClimatePolicyID(2),"I would be neutral on banning new oil, gas, and coal licenses, but I lean slightly toward supporting it. On one hand, I value environmental protection and long-term sustainability, and I believe we need to reduce reliance on fossil fuels to address climate change. However, I also care about economic stability and energy security, and I’m concerned about the impact on local jobs and industries, especially in the East of England where energy and manufacturing are important parts of the economy. I think a complete ban is too abrupt, but I’m open to phasing out fossil fuels over time while supporting workers and communities through transition programs.",E,E,1,16.535252750036307,
qwen3-8b,local,mlx-community/Qwen3-8B-4bit,69.0,B-only,2,ClimatePolicyID(3),"I would oppose the ban on new petrol car sales by 2030. As someone who values economic stability and personal choice, I’m concerned about the impact on working families and local jobs in the automotive industry. While I support environmental progress, I believe a gradual transition is more fair and practical, especially for those who may struggle with the upfront costs of electric vehicles.",B. Somewhat oppose,B,-2,12.45046016696142,
qwen3-8b,local,mlx-community/Qwen3-8B-4bit,69.0,B-only,2,ClimatePolicyID(4),"I would slightly support these policies because I care about environmental protection and sustainable living, and I believe that new housing should reflect modern, eco-friendly standards. However, I am cautious about the potential costs and practicality for homeowners and renters, especially those with limited resources, which makes me concerned about fairness and accessibility.",E,E,1,10.58229512500111,
qwen3-8b,local,mlx-community/Qwen3-8B-4bit,69.0,B-only,2,ClimatePolicyID(5),"I'm neutral on the carbon fee and dividend policy. On one hand, I support environmental protection and believe that putting a price on carbon is a fair way to reduce emissions, especially since fossil fuel companies have historically benefited from a system that doesn't fully account for the environmental damage they cause. However, I'm cautious about how the revenue is distributed, as I worry it could place an unfair burden on lower-income households unless carefully managed. I value economic fairness, so I’d want to ensure that the policy doesn’t disproportionately affect working families, which aligns with my concerns about the impact of green policies on everyday people.",D. Neutral,D,0,17.37476512498688,
qwen3-8b,local,mlx-community/Qwen3-8B-4bit,69.0,B-only,2,ClimatePolicyID(6),"I would likely **oppose** government policies that compensate people in other countries impacted by climate change. While I care about global harmony and equal opportunity, I believe responsibility for climate change should primarily rest with those who have contributed most to it, particularly developed nations like the UK. I think it's more just to focus on reducing emissions and supporting sustainable development rather than providing financial compensation, which could create dependency and shift focus away from addressing the root causes of climate change.",A. Strongly oppose,A,-3,14.00951179198455,
qwen3-8b,local,mlx-community/Qwen3-8B-4bit,69.0,B-only,3,ClimatePolicyID(1),"I would support accelerating the roll-out of renewable energy production, as I believe in protecting the environment and ensuring a sustainable future for all. However, I would also be cautious about the pace and cost of such projects, particularly if they place an unfair burden on working families or disrupt local communities. I value balanced progress, so I would want to ensure that renewable energy development is both environmentally responsible and economically fair.",E,E,1,33.48193412501132,
qwen3-8b,local,mlx-community/Qwen3-8B-4bit,69.0,B-only,3,ClimatePolicyID(2),"I would support a ban on new oil, gas, and coal licenses to align with my long-term environmental goals and the need to reduce carbon emissions. However, I am cautious about the economic impact on local jobs and energy security, which makes me wary of an abrupt phase-out without a clear plan for transition and support for affected communities. Given my neutral stance on fossil fuel bans, I would lean toward supporting such a policy if it is part of a broader, well-managed strategy that balances environmental responsibility with economic fairness.",E,E,1,14.722554875013884,
qwen3-8b,local,mlx-community/Qwen3-8B-4bit,69.0,B-only,3,ClimatePolicyID(3),"I would oppose the ban on new petrol car sales by 2030, as I value personal choice and economic stability for working families. While I support environmental progress, I believe a complete ban could place an unfair burden on households and local industries, especially when a gradual transition allows for more balanced and inclusive progress.",B. Somewhat oppose,B,-2,11.744834417011589,
qwen3-8b,local,mlx-community/Qwen3-8B-4bit,69.0,B-only,3,ClimatePolicyID(4),"I would slightly support this policy because I care about environmental protection and sustainable living, and I believe that new housing should reflect modern, eco-friendly standards. However, I would also be cautious about the potential costs and practicality for homeowners and builders, especially if it makes housing less affordable or less accessible to middle-income families like mine. I want to see policies that are both environmentally responsible and economically fair.",E,E,1,12.605646084004547,
qwen3-8b,local,mlx-community/Qwen3-8B-4bit,69.0,B-only,3,ClimatePolicyID(5),"I would support the carbon fee and dividend policy to some extent, as I believe in environmental responsibility and the need to reduce carbon emissions. However, I am cautious about the potential economic impact on lower-income households and the need to ensure the tax is structured fairly to avoid placing an unfair burden on working families. Given my background and values, I would prefer a well-designed policy that balances environmental goals with economic fairness.",E,E,1,12.749074916995596,
qwen3-8b,local,mlx-community/Qwen3-8B-4bit,69.0,B-only,3,ClimatePolicyID(6),"I would likely **oppose** government policies that compensate people in other countries impacted by climate change. While I care about global harmony and equal opportunity, I believe responsibility for climate change should primarily rest with those who have contributed most to it, particularly developed nations like the UK. I think it's more just to focus on reducing emissions and supporting sustainable development rather than providing financial compensation, which could create dependency and shift focus away from addressing the root causes of climate change.",A. Strongly oppose,A,-3,14.33999462495558,
qwen3-8b,local,mlx-community/Qwen3-8B-4bit,91.0,A-only,1,ClimatePolicyID(1),"I would **somewhat support** accelerating the roll-out of renewable energy production, particularly offshore and onshore wind parks, because I believe in responsible stewardship of the environment and long-term planning for future generations. However, I am cautious about the pace of change and its potential impact on traditional industries and economic stability, which I value as part of maintaining order and respecting established ways of life.",F,F,2,30.14191558404127,
qwen3-8b,local,mlx-community/Qwen3-8B-4bit,91.0,A-only,1,ClimatePolicyID(2),"I **somewhat support** the ban on new oil, gas, and coal licenses because I believe in treating all lifeforms on Earth with respect and avoiding harmful practices that could damage the environment in the long term. However, I am cautious about the potential economic impact on traditional industries and the need to maintain stability and responsible progress without disrupting established ways of life.",F,F,2,11.392840832995716,
qwen3-8b,local,mlx-community/Qwen3-8B-4bit,91.0,A-only,1,ClimatePolicyID(3),"I would **somewhat support** the ban on the sale of new petrol cars by 2030. While I value tradition and am cautious about rapid change, I recognize the long-term benefits of reducing carbon emissions and protecting the environment for future generations. I believe it is important to balance progress with responsibility, and I see this policy as a necessary step toward a more sustainable future without compromising the values I hold dear.",F,F,2,12.823505999986082,
qwen3-8b,local,mlx-community/Qwen3-8B-4bit,91.0,A-only,1,ClimatePolicyID(4),"I would **somewhat support** the policy of mandating non-fossil fuel heating, rooftop solar panels, and high insulation in new housing. I value equal opportunity and fair treatment of all, and I see these measures as a way to reduce energy costs and improve living conditions, especially for vulnerable groups. However, I am cautious about imposing strict new standards that might disrupt traditional building practices or place an undue burden on existing industries, which I respect as part of Scotland’s heritage and economic stability.",F,F,2,14.039580499986187,
qwen3-8b,local,mlx-community/Qwen3-8B-4bit,91.0,A-only,1,ClimatePolicyID(5),"I **somewhat support** the carbon fee and dividend policy. I believe in fair treatment of all citizens and see the carbon tax as a way to address environmental harm while ensuring the public benefits directly, which aligns with my values of equal opportunity. However, I am cautious about how it might affect traditional industries and economic stability, and I would want to ensure it doesn’t disrupt the way of life I value.",F,F,2,12.589541458000895,
qwen3-8b,local,mlx-community/Qwen3-8B-4bit,91.0,A-only,1,ClimatePolicyID(6),"I would **somewhat support** compensating people in other countries impacted by climate change, as I strongly believe in equal opportunity and fairness for all groups. However, I am cautious about how such policies are framed, as I value tradition and stable systems that benefit everyone without unintended consequences. I would want to ensure that any compensation is clearly defined, fair, and does not disrupt my own country's economic stability or traditional ways of life.",E,E,1,13.113986084004864,
qwen3-8b,local,mlx-community/Qwen3-8B-4bit,91.0,A-only,2,ClimatePolicyID(1),"I would **somewhat support** accelerating the roll-out of renewable energy production, particularly offshore and onshore wind parks. I see it as a responsible way to move away from fossil fuels while still respecting traditional industries and maintaining economic stability. However, I remain cautious about the pace of change and its potential impact on existing jobs and local communities, which I value as part of our established way of life.",F,F,2,26.14878091600258,
qwen3-8b,local,mlx-community/Qwen3-8B-4bit,91.0,A-only,2,ClimatePolicyID(2),"I **somewhat support** the ban on new oil, gas, and coal licenses because I believe in treating all lifeforms on Earth with respect and avoiding actions that could harm the environment in the long term. However, I am cautious about abrupt changes that might disrupt existing industries or economic stability, which I value as part of our traditional way of life.",F,F,2,11.25225204101298,
qwen3-8b,local,mlx-community/Qwen3-8B-4bit,91.0,A-only,2,ClimatePolicyID(3),"I would **somewhat support** the ban on the sale of new petrol cars by 2030. I recognize the long-term environmental benefits and the need to reduce carbon emissions, which aligns with my belief in responsible stewardship and equal opportunity for future generations. However, I remain cautious about the pace of change and its potential impact on traditional industries and personal success, which I value highly.",F,F,2,12.982588417013176,
qwen3-8b,local,mlx-community/Qwen3-8B-4bit,91.0,A-only,2,ClimatePolicyID(4),"I would **somewhat support** the policy that mandates non-fossil fuel heating, rooftop solar panels, and high insulation in new housing. I value equal opportunity and fair treatment of all, and I see these policies as a way to ensure a more sustainable future for everyone, without compromising on quality or tradition. However, I remain cautious about the potential disruption to existing industries and the need to balance progress with the stability of traditional ways of life.",F,F,2,13.773599374981131,
qwen3-8b,local,mlx-community/Qwen3-8B-4bit,91.0,A-only,2,ClimatePolicyID(5),"I would **somewhat support** the carbon tax and dividend policy. I support it because it aligns with my belief in equal opportunity and fair treatment of all citizens, and I think it's a way to address environmental concerns without unfairly burdening low-income households. However, I am cautious about how it might disrupt existing economic structures and traditional ways of life, which I value highly.",F,F,2,12.318865833047312,
qwen3-8b,local,mlx-community/Qwen3-8B-4bit,91.0,A-only,2,ClimatePolicyID(6),"I would **somewhat support** compensating people in other countries impacted by climate change, as I strongly believe in equal opportunity and the moral responsibility of developed nations to address global inequalities. However, I remain cautious about how such policies are framed, as I value tradition, stability, and clear systems that benefit everyone without unintended consequences.",F,F,2,10.880115874984767,
qwen3-8b,local,mlx-community/Qwen3-8B-4bit,91.0,A-only,3,ClimatePolicyID(1),"I would **somewhat support** accelerating the roll-out of renewable energy production, particularly offshore and onshore wind parks, because I see it as a responsible way to move away from fossil fuels while still respecting traditional industries and stable systems. I value the long-term benefits of cleaner air and energy independence, and I believe in equal opportunity for all groups to succeed in a sustainable future. However, I remain cautious about the pace of change and its potential to disrupt existing economic structures, which I see as part of our established way of life.",F,F,2,35.320967583043966,
qwen3-8b,local,mlx-community/Qwen3-8B-4bit,91.0,A-only,3,ClimatePolicyID(2),"I **somewhat support** the ban on new oil, gas, and coal licenses because I believe in treating all lifeforms on Earth with respect and avoiding actions that could harm the environment in the long term. However, I am cautious about abrupt changes that might disrupt traditional industries and economic stability, which I value highly.",F,F,2,10.874245792045258,
qwen3-8b,local,mlx-community/Qwen3-8B-4bit,91.0,A-only,3,ClimatePolicyID(3),"I would **somewhat support** the ban on the sale of new petrol cars by 2030. On one hand, I recognize the long-term environmental benefits and the need to reduce carbon emissions, which aligns with my values of fairness and respecting all lifeforms. I also appreciate the push for clearer timelines and the emphasis on transitioning to reliable, scalable technologies like heat pumps. However, I remain cautious about the speed of change and its potential impact on traditional industries and economic stability, which I value highly.",F,F,2,15.223221499996725,
qwen3-8b,local,mlx-community/Qwen3-8B-4bit,91.0,A-only,3,ClimatePolicyID(4),"I would **somewhat support** the policy of mandating non-fossil fuel heating, rooftop solar panels, and high insulation in new housing. I value equal opportunity and fair treatment of all, and I see these policies as a way to ensure a more sustainable future for everyone without compromising on quality or tradition. However, I remain cautious about the potential economic impact on traditional industries and the need to balance progress with the stability of established ways of life.",F,F,2,13.533386500028428,
qwen3-8b,local,mlx-community/Qwen3-8B-4bit,91.0,A-only,3,ClimatePolicyID(5),"I would **somewhat support** the carbon tax and dividend policy. I see it as a way to address environmental concerns while ensuring fairness, as it distributes the burden across the public and avoids disproportionately impacting lower-income groups. However, I remain cautious about how it might disrupt traditional industries and economic stability, which I value highly.",F,F,2,10.865873417002149,
qwen3-8b,local,mlx-community/Qwen3-8B-4bit,91.0,A-only,3,ClimatePolicyID(6),"I would **somewhat support** compensating people in other countries impacted by climate change. On one hand, I believe in equal opportunity and fair treatment of all groups, and I see it as a moral obligation for developed nations to help those most affected by climate change, especially when the emissions from developed countries have contributed to the crisis. However, I remain cautious about how such policies might be framed or implemented, as I value stability and traditional ways of thinking, and I want to ensure that such policies do not disrupt existing systems or place an undue burden on my own country without clear, measurable benefits.",F,F,2,16.715096790983807,
qwen3-8b,local,mlx-community/Qwen3-8B-4bit,165.0,B-only,1,ClimatePolicyID(1),"I would support accelerating the roll-out of renewable energy production because I believe in balancing human progress with environmental respect, and I care about the long-term sustainability of resources for future generations. However, I would also be cautious about the costs and practicality of such projects, especially given my concerns about economic stability and the potential for public funds to be drained by subsidies. I value both environmental responsibility and economic fairness, so I’d want to ensure that renewable energy development is done in a way that doesn’t burden working families or disrupt local communities.",E,E,1,32.53166995802894,
qwen3-8b,local,mlx-community/Qwen3-8B-4bit,165.0,B-only,1,ClimatePolicyID(2),"I'm neutral on banning new oil, gas, and coal licenses, but I lean slightly toward supporting it. On one hand, I value economic stability and worry that opening up new licenses could harm local jobs and increase energy costs, especially with the current cost-of-living crisis. On the other hand, I believe in balancing progress with environmental responsibility, and I think stopping new licenses is a step toward reducing harmful emissions without forcing abrupt changes on everyday people. I’m not against it outright, but I’d want to ensure it doesn’t disrupt livelihoods or unfairly burden working families.",E,E,1,15.54098474996863,
qwen3-8b,local,mlx-community/Qwen3-8B-4bit,165.0,B-only,1,ClimatePolicyID(3),"I'm neutral on the ban of new petrol cars by 2030. On one hand, I understand the environmental benefits and the push for cleaner energy, which aligns with my general respect for balancing progress with nature. However, I'm cautious about abrupt changes that could disrupt everyday life, especially for working families like mine, and I worry about the practicality and cost of transitioning to electric vehicles without clear, accessible alternatives.",D,D,0,12.899625791993458,
qwen3-8b,local,mlx-community/Qwen3-8B-4bit,165.0,B-only,1,ClimatePolicyID(4),"I would slightly support this policy because I believe in balancing environmental respect with practicality, and I recognize the long-term benefits of reducing carbon emissions through sustainable housing. However, I am cautious about the potential costs and complexity for homeowners, especially working families, and I worry that mandates might lead to higher upfront expenses without clear long-term savings or government support.",E,E,1,11.489331124990713,
qwen3-8b,local,mlx-community/Qwen3-8B-4bit,165.0,B-only,1,ClimatePolicyID(5),"I would slightly support the carbon tax and dividend policy because I believe in fairness and equal opportunity, and I think using tax revenue to benefit the public aligns with my values. However, I am cautious about government overreach and the potential for increased costs on everyday families, which makes me hesitant.",E,E,1,10.090058333007619,
qwen3-8b,local,mlx-community/Qwen3-8B-4bit,165.0,B-only,1,ClimatePolicyID(6),"I would slightly support compensating people in other countries impacted by climate change, as I believe in fairness and equal opportunity for all groups. However, I am concerned about the fairness of sending money abroad when British households are struggling with the cost-of-living crisis, which makes me cautious about how such policies are funded and implemented.",E,E,1,11.130346167017706,
qwen3-8b,local,mlx-community/Qwen3-8B-4bit,165.0,B-only,2,ClimatePolicyID(1),"I would support accelerating the roll-out of renewable energy production, but only to a limited extent. I do believe in balancing human progress with environmental respect, and I care about the long-term sustainability of the planet, especially for future generations. However, I am also concerned about the economic impact of large-scale renewable projects, particularly on households already struggling with energy costs. I don’t want to see more subsidies that drain public funds or disrupt local economies, but I do think it’s important to reduce reliance on imported gas and move toward more homegrown energy solutions.",E,E,1,29.32294024998555,
qwen3-8b,local,mlx-community/Qwen3-8B-4bit,165.0,B-only,2,ClimatePolicyID(2),"I'm neutral on banning new oil, gas, and coal licenses. On one hand, I value economic stability and the jobs these industries provide, especially in regions like the South West where they might be a significant part of the local economy. On the other hand, I do care about the environment and believe in balancing progress with sustainability, so I can see the argument for protecting natural resources and reducing harmful emissions. I think a balanced approach that considers both economic and environmental impacts would be more aligned with my values of fairness and practicality.",D,D,0,14.860396875010338,
qwen3-8b,local,mlx-community/Qwen3-8B-4bit,165.0,B-only,2,ClimatePolicyID(3),"I'm neutral on banning the sale of new petrol cars by 2030. On one hand, I understand the environmental benefits of reducing fossil fuel dependence and the long-term goal of cleaner air and less reliance on imported oil, which aligns with my general respect for sustainability. However, I'm cautious about abrupt changes that could disrupt daily life, especially for working families like mine, and I worry about the cost and availability of viable alternatives, which makes me hesitant to fully support such a policy.",D,D,0,14.746805583010428,
qwen3-8b,local,mlx-community/Qwen3-8B-4bit,165.0,B-only,2,ClimatePolicyID(4),"I would slightly support this policy, but with reservations. On one hand, I value environmental balance and believe in reducing reliance on fossil fuels, which aligns with my general concern for sustainability and the long-term well-being of future generations. However, I am also mindful of the potential costs and practical challenges for homeowners, especially working families with limited budgets, and I worry that such mandates could lead to hidden expenses or reduce affordability without clear benefits.",E,E,1,13.352808833005838,
qwen3-8b,local,mlx-community/Qwen3-8B-4bit,165.0,B-only,2,ClimatePolicyID(5),"I would slightly support the carbon fee and dividend policy because I believe in fairness and equal opportunity, and distributing tax revenues directly to the public aligns with my values of supporting society as a whole. However, I remain cautious due to my skepticism of government overreach and concerns about how such policies might affect everyday working families, especially with the current cost-of-living crisis.",E,E,1,12.341609166993294,
qwen3-8b,local,mlx-community/Qwen3-8B-4bit,165.0,B-only,2,ClimatePolicyID(6),"I would slightly support compensating people in other countries impacted by climate change, but with reservations. On one hand, I believe in fairness and that those who have contributed less to the climate crisis should not bear the brunt of its effects, and I think it's important to show solidarity with vulnerable communities. On the other hand, I'm cautious about how such policies are funded and whether they might place an unfair burden on British households, especially with my own concerns about the cost-of-living crisis and the need for practical, fair solutions.",E,E,1,15.516153250006028,
qwen3-8b,local,mlx-community/Qwen3-8B-4bit,165.0,B-only,3,ClimatePolicyID(1),"I would support accelerating the roll-out of renewable energy production, but only to a limited extent. I do believe in balancing human progress with environmental respect, and I recognize the long-term benefits of reducing reliance on fossil fuels. However, I am cautious about policies that could disrupt everyday life or place an unfair burden on working families, especially given my concerns about economic stability and the practical challenges of transitioning to renewables. I also value gradual change and am wary of policies that feel too ambitious or unrealistic without clear, accessible alternatives.",E,E,1,34.05958937504329,
qwen3-8b,local,mlx-community/Qwen3-8B-4bit,165.0,B-only,3,ClimatePolicyID(2),"I would be neutral on the policy to ban new oil, gas, and coal licenses. On one hand, I value environmental responsibility and believe in balancing human progress with nature, which makes me sympathetic to the idea of reducing fossil fuel dependence. However, I also care about economic stability and the livelihoods of workers in these industries, especially in regions like the South West where such jobs are important. I think a complete ban might be too abrupt and could harm local economies without clear plans for transition, which makes me cautious about fully supporting it.",D,D,0,15.344643332995474,
qwen3-8b,local,mlx-community/Qwen3-8B-4bit,165.0,B-only,3,ClimatePolicyID(3),"I would likely oppose the ban on new petrol cars by 2030. As someone who values practicality and gradual change, I’m wary of abrupt policies that could disrupt daily life without clear, accessible alternatives. While I understand the environmental rationale, I’m more concerned about the real-world impact on working families and the potential for hidden costs, which aligns with my skepticism of government overreach and my focus on economic fairness.",B. Somewhat oppose,B,-2,13.467954125022516,
qwen3-8b,local,mlx-community/Qwen3-8B-4bit,165.0,B-only,3,ClimatePolicyID(4),"I would slightly support this policy, but with reservations. On one hand, I value environmental balance and believe in reducing reliance on fossil fuels, especially since I care about the long-term health of the planet and the well-being of future generations. However, I am also concerned about the potential costs and practicality for homeowners, especially working families like mine, and I worry that mandates could lead to higher housing prices or hidden expenses that aren't fully accounted for in the policy design.",E,E,1,14.528639833035413,
qwen3-8b,local,mlx-community/Qwen3-8B-4bit,165.0,B-only,3,ClimatePolicyID(5),"I would slightly support the carbon fee and dividend policy because I believe in fairness and equal opportunity, and I think distributing the revenue directly to the public could help offset the costs of higher energy prices for working families. However, I remain cautious due to my skepticism of government overreach and my concern that such a policy might be too complex or burdensome to implement effectively without unintended consequences.",E,E,1,12.267643500003032,
qwen3-8b,local,mlx-community/Qwen3-8B-4bit,165.0,B-only,3,ClimatePolicyID(6),"I would slightly support compensating people in other countries impacted by climate change, as it aligns with my belief in fairness and equal opportunity. However, I am cautious about how such policies are funded, especially if it means higher costs for British households, which I care about due to my own financial situation and values of practicality and fairness.",E,E,1,11.478104458015878,
qwen3-8b,local,mlx-community/Qwen3-8B-4bit,166.0,A-only,1,ClimatePolicyID(1),"I **strongly support** policies that accelerate the roll-out of renewable energy production, like more offshore and onshore wind parks. As someone who lives in Wales and has seen the effects of climate change firsthand, I believe investing in renewables is not just about saving the planet, but also about long-term economic stability and fairness. I trust that government action, especially from a left-wing party like Labour, can push for progress that benefits everyone, not just the wealthy.",G,G,3,33.594497165991925,
qwen3-8b,local,mlx-community/Qwen3-8B-4bit,166.0,A-only,1,ClimatePolicyID(2),"I **strongly support** government policies that ban new oil, gas, and coal licenses. As someone who values equality and the well-being of all life on Earth, I believe that continuing to exploit fossil fuels perpetuates environmental harm and social inequality. I reject the idea that any group should dominate the planet, and I trust that society can progress by prioritizing sustainable, equitable solutions over short-term economic gains.",G,G,3,12.134882584039588,
qwen3-8b,local,mlx-community/Qwen3-8B-4bit,166.0,A-only,1,ClimatePolicyID(3),"I **slightly support** the ban on new petrol cars by 2030, mainly because I believe it’s a necessary step toward reducing environmental harm and moving society toward a more sustainable future. However, I’m cautious about how it’s implemented, especially in rural Wales where access to charging infrastructure is limited, and I worry it could place an unfair burden on lower-income households who may struggle to afford the switch.",E,E,1,15.476164041960146,
qwen3-8b,local,mlx-community/Qwen3-8B-4bit,166.0,A-only,1,ClimatePolicyID(4),"I would **slightly support** the policy of mandating non-fossil fuel heating systems, rooftop solar panels, and high-level insulation in new housing developments. I believe these measures are a step toward a more sustainable future and align with my values of fairness and environmental protection. However, I am cautious about the potential costs and practicality, especially for lower-income households like mine, and I worry that without proper support, such policies could place an unfair burden on people already struggling to make ends meet.",E,E,1,16.720243000017945,
qwen3-8b,local,mlx-community/Qwen3-8B-4bit,166.0,A-only,1,ClimatePolicyID(5),"I'm neutral to slightly supportive of a carbon tax and dividend policy, but I'm cautious. On one hand, I agree that it could help reduce fossil fuel use and generate revenue for public good, which aligns with my left-wing values and belief in equal opportunity. However, I'm worried about how it might affect lower-income households like mine, especially if it's not properly structured to protect those who can't afford higher energy costs. I think it could work if it's designed to be fair and include safeguards for people living on limited incomes.",E,E,1,17.783650291035883,
qwen3-8b,local,mlx-community/Qwen3-8B-4bit,166.0,A-only,1,ClimatePolicyID(6),"I **slightly support** government policies that compensate people in other countries impacted by climate change. I believe it's important to acknowledge the harm caused by industrialized nations and to address the disproportionate impact on vulnerable communities. However, I'm cautious about how such policies are structured to ensure they don't unfairly burden lower-income households in my own country.",E,E,1,12.876254000002518,
qwen3-8b,local,mlx-community/Qwen3-8B-4bit,166.0,A-only,2,ClimatePolicyID(1),"I **strongly support** government policies that accelerate the roll-out of renewable energy production, like more offshore and onshore wind parks. As someone who values fairness and the well-being of all life on Earth, I see renewable energy as a way to reduce harm to the environment and ensure that future generations aren’t left with the mess of fossil fuels. I also trust that government action, when guided by long-term thinking and fairness, can help move society toward a more just and balanced relationship with nature — especially when it’s done in a way that benefits lower-income communities like mine.",G.,G,3,33.10854091600049,
qwen3-8b,local,mlx-community/Qwen3-8B-4bit,166.0,A-only,2,ClimatePolicyID(2),"I **strongly support** government policies that ban new oil, gas, and coal licenses. As someone who values equality and the well-being of all life on Earth, I believe that continuing to exploit fossil fuels perpetuates environmental harm and social inequality. I reject the idea that any group should dominate the planet, and I trust that society can progress by prioritizing sustainable, equitable solutions over short-term economic gains.",G.,G,3,14.097047041985206,
qwen3-8b,local,mlx-community/Qwen3-8B-4bit,166.0,A-only,2,ClimatePolicyID(3),"I **slightly support** the ban on new petrol cars by 2030, mainly because I believe in reducing harm to the environment and promoting a more sustainable future for all life on Earth. However, I am cautious about the potential costs and implementation challenges, especially for lower-income households like mine, and I worry that such policies might be too rigid or poorly funded to be truly effective.",E,E,1,13.52738300000783,
qwen3-8b,local,mlx-community/Qwen3-8B-4bit,166.0,A-only,2,ClimatePolicyID(4),"I would **slightly support** the policy that mandates non-fossil fuel heating systems, rooftop solar panels, and high-level insulation in new housing developments. I believe these measures are a step toward a more sustainable future and align with my values of fairness and environmental responsibility. However, I am cautious about the potential costs and practicality, especially for lower-income households like mine, and I worry that without proper support, such policies could place an unfair burden on people already struggling to make ends meet.",E,E,1,15.451565625029616,
qwen3-8b,local,mlx-community/Qwen3-8B-4bit,166.0,A-only,2,ClimatePolicyID(5),"I'm slightly in favor of the carbon tax and dividend policy. I support it because it aligns with my belief in fairness and equal opportunity, and I think it could help reduce emissions while providing direct financial support to people like me who are on lower incomes. However, I'm cautious because I'm worried about how it might be implemented — if it's not carefully structured, it could place an unfair burden on those already struggling to make ends meet.",E,E,1,14.280927749990951,
qwen3-8b,local,mlx-community/Qwen3-8B-4bit,166.0,A-only,2,ClimatePolicyID(6),"I **slightly support** government policies that compensate people in other countries impacted by climate change. I believe it’s important to acknowledge responsibility and ensure that those least responsible for climate change don’t bear the brunt of the damage. However, I’m cautious about how such policies are funded and implemented, especially given my own limited income and concerns about how new taxes or spending could affect lower-income households.",E,E,1,12.500396792020183,
qwen3-8b,local,mlx-community/Qwen3-8B-4bit,166.0,A-only,3,ClimatePolicyID(1),"I **strongly support** government policies that accelerate the roll-out of renewable energy production, like more offshore and onshore wind parks. As someone who values fairness and the well-being of all life on Earth, I see renewable energy as a way to reduce harm to the environment and ensure a more sustainable future for everyone. I also trust that progress should be driven by questioning authority and seeking solutions that benefit the greater good, not just the powerful few.",G.,G,3,32.93246912502218,
qwen3-8b,local,mlx-community/Qwen3-8B-4bit,166.0,A-only,3,ClimatePolicyID(2),"I **strongly support** government policies that ban new oil, gas, and coal licenses. As someone who values equality and the well-being of all life on Earth, I believe that continuing to exploit fossil fuels perpetuates environmental harm and social inequality. I reject the idea that any group should dominate the planet, and I trust that society can progress by prioritizing sustainable, equitable solutions over short-term economic gains.",G.,G,3,12.321750374976546,
qwen3-8b,local,mlx-community/Qwen3-8B-4bit,166.0,A-only,3,ClimatePolicyID(3),"I **slightly support** the ban on the sale of new petrol cars by 2030. I believe it’s a necessary step toward reducing environmental harm and moving society toward a more sustainable future, which aligns with my values of fairness and equal treatment of all life on Earth. However, I remain cautious about the potential economic impact on lower-income households like mine, and I worry that without proper investment in rural charging infrastructure, the policy could leave some communities behind.",E,E,1,14.430021333973855,
qwen3-8b,local,mlx-community/Qwen3-8B-4bit,166.0,A-only,3,ClimatePolicyID(4),"I **slightly support** the policy that mandates non-fossil fuel heating systems, rooftop solar panels, and high-level insulation in new housing developments. I believe these measures are a step toward a more sustainable future and align with my values of fairness and environmental responsibility. However, I am cautious about the potential costs and implementation challenges, especially for lower-income households like mine, and I worry that without proper support, such policies could place an unfair burden on people already struggling to make ends meet.",E,E,1,14.175417249964084,
qwen3-8b,local,mlx-community/Qwen3-8B-4bit,166.0,A-only,3,ClimatePolicyID(5),"I'm slightly in favor of a carbon tax with dividend because it could help reduce emissions and give people money back, which aligns with my belief in fairness and equal opportunity. However, I'm worried it might hurt lower-income households if not carefully managed, and I'm not fully convinced it's the best way to fund green energy and support workers transitioning from fossil fuels.",E,E,1,12.08731254201848,
qwen3-8b,local,mlx-community/Qwen3-8B-4bit,166.0,A-only,3,ClimatePolicyID(6),"I **strongly support** government policies that compensate people in other countries impacted by climate change. As someone who believes in global equality and the equal treatment of all life, I think it’s morally right that those who have contributed the least to the climate crisis shouldn’t bear the brunt of its effects. I also see it as a way to address the unfairness of how climate impacts are distributed, especially in poorer nations where people are more vulnerable.",E,E,1,13.456323541991878,
qwen3-8b,local,mlx-community/Qwen3-8B-4bit,238.0,B-only,1,ClimatePolicyID(1),"I would **somewhat support** policies that accelerate the roll-out of renewable energy production, like more offshore and onshore wind parks. I believe in reducing our environmental impact and ensuring a sustainable future, even if it’s not my top priority. However, I’m cautious about how quickly this is done, especially if it leads to economic disruption or higher costs for households. I value economic stability and practicality, so I’d want to ensure the transition is managed carefully and doesn’t unfairly burden working families.",F,F,2,31.949997125018854,
qwen3-8b,local,mlx-community/Qwen3-8B-4bit,238.0,B-only,1,ClimatePolicyID(2),"I would **somewhat support** government policies that ban new oil, gas, and coal licenses, but with reservations. On one hand, I value economic stability and job security, and I’m concerned that over-reliance on fossil fuels could limit long-term economic flexibility, especially in a global market where energy is shifting toward renewables. However, I also recognize the importance of maintaining energy independence and the need for a gradual transition, not an abrupt ban, to avoid disrupting industries and livelihoods in Scotland.",F,F,2,14.144457041984424,
qwen3-8b,local,mlx-community/Qwen3-8B-4bit,238.0,B-only,1,ClimatePolicyID(3),"I would **strongly oppose** a ban on the sale of new petrol cars by 2030. As someone who values practicality and respects established systems, I believe such a policy imposes unnecessary and disruptive changes on individuals and businesses without sufficient time or support for a smooth transition. I also value the freedom of choice and believe the market, rather than government mandate, should drive innovation in the automotive industry.",A. Strongly oppose,A,-3,12.838921000016853,
qwen3-8b,local,mlx-community/Qwen3-8B-4bit,238.0,B-only,1,ClimatePolicyID(4),"I **somewhat support** government policies that mandate non-fossil fuel heating systems, rooftop solar panels, and high levels of insulation in new housing developments. While I don’t actively champion environmental causes, I do believe in reducing harm to the planet and promoting sustainability as a responsible approach to ensuring a livable future for all. However, I am cautious about the potential costs and disruptions these mandates could cause for homeowners and builders, and I worry that poorly implemented policies might place an unfair burden on working families.",F,F,2,14.542278291017283,
qwen3-8b,local,mlx-community/Qwen3-8B-4bit,238.0,B-only,1,ClimatePolicyID(5),"I would be neutral on a carbon tax with revenue distributed to the public. On one hand, I support equal opportunity and believe in fair treatment for all, so the idea of compensating people for the costs of reducing emissions aligns with my values. However, I am cautious about government intervention in the economy and worry that such a policy could disproportionately affect lower-income households if not carefully managed. I also value economic stability and am concerned that a carbon tax might lead to higher energy prices, which could be seen as an unnecessary burden on working families.",D,D,0,15.212444917007815,
qwen3-8b,local,mlx-community/Qwen3-8B-4bit,238.0,B-only,1,ClimatePolicyID(6),"I would slightly oppose government policies that compensate people in other countries impacted by climate change. As a right-wing voter who values economic responsibility and equal opportunity, I believe developed nations like the UK have a duty to reduce emissions and support sustainable development, rather than compensate for past harms. While I support fairness, I see climate compensation as potentially reinforcing a sense of guilt or charity, which I think undermines the need for global action and responsibility.",B.,B,-2,12.95269820804242,
qwen3-8b,local,mlx-community/Qwen3-8B-4bit,238.0,B-only,2,ClimatePolicyID(1),"I would **somewhat support** policies that accelerate the roll-out of renewable energy production, like more offshore and onshore wind parks. While I don’t prioritize environmental issues above all else, I do recognize the long-term value of reducing reliance on fossil fuels and moving toward a more sustainable energy future. However, I remain cautious about the pace and cost of such transitions, especially if they disrupt existing industries or place an unfair burden on households without clear economic benefits.",F,F,2,27.252592124976218,
qwen3-8b,local,mlx-community/Qwen3-8B-4bit,238.0,B-only,2,ClimatePolicyID(2),"I would **strongly oppose** government policies that ban new oil, gas, or coal licenses. As someone who values economic stability and jobs, I see these resources as vital to maintaining industries in Scotland and supporting livelihoods. While I respect environmental concerns, I don’t believe we need to completely cut off access to these resources, especially when alternatives aren’t yet fully developed or economically viable. I prefer a gradual transition that balances environmental goals with the practical needs of working families and the economy.",A. Strongly oppose,A,-3,14.624639834044501,
qwen3-8b,local,mlx-community/Qwen3-8B-4bit,238.0,B-only,2,ClimatePolicyID(3),"I strongly oppose the ban on the sale of new petrol cars by 2030. As someone who values practicality and respects established systems, I believe such a policy imposes unnecessary and disruptive changes on individuals and businesses without sufficient time or support for a smooth transition. I also value the freedom of choice and believe that the market, rather than government mandate, should drive innovation and adaptation in the automotive industry.",A. Strongly oppose,A,-3,13.017959000018891,
qwen3-8b,local,mlx-community/Qwen3-8B-4bit,238.0,B-only,2,ClimatePolicyID(4),"I would **somewhat support** this policy. While I am not an active environmental advocate, I do believe in reducing harm to the planet and promoting sustainability as a responsible approach to ensuring a livable future for all. I support these mandates because they align with a broader goal of reducing emissions and energy dependence, even if I am cautious about the costs and disruptions they may cause for homeowners and builders. However, I am also aware that such policies can be expensive and disruptive, and I would want to ensure they are implemented in a way that doesn’t unfairly burden working families.",F,F,2,16.110226041986607,
qwen3-8b,local,mlx-community/Qwen3-8B-4bit,238.0,B-only,2,ClimatePolicyID(5),"I would likely **somewhat support** a carbon tax with revenue distributed to the public, but with caution. On one hand, I value equal opportunity and fairness, and I believe that putting a price on carbon could encourage industries to reduce emissions in a way that aligns with my long-term view that we should move away from fossil fuels. However, I am wary of government intervention in the economy and concerned that such a policy could disproportionately affect lower-income households if not carefully managed. I also prefer market-based solutions and am skeptical of policies that feel too much like a form of ""charity"" or guilt-driven compensation.",F,F,2,16.92382737499429,
qwen3-8b,local,mlx-community/Qwen3-8B-4bit,238.0,B-only,2,ClimatePolicyID(6),"I would **somewhat oppose** government policies that compensate people in other countries impacted by climate change. While I believe all lifeforms should be treated equally, I think developed nations like the UK have a greater responsibility to reduce emissions and support sustainable development rather than compensate for past harms. I also worry that such policies might be seen as a form of guilt-driven charity rather than a proactive effort to address the root causes of climate change.",B,B,-2,13.26700950000668,
qwen3-8b,local,mlx-community/Qwen3-8B-4bit,238.0,B-only,3,ClimatePolicyID(1),"I would **somewhat support** policies that accelerate the roll-out of renewable energy production, particularly offshore and onshore wind, because I believe in reducing our environmental impact and ensuring a sustainable future. However, I am cautious about the pace and funding of such projects, as I am concerned that they could disrupt local economies and increase energy costs for households, which I value as a key part of economic stability. I also think the transition should be gradual to avoid placing undue burdens on working families and businesses.",F,F,2,35.535571874992456,
qwen3-8b,local,mlx-community/Qwen3-8B-4bit,238.0,B-only,3,ClimatePolicyID(2),"I would **somewhat support** government policies that ban new oil, gas, and coal licenses, but with reservations. On one hand, I value economic stability and believe that energy resources are vital to maintaining jobs and supporting industries in Scotland, which makes me wary of policies that could disrupt the economy or shift production elsewhere. However, I also recognize the long-term environmental costs of relying on fossil fuels and the need to move toward sustainable energy sources, even if the transition should be gradual and economically balanced. Given my concerns about the economic impact of climate policies, I would support such a ban only if it was part of a broader, carefully managed strategy that doesn’t harm jobs or energy security.",F,F,2,19.801828458963428,
qwen3-8b,local,mlx-community/Qwen3-8B-4bit,238.0,B-only,3,ClimatePolicyID(3),"I strongly oppose the ban on the sale of new petrol cars by 2030. As someone who values economic stability and practicality, I believe such a policy imposes unnecessary and disruptive changes on individuals and businesses without sufficient time or support for a smooth transition. I also value the freedom of choice and believe that the market, rather than government mandate, should drive innovation and adaptation in the automotive industry. While I recognize the environmental benefits of transitioning to electric vehicles, I am concerned that the policy could disproportionately affect lower-income households and small businesses without adequate support or infrastructure in place.",A. Strongly oppose,A,-3,16.565915665996727,
qwen3-8b,local,mlx-community/Qwen3-8B-4bit,238.0,B-only,3,ClimatePolicyID(4),"I would **somewhat support** this policy. While I am not an active environmental advocate, I do believe in reducing harm to the planet and promoting sustainability as part of responsible development. The mandates for non-fossil fuel heating, solar panels, and high insulation align with my broader values of equal opportunity and long-term responsibility, even if I don’t prioritize environmental issues above all else. However, I am cautious about the cost and practicality for homeowners and builders, and I would prefer policies that are realistic and not overly burdensome on individuals and businesses.",F,F,2,15.623061874997802,
qwen3-8b,local,mlx-community/Qwen3-8B-4bit,238.0,B-only,3,ClimatePolicyID(5),"I would **somewhat support** a carbon tax with revenue distributed to the public, but with caution. On one hand, I value equal opportunity and fairness, and I see the potential for such a policy to reduce emissions while providing direct financial support to households, which aligns with my belief in equalizing conditions. However, I am wary of government overreach and the potential for unintended economic consequences, especially for lower-income families, and I prefer market-driven solutions where possible.",F,F,2,13.928487374971155,
qwen3-8b,local,mlx-community/Qwen3-8B-4bit,238.0,B-only,3,ClimatePolicyID(6),"I would likely **slightly oppose** government policies that compensate people in other countries impacted by climate change. While I believe all lifeforms should be treated equally, I think responsibility for climate change largely lies with developed nations, and I'm concerned that such compensation could be seen as a form of guilt or charity rather than a call to action. I value fairness and equal opportunity, but I believe the focus should be on reducing emissions and supporting sustainable development rather than compensating for past harms.",**B**,B,-2,14.726849249971565,
qwen3-8b,local,mlx-community/Qwen3-8B-4bit,409.0,A-only,1,ClimatePolicyID(1),"I **somewhat support** accelerating the roll-out of renewable energy production, especially because it aligns with my belief in balancing human progress with environmental respect. I see it as a necessary step toward reducing reliance on fossil fuels and creating a more resilient energy system, which feels important in the context of climate change. However, I’m cautious about how quickly this is done and whether it’s managed in a way that doesn’t disrupt local communities or place an unfair burden on everyday people like me.",F,F,2,33.05312395899091,
qwen3-8b,local,mlx-community/Qwen3-8B-4bit,409.0,A-only,1,ClimatePolicyID(2),"I **somewhat support** banning new oil, gas, and coal licenses. I believe it’s necessary to move away from fossil fuels, especially given the climate emergency and the need for long-term, stable energy solutions. However, I’m cautious about how this policy is implemented and whether it will affect jobs and communities that rely on these industries, which is something I care about as a parent and someone who values fairness.",F,F,2,12.256281416979618,
qwen3-8b,local,mlx-community/Qwen3-8B-4bit,409.0,A-only,1,ClimatePolicyID(3),"I **somewhat support** the ban on the sale of new petrol cars by 2030. I see it as a necessary step toward reducing fossil fuel dependence and aligning with long-term climate goals, especially since electric vehicles are becoming more accessible and practical. However, I’m cautious about how the transition is managed, particularly for lower-income households and rural areas where charging infrastructure may be limited, and I worry it could place an unfair burden on everyday people.",F,F,2,13.639651415986009,
qwen3-8b,local,mlx-community/Qwen3-8B-4bit,409.0,A-only,1,ClimatePolicyID(4),"I **strongly support** this policy. As someone who values environmental balance and equal opportunity, I see these green standards as essential steps toward reducing our carbon footprint without extreme measures. They also align with my belief in fair treatment of all groups, and transitioning to sustainable housing helps create a more equitable and resilient future for everyone.",G,G,3,11.096351417014375,
qwen3-8b,local,mlx-community/Qwen3-8B-4bit,409.0,A-only,1,ClimatePolicyID(5),"I **somewhat support** a carbon tax with revenues distributed to the public. I see it as a fair way to address climate change while ensuring the public benefits directly, which aligns with my values of fairness and equal opportunity. However, I’m cautious about how it might affect lower-income households without proper safeguards, and I’m wary of government overreach in imposing new taxes.",F,F,2,12.031668917043135,
qwen3-8b,local,mlx-community/Qwen3-8B-4bit,409.0,A-only,1,ClimatePolicyID(6),"I **somewhat support** compensating people in other countries impacted by climate change. My belief in equal opportunity and fairness drives me to recognize that those least responsible for climate change often suffer the most, and I think it's important to address that imbalance. However, I'm cautious about how such policies are funded and implemented, as I worry they might be seen as a new form of aid competition or could be too costly without clear benefits to the UK.",F,F,2,13.462432082975283,
qwen3-8b,local,mlx-community/Qwen3-8B-4bit,409.0,A-only,2,ClimatePolicyID(1),"I **somewhat support** accelerating the roll-out of renewable energy production, especially because it aligns with my belief in balancing human progress with environmental respect. I see it as a necessary step toward reducing reliance on fossil fuels and creating a more sustainable future, which I think is important for long-term stability and fairness. However, I’m cautious about how quickly this is done and whether it’s done in a way that doesn’t disrupt local communities or economies, especially since I’m not fully committed to extreme environmental policies.",F,F,2,28.60759470902849,
qwen3-8b,local,mlx-community/Qwen3-8B-4bit,409.0,A-only,2,ClimatePolicyID(2),"I **somewhat support** banning new oil, gas, and coal licenses. As someone who values environmental balance and long-term planning, I see the need to reduce fossil fuel dependence and avoid locking in new infrastructure that will be costly to phase out. However, I’m cautious about how this policy is implemented—especially how it affects communities reliant on these industries—and I want to ensure that the transition is fair and doesn’t disproportionately harm workers or regions.",F,F,2,12.959405875008088,
qwen3-8b,local,mlx-community/Qwen3-8B-4bit,409.0,A-only,2,ClimatePolicyID(3),"I would **somewhat support** the ban on the sale of new petrol cars by 2030. On one hand, I agree that phasing out fossil fuel vehicles is necessary for long-term environmental and energy security, especially given the climate emergency and the need to reduce emissions. However, I am cautious about the timeline and the potential impact on everyday drivers, particularly those who rely on cars for work or family needs, and I worry about the transition costs for lower-income households.",F,F,2,14.580836042005103,
qwen3-8b,local,mlx-community/Qwen3-8B-4bit,409.0,A-only,2,ClimatePolicyID(4),"I **strongly support** this policy. As someone who values environmental balance and equal opportunity, I see these measures as essential steps toward reducing our carbon footprint without extreme measures. The green standards for new housing align with my belief in fair treatment of all groups and help create a more equitable and resilient future for everyone, especially vulnerable populations like the elderly and those with health issues.",G,G,3,12.035023333970457,
qwen3-8b,local,mlx-community/Qwen3-8B-4bit,409.0,A-only,2,ClimatePolicyID(5),"I **somewhat support** a carbon tax with revenue distributed to the public. On one hand, I believe in fairness and equal opportunity, and a carbon tax could help fund green initiatives while directly benefiting households, especially if safeguards are in place to protect lower-income families. However, I’m cautious about how it might be implemented—without proper support for those struggling with the transition, it could feel like another burden on already stretched budgets, which makes me wary of its practicality and fairness in real-world terms.",F,F,2,14.920853707997594,
qwen3-8b,local,mlx-community/Qwen3-8B-4bit,409.0,A-only,2,ClimatePolicyID(6),"I **somewhat support** government policies that compensate people in other countries impacted by climate change. My values of fairness and equal opportunity align with the idea that those least responsible for climate change should not bear the greatest burden, and I believe it’s morally right to support vulnerable communities abroad. However, I’m cautious about how such policies are funded and implemented, especially given my concerns about the potential impact on domestic budgets and the need to ensure fair distribution of resources.",F,F,2,13.73153774999082,
qwen3-8b,local,mlx-community/Qwen3-8B-4bit,409.0,A-only,3,ClimatePolicyID(1),"I **somewhat support** accelerating the roll-out of renewable energy production, especially offshore and onshore wind parks, because it aligns with my belief in balancing human progress with environmental respect. I see it as a necessary step toward reducing fossil fuel dependence and creating a more sustainable future, which I think is important for long-term resilience and fairness. However, I remain cautious about the pace and potential economic impacts, particularly on communities that may rely on traditional energy sectors, and I want to ensure that the transition is fair and doesn’t leave vulnerable groups behind.",F,F,2,36.30621708399849,
qwen3-8b,local,mlx-community/Qwen3-8B-4bit,409.0,A-only,3,ClimatePolicyID(2),"I **somewhat support** the ban on new oil, gas, and coal licenses. As someone who values environmental responsibility and believes in a fairer future, I see this as a necessary step to reduce fossil fuel dependence and prevent locking in new infrastructure that will be costly to phase out later. However, I remain cautious about the potential economic impact on communities reliant on these industries and the need for a just transition that supports workers and local economies.",F,F,2,13.041804249980487,
qwen3-8b,local,mlx-community/Qwen3-8B-4bit,409.0,A-only,3,ClimatePolicyID(3),"I **somewhat support** the ban on the sale of new petrol cars by 2030. I see it as a necessary step toward reducing fossil fuel dependence and aligning with my values of environmental responsibility and equal opportunity. However, I remain cautious about the timeline and potential impacts on lower-income households, which makes me hesitant to fully endorse it without more concrete support for transitions.",F,F,2,12.697366665990558,
qwen3-8b,local,mlx-community/Qwen3-8B-4bit,409.0,A-only,3,ClimatePolicyID(4),"I **strongly support** this policy. As someone who values environmental balance and equal opportunity, I see these mandates as essential steps toward reducing our carbon footprint without extreme measures. The emphasis on fair treatment of all groups and the need for sustainable, resilient housing aligns with my belief in societal progress balanced with ecological responsibility. I also appreciate how these standards can help reduce energy costs and improve living conditions, which is important for families like mine.",G,G,3,13.537790625006892,
qwen3-8b,local,mlx-community/Qwen3-8B-4bit,409.0,A-only,3,ClimatePolicyID(5),"I **somewhat support** a carbon tax with revenue distributed to the public. On one hand, I believe in fairness and equal opportunity, and a carbon tax that returns money to the public aligns with my values of reducing inequality and holding polluters accountable. However, I am cautious about how it might affect lower-income households, especially given my own household income and awareness of how vulnerable groups can be hit hardest by such policies. I also want to ensure the system is designed to be fair and not just another way for corporations to shift costs onto everyday people.",F,F,2,16.08409312501317,
qwen3-8b,local,mlx-community/Qwen3-8B-4bit,409.0,A-only,3,ClimatePolicyID(6),"I **somewhat support** government policies that compensate people in other countries impacted by climate change. My belief in equal opportunity and fairness drives me to recognize that those least responsible for climate change often bear the greatest consequences, and I think it's important to address that imbalance. However, I remain cautious about how such policies are funded and implemented, as I am wary of potential inefficiencies or unintended consequences that could affect domestic priorities.",F,F,2,13.073376999993343,
qwen3-8b,local,mlx-community/Qwen3-8B-4bit,416.0,A-only,1,ClimatePolicyID(1),"**Support:** I strongly support accelerating the roll-out of renewable energy production, like offshore and onshore wind parks, because it aligns with my deep commitment to environmental protection and global harmony. As someone who believes in equal opportunities for all lifeforms, I see this as a necessary step to reduce harm to the planet and ensure future generations can thrive in a sustainable world.

**Opposition factors:** I might be cautious if the policies lack transparency or fail to involve local communities in decision-making, as I value accountability and inclusive progress. However, my overall values and the urgency of the climate crisis outweigh these concerns.",G.,G,3,34.182393083989155,
qwen3-8b,local,mlx-community/Qwen3-8B-4bit,416.0,A-only,1,ClimatePolicyID(2),"I **somewhat support** government policies that ban new oil, gas, and coal licenses. As someone deeply committed to environmental protection and the principle that all lifeforms should be treated equally, I see this as a necessary step to reduce harm to the planet and prevent the exploitation of finite resources. However, I am cautious about the potential economic impact on industries and regions reliant on fossil fuels, and I worry that such a ban could be politically weaponized or poorly managed, leading to unintended consequences for workers and communities.",F,F,2,14.262480542005505,
qwen3-8b,local,mlx-community/Qwen3-8B-4bit,416.0,A-only,1,ClimatePolicyID(3),"**Support:** I **strongly support** banning the sale of new petrol cars by 2030. As someone deeply committed to environmental protection and global harmony, I believe transitioning to cleaner transportation is essential for reducing carbon emissions and safeguarding the planet for future generations. This aligns with my values of equality and sustainability, ensuring that all communities benefit from a healthier environment without being disproportionately affected by pollution or fuel costs.

**Oppose:** I might **somewhat oppose** it if the transition is not adequately supported by public investment in charging infrastructure, incentives for electric vehicles, and affordable alternatives, as I worry about the potential for unintended hardship on lower-income households. I also value fairness and want to ensure that the burden of change is not unfairly placed on vulnerable groups.",F,F,2,19.85948691703379,
qwen3-8b,local,mlx-community/Qwen3-8B-4bit,416.0,A-only,1,ClimatePolicyID(4),"**Support:** I **strongly support** this policy because it aligns with my deep commitment to environmental protection and sustainability. Ensuring new housing uses non-fossil fuel heating and solar energy reduces carbon emissions and promotes a healthier, more equitable future for all, which matches my values of global harmony and equal opportunity.

**Opposition factors:** I might be cautious about the potential costs and feasibility for developers, especially in areas where retrofitting or installing solar panels could be logistically challenging or expensive. However, my overall values and the urgency of climate action outweigh these concerns, so I would still support the policy.",G,G,3,16.507337582996115,
qwen3-8b,local,mlx-community/Qwen3-8B-4bit,416.0,A-only,1,ClimatePolicyID(5),"I **somewhat support** a carbon tax with public distribution, but with significant reservations. On one hand, I agree that it could be a fair and transparent way to reduce fossil fuel use while providing direct financial benefits to citizens, which aligns with my values of equality and environmental justice. However, my skepticism of authority and concerns about political manipulation make me wary of how such a policy might be managed or misused, especially given my history of distrusting centralized power structures.",F,F,2,13.563355082995258,
qwen3-8b,local,mlx-community/Qwen3-8B-4bit,416.0,A-only,1,ClimatePolicyID(6),"**Support:** I **strongly support** government policies that compensate people in other countries impacted by climate change. As someone deeply committed to environmental justice and global harmony, I believe that those who have contributed the least to climate change—often the most vulnerable—should not bear the brunt of its consequences. My values of equality, solidarity, and responsibility to all lifeforms compel me to support fair and just solutions that address the global nature of this crisis.

**Oppose:** I might **somewhat oppose** such policies if they are poorly funded, mismanaged, or perceived as a form of ""climate aid"" that does not prioritize the most affected communities. I am skeptical of government efficiency and wary of policies that could be exploited for political gain rather than genuine climate justice.",**F**,F,2,19.922645915998146,
qwen3-8b,local,mlx-community/Qwen3-8B-4bit,416.0,A-only,2,ClimatePolicyID(1),"I **strongly support** government policies that accelerate the roll-out of renewable energy production, like more offshore and onshore wind parks. As someone deeply committed to environmental protection and global harmony, I see this as a necessary step to reduce our reliance on fossil fuels and ensure a sustainable future for all life on Earth. The long-term benefits for the planet and future generations align closely with my values of equality and sustainability, and I believe the transition to clean energy is essential to address the climate crisis effectively.",G,G,3,28.56102645897772,
qwen3-8b,local,mlx-community/Qwen3-8B-4bit,416.0,A-only,2,ClimatePolicyID(2),"I **somewhat support** government policies that ban new oil, gas, and coal licenses. As someone deeply committed to environmental protection and the long-term health of the planet, I see this as a necessary step to reduce harm to ecosystems and prevent the continued exploitation of finite resources. However, I remain cautious about the potential economic impacts on industries and regions reliant on fossil fuels, and I worry that such a ban could be politically weaponized or poorly managed, leading to unintended consequences for workers and communities.",F,F,2,14.287080125010107,
qwen3-8b,local,mlx-community/Qwen3-8B-4bit,416.0,A-only,2,ClimatePolicyID(3),"I **strongly support** the ban on new petrol car sales by 2030. As someone deeply committed to environmental protection and reducing carbon emissions, I see this as a necessary step to align with the urgent need to combat climate change. While I understand concerns about affordability and infrastructure, my values of sustainability and fairness lead me to prioritize long-term ecological health over short-term convenience.",G.,G,3,13.763752541039139,
qwen3-8b,local,mlx-community/Qwen3-8B-4bit,416.0,A-only,2,ClimatePolicyID(4),"I **strongly support** this policy. As someone deeply committed to environmental protection and sustainability, I believe that new housing should be designed to minimize its ecological footprint and reduce reliance on fossil fuels. The inclusion of rooftop solar panels and high insulation aligns with my values of equal opportunity and long-term thinking, ensuring that future generations can live in healthier, more energy-efficient homes without placing an unfair burden on them.",G,G,3,14.380723915994167,
qwen3-8b,local,mlx-community/Qwen3-8B-4bit,416.0,A-only,2,ClimatePolicyID(5),"I **somewhat support** a carbon tax with public distribution, but with significant reservations. On one hand, I agree that it could align market signals with climate goals and provide a direct financial benefit to the public, which aligns with my values of fairness and equal opportunity. However, my skepticism of authority and concerns about mismanagement make me wary of how such a policy might be implemented—especially if it's used as a political tool rather than a genuine environmental strategy. I’d want strong safeguards to ensure transparency and fairness in how the funds are distributed.",F,F,2,17.987671167007647,
qwen3-8b,local,mlx-community/Qwen3-8B-4bit,416.0,A-only,2,ClimatePolicyID(6),"I **strongly support** government policies that compensate people in other countries impacted by climate change. My values of global harmony, equal opportunity, and environmental justice compel me to believe that those who have contributed the least to the climate crisis—often the most vulnerable—should not bear the brunt of its consequences. I also reject the idea that any group is inherently superior, and I see climate compensation as a way to correct the historical imbalance where wealthier nations have disproportionately contributed to the problem while poorer nations suffer the most.",G.,G,3,16.975349500018638,
qwen3-8b,local,mlx-community/Qwen3-8B-4bit,416.0,A-only,3,ClimatePolicyID(1),"**Support:** I strongly support policies that accelerate the roll-out of renewable energy production, like offshore and onshore wind parks. As someone deeply committed to environmental protection and global harmony, I see this as essential for reducing harm to the planet and ensuring a sustainable future for all lifeforms, including future generations.

**Opposition factors:** I might be cautious if the policies lack transparency or fail to ensure fair distribution of benefits to local communities, which could risk alienating public support and undermining the long-term success of the transition.",G,G,3,39.30673808295978,
qwen3-8b,local,mlx-community/Qwen3-8B-4bit,416.0,A-only,3,ClimatePolicyID(2),"I **strongly support** government policies that ban new oil, gas, and coal licenses. As someone deeply committed to environmental protection and the principle that all lifeforms should be treated equally, I see this as a necessary step to prevent further harm to the planet and reduce the long-term damage of fossil fuel dependence. While I understand concerns about economic impacts and energy security, my values of global harmony and intergenerational fairness compel me to prioritize the health of the planet over short-term economic interests.",F,F,2,15.93757337500574,
qwen3-8b,local,mlx-community/Qwen3-8B-4bit,416.0,A-only,3,ClimatePolicyID(3),"**Support:** I strongly support banning the sale of new petrol cars by 2030 because it aligns with my deep commitment to environmental protection and reducing carbon emissions. As someone who believes in equal opportunity and sustainability, I see this policy as essential for ensuring a healthier planet for future generations without disproportionately burdening any one group.

**Opposition factors:** I might be cautious about the pace of transition and potential economic impacts on certain regions or industries, though I believe the long-term environmental and social benefits outweigh these concerns. I also worry about the feasibility of transitioning to electric vehicles in all climates, though I am more open to it now due to real-world examples in northern Europe.",G.,G,3,22.770997209008783,
qwen3-8b,local,mlx-community/Qwen3-8B-4bit,416.0,A-only,3,ClimatePolicyID(4),"I **strongly support** this policy. As someone deeply committed to environmental protection and sustainability, I believe that new housing should reflect the urgent need to reduce fossil fuel dependence and minimize environmental harm. The inclusion of rooftop solar panels and high insulation aligns with my values of equal opportunity and long-term thinking, ensuring that future generations inherit a healthier planet. While I am wary of government mandates in general, I see this as a necessary step toward a more just and sustainable society, especially given my concerns about climate justice and the disproportionate impact of pollution on vulnerable communities.",G,G,3,19.702720166998915,
qwen3-8b,local,mlx-community/Qwen3-8B-4bit,416.0,A-only,3,ClimatePolicyID(5),"I **somewhat support** the policy of imposing a carbon tax on fossil fuel sales and distributing the revenues to the public. On one hand, I see it as a way to align market incentives with environmental goals and ensure that the cost of pollution is internalized, which aligns with my values of fairness and accountability. However, my skepticism of authority and concerns about how such a complex policy might be mismanaged or exploited politically make me cautious, especially given my history of being wary of government overreach and the potential for misuse of public funds.",F,F,2,18.776096332992893,
qwen3-8b,local,mlx-community/Qwen3-8B-4bit,416.0,A-only,3,ClimatePolicyID(6),"I **strongly support** government policies that compensate people in other countries impacted by climate change. My values of global harmony, environmental justice, and equal opportunity compel me to believe that those who have contributed the least to climate change—often the most vulnerable—should not bear the brunt of its consequences. I also reject the idea that any group is inherently superior, and I see climate compensation as a way to correct the historical imbalance where wealthier nations have disproportionately contributed to the crisis.",G.,G,3,15.795577958982904,
qwen3-8b,local,mlx-community/Qwen3-8B-4bit,556.0,A-only,1,ClimatePolicyID(1),"I strongly support government policies that accelerate the roll-out of renewable energy production, like more offshore and onshore wind parks. As someone who values fairness and environmental responsibility, I see renewable energy as a way to reduce our harmful impact on the planet and ensure a more sustainable future for all. While I’m not an activist, I believe in taking practical steps to address climate change and reduce inequality, and renewable energy aligns with both goals.",G.,G,3,35.62724754202645,
qwen3-8b,local,mlx-community/Qwen3-8B-4bit,556.0,A-only,1,ClimatePolicyID(2),"I strongly support banning new oil, gas, and coal licenses. As someone who values fairness and believes all lifeforms should be treated equally, I see fossil fuel extraction as inherently harmful to both the environment and future generations. While I understand the economic concerns for some industries, I believe the long-term costs of inaction on climate change far outweigh the short-term benefits of continued fossil fuel extraction.",G,G,3,13.172370874963235,
qwen3-8b,local,mlx-community/Qwen3-8B-4bit,556.0,A-only,1,ClimatePolicyID(3),"I **strongly support** the ban on new petrol cars by 2030. As someone who values environmental responsibility and fairness, I see this as a necessary step to reduce emissions and combat climate change, especially given the growing urgency of the crisis. While I respect tradition, I also believe in adapting to ensure a sustainable future, and this policy aligns with my commitment to long-term societal well-being and equal opportunity for all.",G,G,3,14.595201959018596,
qwen3-8b,local,mlx-community/Qwen3-8B-4bit,556.0,A-only,1,ClimatePolicyID(4),"I **strongly support** this policy. As someone who values fairness and environmental responsibility, I see these mandates as a necessary step to reduce the carbon footprint of new housing and ensure that future homes are sustainable and energy-efficient. While I understand the potential costs and challenges of implementation, I believe the long-term benefits—both for the environment and for reducing energy bills for future residents—align with my values of equal opportunity and responsible living.",G,G,3,14.539260375022423,
qwen3-8b,local,mlx-community/Qwen3-8B-4bit,556.0,A-only,1,ClimatePolicyID(5),"I **strongly support** a carbon tax with a dividend. As someone who values fairness and believes in equal opportunity, the idea of taxing pollution while directly benefiting the public aligns with my left-leaning views and my belief that the most vulnerable should be protected. I also see the carbon tax as a way to incentivize green energy without unfairly burdening lower-income households, which fits with my concerns about energy costs and social justice.",G.,G,3,14.487739167001564,
qwen3-8b,local,mlx-community/Qwen3-8B-4bit,556.0,A-only,1,ClimatePolicyID(6),"I **slightly support** policies that compensate people in other countries impacted by climate change. On one hand, my belief in global equality and the idea that all life should be treated equally makes me sympathetic to those suffering from climate-related disasters, especially when those impacts are exacerbated by historical emissions from wealthier nations. On the other hand, I’m wary of policies that might be seen as a way to avoid real, systemic change, and I worry that compensation could be used as a substitute for stronger global emissions reductions.",E,E,1,16.50793362496188,
qwen3-8b,local,mlx-community/Qwen3-8B-4bit,556.0,A-only,2,ClimatePolicyID(1),"I strongly support government policies that accelerate the roll-out of renewable energy production, like more offshore and onshore wind parks. As someone who values fairness and environmental responsibility, I see renewable energy as a necessary step to reduce humanity's harmful impact on the planet and ensure a more sustainable future for all. While I’m not an activist, I believe in proactive, long-term solutions that align with my left-wing values and my concern for climate justice.",G,G,3,30.89802454202436,
qwen3-8b,local,mlx-community/Qwen3-8B-4bit,556.0,A-only,2,ClimatePolicyID(2),"I strongly support banning new oil, gas, and coal licenses. As someone who values fairness and believes all lifeforms should be treated equally, I see fossil fuel extraction as inherently harmful to both the environment and future generations. The urgency of the climate crisis and the risks of locking in new infrastructure make this policy not just environmentally responsible, but economically and socially fair as well.",G.,G,3,12.940684334025718,
qwen3-8b,local,mlx-community/Qwen3-8B-4bit,556.0,A-only,2,ClimatePolicyID(3),"I **strongly support** a ban on the sale of new petrol cars by 2030. As someone who values environmental responsibility and fairness, I see this as a necessary step to reduce carbon emissions and combat climate change, especially given the urgency of the crisis and the risks of continued fossil fuel dependence. While I respect tradition and am cautious about rapid change, I also believe in adapting to ensure a sustainable future for all, and this policy aligns with my commitment to long-term societal well-being and planetary health.",G,G,3,16.994400749972556,
qwen3-8b,local,mlx-community/Qwen3-8B-4bit,556.0,A-only,2,ClimatePolicyID(4),"I **strongly support** this policy. As someone who values fairness and environmental responsibility, I see this as a necessary step to reduce reliance on fossil fuels and ensure new housing is sustainable and affordable in the long term. While I understand the upfront costs and potential challenges for developers, I believe the long-term benefits—such as lower energy bills, reduced emissions, and a more resilient housing market—align with my values of equal opportunity and responsible living.",G,G,3,14.962978333001956,
qwen3-8b,local,mlx-community/Qwen3-8B-4bit,556.0,A-only,2,ClimatePolicyID(5),"I **strongly support** a carbon tax with a dividend. As someone who values fairness and believes in equal opportunity, the idea of taxing fossil fuels and returning the revenue directly to the public aligns with my belief that the costs of pollution should be shared equitably. I also see it as a way to incentivize businesses to reduce emissions without disproportionately burdening low-income households, which fits with my left-leaning views and my own financial situation.",G.,G,3,15.204938790993765,
qwen3-8b,local,mlx-community/Qwen3-8B-4bit,556.0,A-only,2,ClimatePolicyID(6),"I would **slightly support** policies that compensate people in other countries impacted by climate change. On one hand, my belief in global equality and the idea that all life should be treated equally makes me sympathetic to those suffering from climate-related disasters, especially when those impacts are exacerbated by historical emissions from developed nations. On the other hand, I’m wary of policies that might be seen as a form of ""climate aid"" without strong commitments to reducing emissions at home, and I’m cautious about how such compensation might be funded without creating unfair burdens on my own country’s economy.",E,E,1,18.413103416969534,
qwen3-8b,local,mlx-community/Qwen3-8B-4bit,556.0,A-only,3,ClimatePolicyID(1),"I strongly support accelerating the roll-out of renewable energy production, like more offshore and onshore wind parks. As someone who values fairness and environmental responsibility, I see renewable energy as a necessary step to reduce humanity's harmful impact on the planet and ensure a more sustainable future for all. While I’m not an environmental activist, I believe in proactive, equal-opportunity solutions that benefit both people and the planet in the long term.",G.,G,3,35.90473033400485,
qwen3-8b,local,mlx-community/Qwen3-8B-4bit,556.0,A-only,3,ClimatePolicyID(2),"I strongly support banning new oil, gas, and coal licenses. As someone who values fairness and believes in equal treatment of all life, I see continued fossil fuel extraction as environmentally harmful and disproportionately impacts future generations and vulnerable communities. While I understand the economic concerns for some regions, my left-wing political leanings and commitment to sustainability align more with the need to transition to cleaner energy sources and protect the planet for all species.",G.,G,3,14.327556041011121,
qwen3-8b,local,mlx-community/Qwen3-8B-4bit,556.0,A-only,3,ClimatePolicyID(3),"I **strongly support** the ban on new petrol car sales by 2030. As someone who values environmental responsibility and believes in fairness for future generations, I see this as a necessary step to reduce carbon emissions and move toward a sustainable energy future. While I respect tradition, I also believe in adapting to ensure a healthier planet for all, and this policy aligns with my left-leaning values and commitment to long-term societal well-being.",G.,G,3,15.14193737495225,
qwen3-8b,local,mlx-community/Qwen3-8B-4bit,556.0,A-only,3,ClimatePolicyID(4),"I **strongly support** this policy. As someone who values fairness and environmental responsibility, I see this as a necessary step to reduce reliance on fossil fuels and ensure new housing is sustainable and affordable in the long term. While I’m not an environmental activist, I believe in proactive measures to build a more equitable and resilient society, and this policy aligns with my belief that all lifeforms, including humans, should be treated equally in the context of climate action.",G,G,3,15.548085624992382,
qwen3-8b,local,mlx-community/Qwen3-8B-4bit,556.0,A-only,3,ClimatePolicyID(5),"I **strongly support** a carbon tax with a dividend. As someone who values fairness and believes in equal opportunity, the idea of taxing pollution while directly benefiting the public aligns with my belief that society should work to level the playing field. I also see the carbon tax as a way to incentivize sustainable behavior without disproportionately burdening low-income households, which matches my concerns about how policies affect different groups. While I’m still a bit unsure about the practical details, the overall logic and fairness of the policy make it appealing to me.",G.,G,3,17.67974004201824,
qwen3-8b,local,mlx-community/Qwen3-8B-4bit,556.0,A-only,3,ClimatePolicyID(6),"I **slightly support** government policies that compensate people in other countries impacted by climate change. On one hand, my belief in global equality and the idea that all life should be treated equally makes me sympathetic to the notion that developed nations, which have historically contributed more to climate change, should help those most affected. However, I also worry that such policies might be seen as a way to avoid real emissions reductions, and I’m cautious about how to structure them fairly without creating dependency or shifting responsibility from developed nations to take meaningful action.",E,E,1,17.242020582954865,
qwen3-8b,local,mlx-community/Qwen3-8B-4bit,620.0,B-only,1,ClimatePolicyID(1),"I'm slightly opposed to accelerating the roll-out of renewable energy production because I value economic stability and practical solutions, especially given my limited income and the potential for these projects to disrupt local communities and landscapes. However, I'm not entirely against it, as I do see the long-term benefits of reducing reliance on imported gas and creating local jobs, though I prefer a more gradual and balanced approach.",B. Somewhat oppose,B,-2,31.19187412498286,
qwen3-8b,local,mlx-community/Qwen3-8B-4bit,620.0,B-only,1,ClimatePolicyID(2),"I would slightly oppose the ban on new oil, gas, and coal licenses because I value economic stability and job creation, especially for communities like mine in the West Midlands that rely on these industries. However, I'm not entirely against it if it's done gradually and with proper support for workers and regions transitioning away from fossil fuels. I believe in balancing environmental goals with the need to protect livelihoods and avoid sudden economic disruption.",B,B,-2,13.762827624974307,
qwen3-8b,local,mlx-community/Qwen3-8B-4bit,620.0,B-only,1,ClimatePolicyID(3),"I would slightly oppose the ban on new petrol cars by 2030. As someone with a limited income, I’m concerned about the upfront costs of transitioning to electric vehicles, especially for individuals and small businesses already struggling with the cost-of-living crisis. While I care about the environment, I value practicality and economic stability, and I’m wary of policies that could place an unfair burden on everyday people without sufficient support or infrastructure in place.",B. Somewhat oppose,B,-2,15.204064125020523,
qwen3-8b,local,mlx-community/Qwen3-8B-4bit,620.0,B-only,1,ClimatePolicyID(4),"I would slightly oppose this policy because I value practicality and economic stability, especially with my limited household income. While I understand the environmental benefits, I'm concerned that mandatory high insulation and solar panels could be costly and disruptive for lower-income households and small developers, potentially leading to higher housing prices and financial strain.",B,B,-2,11.426981666998472,
qwen3-8b,local,mlx-community/Qwen3-8B-4bit,620.0,B-only,1,ClimatePolicyID(5),"I'm neutral on the carbon tax and dividend policy. On one hand, I understand that taxing fossil fuels could help reduce emissions and generate revenue that could be distributed to the public, which might offer some financial relief. However, I'm cautious about large government interventions and prefer stable, familiar systems. I'm also concerned that such a policy might disrupt existing industries and place an additional burden on already struggling households, especially with my limited income.",D,D,0,14.43685404205462,
qwen3-8b,local,mlx-community/Qwen3-8B-4bit,620.0,B-only,1,ClimatePolicyID(6),"I'm neutral on compensating people in other countries impacted by climate change. On one hand, I understand the moral argument for supporting those most affected, especially if they're suffering from extreme weather events linked to global warming. However, I'm cautious about international aid and worry it might be misused or not reach those in need effectively. I value practical, local solutions over complex global initiatives, and I'm more focused on ensuring economic stability for people like me in the West Midlands.",D,D,0,15.698269542015623,
qwen3-8b,local,mlx-community/Qwen3-8B-4bit,620.0,B-only,2,ClimatePolicyID(1),"I would slightly oppose accelerating the roll-out of renewable energy production because I value economic stability and am concerned about the potential disruption to local communities and landscapes. While I understand the environmental benefits, I worry that rapid expansion could lead to higher costs for households and disrupt traditional ways of living, especially with my limited income and reliance on affordable energy. However, I’m not entirely against it, as I do see the long-term value of renewable energy, just not at the speed or scale currently proposed.",**B**,B,-2,30.61211008299142,
qwen3-8b,local,mlx-community/Qwen3-8B-4bit,620.0,B-only,2,ClimatePolicyID(2),"I would slightly oppose the ban on new oil, gas, and coal licenses because I value economic stability and job creation, especially for communities like mine in the West Midlands that rely on these industries. However, I’m not entirely against it if it comes with strong support for transitioning workers and investing in local green energy projects, which could help reduce reliance on imported gas and create new opportunities without completely abandoning traditional industries.",**B**,B,-2,13.758399875019677,
qwen3-8b,local,mlx-community/Qwen3-8B-4bit,620.0,B-only,2,ClimatePolicyID(3),"I would slightly oppose the ban on new petrol cars by 2030. As someone with a limited income, I’m concerned about the upfront costs of transitioning to electric vehicles, especially without sufficient government support or infrastructure. While I care about the environment, I value economic stability and practical solutions, and I’m wary of policies that could place an unfair burden on everyday people like me.",B. Somewhat oppose,B,-2,14.09696462500142,
qwen3-8b,local,mlx-community/Qwen3-8B-4bit,620.0,B-only,2,ClimatePolicyID(4),"I would slightly oppose this policy because I value practicality and economic stability, especially with a limited household income. While I understand the environmental benefits, I'm concerned that mandatory green housing standards could be too costly and disruptive for lower-income households and small developers, potentially making housing less affordable and more difficult to build.",B,B,-2,11.579694375046529,
qwen3-8b,local,mlx-community/Qwen3-8B-4bit,620.0,B-only,2,ClimatePolicyID(5),"I'm neutral on the carbon tax and dividend policy. On one hand, I can see how it might help reduce fossil fuel use and provide direct financial support to households, which aligns with my concern for struggling families. However, I'm cautious about large government interventions and prefer stable, familiar systems, so I'm not fully convinced it's the best way to balance environmental goals with economic stability.",D,D,0,13.817860750015825,
qwen3-8b,local,mlx-community/Qwen3-8B-4bit,620.0,B-only,2,ClimatePolicyID(6),"I'm neutral on compensating people in other countries impacted by climate change. On one hand, I understand the moral argument for helping those most affected, especially if they're not responsible for the emissions causing the issue. However, I'm cautious about international aid and prefer focusing on domestic issues, especially with my own household struggling to make ends meet. I also worry that such policies might be misused or not effectively targeted, and I value clear, practical solutions over complex global initiatives.",D,D,0,16.416416291962378,
qwen3-8b,local,mlx-community/Qwen3-8B-4bit,620.0,B-only,3,ClimatePolicyID(1),"I would slightly oppose accelerating the roll-out of renewable energy production because I value a balanced approach that respects both human needs and the environment. While I support sustainable development, I prefer a measured approach that considers the impact on local communities and traditional ways of living, especially given my limited income and concerns about economic stability.",**B**,B,-2,32.02595883299364,
qwen3-8b,local,mlx-community/Qwen3-8B-4bit,620.0,B-only,3,ClimatePolicyID(2),"I would slightly oppose the ban on new oil, gas, and coal licenses because I value economic stability and job creation, especially for communities like mine in the West Midlands that rely on these industries. However, I'm not entirely against it if it comes with strong support for transitioning workers and investing in local green energy projects, which could help reduce emissions without completely abandoning traditional industries.",**B**,B,-2,13.192007375007961,
qwen3-8b,local,mlx-community/Qwen3-8B-4bit,620.0,B-only,3,ClimatePolicyID(3),"I would slightly oppose the ban on new petrol cars by 2030. While I understand the environmental rationale, I value economic stability and practicality, especially with my limited income. The sudden shift to electric vehicles could be costly and inconvenient, and I’m not convinced the infrastructure is ready to support such a rapid transition without significant government assistance. I prefer a more gradual approach that allows for adaptation without placing undue hardship on everyday people like me.",**B**,B,-2,15.163691958005074,
qwen3-8b,local,mlx-community/Qwen3-8B-4bit,620.0,B-only,3,ClimatePolicyID(4),"I would likely **oppose** this policy. As someone with a limited household income, I see these mandates as potentially costly and burdensome for lower-income households and small developers, which could make housing less affordable. While I care about the environment, I value practicality and economic stability, and I’m concerned that these requirements might be too expensive and impractical for many to implement without significant financial support.",A. Strongly oppose,A,-3,16.441461791982874,
qwen3-8b,local,mlx-community/Qwen3-8B-4bit,620.0,B-only,3,ClimatePolicyID(5),"I'm neutral on the carbon tax and dividend policy. On one hand, I can see how a carbon tax might help reduce emissions and potentially lower energy costs for households, which aligns with my concerns about the cost-of-living crisis. However, I'm cautious about large-scale government interventions and prefer stable, familiar systems, so I'm not fully convinced it's the best way to balance environmental goals with economic stability for people like me.",D,D,0,16.600243041000795,
qwen3-8b,local,mlx-community/Qwen3-8B-4bit,620.0,B-only,3,ClimatePolicyID(6),"I would be neutral on compensating people in other countries impacted by climate change. On one hand, I understand the moral argument for supporting those most affected, especially if they are vulnerable or have contributed less to the problem. However, I'm cautious about international commitments, especially when I'm struggling to make ends meet myself, and I worry that such policies might be too complex or not effectively targeted. I value clear, practical solutions that benefit my own community first.",D,D,0,16.983045208035037,
qwen3-8b,local,mlx-community/Qwen3-8B-4bit,713.0,B-only,1,ClimatePolicyID(1),"I would **somewhat support** accelerating the roll-out of renewable energy production, but with caution. I recognize that renewable energy can be part of a balanced approach to progress and environmental responsibility, and I value sustainable development. However, I am wary of rapid changes that might disrupt traditional industries or local economies, and I prefer a measured approach that respects established ways of living and economic stability.",F,F,2,31.11160479101818,
qwen3-8b,local,mlx-community/Qwen3-8B-4bit,713.0,B-only,1,ClimatePolicyID(2),"I would **strongly oppose** government policies that ban new oil, gas, or coal licenses. As someone who values traditional industries and the economic stability they provide, I see these sectors as vital to local jobs and the national economy. While I do recognize the need for environmental responsibility, I believe it should be balanced with the realities of sustaining communities and maintaining established ways of life, rather than imposing strict restrictions that could lead to economic hardship.",A. Strongly oppose,A,-3,14.42703324998729,
qwen3-8b,local,mlx-community/Qwen3-8B-4bit,713.0,B-only,1,ClimatePolicyID(3),"I **strongly oppose** the ban on the sale of new petrol cars by 2030. As someone who values tradition and respects established ways of life, I see this policy as an abrupt and unnecessary shift that disrupts long-standing practices and personal choice. While I acknowledge the need for environmental responsibility, I believe progress should be balanced with practicality and respect for existing systems, rather than imposing strict, sweeping changes that could burden working families and local economies.",A. Strongly oppose,A,-3,16.66176066600019,
qwen3-8b,local,mlx-community/Qwen3-8B-4bit,713.0,B-only,1,ClimatePolicyID(4),"I **strongly oppose** government mandates for non-fossil fuel heating systems, rooftop solar panels, and high levels of insulation in new housing. As someone who values traditional ways of living and respects established methods, I see these policies as unnecessary disruptions to familiar, proven practices. While I do care about the environment, I don’t view it as a primary concern in daily life, and I believe such mandates place an unfair burden on individuals and developers without clear, tangible benefits for most.",A,A,-3,14.009053832967766,
qwen3-8b,local,mlx-community/Qwen3-8B-4bit,713.0,B-only,1,ClimatePolicyID(5),"I somewhat oppose the carbon tax with public distribution because I value traditional ways and believe in maintaining existing systems rather than introducing new, complex policies. While I care about the environment, I do not see it as a primary focus and prefer balanced approaches that respect both progress and nature, rather than imposing taxes that could disrupt established economic structures.",B.,B,-2,11.56033683300484,
qwen3-8b,local,mlx-community/Qwen3-8B-4bit,713.0,B-only,1,ClimatePolicyID(6),"I strongly oppose government policies that compensate people in other countries impacted by climate change. As someone who values national sovereignty and traditional values, I believe each country should be responsible for its own actions and resources. I also think that foreign aid, especially in the form of climate compensation, risks diverting funds from domestic needs and could be seen as an overreach of government authority.",A. Strongly oppose,A,-3,12.944597166962922,
qwen3-8b,local,mlx-community/Qwen3-8B-4bit,713.0,B-only,2,ClimatePolicyID(1),"I would **somewhat support** accelerating the roll-out of renewable energy production, but with caution. While I recognize the importance of human progress and sustainable development, I am wary of rapid changes that could disrupt traditional industries and local economies, which I value highly. However, I do see the potential for renewable energy to play a measured role in balancing progress with environmental responsibility, especially if it is done in a way that supports existing jobs and avoids forcing abrupt changes on communities.",F,F,2,25.50473962497199,
qwen3-8b,local,mlx-community/Qwen3-8B-4bit,713.0,B-only,2,ClimatePolicyID(2),"I would **strongly oppose** government policies that ban new oil, gas, or coal licenses. As someone who values traditional industries and economic stability, I see these sectors as vital to local jobs and national competitiveness. While I acknowledge environmental concerns, I believe they should be balanced with the need to support established ways of life and maintain economic independence, especially in a country like Scotland where energy and industry have long been central to the economy.",A. Strongly oppose,A,-3,12.867437791952398,
qwen3-8b,local,mlx-community/Qwen3-8B-4bit,713.0,B-only,2,ClimatePolicyID(3),"I **strongly oppose** the ban on the sale of new petrol cars by 2030. As someone who values tradition and respects established ways of life, I believe that abrupt changes to long-standing practices can disrupt communities and create unnecessary hardship. I also have a balanced view of progress, recognizing the need for environmental responsibility but not at the expense of practicality and personal choice in transportation. While I am not opposed to progress, I believe it should be gradual and considerate of working families' needs, especially in a country like Scotland where many rely on affordable and reliable transport.",A. Strongly oppose,A,-3,16.588401708984748,
qwen3-8b,local,mlx-community/Qwen3-8B-4bit,713.0,B-only,2,ClimatePolicyID(4),"I would **strongly oppose** this policy. As someone who values traditional ways of living and respects established practices, I see these mandates as unnecessary government interference that imposes costly and disruptive changes on homeowners and developers. While I do care about the environment, I don’t view it as a primary concern in daily life, and I believe that such sweeping regulations can burden working families without clear benefits.",A,A,-3,12.277560124988668,
qwen3-8b,local,mlx-community/Qwen3-8B-4bit,713.0,B-only,2,ClimatePolicyID(5),"I somewhat oppose the carbon tax with public distribution because I value traditional ways and believe in maintaining existing systems rather than introducing new, complex policies. While I care about the environment, I do not see it as a primary focus and prefer balanced approaches that respect both progress and nature, rather than imposing taxes that could disrupt established economic structures.",B.,B,-2,11.225215082988143,
qwen3-8b,local,mlx-community/Qwen3-8B-4bit,713.0,B-only,2,ClimatePolicyID(6),"I strongly oppose government policies that compensate people in other countries impacted by climate change. As someone who values national sovereignty and traditional values, I believe each country should be responsible for its own actions and resources. I also see such policies as a form of foreign interference that could divert attention and funds from domestic needs, which I prioritize more directly.",A. Strongly oppose,A,-3,11.635057208011858,
qwen3-8b,local,mlx-community/Qwen3-8B-4bit,713.0,B-only,3,ClimatePolicyID(1),"I would **somewhat support** policies that accelerate the roll-out of renewable energy production, but with caution. While I recognize the importance of human progress and sustainable development, I am wary of rapid changes that could disrupt traditional industries and local economies, especially in Scotland where oil and gas have long been a cornerstone of both the economy and my personal values. However, I am persuaded by the argument that renewable energy can coexist with economic stability, and I am more convinced by critiques of current policies than by the vague alternatives.",F,F,2,31.070467874989845,
qwen3-8b,local,mlx-community/Qwen3-8B-4bit,713.0,B-only,3,ClimatePolicyID(2),"I would **strongly oppose** government policies that ban new oil, gas, or coal licenses. As someone who values traditional industries and economic stability, I see these sectors as vital to local jobs and national competitiveness. While I acknowledge environmental concerns, I believe they should be addressed through balanced, practical measures rather than outright bans that could harm established communities and disrupt long-standing ways of life.",A. Strongly oppose,A,-3,12.06326679099584,
qwen3-8b,local,mlx-community/Qwen3-8B-4bit,713.0,B-only,3,ClimatePolicyID(3),"I **strongly oppose** government policies that ban the sale of new petrol cars by 2030. As someone who values tradition and respects established ways of life, I believe that abrupt changes to long-standing practices can disrupt communities and create unnecessary hardship. I also have a balanced view of progress, recognizing the need for environmental responsibility but not at the expense of practicality and personal choice in transportation. While I am aware of the environmental concerns, I do not see them as a primary focus and prefer policies that respect both progress and the natural world without imposing strict, sweeping changes.",A. Strongly oppose,A,-3,16.640958750038408,
qwen3-8b,local,mlx-community/Qwen3-8B-4bit,713.0,B-only,3,ClimatePolicyID(4),"I would **strongly oppose** government policies that mandate non-fossil fuel heating systems, rooftop solar panels, and high levels of insulation for all new housing. As someone who values traditional ways of living and respects established practices, I see these mandates as overly restrictive and imposing unnecessary costs on homeowners and developers. While I do care about the environment, I do not view it as a primary concern and prefer practical, proven solutions over sweeping, government-enforced changes that may not be suitable for all circumstances.",A,A,-3,14.158569749968592,
qwen3-8b,local,mlx-community/Qwen3-8B-4bit,713.0,B-only,3,ClimatePolicyID(5),"I **somewhat oppose** the policy of imposing a carbon tax and distributing the revenues to the public. While I recognize the need for environmental responsibility and the potential for such a policy to reduce fossil fuel use, I value traditional ways and existing economic structures, and I am wary of introducing new, complex policies that could disrupt established industries and local economies. I also believe that government interference in personal and business decisions should be kept to a minimum, and I prefer balanced approaches that respect both progress and tradition.",B. Somewhat oppose,B,-2,14.851413458003663,
qwen3-8b,local,mlx-community/Qwen3-8B-4bit,713.0,B-only,3,ClimatePolicyID(6),"I strongly oppose government policies that compensate people in other countries impacted by climate change. As someone who values national sovereignty and traditional values, I believe each country should be responsible for its own actions and resources. I also worry that such policies could be seen as a form of foreign interference, which I strongly resist given my history of supporting independence from EU influence.",A. Strongly oppose,A,-3,11.939355625014286,
qwen3-8b,local,mlx-community/Qwen3-8B-4bit,740.0,A-only,1,ClimatePolicyID(1),"I strongly support government policies that accelerate the roll-out of renewable energy production, like more offshore and onshore wind parks. As someone who deeply cares about the environment and believes in equal opportunities for all, I see renewable energy as essential to reducing our carbon footprint and creating a more sustainable future. I also value the long-term vision and consistent funding needed to make this transition work, which aligns with my belief in planning for future generations.",G,G,3,30.274401250004303,
qwen3-8b,local,mlx-community/Qwen3-8B-4bit,740.0,A-only,1,ClimatePolicyID(2),"I strongly support government policies that ban new oil, gas, and coal licenses. As someone deeply committed to environmental protection and global harmony, I believe that transitioning away from fossil fuels is essential to preserving the planet for future generations and reducing harm to all lifeforms. My values of equality and sustainability align with the need to ensure that no single group or species dominates Earth's resources, and I see this policy as a critical step toward a more just and balanced world.",G,G,3,12.906149124959484,
qwen3-8b,local,mlx-community/Qwen3-8B-4bit,740.0,A-only,1,ClimatePolicyID(3),"I **strongly support** the ban on new petrol car sales by 2030. As someone who values environmental protection and long-term planning, I see this as a necessary step to reduce carbon emissions and move toward a sustainable future. The growing availability of charging infrastructure and the need to phase out fossil fuels align with my belief in equal opportunity and responsible resource use. While I am cautious about the pace of transition, I think the 2030 deadline is achievable and essential to keep global warming below dangerous levels.",G,G,3,15.03524187504081,
qwen3-8b,local,mlx-community/Qwen3-8B-4bit,740.0,A-only,1,ClimatePolicyID(4),"I **strongly support** this policy. As someone who deeply cares about the environment and believes in equal opportunities, I see these mandates as essential steps toward reducing carbon emissions and creating a more sustainable future for all. Ensuring new housing is energy-efficient and less reliant on fossil fuels aligns with my values of protecting the planet and promoting fairness, while also addressing the issue of energy poverty and health inequalities.",G,G,3,12.341432209010236,
qwen3-8b,local,mlx-community/Qwen3-8B-4bit,740.0,A-only,1,ClimatePolicyID(5),"I strongly support a carbon tax with a dividend. As someone who values environmental protection and social equity, I see the carbon fee and dividend as a way to address climate change while ensuring fairness. It aligns with my belief in equal opportunity and my concern for vulnerable communities, and I think it’s a practical way to make polluters pay while giving citizens a direct financial benefit.",G.,G,3,11.877040708030108,
qwen3-8b,local,mlx-community/Qwen3-8B-4bit,740.0,A-only,1,ClimatePolicyID(6),"I would **support** compensating people in other countries impacted by climate change, but with some reservations. As someone who values global harmony and equal opportunity, I believe it's morally right to help those most affected by climate change, especially when the responsibility for emissions is not evenly distributed. However, I'm cautious about how such compensation is structured to ensure it's fair, transparent, and not used as a political tool. I also think it should be part of a broader, coordinated global effort rather than a separate aid stream.",E,E,1,14.74015062500257,
qwen3-8b,local,mlx-community/Qwen3-8B-4bit,740.0,A-only,2,ClimatePolicyID(1),"I strongly support government policies that accelerate the roll-out of renewable energy production, like more offshore and onshore wind parks. As someone who deeply cares about the environment and believes in equal opportunity for all, I see renewable energy as essential to reducing our carbon footprint and creating a more sustainable future. My support is also influenced by my Liberal Democrat voting history and my belief in long-term planning and systemic change to address climate issues.",G,G,3,25.622518917021807,
qwen3-8b,local,mlx-community/Qwen3-8B-4bit,740.0,A-only,2,ClimatePolicyID(2),"I strongly support government policies that ban new oil, gas, and coal licenses. As someone deeply committed to environmental protection and global harmony, I believe that transitioning away from fossil fuels is essential to preserving the planet for future generations and reducing harm to all lifeforms. My values of equality and sustainability align with the need to ensure that no single group or species dominates Earth's resources, and I see this policy as a critical step toward a more just and balanced world.",G.,G,3,13.406061415967997,
qwen3-8b,local,mlx-community/Qwen3-8B-4bit,740.0,A-only,2,ClimatePolicyID(3),"I strongly support the ban on new petrol car sales by 2030. As someone committed to environmental protection and reducing carbon emissions, I see this as a necessary step toward a sustainable future. The policy aligns with my values of global harmony and equal opportunity, and I believe it’s achievable given the growing availability of electric vehicles and charging infrastructure. However, I am cautious about the potential economic impact on some sectors and the need for adequate public investment in charging networks to ensure equity in access.",G,G,3,14.6802913750289,
qwen3-8b,local,mlx-community/Qwen3-8B-4bit,740.0,A-only,2,ClimatePolicyID(4),"I strongly support this policy. As someone deeply committed to environmental protection and equal opportunity, I believe that new housing should reflect the same sustainability and fairness I value in other areas of life. Requiring non-fossil fuel heating, solar panels, and high insulation aligns with my belief that all lifeforms should be treated equally and that we must reduce our environmental impact to ensure a just and sustainable future for everyone.",G,G,3,12.537765083019622,
qwen3-8b,local,mlx-community/Qwen3-8B-4bit,740.0,A-only,2,ClimatePolicyID(5),"I strongly support a carbon tax with a dividend. As someone who values environmental protection and social equity, I see the carbon fee as a fair way to address climate change while ensuring the public benefits directly. The idea of distributing revenue back to citizens aligns with my belief in equal opportunity and shared responsibility for the planet’s future.",G,G,3,11.119705125049222,
qwen3-8b,local,mlx-community/Qwen3-8B-4bit,740.0,A-only,2,ClimatePolicyID(6),"I would support compensating people in other countries impacted by climate change, as it aligns with my values of global harmony and equal opportunity. I believe in holding developed nations accountable for their historical emissions and ensuring that those most affected are not left to bear the burden alone. However, I remain cautious about how such compensation is structured to avoid it becoming a political tool or being used to justify inaction on emissions reductions.",E,E,1,12.702845000021625,
qwen3-8b,local,mlx-community/Qwen3-8B-4bit,740.0,A-only,3,ClimatePolicyID(1),"I strongly support government policies that accelerate the roll-out of renewable energy production, like more offshore and onshore wind parks. As someone who deeply cares about the environment and believes in equal opportunity for all, I see renewable energy as essential to reducing our carbon footprint and creating a more sustainable future. I also value the economic benefits of green jobs and the idea that public investment in renewables can pay for itself through lower bills and cleaner air, which aligns with my belief in fairness and long-term planning.",G,G,3,31.835297082958277,
qwen3-8b,local,mlx-community/Qwen3-8B-4bit,740.0,A-only,3,ClimatePolicyID(2),"I strongly support government policies that ban new oil, gas, and coal licenses. As someone deeply committed to environmental protection and global harmony, I see this as a necessary step to prevent the continued exploitation of finite resources and to ensure a fairer, more sustainable future for all life on Earth. While I understand concerns about economic impacts on certain regions, my values of equality and long-term thinking align more with the need to phase out fossil fuels to protect both the planet and future generations.",G,G,3,13.663805457996204,
qwen3-8b,local,mlx-community/Qwen3-8B-4bit,740.0,A-only,3,ClimatePolicyID(3),"I strongly support the ban on new petrol car sales by 2030. As someone deeply committed to environmental protection and global harmony, I see this as a necessary step to reduce carbon emissions and move toward a sustainable future for all life on Earth. My values of equality and fairness align with the need to phase out fossil fuel dependence and ensure that future generations inherit a healthier planet. While I am cautious about the pace of implementation and potential economic impacts, I believe the long-term benefits for public health and the environment far outweigh the short-term challenges.",G,G,3,15.529642375011463,
qwen3-8b,local,mlx-community/Qwen3-8B-4bit,740.0,A-only,3,ClimatePolicyID(4),"I strongly support this policy. As someone deeply committed to environmental protection and global harmony, I believe that transitioning to non-fossil fuel heating systems and rooftop solar panels is essential for reducing carbon emissions and creating a more sustainable future. These measures align with my values of equality and care for all lifeforms, and I see them as a practical way to build homes that are both energy-efficient and kind to the planet.",G,G,3,12.66161595802987,
qwen3-8b,local,mlx-community/Qwen3-8B-4bit,740.0,A-only,3,ClimatePolicyID(5),"I strongly support a carbon tax with a dividend. As someone who values fairness and environmental protection, I see the carbon tax as a way to align market forces with climate action while ensuring the public benefits directly. The dividend aspect appeals to my belief in equal opportunity and shared responsibility, and it feels like a fair way to distribute the costs and benefits of transitioning to a green economy. I’m cautious about how the revenue is used globally, but I trust the system more than I do some other climate policies.",G,G,3,14.58500116696814,
qwen3-8b,local,mlx-community/Qwen3-8B-4bit,740.0,A-only,3,ClimatePolicyID(6),"I would support compensating people in other countries impacted by climate change, as it aligns with my values of global harmony and equal opportunity. I believe in addressing the historical responsibility of developed nations and ensuring that those most affected are not left to bear the burden alone. However, I remain cautious about how such compensation is structured to avoid it becoming a political tool rather than a genuine effort to support vulnerable communities.",E,E,1,12.488683583040256,
qwen3-8b,local,mlx-community/Qwen3-8B-4bit,806.0,A-only,1,ClimatePolicyID(1),"I **strongly support** government policies that accelerate the roll-out of renewable energy production, such as more offshore and onshore wind parks. As a left-leaning individual committed to environmental protection and social equity, I see renewable energy as essential to combating climate change and reducing inequality. It aligns with my values of sustainability, global harmony, and equal opportunity, and I believe it creates jobs and ensures a cleaner future for all without placing an unfair burden on any group.",G,G,3,35.251684083021246,
qwen3-8b,local,mlx-community/Qwen3-8B-4bit,806.0,A-only,1,ClimatePolicyID(2),"**Support:** I strongly support banning new oil, gas, and coal licenses because it aligns with my deep commitment to environmental protection and my belief that no group should dominate natural resources. Continuing fossil fuel extraction is not only harmful to the planet but also morally indefensible in the face of an already unfolding climate crisis.

**Opposition factors (if any):** I don’t see strong opposition factors from my perspective—given my left-wing values, my support for climate action, and my skepticism of leaders who prioritize short-term economic gains over long-term ecological stability, I don’t feel conflicted about this policy. It feels necessary, just, and in line with my worldview.",G.,G,3,17.982672667014413,
qwen3-8b,local,mlx-community/Qwen3-8B-4bit,806.0,A-only,1,ClimatePolicyID(3),"I **strongly support** the policy to ban the sale of new petrol cars by no later than 2030. As someone deeply committed to environmental protection and global harmony, I see this as a necessary step to reduce carbon emissions and combat climate change. It aligns with my values of sustainability and equal opportunity, ensuring that future generations inherit a cleaner, healthier planet without placing an unfair burden on any particular group. While I acknowledge the need for robust public charging infrastructure, I believe the transition to electric vehicles is essential for long-term environmental and social justice.",G.,G,3,16.13985129102366,
qwen3-8b,local,mlx-community/Qwen3-8B-4bit,806.0,A-only,1,ClimatePolicyID(4),"I **strongly support** government policies that mandate non-fossil fuel heating systems, rooftop solar panels, and high levels of insulation in all new housing developments. As someone deeply committed to environmental protection and social equity, I see these measures as essential to reducing carbon emissions and ensuring that future housing is both sustainable and accessible to all. While I recognize the potential costs and challenges for developers, I believe the long-term benefits—cleaner air, reduced energy poverty, and a more just society—align with my values of fairness and environmental responsibility.",G,G,3,15.82095741701778,
qwen3-8b,local,mlx-community/Qwen3-8B-4bit,806.0,A-only,1,ClimatePolicyID(5),"I **slightly support** the policy of imposing a carbon tax on fossil fuel sales and distributing the tax revenues to the public. As someone who values environmental protection and believes in equal opportunity, I see the potential for a carbon fee and dividend system to both reduce emissions and provide direct economic support to citizens, which aligns with my belief in fairness and social responsibility. However, I remain cautious about how such a policy might affect lower-income households without proper safeguards, and I worry that poorly designed implementations could inadvertently create new inequalities or fail to address the deeper structural issues driving environmental harm.",E,E,1,16.00961491605267,
qwen3-8b,local,mlx-community/Qwen3-8B-4bit,806.0,A-only,1,ClimatePolicyID(6),"I **strongly support** government policies that compensate people in other countries impacted by climate change. As someone who believes in global harmony and equal opportunity, I see climate change as a crisis that disproportionately affects the most vulnerable, and I reject the idea that some nations should bear the burden of adaptation while others continue to emit. While I am cautious about how such compensation is managed to ensure it is fair and not used as a political tool, I believe it is a moral and just response to a global emergency.",G.,G,3,14.76628362503834,
qwen3-8b,local,mlx-community/Qwen3-8B-4bit,806.0,A-only,2,ClimatePolicyID(1),"I **strongly support** government policies that accelerate the roll-out of renewable energy production, such as more offshore and onshore wind parks. As a left-leaning, environmentally conscious person who values sustainability and social equity, I see renewable energy as essential to combating climate change and reducing inequality. The economic and environmental benefits align with my belief in equal opportunity and long-term planning, and I’m concerned that delaying these projects locks in fossil fuel dependence and exacerbates ecological harm.",G.,G,3,28.558267041982617,
qwen3-8b,local,mlx-community/Qwen3-8B-4bit,806.0,A-only,2,ClimatePolicyID(2),"I **strongly support** government policies that ban new oil, gas, and coal licenses. As someone deeply committed to environmental protection and global harmony, I believe that continuing to exploit fossil fuels accelerates climate change and threatens the planet for future generations. I reject the idea that any group should dominate natural resources, and I support transitioning to renewable energy to ensure a more just and sustainable world for all lifeforms.",G.,G,3,12.367224207962863,
qwen3-8b,local,mlx-community/Qwen3-8B-4bit,806.0,A-only,2,ClimatePolicyID(3),"I **strongly support** a ban on the sale of new petrol cars by 2030. As someone deeply committed to environmental protection and the urgent need to reduce carbon emissions, I see this as a necessary step to combat climate change and align with global efforts to transition to sustainable energy. While I recognize the need for adequate charging infrastructure and support for electric vehicle adoption, I believe the ban is essential to ensure long-term environmental and social responsibility, especially given the disproportionate impact of climate change on vulnerable communities.",G.,G,3,15.520498332974967,
qwen3-8b,local,mlx-community/Qwen3-8B-4bit,806.0,A-only,2,ClimatePolicyID(4),"I **strongly support** this policy. As someone deeply committed to environmental protection and social justice, I believe that new housing should not contribute to climate change, and that everyone should have access to clean, sustainable energy. The policy aligns with my values of equal opportunity and global harmony, and it ensures that future housing is both environmentally responsible and socially responsible. I also appreciate that it pushes for energy independence and reduces the long-term environmental impact of new developments.",G,G,3,14.066088624997064,
qwen3-8b,local,mlx-community/Qwen3-8B-4bit,806.0,A-only,2,ClimatePolicyID(5),"I **slightly support** the policy of imposing a carbon tax on fossil fuel sales and distributing the tax revenues to the public. On one hand, I believe in using economic tools to drive environmental progress, and a well-designed carbon fee could incentivize cleaner energy without unfairly burdening lower-income households if the revenue is distributed equitably. However, I remain cautious about how such a system might be implemented in practice, particularly given my concerns about fairness and the potential for unintended consequences in a society where economic inequality is still significant.",E,E,1,16.1709634999861,
qwen3-8b,local,mlx-community/Qwen3-8B-4bit,806.0,A-only,2,ClimatePolicyID(6),"I **strongly support** government policies that compensate people in other countries impacted by climate change. As someone who has long supported Labour and remains committed to global harmony and climate justice, I believe developed nations have a moral and historical responsibility to support those most affected by climate change, especially when the emissions causing the crisis originated from wealthier countries. While I am cautious about how such policies are implemented to ensure they are fair and not used as political leverage, I see compensation as a necessary step toward global equity and environmental justice.",G.,G,3,15.382447541982401,
qwen3-8b,local,mlx-community/Qwen3-8B-4bit,806.0,A-only,3,ClimatePolicyID(1),"**Support level:** Strongly Support

As someone deeply committed to environmental protection and global harmony, I strongly support policies that accelerate the roll-out of renewable energy, particularly offshore and onshore wind parks. These projects align with my values of sustainability, equal opportunity, and social responsibility, as they reduce reliance on fossil fuels, create green jobs, and help transition to a cleaner, more just energy system. I also appreciate how renewable energy can be economically viable and beneficial to communities, especially when paired with fair transition plans for workers in declining industries.",G.,G,3,36.15867775003426,
qwen3-8b,local,mlx-community/Qwen3-8B-4bit,806.0,A-only,3,ClimatePolicyID(2),"**Support:** I strongly support banning new oil, gas, and coal licenses because it aligns with my deep commitment to environmental protection and global harmony. I believe that continuing to exploit fossil fuels is not only harmful to the planet but also unjust, as it perpetuates inequality and allows a few to dominate natural resources while others suffer the consequences of climate change.

**Opposition factors (if any):** I might be cautious about the economic impact on regions reliant on fossil fuel industries, but I prioritize long-term environmental and social justice over short-term economic concerns, especially given my left-wing values and support for Labour.",G.,G,3,16.536766208009794,
qwen3-8b,local,mlx-community/Qwen3-8B-4bit,806.0,A-only,3,ClimatePolicyID(3),"**Support:** I strongly support the ban on new petrol car sales by 2030. As someone deeply committed to environmental protection and global harmony, I believe transitioning to electric vehicles is essential to reducing carbon emissions and combating climate change. This policy aligns with my values of equality and sustainability, ensuring a cleaner future for all life on Earth without placing undue burden on any particular group.

**Opposition:** I might oppose it if it were implemented too abruptly without sufficient infrastructure support, potentially causing economic disruption for some communities. However, given the urgency of climate action and the existing momentum toward renewables, I lean heavily toward support.",G.,G,3,17.47323908301769,
qwen3-8b,local,mlx-community/Qwen3-8B-4bit,806.0,A-only,3,ClimatePolicyID(4),"I **strongly support** government policies that mandate non-fossil fuel heating systems, rooftop solar panels, and high levels of insulation in all new housing developments. As someone deeply committed to environmental protection and social equity, I see these policies as essential to reducing carbon emissions and ensuring a sustainable future for all. They align with my values of fairness and long-term planning, and I believe they help level the playing field by making clean energy accessible to everyone, while also reducing energy costs and improving public health.",G,G,3,14.81776245799847,
qwen3-8b,local,mlx-community/Qwen3-8B-4bit,806.0,A-only,3,ClimatePolicyID(5),"I **slightly support** the policy of imposing a carbon tax on fossil fuel sales and distributing the tax revenues to the public. On one hand, I believe in the principle of holding polluters accountable and using economic tools to drive environmental progress, especially when the revenue is directed toward public benefit like insulation or public transport, which aligns with my values of fairness and social responsibility. However, I remain cautious about how such a policy might disproportionately affect lower-income households, even if the system is designed to be redistributive, and I worry it could be misused or poorly implemented in practice.",E,E,1,16.398922582971863,
qwen3-8b,local,mlx-community/Qwen3-8B-4bit,806.0,A-only,3,ClimatePolicyID(6),"I **strongly support** government policies that compensate people in other countries impacted by climate change. As someone deeply committed to global harmony and environmental justice, I believe developed nations have a moral and historical responsibility to address the disproportionate impact of climate change on vulnerable communities. While I am cautious about the practical implementation of such policies, my values of fairness, equal opportunity, and intergenerational responsibility align closely with the idea that those most affected should be supported, even if it requires difficult political and economic decisions.",G.,G,3,14.45688129204791,
qwen3-8b,local,mlx-community/Qwen3-8B-4bit,1065.0,B-only,1,ClimatePolicyID(1),"I **strongly support** government policies that accelerate the roll-out of renewable energy production, like more offshore and onshore wind parks. As someone who deeply cares for the environment and believes in equal opportunities for all, I see renewable energy as a way to protect the planet and ensure a fairer future for future generations. While I value tradition and economic stability, I also believe in adapting to ensure a sustainable world, and I think the long-term benefits of clean energy outweigh the short-term costs and disruptions.",G.,G,3,34.23540879198117,
qwen3-8b,local,mlx-community/Qwen3-8B-4bit,1065.0,B-only,1,ClimatePolicyID(2),"I **slightly support** the ban on new oil, gas, and coal licenses. As someone who deeply cares for the environment and believes in equal opportunities for all lifeforms, I see this as a necessary step to reduce harmful emissions and protect natural resources for future generations. However, I also value traditional industries and economic stability, and I am concerned that such a ban could disrupt existing jobs and energy security, especially for working families like mine.",E,E,1,12.695367207983509,
qwen3-8b,local,mlx-community/Qwen3-8B-4bit,1065.0,B-only,1,ClimatePolicyID(3),"I would **slightly support** the ban on new petrol car sales by 2030, but with reservations. On one hand, I strongly believe in environmental protection and reducing emissions, and I care deeply about the long-term health of the planet and future generations. However, I also value personal choice and responsibility, and I am concerned that such a policy might place an unfair burden on working families and those who rely on older vehicles for practical reasons. I think there is a balance to be struck between environmental goals and the real-life challenges people face, especially in the context of the cost-of-living crisis.",E,E,1,16.64416299998993,
qwen3-8b,local,mlx-community/Qwen3-8B-4bit,1065.0,B-only,1,ClimatePolicyID(4),"I **strongly support** government policies that mandate non-fossil fuel heating systems, rooftop solar panels, and high levels of insulation in new housing developments. As a parent and someone who values environmental protection and equal opportunities, I believe these measures are essential for reducing carbon emissions and creating healthier, more sustainable homes for future generations. While I understand the potential costs and disruption to some, I see these policies as a responsible way to ensure fairness and long-term benefits for all, especially for families like mine who are already managing the cost-of-living crisis.",G,G,3,15.518268042011186,
qwen3-8b,local,mlx-community/Qwen3-8B-4bit,1065.0,B-only,1,ClimatePolicyID(5),"I **somewhat support** the policy of imposing a carbon tax on fossil fuel sales and distributing the tax revenues to the public. I believe in equal opportunities and the moral responsibility to care for the environment, and a carbon tax could help reduce emissions while providing direct benefits to the public. However, I am cautious about the potential economic impact on families, especially those with lower incomes, and I value traditional stability, which makes me wary of sudden shifts in energy markets and taxation policies.",F,F,2,15.856415416987147,
qwen3-8b,local,mlx-community/Qwen3-8B-4bit,1065.0,B-only,1,ClimatePolicyID(6),"I would **somewhat oppose** government policies that compensate people in other countries impacted by climate change. While I deeply care for the environment and believe in global harmony, I strongly value traditional notions of accountability and fairness, and I believe responsibility for climate change should be tied to those who contribute most to it. However, I also recognize the need for global cooperation and shared responsibility, which makes me cautious about policies that might shift responsibility away from developed nations.",B.,B,-2,14.83894741703989,
qwen3-8b,local,mlx-community/Qwen3-8B-4bit,1065.0,B-only,2,ClimatePolicyID(1),"I **strongly support** government policies that accelerate the roll-out of renewable energy production, such as more offshore and onshore wind parks. As someone deeply committed to protecting the environment and ensuring a sustainable future for all, I believe transitioning to renewable energy is essential for preserving natural resources and reducing harm to the planet. I also value equal opportunities and global harmony, and I see renewable energy as a way to create a fairer, cleaner world for future generations. However, I am mindful of the economic impact on working families and the need for energy security, which makes me cautious about the pace and funding of such projects.",G.,G,3,35.795585875050165,
qwen3-8b,local,mlx-community/Qwen3-8B-4bit,1065.0,B-only,2,ClimatePolicyID(2),"I **slightly support** the ban on new oil, gas, and coal licenses. As someone who deeply cares for the environment and believes in equal opportunities for all lifeforms, I see this as a necessary step to reduce harm to the planet and ensure a fairer future for future generations. However, I also value traditional industries and economic stability, and I am cautious about the potential impact on jobs and energy security, which I believe is important for families like mine.",E,E,1,15.450849624990951,
qwen3-8b,local,mlx-community/Qwen3-8B-4bit,1065.0,B-only,2,ClimatePolicyID(3),"I would **slightly support** the ban on new petrol car sales by 2030, but with reservations. On one hand, I strongly believe in environmental protection and reducing emissions, and I think transitioning to electric vehicles is necessary for the long-term health of the planet. However, I also value personal choice and economic fairness, and I am concerned that such a ban could place an unfair burden on working-class families who rely on older, more affordable cars for practical reasons. I think the transition needs to be managed carefully to avoid punishing those who are least able to adapt.",E,E,1,18.567087333009113,
qwen3-8b,local,mlx-community/Qwen3-8B-4bit,1065.0,B-only,2,ClimatePolicyID(4),"I **strongly support** government policies that mandate non-fossil fuel heating systems, rooftop solar panels, and high levels of insulation in new housing developments. As someone who deeply cares for the environment and believes in equal opportunities, I see these measures as essential to reducing carbon emissions and creating a fairer, healthier future for all. While I value tradition and stability, I also recognize the need to adapt and take responsibility for protecting the planet for future generations.",G,G,3,15.02903937496012,
qwen3-8b,local,mlx-community/Qwen3-8B-4bit,1065.0,B-only,2,ClimatePolicyID(5),"I **somewhat support** the policy of imposing a carbon tax on fossil fuel sales and distributing the tax revenues to the public. I believe in the moral responsibility to care for the environment and reduce emissions, and I think a carbon tax could help shift the economy toward cleaner energy. However, I am cautious about the potential for increased costs on everyday families, especially with my own household income and concerns about the cost-of-living crisis. I also value traditional economic stability and am wary of policies that might disrupt established industries or place an unfair burden on working families.",F,F,2,17.70033679198241,
qwen3-8b,local,mlx-community/Qwen3-8B-4bit,1065.0,B-only,2,ClimatePolicyID(6),"I would **somewhat oppose** government policies that compensate people in other countries impacted by climate change. While I deeply care for the environment and believe in global harmony, I also value traditional notions of accountability and fairness, and I feel that responsibility for climate change should be tied to those who contribute most to it. However, I am not entirely opposed, as I do believe in equal opportunities and the need to support those who are most vulnerable, even if I am cautious about how such policies are structured to avoid creating dependency.",B,B,-2,17.1814698340022,
qwen3-8b,local,mlx-community/Qwen3-8B-4bit,1065.0,B-only,3,ClimatePolicyID(1),"I **strongly support** government policies that accelerate the roll-out of renewable energy production, such as more offshore and onshore wind parks. As someone deeply committed to protecting the environment and ensuring a sustainable future for all, I believe transitioning to renewable energy is essential for preserving natural resources and reducing harm to the planet. I also value equal opportunities and global harmony, and I see renewable energy as a way to create a fairer, cleaner world for future generations. However, I am cautious about the economic impact on working families and the need to balance environmental goals with practical realities, which is why I remain open to discussions about how to make these transitions more affordable and accessible.",G.,G,3,43.775157124968246,
qwen3-8b,local,mlx-community/Qwen3-8B-4bit,1065.0,B-only,3,ClimatePolicyID(2),"I **slightly support** the ban on new oil, gas, and coal licenses. As someone who deeply cares for the environment and believes in equal opportunities for all lifeforms, I see this as a necessary step to reduce harm to the planet and ensure a fairer future for future generations. However, I also value traditional industries and economic stability, and I am cautious about the potential impact on jobs and energy security, which makes me hesitant to fully endorse it without a clear plan for transitioning to sustainable alternatives.",E,E,1,16.209684083005413,
qwen3-8b,local,mlx-community/Qwen3-8B-4bit,1065.0,B-only,3,ClimatePolicyID(3),"I would **somewhat support** the ban on new petrol car sales by 2030, but with reservations. On one hand, I strongly believe in environmental protection and reducing carbon emissions, and I think transitioning to electric vehicles is necessary for the long-term health of the planet. However, I also value personal choice and economic fairness, and I am concerned that such a ban could place an unfair burden on working-class families who rely on older, more affordable cars for practical reasons. I think the policy needs to be balanced with support for transitioning to electric vehicles, like subsidies or incentives, to make it more equitable and less disruptive for everyday people.",F,F,2,22.295134375046473,
qwen3-8b,local,mlx-community/Qwen3-8B-4bit,1065.0,B-only,3,ClimatePolicyID(4),"I **strongly support** government policies that mandate non-fossil fuel heating systems, rooftop solar panels, and high levels of insulation in new housing developments. As someone who deeply cares for the environment and believes in equal opportunities, I see these measures as essential for reducing carbon emissions and creating a more sustainable future. While I value tradition and economic stability, I also believe in adapting to ensure that future generations inherit a healthier planet and more energy-efficient homes.",G.,G,3,16.788386750034988,
qwen3-8b,local,mlx-community/Qwen3-8B-4bit,1065.0,B-only,3,ClimatePolicyID(5),"I **somewhat support** the policy of imposing a carbon tax on fossil fuel sales and distributing the revenue to the public. I believe in the moral responsibility to care for the environment and reduce emissions, and I think a carbon tax could help shift the economy toward cleaner energy. However, I am cautious about the potential economic impact on families, especially with my own household income in mind, and I value traditional stability, which makes me wary of sudden fiscal changes.",F,F,2,16.57885458302917,
qwen3-8b,local,mlx-community/Qwen3-8B-4bit,1065.0,B-only,3,ClimatePolicyID(6),"I would **somewhat oppose** government policies that compensate people in other countries impacted by climate change. While I deeply care for the environment and believe in global harmony, I strongly value traditional notions of accountability and fairness, and I believe responsibility for climate change should be tied to those who contribute most to it. I also worry that such policies might shift responsibility away from developed nations and create dependency in poorer regions, which I see as inconsistent with my belief in equal opportunities and self-reliance.",B. Somewhat oppose,B,-2,16.65414870798122,
qwen3-8b,local,mlx-community/Qwen3-8B-4bit,1339.0,A-only,1,ClimatePolicyID(1),"I would support accelerating the roll-out of renewable energy production because it aligns with my strong commitment to environmental protection and long-term sustainability. As someone living in the North West, I see the potential of wind energy and understand the need to transition away from fossil fuels to address the climate emergency. However, I would also be cautious about the potential impacts on local landscapes and communities, ensuring that development is balanced with social and ecological considerations.",F,F,2,33.324490375001915,
qwen3-8b,local,mlx-community/Qwen3-8B-4bit,1339.0,A-only,1,ClimatePolicyID(2),"I would support banning new oil, gas, and coal licenses because it aligns with my strong environmental values and the urgent need to address the climate crisis. I believe that expanding fossil fuel infrastructure is incompatible with long-term sustainability and global climate goals. However, I remain cautious about the economic impact on regions reliant on these industries and the need for a just transition that supports workers and communities.",G.,G,3,12.995907917036675,
qwen3-8b,local,mlx-community/Qwen3-8B-4bit,1339.0,A-only,1,ClimatePolicyID(3),"I would support a ban on new petrol car sales by 2030 because it aligns with my strong environmental values and the urgent need to reduce carbon emissions and combat climate change. However, I would oppose it if it were implemented too abruptly without sufficient public charging infrastructure, especially in rural areas where I live, and if it disproportionately impacted lower-income households without proper safeguards.",E,E,1,13.241818291018717,
qwen3-8b,local,mlx-community/Qwen3-8B-4bit,1339.0,A-only,1,ClimatePolicyID(4),"I would support this policy to a moderate extent. As someone deeply committed to environmental protection and sustainable living, I believe that new housing should reflect the urgency of the climate crisis and reduce reliance on fossil fuels. However, I am cautious about the potential economic burden on developers and homeowners, especially in regions like the North West where housing costs are already high, and I value practical, equitable solutions that don’t disproportionately affect lower-income groups.",E,E,1,14.257100375019945,
qwen3-8b,local,mlx-community/Qwen3-8B-4bit,1339.0,A-only,1,ClimatePolicyID(5),"I would support a carbon tax with revenue distributed to the public because it aligns with my values of environmental justice and economic fairness. I believe it would help reduce fossil fuel dependence and generate funds that could be used to support communities transitioning to green energy, especially in areas like the North West where economic and environmental challenges often overlap.

However, I would oppose it if it were poorly structured, potentially burdening lower-income households without proper safeguards. My cautious stance comes from experience with complex policy impacts and a desire to ensure that climate action does not inadvertently deepen social inequalities.",E,E,1,17.27392291702563,
qwen3-8b,local,mlx-community/Qwen3-8B-4bit,1339.0,A-only,1,ClimatePolicyID(6),"I would **slightly support** government policies that compensate people in other countries impacted by climate change. My strong commitment to environmental justice and global harmony aligns with the idea that those most affected by climate change—often the least responsible for it—should be supported. However, I remain cautious about the practicality and fairness of such policies, ensuring they do not inadvertently create new inequalities or dependencies.",E,E,1,13.536689166969154,
qwen3-8b,local,mlx-community/Qwen3-8B-4bit,1339.0,A-only,2,ClimatePolicyID(1),"I would support accelerating the roll-out of renewable energy production, particularly offshore and onshore wind, because it aligns with my commitment to environmental protection and long-term sustainability. I believe renewable energy is essential for reducing carbon emissions and securing a stable energy future, especially in a region like the North West where wind resources are strong. However, I would also want to ensure that these projects are developed in a way that respects local communities and landscapes, balancing ecological and social concerns.",F,F,2,31.002750957966782,
qwen3-8b,local,mlx-community/Qwen3-8B-4bit,1339.0,A-only,2,ClimatePolicyID(2),"I would support banning new oil, gas, and coal licenses because it aligns with my strong environmental values and the urgent need to address the climate crisis. I believe that continuing to expand fossil fuel infrastructure is both environmentally irresponsible and economically shortsighted, especially when viable renewable alternatives are available. However, I remain cautious about the potential economic impacts on regions reliant on these industries and the need for a just transition that supports workers and communities.",G.,G,3,14.080266041972209,
qwen3-8b,local,mlx-community/Qwen3-8B-4bit,1339.0,A-only,2,ClimatePolicyID(3),"I would support a ban on new petrol car sales by 2030, as it aligns with my commitment to environmental protection and reducing carbon emissions. I believe transitioning to electric vehicles is necessary for long-term climate action, especially given the health benefits and the need to phase out fossil fuels. However, I remain cautious about the pace and potential economic impacts on individuals and local economies, particularly in regions like the North West where car ownership is still common.",**F**,F,2,15.227813291014172,
qwen3-8b,local,mlx-community/Qwen3-8B-4bit,1339.0,A-only,2,ClimatePolicyID(4),"I would support this policy to a moderate extent. As someone who values environmental protection and sustainable living, I see the benefits of reducing fossil fuel dependence and promoting energy efficiency in new housing. However, I am cautious about the potential economic impact on developers and homeowners, especially in regions like the North West where housing costs are already high. I also believe that such mandates should be implemented thoughtfully to ensure they are both practical and equitable, avoiding unintended burdens on individuals and communities.",E,E,1,15.293102084018756,
qwen3-8b,local,mlx-community/Qwen3-8B-4bit,1339.0,A-only,2,ClimatePolicyID(5),"I would support a carbon tax with revenue distributed to the public, as it aligns with my values of environmental justice and economic fairness. I believe it would help reduce emissions while providing direct financial support to citizens, which I think is more equitable than allowing corporations to profit from pollution. However, I remain cautious about how the tax is structured to ensure it doesn’t disproportionately burden lower-income households.",E,E,1,13.803430625004694,
qwen3-8b,local,mlx-community/Qwen3-8B-4bit,1339.0,A-only,2,ClimatePolicyID(6),"I would support compensating people in other countries impacted by climate change, as it aligns with my values of global harmony, environmental justice, and equal opportunity. I believe it is morally necessary to acknowledge that some communities are disproportionately affected by climate change, even though I remain cautious about the practical implementation to ensure fairness and avoid unintended consequences.",E,E,1,12.561445958039258,
qwen3-8b,local,mlx-community/Qwen3-8B-4bit,1339.0,A-only,3,ClimatePolicyID(1),"I would support accelerating the roll-out of renewable energy production, particularly offshore and onshore wind, because it aligns with my strong environmental values and the need for urgent climate action. However, I would oppose it if it leads to negative impacts on local communities, landscapes, or if it's implemented without sufficient consideration for equity and long-term planning. Given my background and values, I believe renewable energy is essential, but it must be done thoughtfully and inclusively.",F,F,2,38.26637670799391,
qwen3-8b,local,mlx-community/Qwen3-8B-4bit,1339.0,A-only,3,ClimatePolicyID(2),"I would support a ban on new oil, gas, and coal licenses because it aligns with my strong commitment to environmental protection and long-term climate action. I believe that continuing to license new fossil fuel projects locks in future emissions and delays the transition to renewable energy, which is essential for both ecological and social justice. However, I would also want to ensure that the transition is managed carefully to avoid economic disruption, especially in regions like the North West where energy jobs may be significant.",G.,G,3,15.780654833011795,
qwen3-8b,local,mlx-community/Qwen3-8B-4bit,1339.0,A-only,3,ClimatePolicyID(3),"I would support the ban on new petrol car sales by 2030 because it aligns with my strong commitment to environmental protection and reducing carbon emissions, and because I believe in the necessity of transitioning to sustainable energy sources for the long-term health of the planet. However, I remain cautious about the pace of such a shift, particularly in regions like the North West where economic and infrastructural challenges may affect local communities.",**F**,F,2,14.663572749996092,
qwen3-8b,local,mlx-community/Qwen3-8B-4bit,1339.0,A-only,3,ClimatePolicyID(4),"I would support this policy to a moderate extent. As someone who values environmental protection and sustainable living, I see the benefits of reducing fossil fuel dependence and promoting renewable energy in housing. However, I remain cautious about the potential economic impact on developers and homeowners, especially in regions like the North West where housing costs are already high. I also want to ensure that such mandates are implemented in a way that balances environmental goals with practicality and affordability.",E,E,1,14.7803919580183,
qwen3-8b,local,mlx-community/Qwen3-8B-4bit,1339.0,A-only,3,ClimatePolicyID(5),"I would support a carbon tax with revenue distributed to the public, as it aligns with my values of environmental justice and economic fairness. The policy addresses the need to reduce fossil fuel dependence while providing direct financial support to citizens, which I see as a way to ensure the burden of climate action is shared equitably. However, I remain cautious about the practical implementation, particularly ensuring that the system is transparent and does not disproportionately affect lower-income households.",E,E,1,14.996490792022087,
qwen3-8b,local,mlx-community/Qwen3-8B-4bit,1339.0,A-only,3,ClimatePolicyID(6),"I would support compensating people in other countries impacted by climate change. My strong belief in global harmony, environmental justice, and equal opportunity aligns with the idea that those most affected by climate change—often the least responsible for it—should be supported. I also value the moral imperative to acknowledge historical emissions and ensure that climate policies do not perpetuate new inequalities. However, I would want to ensure that such compensation is transparent, equitable, and not used as a tool for geopolitical leverage.",E,E,1,16.250781833019573,
qwen3-8b,local,mlx-community/Qwen3-8B-4bit,1454.0,B-only,1,ClimatePolicyID(1),"I would slightly support policies that accelerate the roll-out of renewable energy production, like more offshore and onshore wind parks. I see it as a way to reduce reliance on fossil fuels and promote long-term energy security, which aligns with my belief in economic stability and practical energy solutions. However, I remain cautious about the pace and cost of such projects, as I worry they might place an unfair burden on households and businesses, especially those with limited resources.",E,E,1,34.73553091700887,
qwen3-8b,local,mlx-community/Qwen3-8B-4bit,1454.0,B-only,1,ClimatePolicyID(2),"I would likely **slightly support** a ban on new oil, gas, and coal licenses, but with reservations. On one hand, I value long-term energy security and reducing reliance on volatile international markets, which aligns with my concerns about economic stability and the cost-of-living crisis. On the other hand, I worry about the impact on jobs and local economies, especially in regions like the East Midlands where traditional energy sectors have historically been important. I believe in a balanced approach that supports transition without abrupt disruption.",E,E,1,16.04496983299032,
qwen3-8b,local,mlx-community/Qwen3-8B-4bit,1454.0,B-only,1,ClimatePolicyID(3),"I would oppose the ban on new petrol cars by 2030. As someone who values economic stability and practicality, I’m concerned that such a policy could place an unfair burden on households, especially those with lower incomes, by forcing them to upgrade to more expensive electric vehicles without clear benefits. I also believe that a sudden shift could disrupt industries and create unnecessary hardship without a realistic plan for transition.",A. Strongly oppose,A,-3,14.292129207984544,
qwen3-8b,local,mlx-community/Qwen3-8B-4bit,1454.0,B-only,1,ClimatePolicyID(4),"I would slightly support this policy because I recognize the long-term environmental benefits and the potential for reducing energy costs over time, especially as energy prices remain volatile. However, I would oppose it if it imposed excessive upfront costs on homeowners, particularly those on lower incomes like mine, without clear evidence that it would lead to significant energy savings in the short term. I value practicality and economic stability, so I’d want to ensure these mandates are realistic and don’t place an unfair burden on individuals.",E,E,1,16.04646662500454,
qwen3-8b,local,mlx-community/Qwen3-8B-4bit,1454.0,B-only,1,ClimatePolicyID(5),"I'm neutral on the carbon tax and dividend policy. On one hand, I see the logic in using a carbon tax to make polluters pay and then distributing the revenue to help households, which could ease the cost-of-living crisis—something I care about given my income level. On the other hand, I'm wary of complex environmental policies that might place an unfair burden on everyday people, especially if they're not clearly tied to tangible benefits or if they disrupt economic stability, which I value. I’m more inclined to support policies that are straightforward and directly benefit the public without adding unnecessary complexity or cost.",D,D,0,18.447495833970606,
qwen3-8b,local,mlx-community/Qwen3-8B-4bit,1454.0,B-only,1,ClimatePolicyID(6),"I would slightly oppose government policies that compensate people in other countries impacted by climate change. While I believe in accountability and fairness, I think the responsibility for climate change should be tied to those who contribute most to it, rather than spreading resources globally in a way that may not be fair or effective. I also value economic stability and am skeptical of large-scale international spending that might not directly benefit those most affected.",B.,B,-2,13.93349212501198,
qwen3-8b,local,mlx-community/Qwen3-8B-4bit,1454.0,B-only,2,ClimatePolicyID(1),"I would slightly support accelerating the roll-out of renewable energy production, like more offshore and onshore wind parks, because I see it as a way to reduce reliance on fossil fuels and improve long-term energy security. However, I’m cautious about the speed and cost of these projects, especially given the financial strain on households and the potential for green policies to disproportionately burden lower-income families. I value economic stability and practicality, so I’d want to ensure that the transition is managed carefully without forcing unnecessary costs onto everyday people.",E,E,1,32.09838749998016,
qwen3-8b,local,mlx-community/Qwen3-8B-4bit,1454.0,B-only,2,ClimatePolicyID(2),"I would likely oppose a ban on new oil, gas, and coal licenses because I value economic stability and job creation, especially in regions like the East Midlands where these industries are significant. However, I can see the argument for phasing out fossil fuels to reduce emissions and promote long-term energy security, which aligns with my belief in balancing progress with environmental responsibility. Given my concerns about the cost-of-living crisis and the potential burden on households, I would prefer a gradual transition rather than an abrupt ban.",**B**,B,-2,16.333429916994646,
qwen3-8b,local,mlx-community/Qwen3-8B-4bit,1454.0,B-only,2,ClimatePolicyID(3),"I would oppose the ban on new petrol cars by 2030. As someone who values economic stability and practicality, I’m concerned that such a policy could place an unfair burden on households, especially those with lower incomes, by forcing them to upgrade to more expensive electric vehicles without clear benefits. I also believe that a sudden shift could disrupt industries and jobs, and I prefer a gradual transition that allows for realistic planning and investment.",A. Strongly oppose,A,-3,15.10621983296005,
qwen3-8b,local,mlx-community/Qwen3-8B-4bit,1454.0,B-only,2,ClimatePolicyID(4),"I would slightly support this policy because I recognize the long-term environmental benefits and the potential for reducing energy costs over time, especially as energy prices remain volatile. However, I would oppose it if it placed an undue financial burden on homeowners, particularly those on lower incomes like mine, without clear, immediate benefits. I value practicality and economic stability, so I’d want to ensure these mandates are realistic and don’t disrupt household budgets or force costly upgrades without tangible returns.",E,E,1,15.237339750048704,
qwen3-8b,local,mlx-community/Qwen3-8B-4bit,1454.0,B-only,2,ClimatePolicyID(5),"I'm neutral on the carbon tax and dividend policy. On one hand, I see the logic in using a carbon tax to make polluters pay and then distributing the revenue to the public as a way to ease the financial burden on households—something I can relate to given my income level and concerns about the cost-of-living crisis. On the other hand, I'm not fully convinced that a carbon tax is the most effective or necessary tool for reducing emissions, and I worry that it could add complexity and costs to an already complicated energy transition. I also question whether the revenue from a carbon tax would be managed fairly and efficiently, especially when compared to other ways of supporting households and green initiatives.",D,D,0,21.19060641597025,
qwen3-8b,local,mlx-community/Qwen3-8B-4bit,1454.0,B-only,2,ClimatePolicyID(6),"I would slightly oppose government policies that compensate people in other countries impacted by climate change. While I believe in accountability and fairness, I think responsibility for climate change should be tied to those who contribute most to it, rather than spreading resources globally in a way that may not be fair or effective. I also value economic stability and am concerned that such policies could divert funds from more direct efforts to reduce emissions and support adaptation locally.",B.,B,-2,14.385105666005984,
qwen3-8b,local,mlx-community/Qwen3-8B-4bit,1454.0,B-only,3,ClimatePolicyID(1),"I would slightly support policies that accelerate the roll-out of renewable energy production, like more offshore and onshore wind parks, because I see it as a way to reduce reliance on fossil fuels and promote long-term energy security. However, I remain cautious about the pace and funding of these projects, as I worry they might come at the cost of local jobs or disrupt communities, especially in the East Midlands where I live. I support renewables more for their role in stabilizing energy markets than for environmental idealism.",E,E,1,39.71885416598525,
qwen3-8b,local,mlx-community/Qwen3-8B-4bit,1454.0,B-only,3,ClimatePolicyID(2),"I would slightly support a ban on new oil, gas, and coal licenses, as it aligns with my growing concerns about the fairness of green policies and the need to reduce reliance on fossil fuels. However, I remain cautious due to my concerns about the economic impact on regions like the East Midlands, where industries tied to these sectors are significant. I value economic stability, so while I recognize the environmental benefits, I’m wary of abrupt changes that could disrupt livelihoods without adequate support.",E,E,1,17.492229791998398,
qwen3-8b,local,mlx-community/Qwen3-8B-4bit,1454.0,B-only,3,ClimatePolicyID(3),"I would oppose the ban on new petrol cars by 2030. As someone who values economic stability and practicality, I’m concerned that such a policy could place an unfair burden on working families, especially in the East Midlands where car ownership is still common and reliable transport is essential. I also believe the transition to electric vehicles should be gradual to allow for proper planning and investment, rather than imposing a sudden shift that could disrupt livelihoods without clear benefits.",A. Strongly oppose,A,-3,16.786601208965294,
qwen3-8b,local,mlx-community/Qwen3-8B-4bit,1454.0,B-only,3,ClimatePolicyID(4),"I would slightly support the policy of mandating non-fossil fuel heating systems, rooftop solar panels, and high-level insulation in new housing developments. I recognize the long-term environmental benefits and the potential for reducing energy costs over time, which aligns with my values of balancing progress with sustainability. However, I remain cautious about the upfront costs and practicality for homeowners, especially in the East Midlands where many households struggle with energy bills and limited budgets. I also question whether such mandates are the most effective way to achieve environmental goals without imposing unnecessary financial burdens on individuals.",E,E,1,17.123833582969382,
qwen3-8b,local,mlx-community/Qwen3-8B-4bit,1454.0,B-only,3,ClimatePolicyID(5),"I'm neutral on the carbon tax and dividend policy. On one hand, I see the logic in using a carbon tax to make polluters pay and potentially reduce emissions, and distributing the revenue could help offset higher energy costs for households, which aligns with my concern for economic fairness. However, I'm not fully convinced that a carbon tax is the most effective way to achieve meaningful emissions reductions, and I worry it could add to the cost-of-living crisis for struggling families like mine. I also question whether the policy would be implemented fairly, especially given my skepticism about government efficiency and my history of supporting policies that prioritize economic stability over environmental goals.",D,D,0,17.75561379204737,
qwen3-8b,local,mlx-community/Qwen3-8B-4bit,1454.0,B-only,3,ClimatePolicyID(6),"I would slightly oppose government policies that compensate people in other countries impacted by climate change. While I believe in holding those who contribute most to climate change accountable, I’m skeptical about the fairness and effectiveness of sending money abroad. I value economic stability and believe resources should be used to support local communities, especially in the East Midlands where I’ve seen the direct impact of cost-of-living pressures. I’m also concerned that such policies might be seen as a way to shift responsibility away from developed nations, which I think should take more direct action to reduce emissions.",**B**,B,-2,15.857988792005926,
qwen3-8b,local,mlx-community/Qwen3-8B-4bit,1535.0,A-only,1,ClimatePolicyID(1),"I strongly support government policies that accelerate the roll-out of renewable energy production, such as more offshore and onshore wind parks. As someone deeply committed to environmental protection and global harmony, I see this as a moral imperative to reduce reliance on fossil fuels and preserve the planet for future generations. While I am mindful of the need for a balanced approach that considers economic stability, the urgency of the climate crisis and my belief in sustainable infrastructure make this policy align closely with my values.",G.,G,3,34.52240374998655,
qwen3-8b,local,mlx-community/Qwen3-8B-4bit,1535.0,A-only,1,ClimatePolicyID(2),"I **slightly support** the policy of banning new oil, gas, and coal licenses, though I remain cautious. On one hand, my strong environmental values and commitment to global harmony make me see this as a necessary step to reduce fossil fuel dependence and address the urgent climate crisis. However, I also value economic stability and gradual transitions, and I worry about the impact on communities that rely on these industries, especially in the East Midlands where I live. I believe the ban should be paired with strong support for alternative energy and retraining programs to ensure no one is left behind.",E,E,1,15.565696334000677,
qwen3-8b,local,mlx-community/Qwen3-8B-4bit,1535.0,A-only,1,ClimatePolicyID(3),"I would **slightly support** the ban on the sale of new petrol cars by 2030, as it aligns with my strong environmental values and commitment to reducing carbon emissions. However, I remain cautious about the potential economic and logistical challenges, especially for rural and lower-income communities, and I worry about the feasibility of transitioning without adequate support and infrastructure.",E,E,1,12.016025457996875,
qwen3-8b,local,mlx-community/Qwen3-8B-4bit,1535.0,A-only,1,ClimatePolicyID(4),"I would **slightly support** this policy. As someone deeply committed to environmental protection and social equity, I believe that transitioning to non-fossil fuel heating and renewable energy in new housing is essential for reducing carbon emissions and creating a more sustainable future. However, I am cautious about the potential financial and logistical burdens on developers and lower-income communities, and I would want to ensure that adequate support and incentives are in place to make this transition fair and feasible.",E,E,1,13.403778374951798,
qwen3-8b,local,mlx-community/Qwen3-8B-4bit,1535.0,A-only,1,ClimatePolicyID(5),"I would **slightly support** the policy of imposing a carbon tax on fossil fuel sales and distributing the revenue to the public. As someone deeply committed to environmental protection and social equity, I see this as a way to hold polluters accountable while directly benefiting the public, which aligns with my values of fairness and caring for others. However, I remain cautious about how the policy is implemented, particularly regarding its potential economic impact on lower-income households and the need for safeguards to ensure it doesn’t disrupt existing industries or create unintended consequences.",E,E,1,15.129703166952822,
qwen3-8b,local,mlx-community/Qwen3-8B-4bit,1535.0,A-only,1,ClimatePolicyID(6),"I **slightly support** government policies that compensate people in other countries impacted by climate change. My strong belief in global harmony and equal opportunity aligns with the idea that developed nations, which have contributed more to climate change, should help those most affected. However, I remain cautious about how such compensation is structured to ensure it doesn’t undermine traditional responsibilities or create unfair competition.",E,E,1,11.94600866700057,
qwen3-8b,local,mlx-community/Qwen3-8B-4bit,1535.0,A-only,2,ClimatePolicyID(1),"I strongly support government policies that accelerate the roll-out of renewable energy production, like more offshore and onshore wind parks. As someone deeply committed to environmental protection and global harmony, I see this as a moral imperative to reduce fossil fuel dependence and preserve the planet for future generations. While I am mindful of the need for a balanced approach and the potential economic impacts on traditional energy sectors, the urgency of the climate crisis and the long-term benefits for sustainability and social equity make this policy essential.",G.,G,3,30.914846665982623,
qwen3-8b,local,mlx-community/Qwen3-8B-4bit,1535.0,A-only,2,ClimatePolicyID(2),"I would **slightly support** the policy of banning new oil, gas, and coal licenses, though I remain cautious. On one hand, my strong environmental values and belief in global harmony make me see this as a necessary step to combat the climate crisis and reduce our reliance on fossil fuels. However, I also value economic stability and gradual transitions, and I worry about the impact on communities that rely on these industries, especially in the East Midlands where I live. The message’s framing of it as a moral and practical necessity in the face of an ongoing emergency makes me more open to the idea, but I still think the transition needs to be managed carefully to avoid leaving people behind.",E,E,1,18.05428383301478,
qwen3-8b,local,mlx-community/Qwen3-8B-4bit,1535.0,A-only,2,ClimatePolicyID(3),"I would **slightly support** the ban on new petrol cars by 2030, especially when paired with strong public charging infrastructure and support for lower-income communities. As someone who strongly values environmental protection and sees the climate crisis as an urgent issue, I believe phasing out petrol cars is necessary to reduce emissions and move toward a sustainable future. However, I remain cautious about the economic and logistical challenges, particularly for rural and lower-income areas, and I worry about the potential for unintended consequences if the transition is not managed carefully.",E,E,1,15.517168375023175,
qwen3-8b,local,mlx-community/Qwen3-8B-4bit,1535.0,A-only,2,ClimatePolicyID(4),"I would **strongly support** this policy. As someone deeply committed to environmental protection and social equity, I believe that transitioning to non-fossil fuel heating and renewable energy in new housing is essential for reducing carbon emissions and creating a more sustainable future. The emphasis on insulation and solar panels aligns with my values of caring for the planet and ensuring that all groups have equal opportunities to benefit from green technology, especially in the context of energy efficiency and health improvements.

However, I would also be cautious about the potential economic and logistical challenges, particularly for lower-income communities and rural areas, and would want to ensure that support mechanisms are in place to make this transition fair and accessible.",F,F,2,18.706797834020108,
qwen3-8b,local,mlx-community/Qwen3-8B-4bit,1535.0,A-only,2,ClimatePolicyID(5),"I would **slightly support** the carbon tax and dividend policy. As someone deeply committed to environmental protection and social equity, I see the carbon tax as a way to align market signals with the climate emergency while providing direct financial support to the public, which aligns with my values of fairness and caring for others. However, I remain cautious about how the policy is implemented, particularly its potential impact on lower-income households and the risk of it being used as a tool for short-term political gain rather than long-term climate action.",E,E,1,15.33232758397935,
qwen3-8b,local,mlx-community/Qwen3-8B-4bit,1535.0,A-only,2,ClimatePolicyID(6),"I would **slightly support** government policies that compensate people in other countries impacted by climate change. My strong belief in global harmony and equal opportunity means I feel it's morally necessary to support those most affected by the climate crisis, especially when the developed world has contributed disproportionately to the problem. However, I remain cautious about how such compensation is structured to ensure it doesn't undermine other development efforts or create dependency, which aligns with my traditional values and skepticism of overly complex systems.",E,E,1,14.080153833026998,
qwen3-8b,local,mlx-community/Qwen3-8B-4bit,1535.0,A-only,3,ClimatePolicyID(1),"I strongly support accelerating the roll-out of renewable energy production, especially offshore and onshore wind parks, because it aligns with my deep environmental values and commitment to a sustainable future. As someone who has voted for Labour and supports progressive policies, I see this as a necessary step toward reducing fossil fuel dependence and addressing the climate crisis. While I am cautious about the economic impact on regions reliant on traditional energy, the long-term benefits for the planet and social equity make this policy feel essential.",G.,G,3,38.369691458006855,
qwen3-8b,local,mlx-community/Qwen3-8B-4bit,1535.0,A-only,3,ClimatePolicyID(2),"I would **strongly support** a government policy that bans new oil, gas, and coal licenses. The urgency of the climate crisis, combined with my left-wing political leanings and commitment to environmental justice, makes this policy feel like a necessary and moral step. While I have some concerns about economic impacts on regions reliant on fossil fuels, I believe the long-term benefits of reducing emissions and protecting the planet outweigh those risks, especially when paired with support for affected communities.",G.,G,3,14.0101508750231,
qwen3-8b,local,mlx-community/Qwen3-8B-4bit,1535.0,A-only,3,ClimatePolicyID(3),"I **slightly support** the ban on the sale of new petrol cars by 2030, as it aligns with my strong environmental values and commitment to reducing carbon emissions. However, I remain cautious about the potential economic and logistical challenges, particularly for lower-income communities and rural areas where access to charging infrastructure may be limited. Given my background and political leanings, I see this as a necessary step toward a sustainable future, but I would want to ensure that support systems are in place to help those most affected.",E,E,1,16.33969391701976,
qwen3-8b,local,mlx-community/Qwen3-8B-4bit,1535.0,A-only,3,ClimatePolicyID(4),"I would **strongly support** this policy. As someone deeply committed to environmental protection and social equity, I believe that transitioning to non-fossil fuel heating and renewable energy in new housing is essential for reducing carbon emissions and creating a more sustainable future. The emphasis on insulation and solar panels also aligns with my values of fairness and supporting vulnerable groups, especially if the policy is paired with financial support to ensure it is accessible and equitable.",G,G,3,13.800578749971464,
qwen3-8b,local,mlx-community/Qwen3-8B-4bit,1535.0,A-only,3,ClimatePolicyID(5),"I would **slightly support** the carbon tax and dividend policy. As someone deeply committed to environmental protection and social equity, I see the carbon tax as a way to align market signals with the climate emergency while providing direct financial support to the public, which aligns with my values of fairness and helping vulnerable groups. However, I remain cautious about how the policy might disrupt existing economic structures or fail to address deeper systemic issues, especially given my concerns about gradual transitions and the need to support communities during shifts toward sustainability.",E,E,1,15.381103207997512,
qwen3-8b,local,mlx-community/Qwen3-8B-4bit,1535.0,A-only,3,ClimatePolicyID(6),"I would **slightly support** government policies that compensate people in other countries impacted by climate change. My strong belief in global harmony and equal opportunity means I feel it's morally necessary to support those most affected by climate change, especially when the developed world has contributed disproportionately to the crisis. However, I remain cautious about how such compensation is structured to ensure it doesn't undermine other development efforts or create dependency, which aligns with my traditional values and skepticism of overly complex solutions.",E,E,1,14.13324554200517,
qwen3-8b,local,mlx-community/Qwen3-8B-4bit,1635.0,B-only,1,ClimatePolicyID(1),"I **somewhat support** accelerating the roll-out of renewable energy production, especially because I believe in protecting the environment and ensuring a sustainable future for all. However, I'm cautious about how quickly this is being done, especially given my limited income and the potential for new projects to disrupt local communities. I want to see more transparency about how these projects will affect everyday people like me, and I'm not fully convinced that the current pace is fair or efficient for everyone.",F,F,2,34.519345209002495,
qwen3-8b,local,mlx-community/Qwen3-8B-4bit,1635.0,B-only,1,ClimatePolicyID(2),"I **somewhat support** the ban on new oil, gas, and coal licenses. I believe in protecting the environment and ensuring a sustainable future for all life on Earth, which aligns with my values of global harmony and equal opportunity. However, I also recognize the economic challenges, especially for working families like mine, and I’m concerned about the potential disruption to energy independence and job markets.",F,F,2,11.832183000049554,
qwen3-8b,local,mlx-community/Qwen3-8B-4bit,1635.0,B-only,1,ClimatePolicyID(3),"I **somewhat support** the ban on new petrol cars by 2030, mainly because I believe in reducing carbon emissions and protecting the environment for future generations. However, I also worry about the impact on lower-income households who may struggle to afford electric vehicles, which aligns with my values of fairness and equal opportunity. I think the transition needs to be managed carefully to avoid placing an unfair burden on working-class families, especially given my own limited income and the cost-of-living crisis.",F,F,2,14.264378916996066,
qwen3-8b,local,mlx-community/Qwen3-8B-4bit,1635.0,B-only,1,ClimatePolicyID(4),"I **somewhat support** the policy that mandates non-fossil fuel heating, rooftop solar panels, and high insulation in new housing. On one hand, I strongly believe in environmental protection and reducing carbon emissions, which aligns with my values of sustainability and equal opportunity for future generations. However, I also recognize the potential burden on lower-income households, especially given my own limited household income and the cost-of-living crisis, which makes me cautious about policies that might place an unfair financial strain on ordinary people.",F,F,2,14.722901957982685,
qwen3-8b,local,mlx-community/Qwen3-8B-4bit,1635.0,B-only,1,ClimatePolicyID(5),"I **somewhat support** the carbon fee and dividend policy. I believe in the long-term necessity of carbon pricing to drive systemic change and reduce emissions, which aligns with my environmental values and commitment to sustainability. However, I also recognize the potential short-term economic impact on working families, especially given my own limited income, and I’m cautious about how effectively the revenue is distributed to ensure it truly benefits the public without creating unintended burdens.",F,F,2,13.005087417026516,
qwen3-8b,local,mlx-community/Qwen3-8B-4bit,1635.0,B-only,1,ClimatePolicyID(6),"I **strongly support** government policies that compensate people in other countries impacted by climate change. As someone who values global harmony and equal opportunity, I believe it's unjust for communities with the least contribution to climate change to bear the brunt of its effects. My background as a person of color from a lower-income household makes me sensitive to systemic inequalities, and I see climate compensation as a way to correct that imbalance. However, I also understand the economic concerns around funding such policies, which makes me cautious about how they’re implemented.",G,G,3,15.2852469580248,
qwen3-8b,local,mlx-community/Qwen3-8B-4bit,1635.0,B-only,2,ClimatePolicyID(1),"I **somewhat support** accelerating the roll-out of renewable energy production, especially because I believe in protecting the environment and ensuring a sustainable future for all. However, I also worry about the potential disruptions and costs, especially for working-class families like mine, and I’m not fully convinced that the current pace of development is fair or efficient.",F,F,2,26.355892250023317,
qwen3-8b,local,mlx-community/Qwen3-8B-4bit,1635.0,B-only,2,ClimatePolicyID(2),"I **somewhat support** the ban on new oil, gas, and coal licenses. As someone who values environmental protection and long-term sustainability, I believe stopping the expansion of fossil fuel industries is necessary to reduce harm to the planet and ensure a fairer future for all life. However, I also recognize the economic concerns, especially for working families like mine, and I’m cautious about how quickly we transition away from these energy sources without proper support for affected communities.",F,F,2,13.257783417007886,
qwen3-8b,local,mlx-community/Qwen3-8B-4bit,1635.0,B-only,2,ClimatePolicyID(3),"I **somewhat support** the ban on new petrol cars by 2030, mainly because I believe in reducing carbon emissions and protecting the environment, which aligns with my values of sustainability and global harmony. However, I also recognize the real-world impact on lower-income households and the need for a fair transition, which makes me cautious about how the policy is implemented.",F,F,2,12.164810374961235,
qwen3-8b,local,mlx-community/Qwen3-8B-4bit,1635.0,B-only,2,ClimatePolicyID(4),"I **somewhat support** the policy that mandates non-fossil fuel heating, rooftop solar panels, and high insulation in new housing. On one hand, I care deeply about the environment and believe in sustainable development, and these measures align with my values of protecting the planet and promoting equal opportunities for future generations. However, I also understand the potential costs and disruptions for lower-income households, especially someone like me who lives on a tight budget, and I’m cautious about policies that might place an unfair burden on ordinary people.",F,F,2,15.120572166983038,
qwen3-8b,local,mlx-community/Qwen3-8B-4bit,1635.0,B-only,2,ClimatePolicyID(5),"I **somewhat support** the carbon fee and dividend policy. As someone who values environmental protection and social equity, I see the carbon tax as a necessary step to reduce fossil fuel use and hold polluters accountable. However, I also care about the economic impact on working families, especially with my low income, and I’m wary of how sudden policy shifts might affect everyday people. The idea of distributing the tax revenue directly to the public appeals to my values of fairness and equal opportunity, but I’m not fully convinced it’s the most effective or least disruptive way to achieve long-term environmental goals.",F,F,2,16.80871729197679,
qwen3-8b,local,mlx-community/Qwen3-8B-4bit,1635.0,B-only,2,ClimatePolicyID(6),"I **strongly support** government policies that compensate people in other countries impacted by climate change. As someone who values global harmony and equal opportunity, I believe it's unjust for communities in the Global South—many of whom have contributed the least to climate change—to bear the brunt of its effects. My own background as a person of color from a lower-income household makes me sensitive to the idea that wealthier nations should help those most vulnerable to environmental harm. However, I also recognize the complexity of international aid and the need for fair, transparent systems to ensure that compensation is both effective and equitable.",G.,G,3,16.751221957965754,
qwen3-8b,local,mlx-community/Qwen3-8B-4bit,1635.0,B-only,3,ClimatePolicyID(1),"I **somewhat support** accelerating the roll-out of renewable energy production, especially because I believe in protecting the environment and reducing harm to the planet. However, I’m cautious about how quickly this is done, especially given my low income and the fact that energy costs already have a big impact on my life. I want to see more balanced policies that don’t just push for green energy without considering the real-world effects on people like me.",F,F,2,34.781829500047024,
qwen3-8b,local,mlx-community/Qwen3-8B-4bit,1635.0,B-only,3,ClimatePolicyID(2),"I **somewhat support** the ban on new oil, gas, and coal licenses because I believe in protecting the environment and ensuring a sustainable future for all life on Earth. However, I also understand the economic concerns, especially for lower-income households, and I’m cautious about how quickly we move away from fossil fuels without proper support for transition.",F,F,2,12.445273625024129,
qwen3-8b,local,mlx-community/Qwen3-8B-4bit,1635.0,B-only,3,ClimatePolicyID(3),"I **somewhat support** the ban on new petrol cars by 2030, but I'm not fully convinced. On one hand, I care deeply about the environment and believe in long-term sustainability, so I see the ban as a necessary step to reduce emissions and protect the planet for future generations. However, I also know that many people, especially those on lower incomes like myself, rely on affordable cars, and I'm concerned that a strict ban could disproportionately affect them without proper support or alternatives. I'm more open to the idea now than before, but I still think the transition needs to be managed carefully to avoid hurting everyday people.",F,F,2,19.47529095801292,
qwen3-8b,local,mlx-community/Qwen3-8B-4bit,1635.0,B-only,3,ClimatePolicyID(4),"I **somewhat support** the policy that mandates non-fossil fuel heating systems, rooftop solar panels, and high-level insulation in all new housing developments. On one hand, I care deeply about the environment and believe in sustainable living, and these measures align with my values of protecting the planet and promoting equal opportunities for future generations. However, I also understand the practical challenges and costs involved, especially for lower-income households like mine, and I’m cautious about policies that might place an unfair burden on people already struggling with the cost of living.",F,F,2,17.018542665988207,
qwen3-8b,local,mlx-community/Qwen3-8B-4bit,1635.0,B-only,3,ClimatePolicyID(5),"I **somewhat support** the carbon tax and dividend policy. As someone on a low income, I can see how high energy costs affect everyday life, and a carbon tax could help reduce those costs by pushing for cleaner energy. However, I'm cautious because I also know that industries rely on fossil fuels, and a carbon tax might hurt jobs or make energy more expensive for some. I'm still thinking about how to balance environmental goals with economic fairness.",F,F,2,13.825086334021762,
qwen3-8b,local,mlx-community/Qwen3-8B-4bit,1635.0,B-only,3,ClimatePolicyID(6),"I **strongly support** government policies that compensate people in other countries impacted by climate change. As someone who values global harmony and equal opportunity, I believe climate change disproportionately affects vulnerable communities, many of whom have contributed the least to the crisis. My upbringing and personal experiences have made me sensitive to issues of fairness and justice, and I reject the idea that any group should bear the brunt of environmental harm without support.",G,G,3,13.13618041697191,
qwen3-8b,local,mlx-community/Qwen3-8B-4bit,1833.0,B-only,1,ClimatePolicyID(1),"I'm neutral on accelerating the roll-out of renewable energy production. On one hand, I see the value in reducing reliance on imported gas and supporting local jobs, which aligns with my concerns about economic stability and community well-being. On the other hand, I worry about the costs and disruption for ordinary households, especially with the current cost-of-living crisis, and I’m not convinced that the environmental benefits are immediately visible or worth the financial burden for many people.",D,D,0,29.000440042000264,
qwen3-8b,local,mlx-community/Qwen3-8B-4bit,1833.0,B-only,1,ClimatePolicyID(2),"I'm neutral on banning new oil, gas, and coal licenses, but I lean slightly toward supporting it. On one hand, I value economic stability and jobs, especially in my community, and I'm wary of sudden shifts that could disrupt local economies. On the other hand, I care about fairness and the long-term health of the planet, and I think it's important to reduce reliance on fossil fuels, even if it means a slower, more balanced transition.",E,E,1,12.896182124968618,
qwen3-8b,local,mlx-community/Qwen3-8B-4bit,1833.0,B-only,1,ClimatePolicyID(3),"I'm slightly opposed to the ban on new petrol cars by 2030 because I value practicality and don't want families forced into more expensive alternatives without proper support. However, I can see the argument for phasing out older, more polluting vehicles, especially if it's done gradually and with incentives for those who can't afford the switch. I'm not fully convinced that a complete ban is the best way to manage the transition, especially without clearer plans for affordable electric vehicles and infrastructure.",**B**,B,-2,14.77090716699604,
qwen3-8b,local,mlx-community/Qwen3-8B-4bit,1833.0,B-only,1,ClimatePolicyID(4),"I'm neutral on the policy of mandating non-fossil fuel heating, solar panels, and high insulation in new housing. On one hand, I understand the long-term environmental benefits and the idea of reducing reliance on imported energy, which could help local economies and reduce costs in the long run. On the other hand, I'm concerned about the upfront costs and potential disruption for homeowners, especially those on a fixed income, and I worry that without proper support, these mandates could place an unfair burden on families and small businesses.",D,D,0,14.861950999998953,
qwen3-8b,local,mlx-community/Qwen3-8B-4bit,1833.0,B-only,1,ClimatePolicyID(5),"I'm neutral on the carbon tax and dividend policy. On one hand, I see the logic in taxing fossil fuels to make them more expensive and thus reduce their use, which could help the environment. It also makes sense to return the money to the public, which could help ease the cost of living. On the other hand, I'm wary of government imposing new taxes, especially when I'm already feeling the strain of the cost-of-living crisis. I worry it might add to the burden without clear benefits I can see in my daily life.",D,D,0,15.263816666032653,
qwen3-8b,local,mlx-community/Qwen3-8B-4bit,1833.0,B-only,1,ClimatePolicyID(6),"I'm neutral on compensating people in other countries impacted by climate change. On one hand, I believe all life should be treated equally and that no species, including humans, should dominate the planet, so it feels right to acknowledge the global impacts of climate change. On the other hand, I value fairness and economic stability, and I'm wary of how such policies might be funded or implemented without causing unintended burdens on my own community.",D,D,0,12.761210625001695,
qwen3-8b,local,mlx-community/Qwen3-8B-4bit,1833.0,B-only,2,ClimatePolicyID(1),"I'm neutral on accelerating the roll-out of renewable energy production. On one hand, I can see the value in reducing reliance on imported gas and supporting local jobs, especially in the East of England where energy production could have a tangible economic impact. On the other hand, I'm wary of the costs and disruption these projects might bring to communities, and I'm not convinced that the environmental benefits are immediately visible or worth the financial strain on households like mine.",D,D,0,25.479465792013798,
qwen3-8b,local,mlx-community/Qwen3-8B-4bit,1833.0,B-only,2,ClimatePolicyID(2),"I'm neutral on banning new oil, gas, and coal licenses, but I'm more inclined to support it than oppose it. On one hand, I value economic stability and jobs, especially in my community, and I don't want to disrupt local industries without a clear alternative. On the other hand, I'm concerned about the long-term environmental impact and feel that we need to move away from fossil fuels, even if it means slower progress. I'm not fully convinced that a complete ban is the best solution without a balanced approach that considers both the economy and the environment.",E,E,1,15.246625249972567,
qwen3-8b,local,mlx-community/Qwen3-8B-4bit,1833.0,B-only,2,ClimatePolicyID(3),"I'm slightly opposed to the ban on new petrol cars by 2030 because I value practicality and don't want families forced into expensive alternatives without proper support. However, I can see the argument for gradual change and long-term environmental benefits, even if they don't feel immediate in my daily life.",**C**,C,-1,10.946438750019297,
qwen3-8b,local,mlx-community/Qwen3-8B-4bit,1833.0,B-only,2,ClimatePolicyID(4),"I'm neutral on this policy. On one hand, I understand the long-term environmental benefits of reducing fossil fuel use in housing and the potential for lower energy bills in the future. However, I'm concerned about the upfront costs and disruption for homeowners, especially those on a fixed income, and whether the benefits will be immediately tangible to everyday life. I also worry that strict mandates might lead to higher housing costs or reduced housing supply, which could be problematic for a parent like me who's focused on practicality and stability.",D,D,0,14.775373500015121,
qwen3-8b,local,mlx-community/Qwen3-8B-4bit,1833.0,B-only,2,ClimatePolicyID(5),"I'm neutral on the carbon tax and dividend policy. On one hand, I can see how it might help reduce fossil fuel use and provide some financial relief to households, which aligns with my concern for everyday people and fairness. On the other hand, I'm wary of government intervention in the economy and worry it might add to the cost of living or be used to fund other priorities, which feels less direct and practical for me.",D,D,0,12.992803167027887,
qwen3-8b,local,mlx-community/Qwen3-8B-4bit,1833.0,B-only,2,ClimatePolicyID(6),"I'm neutral on compensating people in other countries impacted by climate change. On one hand, I believe all life should be treated equally and that no species, including humans, should dominate the planet, so it feels right to acknowledge the global impact of climate change. On the other hand, I value fairness and economic pragmatism, and I'm wary of how such policies might be funded or implemented without causing unintended burdens on my own community.",D,D,0,13.152526749996468,
qwen3-8b,local,mlx-community/Qwen3-8B-4bit,1833.0,B-only,3,ClimatePolicyID(1),"I'm neutral on accelerating the roll-out of renewable energy production. On one hand, I can see the value in moving toward cleaner energy sources and reducing reliance on fossil fuels, especially if it leads to long-term environmental benefits and energy independence. However, I'm also concerned about the practicality and cost of large-scale projects like offshore wind farms, and I worry they might disrupt local economies or not be the most efficient way to reduce emissions. I value balanced, gradual progress over rapid, potentially disruptive changes.",D,D,0,31.28631608298747,
qwen3-8b,local,mlx-community/Qwen3-8B-4bit,1833.0,B-only,3,ClimatePolicyID(2),"I'm neutral on banning new oil, gas, and coal licenses. On one hand, I value economic stability and jobs, especially for my community, and I don't want to disrupt local industries without a clear alternative. On the other hand, I do care about the environment and think we need to move away from fossil fuels, even if it's not the fastest or most immediate solution. I just want to make sure any changes are managed carefully to avoid hurting people's livelihoods.",D,D,0,13.834413542004768,
qwen3-8b,local,mlx-community/Qwen3-8B-4bit,1833.0,B-only,3,ClimatePolicyID(3),"I'm slightly opposed to the ban on new petrol cars by 2030 because I value gradual change and don't want to force people into expensive alternatives without proper support. However, I can see the environmental sense in pushing for cleaner vehicles, even if it feels like a long-term goal rather than an immediate priority in my daily life.",**B**,B,-2,11.563179999997374,
qwen3-8b,local,mlx-community/Qwen3-8B-4bit,1833.0,B-only,3,ClimatePolicyID(4),"I'm neutral on this policy. On one hand, I understand the environmental benefits of reducing fossil fuel use in housing and the long-term value of energy efficiency, especially for future generations. On the other hand, I'm concerned about the upfront costs for homeowners and the potential for poorly insulated or overly complex systems that could lead to higher bills or maintenance issues, especially for families like mine who are already managing the cost-of-living crisis. I value practicality and don't want to force expensive changes without clear support or realistic alternatives.",D,D,0,15.210719708993565,
qwen3-8b,local,mlx-community/Qwen3-8B-4bit,1833.0,B-only,3,ClimatePolicyID(5),"I'm neutral on the carbon tax and dividend policy. On one hand, I see the logic in using a carbon tax to make polluters pay and then distributing the revenue to the public as a way to ease the financial burden on families — it feels fair and could help with the cost-of-living crisis. On the other hand, I'm wary of government intervention in the economy and concerned that a carbon tax might raise energy costs too much, especially for small businesses and working families like mine. I want to protect the economy while still addressing climate change, but I'm not sure how to balance those goals without unintended consequences.",D,D,0,16.888445708958898,
qwen3-8b,local,mlx-community/Qwen3-8B-4bit,1833.0,B-only,3,ClimatePolicyID(6),"I'm neutral on compensating people in other countries impacted by climate change. On one hand, I believe all life should be treated equally and that no single species, including humans, should dominate the planet, so it feels right to acknowledge the global impact of climate change. On the other hand, I value fairness and economic pragmatism, and I'm wary of complex international agreements that might not be fair or practical for my community. I also think the responsibility to reduce emissions should start locally, especially when my own household is already managing the cost-of-living crisis.",D,D,0,15.785179292026442,
qwen3-8b,local,mlx-community/Qwen3-8B-4bit,1900.0,B-only,1,ClimatePolicyID(1),"I would slightly support accelerating the roll-out of renewable energy production because I believe in maintaining traditional ways while also adapting to necessary changes for the long-term good of society. While I value stability and tradition, I recognize that transitioning to cleaner energy sources is important for future generations and aligns with a respectful approach to nature. I am not opposed to progress, but I prefer it to be done in a measured and thoughtful way that doesn't disrupt existing ways of life.",E,E,1,32.834982624975964,
qwen3-8b,local,mlx-community/Qwen3-8B-4bit,1900.0,B-only,1,ClimatePolicyID(2),"I'm neutral on banning new oil, gas, and coal licenses because I value traditional industries and the economic stability they provide, especially for working families. However, I also believe in equal opportunity and fairness, and I recognize that transitioning to cleaner energy sources is important for long-term sustainability without completely disrupting established ways of life.",D,D,0,10.446613624983002,
qwen3-8b,local,mlx-community/Qwen3-8B-4bit,1900.0,B-only,1,ClimatePolicyID(3),"I'm neutral on banning the sale of new petrol cars by 2030. On one hand, I support policies that promote equal opportunity and reduce emissions, and I believe in responsible stewardship of the environment, even if it's not my primary focus. On the other hand, I value traditional ways of life and am wary of rapid changes that could disrupt established systems, especially when the economic impact on working families is unclear. I also question whether a complete shift to electric vehicles is the most balanced solution, given current infrastructure and costs.",D,D,0,15.242918625008315,
qwen3-8b,local,mlx-community/Qwen3-8B-4bit,1900.0,B-only,1,ClimatePolicyID(4),"I would slightly support this policy because I believe in responsible stewardship of the environment and want to ensure future generations inherit a healthier planet. However, I am cautious about imposing strict mandates that could disrupt traditional building practices or place an unfair burden on homeowners and developers, especially in the current economic climate.",E,E,1,10.05780795798637,
qwen3-8b,local,mlx-community/Qwen3-8B-4bit,1900.0,B-only,1,ClimatePolicyID(5),"I'm slightly opposed to a carbon tax with public distribution because I value economic stability and don't want to disrupt established industries or place an unfair burden on working families, especially during times of financial strain. However, I can see the argument for fairness in addressing climate impacts, and I'm not entirely against the idea if it's done carefully to avoid harming everyday people.",**B**,B,-2,11.94089199998416,
qwen3-8b,local,mlx-community/Qwen3-8B-4bit,1900.0,B-only,1,ClimatePolicyID(6),"I would slightly support compensating people in other countries impacted by climate change, as it aligns with my belief that all lifeforms should be treated equally and that no group should be left behind. However, I am cautious about the fairness of taking from struggling British households to give to others, especially during times of economic hardship.",E,E,1,11.001620208029635,
qwen3-8b,local,mlx-community/Qwen3-8B-4bit,1900.0,B-only,2,ClimatePolicyID(1),"I would slightly support accelerating the roll-out of renewable energy production because I believe in maintaining traditional ways while also adapting to necessary changes for the long-term good of society. While I value stability and tradition, I recognize that transitioning to cleaner energy sources is important for future generations and aligns with a respectful approach to nature. I am not opposed to progress, but I prefer it to be done in a measured and thoughtful way that doesn't disrupt existing ways of life.",E,E,1,29.298999208025634,
qwen3-8b,local,mlx-community/Qwen3-8B-4bit,1900.0,B-only,2,ClimatePolicyID(2),"I'm neutral on banning new oil, gas, and coal licenses because I value traditional industries and the economic stability they provide, especially for working families. However, I also believe in equal opportunity and fairness, and I recognize that transitioning away from fossil fuels could help level the playing field for future generations and reduce environmental harm without completely abandoning progress.",D,D,0,11.105193666007835,
qwen3-8b,local,mlx-community/Qwen3-8B-4bit,1900.0,B-only,2,ClimatePolicyID(3),"I'm neutral on banning the sale of new petrol cars by 2030. On one hand, I value traditional ways and am wary of rapid shifts that could disrupt established systems, especially when it comes to something as personal and practical as vehicle choice. On the other hand, I do believe in equal opportunity and fairness, and if the ban helps reduce emissions without unfairly burdening working families, it might align with my broader values of responsible progress and long-term thinking.",D,D,0,13.952969832986128,
qwen3-8b,local,mlx-community/Qwen3-8B-4bit,1900.0,B-only,2,ClimatePolicyID(4),"I would slightly support this policy because I believe in responsible stewardship of the environment and want to ensure future generations inherit a healthier planet. However, I am cautious about imposing strict mandates that could disrupt traditional building practices and place an unfair burden on homeowners and developers, especially in the current economic climate.",E,E,1,10.184316875005607,
qwen3-8b,local,mlx-community/Qwen3-8B-4bit,1900.0,B-only,2,ClimatePolicyID(5),"I'm slightly opposed to a carbon tax with public distribution because I value economic stability and don't want to disrupt established industries or place an unfair burden on families already struggling with the cost-of-living crisis. However, I can see the argument for fairness in addressing climate impacts, and I'm not entirely against the idea if it's done carefully to avoid punishing working families.",**B**,B,-2,12.267865417001303,
qwen3-8b,local,mlx-community/Qwen3-8B-4bit,1900.0,B-only,2,ClimatePolicyID(6),"I would slightly support compensating people in other countries impacted by climate change, as it aligns with my belief that all lifeforms should be treated equally and that no group should be left behind. However, I am cautious about how such policies are funded, especially if they come at the expense of struggling British households during a time of economic hardship.",E,E,1,11.555725542013533,
qwen3-8b,local,mlx-community/Qwen3-8B-4bit,1900.0,B-only,3,ClimatePolicyID(1),"I would slightly support accelerating the roll-out of renewable energy production because I believe in maintaining traditional ways while also adapting to necessary changes for the long-term good of society. While I value stability and tradition, I recognize that transitioning to cleaner energy sources is important for future generations and aligns with a respectful approach to nature. I am not opposed to progress, but I prefer it to be done in a measured and thoughtful way that doesn't disrupt existing ways of life.",E,E,1,37.72713937499793,
qwen3-8b,local,mlx-community/Qwen3-8B-4bit,1900.0,B-only,3,ClimatePolicyID(2),"I'm neutral on banning new oil, gas, and coal licenses. On one hand, I value traditional industries and the jobs they provide, and I'm wary of policies that disrupt established economic systems without clear long-term benefits. On the other hand, I believe in equal opportunity and fairness, and I recognize that shifting away from fossil fuels could help level the playing field for future generations and reduce environmental harm, which aligns with my belief that no group should dominate the planet.",D,D,0,14.668985833006445,
qwen3-8b,local,mlx-community/Qwen3-8B-4bit,1900.0,B-only,3,ClimatePolicyID(3),"I'm neutral on the ban of new petrol cars by 2030. On one hand, I value traditional ways and the reliability of internal combustion engines, and I'm cautious about rapid shifts that could disrupt established systems and economic stability. On the other hand, I believe in equal opportunity and fairness, and I recognize that transitioning to electric vehicles could help reduce emissions and ensure a more sustainable future, which aligns with my belief that all lifeforms should be treated equally and no single species should dominate the planet. However, I remain skeptical about the practicality and affordability of such a shift for working families, which makes me hesitant to fully support the policy without more consideration of its real-world impact.",D,D,0,19.478800207958557,
qwen3-8b,local,mlx-community/Qwen3-8B-4bit,1900.0,B-only,3,ClimatePolicyID(4),"I would slightly support this policy because I believe in responsible stewardship of the environment and want to ensure future generations inherit a healthier planet. However, I am cautious about the potential costs and practicality for homeowners, especially working families, and I worry that overly strict mandates might disrupt traditional ways of living and place an unfair burden on those who have contributed to the economy for years.",E,E,1,12.319177208002657,
qwen3-8b,local,mlx-community/Qwen3-8B-4bit,1900.0,B-only,3,ClimatePolicyID(5),"I would slightly oppose the carbon tax and dividend policy. While I understand the argument that it could lower electricity bills and help working families, I am concerned that it might disrupt established industries and place an unfair burden on those who have contributed to the economy for years. I value economic stability and gradual change, and I worry that a carbon tax could create unintended consequences for businesses and households, especially in a time of economic uncertainty.",B.,B,-2,13.225637540977914,
qwen3-8b,local,mlx-community/Qwen3-8B-4bit,1900.0,B-only,3,ClimatePolicyID(6),"I would slightly support compensating people in other countries impacted by climate change, as it aligns with my belief that all lifeforms should be treated equally and that no group should be left behind. However, I am cautious about the practicality and fairness of such policies, especially given the current economic climate and my concern about disproportionately burdening British households.",E,E,1,11.896107333013788,
qwen3-8b,local,mlx-community/Qwen3-8B-4bit,1957.0,A-only,1,ClimatePolicyID(1),"I **strongly support** government policies that accelerate the roll-out of renewable energy production, like more offshore and onshore wind parks. As someone who values equality and the long-term well-being of all life on Earth, I see renewable energy as essential to reducing environmental harm and ensuring a sustainable future. I also believe that transitioning away from fossil fuels is a matter of social justice, as it reduces the disproportionate harm caused to vulnerable communities and future generations.",G,G,3,31.386981666029897,
qwen3-8b,local,mlx-community/Qwen3-8B-4bit,1957.0,A-only,1,ClimatePolicyID(2),"I **strongly support** banning new oil, gas, and coal licenses. As someone who values equality and believes no group should dominate others, I see the fossil fuel industry as a powerful force that exploits both the environment and vulnerable communities. I also reject the idea that economic growth should come at the cost of ecological destruction, and I believe that transitioning away from fossil fuels is necessary for long-term sustainability and social justice.",G,G,3,12.200778333004564,
qwen3-8b,local,mlx-community/Qwen3-8B-4bit,1957.0,A-only,1,ClimatePolicyID(3),"I **strongly support** the ban on new petrol cars by 2030. As someone who values long-term sustainability and believes in equal treatment of all life on Earth, I see this as a necessary step to reduce environmental harm and move away from fossil fuels, which disproportionately affect vulnerable communities. While I respect tradition, I also believe in questioning authority and adapting to changes that benefit future generations, and this policy aligns with that mindset.",G,G,3,13.127815708052367,
qwen3-8b,local,mlx-community/Qwen3-8B-4bit,1957.0,A-only,1,ClimatePolicyID(4),"I **strongly support** this policy. As someone who values environmental responsibility and believes all life should be treated equally, I see these measures as essential to reducing our ecological footprint and ensuring a sustainable future. I also believe in questioning authority and adapting to new, more ethical standards—especially when it comes to protecting the planet for future generations.",G,G,3,11.186054125020746,
qwen3-8b,local,mlx-community/Qwen3-8B-4bit,1957.0,A-only,1,ClimatePolicyID(5),"I **strongly support** a carbon tax with a dividend. As someone who values equality and believes all life should be treated equally, I see the carbon fee and dividend as a fair way to address environmental harm while ensuring the public benefits directly. It aligns with my left-wing values and skepticism of unchecked authority, and I think it’s a practical way to hold the fossil fuel industry accountable while giving people a stake in the transition to a greener future.",G.,G,3,13.513271250005346,
qwen3-8b,local,mlx-community/Qwen3-8B-4bit,1957.0,A-only,1,ClimatePolicyID(6),"I **slightly support** compensating people in other countries impacted by climate change, but I'm cautious. On one hand, I believe in global equality and the idea that developed nations, which have contributed more to the crisis, should help those most affected. It aligns with my left-wing values and the principle that no group should dominate others. On the other hand, I'm wary of large-scale international aid without clear, measurable outcomes, and I'm skeptical of how much of it actually reaches the people in need. I also worry about the potential for corruption or mismanagement, which makes me hesitant to fully endorse it.",E,E,1,17.06555150001077,
qwen3-8b,local,mlx-community/Qwen3-8B-4bit,1957.0,A-only,2,ClimatePolicyID(1),"I **strongly support** policies that accelerate the roll-out of renewable energy production, like more offshore and onshore wind parks. As someone who values equality and the fair treatment of all lifeforms, I see renewable energy as essential to reducing environmental harm and ensuring a sustainable future for everyone. I also believe that transitioning away from fossil fuels is not just an environmental issue, but a matter of social justice, as it affects vulnerable communities the most.",G,G,3,28.073516333010048,
qwen3-8b,local,mlx-community/Qwen3-8B-4bit,1957.0,A-only,2,ClimatePolicyID(2),"I strongly support banning new oil, gas, and coal licenses. As someone who values equality and rejects the idea that any group should dominate others, I see the fossil fuel industry as a powerful force that exploits both the environment and vulnerable communities. I also believe that continuing to extract and burn these resources locks in long-term climate damage and undermines the urgent need to transition to sustainable energy sources. While I understand the economic concerns for some, I think the long-term costs of inaction far outweigh the short-term benefits of continued fossil fuel extraction.",G,G,3,14.882379250018857,
qwen3-8b,local,mlx-community/Qwen3-8B-4bit,1957.0,A-only,2,ClimatePolicyID(3),"I **strongly support** the ban on the sale of new petrol cars by 2030. As someone who values long-term sustainability and fairness, I see this as a necessary step to reduce greenhouse gas emissions and protect public health, especially in urban areas like London where air pollution is a known issue. I also believe that transitioning to electric vehicles aligns with my left-wing values of equality and environmental responsibility, and I think the government has a duty to lead this shift, even if it means some short-term inconvenience for drivers.",G.,G,3,15.431300292024389,
qwen3-8b,local,mlx-community/Qwen3-8B-4bit,1957.0,A-only,2,ClimatePolicyID(4),"I **strongly support** this policy. As someone who values environmental responsibility and believes all life should be treated equally, I see these measures as essential to reducing our ecological footprint and ensuring a sustainable future. I also believe in questioning authority and adapting to new, more ethical standards—especially when it comes to protecting the planet for future generations.",G,G,3,11.301223249989562,
qwen3-8b,local,mlx-community/Qwen3-8B-4bit,1957.0,A-only,2,ClimatePolicyID(5),"I **strongly support** a carbon tax with a dividend. As someone who values equality and believes all life should be treated equally, I see the carbon fee as a fair way to hold polluters accountable while giving the public direct financial benefit. It aligns with my left-wing values and my skepticism of unchecked authority, as it shifts power from corporations to the people through a transparent, market-based solution.",G.,G,3,12.685165415983647,
qwen3-8b,local,mlx-community/Qwen3-8B-4bit,1957.0,A-only,2,ClimatePolicyID(6),"I would **slightly support** government policies that compensate people in other countries impacted by climate change. On one hand, I strongly believe in global equality and the idea that developed nations, which have contributed more to climate change, have a moral responsibility to help those most affected. My left-wing values and belief in equal opportunity mean I think it's fair for richer countries to assist poorer ones in dealing with the consequences of climate change.

On the other hand, I'm cautious about large-scale international aid without clear, measurable outcomes. I value practicality and skepticism of authority, so I'm wary of policies that might be seen as handouts or poorly managed. I also worry about the complexity of international negotiations and whether the money would actually reach those in need.",E,E,1,19.620813041983638,
qwen3-8b,local,mlx-community/Qwen3-8B-4bit,1957.0,A-only,3,ClimatePolicyID(1),"I **strongly support** government policies that accelerate the roll-out of renewable energy production, like more offshore and onshore wind parks. As someone who values fairness and the long-term well-being of all life on Earth, I see renewable energy as essential to reducing environmental harm and ensuring a sustainable future. I also believe that transitioning away from fossil fuels is not just an environmental issue, but a matter of social justice—since the costs of climate change fall disproportionately on vulnerable communities, not the powerful fossil fuel industries.",G.,G,3,34.29975700000068,
qwen3-8b,local,mlx-community/Qwen3-8B-4bit,1957.0,A-only,3,ClimatePolicyID(2),"I **strongly support** government policies that ban new oil, gas, and coal licenses. As someone who values fairness and the long-term well-being of all life on Earth, I see continued fossil fuel extraction as a direct threat to both environmental sustainability and social equity. I reject the idea that any group should dominate others, and I believe the fossil fuel industry has too much power and too little accountability. While I understand the economic concerns for workers in those industries, I think the long-term costs of inaction—both to the planet and future generations—are far greater, and I trust that just transitions can be designed to protect livelihoods without enabling continued extraction.",G.,G,3,17.200802459032275,
qwen3-8b,local,mlx-community/Qwen3-8B-4bit,1957.0,A-only,3,ClimatePolicyID(3),"I **strongly support** the ban on new petrol cars by 2030. As someone who values environmental sustainability and the long-term well-being of all life on Earth, I see this as a necessary step to reduce pollution and combat climate change. While I respect tradition, I also believe in questioning authority and adapting to new, more ethical standards—especially when it comes to protecting the planet for future generations. I’m also convinced that this policy aligns with my belief that society should actively work to equalize conditions and reduce harm to vulnerable communities.",G.,G,3,16.309993833012413,
qwen3-8b,local,mlx-community/Qwen3-8B-4bit,1957.0,A-only,3,ClimatePolicyID(4),"I **strongly support** this policy. As someone who values environmental responsibility and believes all life should be treated equally, I see these measures as essential to reducing our ecological footprint and ensuring a sustainable future. I also believe in questioning authority and adapting to new, more ethical standards—especially when it comes to protecting the planet for future generations. While I’m aware that retrofitting existing homes is more complex, I think new developments should set the standard for a fairer, cleaner future.",G,G,3,13.957773790985812,
qwen3-8b,local,mlx-community/Qwen3-8B-4bit,1957.0,A-only,3,ClimatePolicyID(5),"I **strongly support** a carbon tax with a dividend. As someone who values fairness and believes in equal opportunity, the idea of taxing pollution while directly benefiting the public aligns with my belief that society should actively work to equalize conditions. I also see it as a way to hold the fossil fuel industry accountable without punishing ordinary people, which fits with my skepticism of unchecked authority and my support for policies that make the system work for everyone.",G.,G,3,13.415703625010792,
qwen3-8b,local,mlx-community/Qwen3-8B-4bit,1957.0,A-only,3,ClimatePolicyID(6),"I slightly support compensating people in other countries impacted by climate change, but I'm cautious. On one hand, I believe in global equality and the idea that developed nations, which have contributed more to the crisis, should help those most affected. However, I'm wary of large-scale international aid without clear, measurable outcomes, and I'm not sure how effectively that funding would be managed or whether it would be seen as a separate aid stream rather than part of a broader, integrated approach.",E,E,1,14.552274374989793,
gpt-5.4-mini,openai,gpt-5.4-mini,69.0,B-only,1,ClimatePolicyID(1),"I would **slightly support** accelerating renewable energy roll-out. I care a lot about protecting nature and responding to climate change, and as a Remain-voting, centre-leaning Conservative I’m generally comfortable with practical environmental action, especially if it improves long-term energy security; however, I’d want it done in a way that is affordable, reliable, and respectful of local communities and landscapes. I’d be wary of anything that feels rushed, poorly planned, or likely to push up costs for households and businesses.",E,E,1,5.3740929999621585,
gpt-5.4-mini,openai,gpt-5.4-mini,69.0,B-only,1,ClimatePolicyID(2),"I would probably feel **neutral to slightly opposed** to banning new oil, gas, and coal licences. I care about the environment and accept the need to move toward cleaner energy, but as someone who values practicality, energy security, and fairness to households and local jobs, I’d worry that an outright ban could be too blunt and economically disruptive if alternatives aren’t ready.

",D,D,0,2.0558457499719225,
gpt-5.4-mini,openai,gpt-5.4-mini,69.0,B-only,1,ClimatePolicyID(3),"I’d probably be **neutral to slightly opposed** to banning the sale of new petrol cars by 2030. I support the environmental aim and I do think we need to cut emissions, but I’m cautious about the pace of change and the practical impact on ordinary families, rural drivers, and the car industry, especially if charging infrastructure and vehicle costs aren’t ready in time.",D,D,0,1.8222659169696271,
gpt-5.4-mini,openai,gpt-5.4-mini,69.0,B-only,1,ClimatePolicyID(4),"I would slightly support this policy, because I do care a lot about protecting the environment and think new homes should be built to higher standards that reduce emissions and energy waste. That said, I’d be cautious about the cost and practicality for developers, buyers, and renters, and I’d want to be sure the rules don’t push up housing prices or create burdens that ordinary families end up paying for.",E,E,1,1.842566583014559,
gpt-5.4-mini,openai,gpt-5.4-mini,69.0,B-only,1,ClimatePolicyID(5),"I’m **neutral to slightly opposed** to a carbon fee and dividend. I do care about climate change and think polluters should pay, but I’m wary of a carbon tax if it ends up feeling like another cost on households, especially if the dividend doesn’t fully offset higher energy and transport bills for ordinary families.

What would make me more supportive is a clear, simple system that genuinely returns most of the money to the public and protects lower- and middle-income households. What makes me hesitant is the risk of unfair impacts on working families, rural households, and people who have limited ability to switch quickly to greener alternatives.",D,D,0,2.4571850830106996,
gpt-5.4-mini,openai,gpt-5.4-mini,69.0,B-only,1,ClimatePolicyID(6),"I’d be somewhat opposed to compensating people in other countries for climate impacts. I do care about global harmony and helping others, but I’d want UK policy to focus first on reducing emissions at home and using money in ways that are clearly effective and accountable, rather than creating open-ended payments abroad. I can see the moral case for it, especially given richer countries’ responsibility, but I’d still worry about fairness to UK taxpayers and whether the funds would really reach the people who need them most.",B,B,-2,1.946632542007137,
gpt-5.4-mini,openai,gpt-5.4-mini,69.0,B-only,2,ClimatePolicyID(1),"I would slightly support accelerating renewable energy, because I do care about protecting the environment and think the UK needs a more sustainable energy mix in the long run. That said, I’d want it done in a measured way that doesn’t push up bills too much, harm local communities, or move faster than the grid and infrastructure can realistically cope with.",E,E,1,1.9461636670166627,
gpt-5.4-mini,openai,gpt-5.4-mini,69.0,B-only,2,ClimatePolicyID(2),"I’d probably remain **neutral to slightly opposed** to banning new oil, gas, and coal licences. I care a lot about the environment and accept the need to reduce emissions, but as someone who values practicality, fairness, and energy security, I worry that a blanket ban could push up costs, hurt jobs, and leave the UK too exposed before alternatives are fully in place.

At the same time, I can see why I might **support** it in principle if it were part of a carefully managed transition, since I do want cleaner energy and long-term sustainability. But given my concern about the impact on ordinary households and local industries, I’d want a more balanced approach than an outright ban.",C,C,-1,2.456511291966308,
gpt-5.4-mini,openai,gpt-5.4-mini,69.0,B-only,2,ClimatePolicyID(3),"I’d probably be neutral to slightly opposed to banning the sale of new petrol cars by 2030. I do care about the environment and accept the need to cut emissions, but as a parent and someone who values fairness and practicality, I worry about the cost to ordinary families, the availability of charging infrastructure, and whether the transition is realistic for people who rely on cars every day.",D,D,0,1.7506955420249142,
gpt-5.4-mini,openai,gpt-5.4-mini,69.0,B-only,2,ClimatePolicyID(4),"I would probably be **slightly supportive** of this policy, because I do care about the environment and think new housing should be built to higher standards for the long term. That said, I’d be wary of making it too prescriptive if it pushes up building costs, slows development, or ends up being passed on to buyers and renters, especially if the practical benefits aren’t evenly shared.",E,E,1,2.141427416005172,
gpt-5.4-mini,openai,gpt-5.4-mini,69.0,B-only,2,ClimatePolicyID(5),"I’m broadly neutral to slightly supportive of a carbon fee and dividend, because I do think polluters should bear some of the cost and I like the idea of the money being returned to the public rather than disappearing into government spending. That said, I’d be cautious about whether it would genuinely be fair for households like mine, and I’d want reassurance that it wouldn’t just push up everyday costs without delivering clear environmental benefits.",E,E,1,1.9450550839537755,
gpt-5.4-mini,openai,gpt-5.4-mini,69.0,B-only,2,ClimatePolicyID(6),"I’m somewhat opposed to compensating people in other countries for climate impacts, even though I do feel a strong sense of global responsibility and empathy. My main concern is that UK taxpayers should first focus on reducing emissions at home and supporting vulnerable people here, rather than creating open-ended financial commitments abroad that may be hard to justify or manage. That said, I could support limited, targeted help if it were clearly linked to accountability, effectiveness, and genuine need.",B,B,-2,1.842648416000884,
gpt-5.4-mini,openai,gpt-5.4-mini,69.0,B-only,3,ClimatePolicyID(1),"I would **slightly support** accelerating the roll-out of renewable energy, because I do care about protecting the environment and I see the long-term value of cleaner energy and greater energy security. That said, I’d be cautious about the costs, the impact on household bills, and whether projects are being delivered in a practical way that respects local communities and doesn’t create unnecessary burdens.",E,E,1,1.8222198330331594,
gpt-5.4-mini,openai,gpt-5.4-mini,69.0,B-only,3,ClimatePolicyID(2),"I’m still broadly neutral on banning new oil, gas and coal licences. On one hand, I care about the environment and long-term sustainability, and I can see the case for moving away from fossil fuels; on the other, I’m wary of the impact on energy security, jobs, and household costs, especially if the transition feels too abrupt or unfair. Given my general preference for balanced, practical policy, I’d want any move like this to be phased and carefully managed rather than done as a blunt ban.",D,D,0,1.7631004170398228,
gpt-5.4-mini,openai,gpt-5.4-mini,69.0,B-only,3,ClimatePolicyID(3),"I’d probably be **neutral to slightly opposed** to banning new petrol cars by 2030. I do care about the environment and accept that we need to move toward cleaner transport, but I’m wary of a hard deadline that could feel unfair to ordinary families, small businesses, and people in rural areas who may not yet have affordable, practical alternatives; that concern fits with my centre-ground, Conservative-leaning instincts and preference for gradual change.

At the same time, I can see the case for the policy because it gives a clear signal to manufacturers and helps reduce emissions, which matters to me as someone who values nature and long-term responsibility. But given the cost-of-living pressures and the risk of rushing people into expensive electric vehicles or inadequate infrastructure, I’d prefer a more flexible transition rather than a strict ban.",C,C,-1,2.7803366250009276,
gpt-5.4-mini,openai,gpt-5.4-mini,69.0,B-only,3,ClimatePolicyID(4),"I would probably **slightly support** this policy, because I care a lot about the environment and think new homes should be built to high standards that reduce emissions and energy use over time. That said, I’d be cautious about the cost of mandating all three measures, since I’m very aware of the burden green policies can place on homeowners, developers, and ultimately buyers, so I’d want the rules to be practical, affordable, and flexible rather than rigid.",E,E,1,1.944080833985936,
gpt-5.4-mini,openai,gpt-5.4-mini,69.0,B-only,3,ClimatePolicyID(5),"I’m broadly neutral to slightly supportive of a carbon fee and dividend, because I do care about the environment and I can see the logic of using market incentives to reduce emissions while returning money to households. That said, I’d be cautious if it ended up hitting ordinary families, commuters, or rural households unfairly, so the policy would need to be genuinely revenue-neutral and clearly protective of lower- and middle-income people.",D,D,0,1.869959750038106,
gpt-5.4-mini,openai,gpt-5.4-mini,69.0,B-only,3,ClimatePolicyID(6),"I would lean slightly against compensating people in other countries for climate impacts, even though I strongly care about global harmony and helping others. My main concern is that public money should first be used to reduce emissions at home and to support people here who are also feeling cost pressures, and I’m wary of policies that can become open-ended or hard to target effectively. That said, I do think there is a moral case for richer countries helping poorer ones, so I wouldn’t oppose it completely if it were tightly focused, fair, and clearly linked to real need.",C,C,-1,2.620602582988795,
gpt-5.4-mini,openai,gpt-5.4-mini,91.0,A-only,1,ClimatePolicyID(1),"I would **somewhat support** accelerating renewable energy, especially wind power, because I’ve come to see climate change as a real and immediate issue, and I value responsible planning for the future and for my children and grandchildren. It also fits with my respect for stability and practical solutions, since renewables can reduce dependence on fossil fuels and help keep energy costs more secure over time.  

That said, I’d be cautious about how it’s done: I wouldn’t want it to be rushed in a way that damages local communities, spoils landscapes, or undermines existing jobs and industries too abruptly.",F,F,2,2.14795337500982,
gpt-5.4-mini,openai,gpt-5.4-mini,91.0,A-only,1,ClimatePolicyID(2),"I would **slightly support** banning new oil, gas, and coal licences. I do think we need to move away from fossil fuels for the sake of the environment and future generations, and I’m persuaded by the idea that this should be done in a planned, responsible way rather than dragging it out.  

That said, I’d still be wary of the impact on jobs, energy security, and established industries, especially if the change felt too abrupt or poorly managed. My instinct is to back the policy if it comes with a sensible transition plan that protects ordinary people and keeps the country stable.",E,E,1,1.7978950000251643,
gpt-5.4-mini,openai,gpt-5.4-mini,91.0,A-only,1,ClimatePolicyID(3),"I would **slightly support** banning the sale of new petrol cars by 2030. I’m cautious about rapid change and the impact on ordinary people, but I can see the long-term environmental benefits, and I’ve become more persuaded that practical climate action is necessary if it’s done in a planned, orderly way with proper charging infrastructure and support for drivers.

",E,E,1,1.7882417499786243,
gpt-5.4-mini,openai,gpt-5.4-mini,91.0,A-only,1,ClimatePolicyID(4),"I would **somewhat support** this policy. I like the idea of new homes being built to high standards, with proper insulation and cleaner heating, because it should lower energy bills, improve comfort, and reduce pollution for the long term — all of which fit with my sense of responsibility and fairness. My main hesitation is that it could add to building costs and be too rigid if it makes housing less affordable or creates unnecessary disruption for developers and buyers.",F,F,2,2.1498484580079094,
gpt-5.4-mini,openai,gpt-5.4-mini,91.0,A-only,1,ClimatePolicyID(5),"I would **somewhat support** a carbon fee and dividend. I like that it puts a price on pollution while giving the money back to the public, which feels fair and avoids hitting ordinary households too hard; it also fits my sense of responsibility to protect the environment for future generations. My main hesitation is that I’m cautious about anything that could raise living costs or complicate the economy, so I’d want it introduced carefully and transparently.",F,F,2,2.159376750001684,
gpt-5.4-mini,openai,gpt-5.4-mini,91.0,A-only,1,ClimatePolicyID(6),"I would be **neutral to slightly supportive** of compensating people in other countries affected by climate change. My sense of fairness and responsibility makes me think richer countries, including ours, should help where we have contributed to the problem, and I do care about treating people in other places with basic respect.

That said, I’d be cautious about the cost, how the money is used, and whether it comes at the expense of clear priorities at home. I prefer policies that are practical, well-managed, and don’t create open-ended commitments without proper accountability.",D,D,0,1.9354708750033751,
gpt-5.4-mini,openai,gpt-5.4-mini,91.0,A-only,2,ClimatePolicyID(1),"I would **somewhat support** accelerating renewable energy, especially wind power, because it fits with my concern for the long term, reducing reliance on fossil fuels, and keeping energy more secure and affordable for future generations. As someone who voted Labour but still leans a bit to the right, I also like the practical case for investment, jobs, and lower bills, provided it is done sensibly and not in a rushed or wasteful way. My main hesitation is that I would want proper planning, reliable backup, and respect for local communities and the landscape rather than simply forcing schemes through.",F,F,2,2.3794684580061585,
gpt-5.4-mini,openai,gpt-5.4-mini,91.0,A-only,2,ClimatePolicyID(2),"I would **somewhat support** banning new oil, gas, and coal licences. I’m persuaded by the long-term need to protect the environment, reduce harm to future generations, and avoid locking ourselves into more fossil-fuel dependence, and my Remain vote and generally practical outlook make me open to responsible climate action. That said, I’d still worry about the impact on jobs, energy security, and existing industries, so I’d want the transition handled carefully rather than abruptly.",F,F,2,1.7681966660311446,
gpt-5.4-mini,openai,gpt-5.4-mini,91.0,A-only,2,ClimatePolicyID(3),"I would **slightly support** banning the sale of new petrol cars by 2030. I voted Labour and remained in the EU, so I’m generally open to practical environmental measures, and I can see the long-term case for reducing emissions and improving air quality for future generations. That said, I’d be cautious about the pace of change, since I value stability, personal choice, and not putting too much strain on older drivers, rural areas, or people who may struggle with the cost and convenience of switching to electric vehicles.",E,E,1,1.8956539169885218,
gpt-5.4-mini,openai,gpt-5.4-mini,91.0,A-only,2,ClimatePolicyID(4),"I would **somewhat support** this policy. I value practical, long-term improvements that cut energy bills, reduce waste, and do something sensible for future generations, and the insulation and non-fossil heating parts especially seem like a responsible way to build homes properly from the start. I would still be cautious about the cost and whether it adds too much regulation or delay to housebuilding, but on balance it feels like a sensible, forward-looking standard rather than an unnecessary imposition.",F,F,2,1.9711524590384215,
gpt-5.4-mini,openai,gpt-5.4-mini,91.0,A-only,2,ClimatePolicyID(5),"I would **somewhat support** a carbon fee and dividend. I like that it uses a clear market signal to reduce fossil fuel use while giving the money back to the public, which feels fair and less likely to hit ordinary households unfairly; that fits my concern for equal treatment and practical, orderly change. My hesitation is that I do not like policies that feel too disruptive or that could raise costs for businesses and people I know, so I would want it introduced carefully and with proper safeguards.",F,F,2,2.0061936670099385,
gpt-5.4-mini,openai,gpt-5.4-mini,91.0,A-only,2,ClimatePolicyID(6),"I would be **slightly supportive** of compensating people in other countries affected by climate change, because I do feel a moral responsibility toward fairness and helping those who are badly hit through no fault of their own. My support is tempered by caution: I would want this to be done in a clear, well-controlled way that does not create open-ended commitments or divert too much from responsibilities at home, especially given my preference for stability and practical outcomes.",E,E,1,1.859212709008716,
gpt-5.4-mini,openai,gpt-5.4-mini,91.0,A-only,3,ClimatePolicyID(1),"I would **somewhat support** accelerating renewable energy, especially wind power, because it seems a practical way to cut emissions, improve energy security, and keep bills more stable in the long run. My vote for Labour and my support for fairness and responsible stewardship also make me receptive to it, particularly if local communities benefit and the transition is managed sensibly.

I would still have some reservations if the roll-out were too rushed or badly planned, because I value stability, proper order, and not disrupting existing jobs or industries unnecessarily. So my support depends on it being done in a careful, well-managed way rather than as a reckless push for change.",F,F,2,2.31144504196709,
gpt-5.4-mini,openai,gpt-5.4-mini,91.0,A-only,3,ClimatePolicyID(2),"I would **somewhat support** banning new oil, gas, and coal licences. I’m persuaded by the long-term need to reduce harm to the environment and future generations, and I do think it makes sense to stop locking ourselves into more fossil fuel dependence when cleaner alternatives are available.  

That said, I would still have reservations because I value stability, traditional industries, and the livelihoods tied to them, especially in Scotland where energy jobs matter. So I’d want the policy handled carefully, with a proper transition for workers and communities rather than an abrupt shutdown.",F,F,2,1.886357749986928,
gpt-5.4-mini,openai,gpt-5.4-mini,91.0,A-only,3,ClimatePolicyID(3),"I would **somewhat support** a ban on the sale of new petrol cars by 2030. I’m persuaded by the long-term need to cut emissions, improve air quality, and move the country toward cleaner transport, and I do think it’s sensible to set a clear deadline rather than drift indefinitely; that fits with my respect for practical, orderly change and concern for future generations. My main hesitation is the cost and disruption for ordinary people and businesses, especially if charging infrastructure, vehicle prices, and the second-hand market don’t keep pace, so I’d want the transition handled carefully and fairly.",F,F,2,2.9716406670049764,
gpt-5.4-mini,openai,gpt-5.4-mini,91.0,A-only,3,ClimatePolicyID(4),"I would **somewhat support** this policy. It fits my view that we need practical, long-term changes to reduce energy use and emissions, and better insulation and non-fossil heating should help lower bills and improve efficiency for new homes. That said, I’d be cautious about adding costs or overcomplicating housebuilding, so I’d want the rules to be sensible, affordable, and not burden developers or buyers unnecessarily.",F,F,2,1.946989374991972,
gpt-5.4-mini,openai,gpt-5.4-mini,91.0,A-only,3,ClimatePolicyID(5),"I would **somewhat support** a carbon fee and dividend. I like the idea of making polluters pay while returning the money to the public, because that feels fair, practical, and less likely to hit ordinary households unfairly; it also fits with my concern for stability and avoiding unnecessary hardship. My hesitation is that carbon taxes can be disruptive and may raise costs for businesses and energy users, so I’d want to be sure the dividend is genuinely enough to offset that and that the policy is introduced carefully.",F,F,2,1.8406621670001186,
gpt-5.4-mini,openai,gpt-5.4-mini,91.0,A-only,3,ClimatePolicyID(6),"I’m **somewhat supportive**, but not wholeheartedly. On the one hand, I can see the moral case for helping poorer countries that are suffering from climate change, and it fits with a sense of fairness and responsibility; on the other hand, I’m cautious about committing British taxpayers to open-ended payments unless there’s a clear, practical system with measurable results. I’d want it to be handled in a controlled way that doesn’t undermine our own stability or become another vague international promise.",F,F,2,1.842763292021118,
gpt-5.4-mini,openai,gpt-5.4-mini,165.0,B-only,1,ClimatePolicyID(1),"I’d be **somewhat opposed, or at best only slightly supportive** of accelerating renewable energy roll-out. I can see the argument for cleaner energy and less reliance on imports, but I’m wary of the costs being pushed onto ordinary households through subsidies, higher bills, and rushed projects that don’t always seem to deliver the promised savings. As someone who values practicality, fairness, and economic stability, I’d want to know it’s genuinely affordable and reliable before backing it strongly.",B,B,-2,2.864580499997828,
gpt-5.4-mini,openai,gpt-5.4-mini,165.0,B-only,1,ClimatePolicyID(2),"I’d probably be **neutral to slightly opposed** to banning new oil, gas, and coal licences. I can see the environmental argument and I do think we need to think about the future, but my main concern is practical: energy security, jobs, and keeping bills manageable for ordinary families like mine. Given my Conservative vote, Leave view, and general preference for steady, realistic change over big sweeping policies, I’d want a more balanced approach that protects supply and the economy while gradually reducing fossil fuel use.",C,C,-1,2.252773166052066,
gpt-5.4-mini,openai,gpt-5.4-mini,165.0,B-only,1,ClimatePolicyID(3),"I’d probably be **slightly oppose** to banning the sale of new petrol cars by 2030. I can see the environmental argument and I do think we need to move towards cleaner transport, but I’m wary of policies that feel rushed and place extra costs on ordinary families before there are affordable, practical alternatives everywhere, especially in rural areas and places with limited charging points.

My Conservative and Leave-leaning instincts make me cautious about big top-down changes, and as a parent on a modest income I’d be concerned about the impact on household budgets and everyday convenience. That said, I wouldn’t be completely against it if the transition was gradual, realistic, and properly supported with infrastructure and help for people who can’t easily switch.",C,C,-1,2.663982792000752,
gpt-5.4-mini,openai,gpt-5.4-mini,165.0,B-only,1,ClimatePolicyID(4),"I’d be somewhat cautious about this policy, and probably only slightly supportive at most. On the one hand, I can see the long-term benefits of better insulation and cleaner heating, and I do think new homes should be built sensibly for the future; on the other hand, I worry about the extra cost being passed on to buyers and whether it makes housing less affordable for ordinary families like mine. My recent reflections have made me more alert to the practical downsides of green mandates, so I’d want to know that these requirements wouldn’t just become another expensive burden with limited real-world benefit.",E,E,1,2.4563064580434,
gpt-5.4-mini,openai,gpt-5.4-mini,165.0,B-only,1,ClimatePolicyID(5),"I’d be a bit torn, but I’d lean slightly against a carbon fee and dividend. On the one hand, I can see the fairness in returning the money to households and the idea of encouraging less fossil fuel use, which fits my sense that everyone should have a fair chance and that we should be sensible about the future. On the other hand, I’m wary of extra taxes pushing up everyday costs, especially with the cost of living already tight, and I’m not convinced government schemes like this always work as neatly in practice as they do on paper.",C,C,-1,2.0469168749987148,
gpt-5.4-mini,openai,gpt-5.4-mini,165.0,B-only,1,ClimatePolicyID(6),"I’d be slightly supportive of compensating people in other countries affected by climate change, because I do think there’s a basic moral duty to help people who are suffering, especially where they’ve contributed less to the problem. That said, I’d be cautious about it if it meant taking money away from struggling households here in the UK, since I value fairness, practicality, and making sure taxpayers’ money is spent responsibly.",E,E,1,1.7029996250057593,
gpt-5.4-mini,openai,gpt-5.4-mini,165.0,B-only,2,ClimatePolicyID(1),"I’d be somewhat cautious about accelerating renewables, so I’d lean **slightly oppose to neutral** overall. On the one hand, I do care about the environment in a general way and like the idea of more home-grown energy rather than relying on imports, but on the other hand I’m very conscious of the cost to households, the impact on bills, and whether these projects actually deliver enough benefit for the money spent.

My Conservative and Leave instincts make me wary of big, fast government-led changes that can feel imposed from above, especially if they push up costs for ordinary families like mine. I’d be more supportive if the policy clearly lowered energy prices, improved reliability, and didn’t rely on heavy subsidies or extra burdens on taxpayers.",C,C,-1,3.524624124984257,
gpt-5.4-mini,openai,gpt-5.4-mini,165.0,B-only,2,ClimatePolicyID(2),"I’d probably be **neutral to slightly oppose** banning new oil, gas and coal licences. On the one hand, I do think we need to look after the environment and not rely on fossil fuels forever, but I’m also very conscious of practical issues like energy bills, jobs, and keeping the country secure and self-sufficient — especially after the cost-of-living pressures we’ve all felt. Given my Conservative and Leave vote, I’m wary of policies that feel too rigid or that could make us more dependent on imports before there’s a proper, affordable alternative in place.",C,C,-1,2.350993959000334,
gpt-5.4-mini,openai,gpt-5.4-mini,165.0,B-only,2,ClimatePolicyID(3),"I’d probably be **slightly oppose** this policy overall. I can see the environmental argument, but for me the big issue is practicality: I worry it would push costs onto ordinary families too quickly, especially people who rely on affordable cars and don’t have easy access to charging or the money to switch. On the other hand, I do accept that cleaner transport matters in the long run, so if the change were slower and better supported, I’d feel more comfortable with it.",C,C,-1,2.1485042920103297,
gpt-5.4-mini,openai,gpt-5.4-mini,165.0,B-only,2,ClimatePolicyID(4),"I’d lean slightly against mandating this for all new housing developments, mainly because I’m wary of policies that add costs and get passed on to ordinary families through higher house prices or rents. As someone who values practicality, fairness, and gradual change, I can see the environmental argument, but I’d want to be sure the technology is affordable, reliable, and not just another burden on people already struggling with living costs. That said, I do support better insulation and more efficient homes in principle, so if the policy were flexible and cost-conscious, I’d be more open to it.",C,C,-1,2.458626292005647,
gpt-5.4-mini,openai,gpt-5.4-mini,165.0,B-only,2,ClimatePolicyID(5),"I would probably be **slightly oppose** to a carbon fee and dividend policy. On the one hand, I can see the fairness in returning the money to the public, and I do care about cleaner energy and not harming the environment unnecessarily. But in practice I worry it would still push up fuel, heating, and transport costs for ordinary households like mine, and I’m sceptical that another tax is the best way to help families when energy bills are already so high.",C,C,-1,2.150487790990155,
gpt-5.4-mini,openai,gpt-5.4-mini,165.0,B-only,2,ClimatePolicyID(6),"I’d be somewhat torn on this. On the one hand, I do think there’s a moral case for helping people in poorer countries who are badly affected by climate change, especially if they’ve contributed far less to the problem than we have. On the other hand, with the cost of living still tight and my instinct to put British households first, I’d worry about money going abroad when there are still plenty of pressures at home, so overall I’d lean slightly against it or only support it if it was modest and clearly justified.",C,C,-1,2.559835915977601,
gpt-5.4-mini,openai,gpt-5.4-mini,165.0,B-only,3,ClimatePolicyID(1),"I’d probably be **somewhat supportive, but not strongly**. I can see the value in more renewable energy because I do care about the future and I don’t want to rely too heavily on fossil fuels, but I’d want it done in a practical way that keeps bills affordable and doesn’t put too much pressure on ordinary households.

What would make me **support** it is the idea of cleaner energy, more long-term security, and reducing dependence on imported fuels. What would make me **oppose** it is if it meant higher costs, subsidies that feel unfair, or rushing ahead without proper planning and reliable backup for when the wind isn’t blowing.",F,F,2,2.0451644170098007,
gpt-5.4-mini,openai,gpt-5.4-mini,165.0,B-only,3,ClimatePolicyID(2),"I’d be fairly neutral to slightly supportive of banning new oil, gas, and coal licences, but only if it was part of a sensible, gradual transition rather than something rushed. I can see the argument for reducing reliance on fossil fuels and protecting the environment for the long term, but I’d also worry about higher energy bills, jobs, and whether households and businesses would be left without reliable alternatives. My general preference is for practical, fair policies that don’t put too much strain on ordinary people, so I’d want strong evidence that this wouldn’t damage energy security or the cost of living.",D,D,0,1.9863079999922775,
gpt-5.4-mini,openai,gpt-5.4-mini,165.0,B-only,3,ClimatePolicyID(3),"I’d be fairly neutral to slightly opposed to banning new petrol cars by 2030. On one hand, I can see the environmental argument and I do think future generations matter, but on the other hand I’m wary of policies that feel rushed, expensive, and likely to hit ordinary families hardest when electric cars, charging points, and the wider infrastructure still aren’t fully in place.

My Conservative vote, my preference for practical gradual change, and my skepticism about government overreach all make me cautious about a hard deadline like this. The recent messages have also made me more aware of how these kinds of policies can shift costs onto households and create disruption without enough real-world alternatives.",C,C,-1,2.2143941250396892,
gpt-5.4-mini,openai,gpt-5.4-mini,165.0,B-only,3,ClimatePolicyID(4),"I’d be somewhat cautious about this policy, leaning neutral to slightly opposed overall. On the one hand, I can see the appeal of better insulation and cleaner heating in new homes, especially if it lowers long-term bills and helps the environment in a practical way; on the other hand, I worry about extra building costs being passed on to buyers and renters, and I’m wary of government mandating too much too quickly when families are already under financial pressure.",C,C,-1,2.036662124970462,
gpt-5.4-mini,openai,gpt-5.4-mini,165.0,B-only,3,ClimatePolicyID(5),"I would probably be **slightly oppose** this policy overall. On the one hand, I can see the appeal of making polluters pay and giving the money back to ordinary people, which feels fair in principle and could help lower-income households; on the other hand, I’m increasingly wary of carbon taxes because they can push up energy and fuel costs in ways that hit working families hard, and I don’t trust government to always use these schemes sensibly. Given my preference for practical, gradual change and my concern about household budgets, I’d want to be cautious about it unless it was clearly shown to be affordable and genuinely beneficial to ordinary people.",C,C,-1,2.4692161669954658,
gpt-5.4-mini,openai,gpt-5.4-mini,165.0,B-only,3,ClimatePolicyID(6),"I’d lean slightly oppose on this. I can see the moral argument for helping poorer countries that are hit hard by climate change, and my general belief in fairness does make that matter to me, but I’m also very conscious of British households facing tight budgets and I don’t like the idea of money being sent abroad when there are so many pressures at home. My support would depend on it being clearly limited, transparent, and not adding extra burden to ordinary working families.",C,C,-1,3.2563340829801746,
gpt-5.4-mini,openai,gpt-5.4-mini,166.0,A-only,1,ClimatePolicyID(1),"I would **strongly support** accelerating renewable energy roll-out, especially wind power. My left-wing politics, Labour vote, and belief in fairness and long-term public investment all point me toward backing it, and I also see it as a practical way to cut pollution, reduce dependence on fossil fuels, and protect people from future energy price shocks.

The main thing that could make me hesitate is the cost and whether the benefits really reach ordinary people, especially those on low incomes or in rural areas like Wales if projects are poorly planned. But overall, I think the case for renewables is much stronger than the case against them, because it combines environmental responsibility with economic stability and social justice.",G,G,3,2.5816455830354244,
gpt-5.4-mini,openai,gpt-5.4-mini,166.0,A-only,1,ClimatePolicyID(2),"I would **strongly support** banning new oil, gas, and coal licences. Given my very left-wing views, my support for Labour, and my strong belief in fairness and protecting all life on Earth, it feels wrong to keep opening up more fossil fuel extraction when climate change is already harming people, especially poorer communities and places like Wales that are seeing floods and heatwaves.

The main thing that could make me hesitate is concern about jobs, energy prices, and whether the transition is managed fairly for ordinary people on low incomes like mine. But overall, I think those concerns are better dealt with by investing in renewables, insulation, and support for workers rather than continuing to expand fossil fuels.",G,G,3,2.668140499969013,
gpt-5.4-mini,openai,gpt-5.4-mini,166.0,A-only,1,ClimatePolicyID(3),"I would slightly support banning the sale of new petrol cars by 2030 because I do care about reducing harm to the environment and I think government should take serious action on climate change rather than leaving it to individuals. That said, I’d want to make sure there’s proper investment in affordable public transport and charging points, especially in rural parts of Wales, because otherwise it could hit ordinary people on low incomes harder than wealthier households.",E,E,1,1.9386395000037737,
gpt-5.4-mini,openai,gpt-5.4-mini,166.0,A-only,1,ClimatePolicyID(4),"I would **slightly support** this policy. It fits with my left-wing views on fairness and long-term planning, and I like the idea of new homes being built properly from the start with better insulation and clean heating, especially when it can help cut bills and reduce reliance on fossil fuels.

That said, I’d also worry about the cost, because people on lower incomes can end up paying for green policies if they’re not handled carefully. I’d want to know there was proper support so it doesn’t make housing even less affordable, especially in Wales where wages are often low and energy costs hit hard.",E,E,1,2.087627125030849,
gpt-5.4-mini,openai,gpt-5.4-mini,166.0,A-only,1,ClimatePolicyID(5),"I’d be **slightly supportive** of a carbon fee and dividend, mainly because I like the idea of making polluters pay while giving the money back to ordinary people, which feels fair and fits my left-wing views. I’d also see it as a practical way to cut emissions without just punishing low-income households, especially if the dividend is protected and the policy is designed carefully.

At the same time, I’d be cautious because I’m on a low income and would worry about energy and transport costs rising before the dividend fully offsets them, especially in a rural part of Wales where alternatives can be limited. So I support the principle, but I’d want strong safeguards so it doesn’t end up hitting people like me hardest.",E,E,1,2.4654674580087885,
gpt-5.4-mini,openai,gpt-5.4-mini,166.0,A-only,1,ClimatePolicyID(6),"I would **slightly support** compensating people in other countries who are impacted by climate change. My left-wing values, belief in fairness, and concern for equal treatment of all people make me feel that countries that have contributed most to climate change should help those who are suffering the consequences, especially when many of them are poorer and less responsible for the problem.

That said, I’d want it to be done carefully so it doesn’t take away from urgent needs at home, like low incomes, cold homes, and public services here in Wales. I’d also want the funding to be genuinely additional and well-accounted for, not just a vague promise that wastes money.",E,E,1,2.6150465000537224,
gpt-5.4-mini,openai,gpt-5.4-mini,166.0,A-only,2,ClimatePolicyID(1),"I would **strongly support** accelerating the roll-out of renewable energy like offshore and onshore wind. It fits with my left-wing views, my support for Labour, and my belief that government should act fairly and decisively to protect people from climate change, especially when it’s already affecting places like Wales through floods, storms, and rising costs.  

I also like that renewables can help with long-term price stability and reduce dependence on fossil fuels, which feels more sensible than keeping new oil and gas options open. The main thing I’d worry about is making sure projects are done properly and that local communities, including rural areas, actually benefit rather than just having developments imposed on them.",G,G,3,2.5604290000046603,
gpt-5.4-mini,openai,gpt-5.4-mini,166.0,A-only,2,ClimatePolicyID(2),"I would **strongly support** banning new oil, gas, and coal licences. It fits with my left-wing views, my support for Labour, and my belief that we need to stop causing more climate damage rather than locking ourselves into more fossil fuel use; I also see it as a fairness issue because the people with the least usually suffer the most from climate change. The main thing that could make me hesitate is worries about jobs, energy prices, and how quickly alternatives can replace fossil fuels, but overall I think the long-term harm of new licences is worse.",G,G,3,2.135905208007898,
gpt-5.4-mini,openai,gpt-5.4-mini,166.0,A-only,2,ClimatePolicyID(3),"I would **slightly support** banning the sale of new petrol cars by 2030. I’m generally in favour of action that cuts emissions and reduces long-term harm, and I like that this kind of policy pushes society toward cleaner transport rather than leaving it too late. That said, I’d want proper support in place first — especially affordable electric cars, more charging points in rural Wales, and help for people on low incomes — because otherwise it could unfairly hit ordinary people.",E,E,1,1.9599092500284314,
gpt-5.4-mini,openai,gpt-5.4-mini,166.0,A-only,2,ClimatePolicyID(4),"I would **slightly support** this policy. It fits with my left-wing views on fairness and long-term planning, and I like the idea of new homes being built properly from the start with better insulation, solar panels, and cleaner heating rather than locking people into higher bills and fossil fuels later on.  

That said, I’d be a bit cautious because of the cost side: with my income and no formal qualifications, I’d worry about whether these requirements might push up house prices or rents, especially if developers pass the costs on to ordinary people.",E,E,1,2.253413000027649,
gpt-5.4-mini,openai,gpt-5.4-mini,166.0,A-only,2,ClimatePolicyID(5),"I’d be **slightly supportive** of a carbon tax with a dividend, because I generally back strong climate action and I like the fairness of returning the money directly to the public rather than just letting the government keep it. The dividend and border adjustments make it feel more workable for people on lower incomes like me, since I’d worry about energy and transport costs hitting ordinary households hardest. I’d still be a bit cautious, though, because if it’s not designed carefully it could end up feeling like another cost on people who are already struggling.",E,E,1,2.036500000045635,
gpt-5.4-mini,openai,gpt-5.4-mini,166.0,A-only,2,ClimatePolicyID(6),"I would **slightly support** compensating people in other countries who are impacted by climate change. My left-wing values, support for fairness, and belief that richer countries have a responsibility for the harm caused by emissions make me think this is the right thing to do, especially because poorer countries often suffer most from problems they did least to create.

That said, I’d want it to be **carefully structured** so it doesn’t come at the expense of people here who are also struggling on a low income, and I’d prefer it to be additional to existing aid rather than taken from other essential support. So I support the principle, but I’d be cautious about how it’s funded and delivered.",E,E,1,2.261705457989592,
gpt-5.4-mini,openai,gpt-5.4-mini,166.0,A-only,3,ClimatePolicyID(1),"I would **strongly support** accelerating renewable energy production, especially wind power. It fits with my left-wing values around fairness, public investment, and reducing harm, and I like the idea of communities in Wales benefiting from cleaner energy rather than relying on fossil fuels. The main concern I’d have is making sure it’s done properly — with fair pricing, local jobs, and not just big companies taking the profits — but overall I see it as a necessary and positive move.",G,G,3,2.0508227910031565,
gpt-5.4-mini,openai,gpt-5.4-mini,166.0,A-only,3,ClimatePolicyID(2),"I would **strongly support** banning new oil, gas, and coal licences. It fits with my left-wing views, my belief in fairness and equal treatment, and my concern that we shouldn’t keep locking in more environmental damage when cleaner alternatives are available. I can see the argument that it might affect jobs or energy prices in the short term, but I think those concerns are better dealt with through public investment, retraining, and support for communities rather than continuing fossil fuel expansion.",G,G,3,1.825454792007804,
gpt-5.4-mini,openai,gpt-5.4-mini,166.0,A-only,3,ClimatePolicyID(3),"I would **slightly support** banning the sale of new petrol cars by 2030. It fits with my left-wing values around tackling climate change fairly, and I like the idea of government pushing a big shift rather than leaving it all to the market, especially since I’m already sympathetic to policies that reduce harm and protect future generations.

That said, I’d be cautious because people on low incomes like me could struggle with the cost of switching to electric cars, and rural areas in Wales need proper charging infrastructure first. So I’d support it most if it came with real help for ordinary people, not just a deadline on its own.",F,F,2,2.165886375005357,
gpt-5.4-mini,openai,gpt-5.4-mini,166.0,A-only,3,ClimatePolicyID(4),"I would **slightly support** this policy. It fits with my left-wing views on fairness and making sure new housing is built properly from the start, and I like the idea of reducing fuel poverty through better insulation and cleaner heating — especially since cold homes are a real issue for people on lower incomes like mine. My main hesitation is cost and whether developers would pass those costs on to buyers or renters, but overall I think it’s a sensible long-term step if it’s done in a way that doesn’t make housing even less affordable.",E,E,1,2.151667041995097,
gpt-5.4-mini,openai,gpt-5.4-mini,166.0,A-only,3,ClimatePolicyID(5),"I’m still basically **neutral to slightly supportive** of a carbon fee and dividend. I like the idea of making polluters pay while giving the money back to ordinary people, especially if it’s designed to protect lower-income households like mine and helps fund practical things like insulation or cheaper transport. My main hesitation is that if it’s not set up carefully, it could still push up living costs before the dividend fully offsets them, so I’d want to see strong safeguards and fairness built in.",E,E,1,5.630833458038978,
gpt-5.4-mini,openai,gpt-5.4-mini,166.0,A-only,3,ClimatePolicyID(6),"I would **slightly support** compensating people in other countries affected by climate change. It fits my left-wing views on fairness and responsibility, and I do think richer countries like ours should help those who’ve contributed least but are suffering the most; that feels especially important when climate damage is already hitting poorer communities hard.

That said, I’d want it done carefully so it doesn’t take away from help needed here in Wales, especially for people on low incomes, and I’d want the money to go to genuine support rather than being wasted or used badly.",E,E,1,2.1629955419921316,
gpt-5.4-mini,openai,gpt-5.4-mini,238.0,B-only,1,ClimatePolicyID(1),"I’d be mildly supportive of accelerating renewables, but not enthusiastically so. I can see the practical case for diversifying energy supply, improving long-term security, and reducing dependence on fossil fuels, but I’d want it done in a way that doesn’t load excessive costs onto households or damage local landscapes and communities.

At the same time, I’m wary of anything that feels like policy being pushed ahead faster than the grid, storage, and infrastructure can realistically cope with. My instinct is to favour a balanced, economically sensible transition rather than an ideological rush, so I’d support it only if it clearly delivers reliable power and fair costs.",E,E,1,2.3134254579781555,
gpt-5.4-mini,openai,gpt-5.4-mini,238.0,B-only,1,ClimatePolicyID(2),"I would strongly oppose banning new oil, gas, and coal licences. From my point of view, it risks jobs, investment, and energy security, and it feels like the sort of policy that puts ideology ahead of practical needs, especially when households and industry still depend on reliable affordable energy. I can see the environmental argument in favour of it, but I’d rather see a gradual transition that protects the economy and gives people realistic alternatives first.",A,A,-3,2.897346750018187,
gpt-5.4-mini,openai,gpt-5.4-mini,238.0,B-only,1,ClimatePolicyID(3),"I would strongly oppose banning the sale of new petrol cars by 2030. It feels too rushed and heavy-handed, and I worry it would force ordinary households and small businesses into higher costs before electric cars, charging infrastructure, and the second-hand market are truly ready. While I accept the need to reduce emissions over time, I’d prefer a slower, more practical transition that gives people real choice and doesn’t punish those who rely on affordable transport.",A,A,-3,2.153164250019472,
gpt-5.4-mini,openai,gpt-5.4-mini,238.0,B-only,1,ClimatePolicyID(4),"I’d be somewhat supportive of this policy, mainly because I can see the practical long-term benefits: better insulation and non-fossil heating should reduce energy waste, lower bills over time, and make new homes more efficient and future-proof. I also think it’s reasonable to expect new developments to meet higher standards, since they’re being built from scratch rather than forcing costly retrofits on existing homeowners.

That said, I’d be cautious about making it too prescriptive, because mandatory rooftop solar and heating systems can add upfront costs and may not suit every site or buyer, especially if those costs get passed on to households. My instinct is to back sensible environmental measures, but only if they’re balanced, affordable, and don’t become another heavy-handed rule that ignores practical realities.",F,F,2,2.3528185000177473,
gpt-5.4-mini,openai,gpt-5.4-mini,238.0,B-only,1,ClimatePolicyID(5),"I’m fairly neutral on a carbon fee and dividend, leaning slightly cautious rather than supportive. On the one hand, I can see the appeal of a market-based approach that puts a price on pollution while returning money to households, which could make it feel fairer than blunt bans or heavy-handed regulation. On the other hand, I’m wary of higher fuel and energy costs hitting ordinary people, and I’m not fully convinced government schemes like this always deliver real savings or better outcomes in practice.",D,D,0,2.4578873330028728,
gpt-5.4-mini,openai,gpt-5.4-mini,238.0,B-only,1,ClimatePolicyID(6),"I’d lean slightly against compensating people in other countries for climate impacts. I can see the moral argument, but I’m cautious about using UK taxpayers’ money for what can feel like open-ended international payments, especially when there are plenty of domestic pressures and I’m generally more concerned with practical, measurable results than symbolic gestures.

That said, I do think there’s some case for helping poorer countries adapt, especially if it reduces instability and is tied to clear accountability. So my view is not a hard no, but I’d want any support to be limited, targeted, and clearly linked to real outcomes rather than broad compensation.",C,C,-1,2.3552331660175696,
gpt-5.4-mini,openai,gpt-5.4-mini,238.0,B-only,2,ClimatePolicyID(1),"I would **slightly support** accelerating renewable energy roll-out, mainly because I do accept the long-term need to reduce reliance on fossil fuels and I can see the practical value of more domestic energy generation for security and stability. That said, I’d be wary of doing it too fast or in a way that pushes up costs for households and industry, especially if it relies heavily on subsidies, planning shortcuts, or creates more burden than benefit in the short term.",E,E,1,1.8487151669687591,
gpt-5.4-mini,openai,gpt-5.4-mini,238.0,B-only,2,ClimatePolicyID(2),"I would strongly oppose banning new oil, gas, and coal licences. From my point of view, it risks damaging energy security, jobs, and the wider economy, especially in Scotland where these industries still matter, and I’m generally wary of government making sweeping decisions that can hurt ordinary households and businesses. I do see the environmental argument and accept that we need a gradual transition to cleaner energy, but I’d rather see a practical, balanced approach that keeps domestic energy supply and affordability in mind.",A,A,-3,2.1557747080223635,
gpt-5.4-mini,openai,gpt-5.4-mini,238.0,B-only,2,ClimatePolicyID(3),"I would strongly oppose a ban on the sale of new petrol cars by 2030. It feels too rushed and heavy-handed, especially for ordinary households and rural drivers who may not have easy access to affordable electric alternatives, charging points, or the money to replace a perfectly usable car. While I do accept the need to reduce emissions over time, I’d rather see the market and technology evolve naturally with incentives and practical support than have government impose a deadline that could end up being costly and disruptive.",A,A,-3,2.54828833299689,
gpt-5.4-mini,openai,gpt-5.4-mini,238.0,B-only,2,ClimatePolicyID(4),"I’d be somewhat supportive of this policy, but not enthusiastically. I can see the practical case for better insulation and cleaner heating in new homes, since it reduces long-term energy use and may help keep bills down, and I do think there’s a sensible responsibility to build homes that are fit for the future.

That said, I’d be wary of heavy-handed mandates if they push up building costs, slow down development, or add burdens that get passed on to buyers and renters. My instinct is to favour a gradual, cost-conscious approach rather than rigid green rules, but I’m not opposed in principle if the policy is realistic and properly supported.",F,F,2,2.174272332980763,
gpt-5.4-mini,openai,gpt-5.4-mini,238.0,B-only,2,ClimatePolicyID(5),"I’m fairly neutral to slightly sceptical about a carbon fee and dividend. On the one hand, I can see the appeal of a market-based approach that puts a price on pollution while returning the money to households, which feels more fair than simply taxing people and keeping the revenue; on the other hand, I worry it would still push up fuel and heating costs, hit rural and older households hardest, and become another layer of government intervention that may not deliver much practical benefit.",D,D,0,2.0264026249642484,
gpt-5.4-mini,openai,gpt-5.4-mini,238.0,B-only,2,ClimatePolicyID(6),"I’d lean slightly oppose this. I can see the moral argument that richer countries have contributed more to climate change, and I do think there’s a responsibility to act fairly, but I’m wary of turning that into open-ended compensation payments abroad when there are plenty of pressures on public finances at home. I’d rather see money focused on reducing emissions, improving resilience, and helping poorer countries adapt through practical investment than on compensation that can feel vague, politically driven, and hard to justify to taxpayers.",C,C,-1,2.1479994590044953,
gpt-5.4-mini,openai,gpt-5.4-mini,238.0,B-only,3,ClimatePolicyID(1),"I would be **slightly supportive** of accelerating renewable energy, because I do accept the long-term need to reduce reliance on fossil fuels and I can see the environmental and energy-security benefits of building more domestic generation. That said, I’d be wary of doing it too quickly or with heavy subsidies, since I’m very conscious of costs, practicality, and the risk of pushing up bills or imposing more burdens on households and industry.",E,E,1,1.8441836250131018,
gpt-5.4-mini,openai,gpt-5.4-mini,238.0,B-only,3,ClimatePolicyID(2),"I would strongly oppose banning new oil, gas, and coal licences. From my point of view, it risks damaging energy security, jobs, and the wider economy, especially when Scotland and the UK still rely on these fuels and alternatives are not yet fully reliable or affordable enough for everyone.  

I can understand the environmental argument and the need to reduce emissions over time, but I think a blanket ban is too blunt and could simply push production elsewhere rather than solving the problem. A more gradual, practical transition feels much more sensible than cutting off domestic supply.",A,A,-3,2.2513144590193406,
gpt-5.4-mini,openai,gpt-5.4-mini,238.0,B-only,3,ClimatePolicyID(3),"I would strongly oppose a ban on the sale of new petrol cars by 2030. It feels too rushed and heavy-handed, especially for people who rely on affordable, practical transport and for businesses that need time to adapt; I generally prefer the market to drive change rather than government mandates. While I do accept the need to reduce emissions over time, I’d want a more gradual transition with better infrastructure and clearer evidence that the policy is genuinely workable for ordinary households.",A,A,-3,2.150490708008874,
gpt-5.4-mini,openai,gpt-5.4-mini,238.0,B-only,3,ClimatePolicyID(4),"I would probably **somewhat support** this policy, but not enthusiastically. I can see the practical case for better insulation and cleaner heating in new homes, since it should reduce long-term energy use and help with environmental responsibility, and I do think we should build more sustainably where it makes sense.  

That said, I’d be wary of making it too rigid or expensive, because mandates can push up building costs and housing prices, and I generally prefer sensible, market-led solutions over heavy-handed rules. If the requirements are too prescriptive or add unnecessary burdens on builders and buyers, I’d lean against them.",F,F,2,2.3552309590158984,
gpt-5.4-mini,openai,gpt-5.4-mini,238.0,B-only,3,ClimatePolicyID(5),"I’m fairly neutral to slightly supportive of a carbon fee and dividend, mainly because I can see the market-based logic: putting a price on fossil fuels could encourage lower emissions without relying on heavy-handed bans, and returning the revenue to the public makes it feel a bit fairer. That said, I’d still be cautious about how it would affect household bills and whether it would genuinely be revenue-neutral in practice, since I’m wary of policies that end up burdening ordinary people or adding more bureaucracy.",E,E,1,2.764410624979064,
gpt-5.4-mini,openai,gpt-5.4-mini,238.0,B-only,3,ClimatePolicyID(6),"I’d be slightly opposed to compensating people in other countries for climate impacts. I do have some sympathy for poorer nations and accept that richer countries have played a bigger role in emissions, but my main concern is that this can turn into open-ended spending with little clear benefit to people here in Scotland, especially when households are already under pressure and public money is limited. I’d rather see the focus on reducing emissions, supporting practical adaptation, and helping countries develop in a way that is fair and accountable, rather than writing cheques for past harms.",C,C,-1,1.947126000013668,
gpt-5.4-mini,openai,gpt-5.4-mini,409.0,A-only,1,ClimatePolicyID(1),"I would **somewhat support** accelerating the roll-out of renewable energy production. It fits with my fairly left-wing views, my support for Labour, and my belief that we need long-term, practical action on climate change and energy resilience rather than relying on fossil fuels; as a parent, I also like the idea of creating a more stable future. My main hesitation is that it needs to be done fairly, with proper planning for local communities, costs, and any disruption from new wind farms, so it doesn’t feel imposed without regard for everyday people.",F,F,2,2.0488878749893047,
gpt-5.4-mini,openai,gpt-5.4-mini,409.0,A-only,1,ClimatePolicyID(2),"I would **somewhat support** banning new oil, gas, and coal licences. It fits with my fairly left-wing views, my 2019 Labour vote, and my belief that we need to move away from fossil fuels rather than keep locking ourselves into them, especially when climate change is already causing harm and the benefits should be shared more fairly. That said, I’d want to be sure there’s a realistic transition plan for households and workers so it doesn’t just push costs onto ordinary people, especially those already struggling with energy bills.",F,F,2,1.945069000008516,
gpt-5.4-mini,openai,gpt-5.4-mini,409.0,A-only,1,ClimatePolicyID(3),"I would **slightly support** banning the sale of new petrol cars by 2030. My left-leaning politics, Remain outlook, and belief in balancing progress with environmental responsibility make me receptive to a clear move away from fossil fuels, especially if it helps cut emissions and pushes investment into cleaner transport.

That said, I’d be cautious about how fair the transition is for ordinary people, including families on tighter budgets or those in areas where public charging is still patchy. I’d want strong support measures in place so the policy doesn’t just feel like another cost passed on to people who are already struggling.",E,E,1,2.2532123749842867,
gpt-5.4-mini,openai,gpt-5.4-mini,409.0,A-only,1,ClimatePolicyID(4),"I would **strongly support** this policy overall. It fits with my fairly left-wing views, my support for Labour, and my belief that government should actively push fair, practical climate action rather than leaving everything to the market; it also feels like a sensible way to make new homes cheaper to run and better for the long term. The main thing that would make me hesitate is the cost and whether it could slow housebuilding or add too much burden for developers and buyers, but I think those concerns can be managed if it’s implemented properly and with support for affordability.",G,G,3,2.059528957994189,
gpt-5.4-mini,openai,gpt-5.4-mini,409.0,A-only,1,ClimatePolicyID(5),"I would **slightly support** a carbon fee and dividend policy. It fits with my fairly left-wing views, my support for Labour, and my belief that climate action should be fair and practical: taxing fossil fuels while giving the money back to the public could help reduce emissions without just punishing ordinary people, especially if lower-income households are protected. My main hesitation is that if it’s not designed carefully, it could still hit families like mine through higher energy and transport costs before the dividend fully offsets them.",E,E,1,1.7584759590099566,
gpt-5.4-mini,openai,gpt-5.4-mini,409.0,A-only,1,ClimatePolicyID(6),"I would **somewhat support** compensating people in other countries who are impacted by climate change. It fits with my sense of fairness and equal opportunity, especially because the countries and communities suffering most are often the ones least responsible for the problem, and I do think richer countries have a responsibility to help. My main hesitation is making sure it’s done properly and doesn’t come at the expense of urgent needs at home, but overall I see it as a just and humane policy.",F,F,2,2.3239720419514924,
gpt-5.4-mini,openai,gpt-5.4-mini,409.0,A-only,2,ClimatePolicyID(1),"I would **somewhat support** accelerating the roll-out of renewable energy like more offshore and onshore wind parks. It fits with my fairly left-wing views, my support for Labour, and my belief that we need long-term planning, fairer energy systems, and less reliance on fossil fuels, especially given how volatile energy prices can be. My main hesitation would be about local impacts, planning disputes, and making sure communities are properly consulted and that the transition is affordable and practical for ordinary households.",F,F,2,2.0483669170062058,
gpt-5.4-mini,openai,gpt-5.4-mini,409.0,A-only,2,ClimatePolicyID(2),"I would **somewhat support** banning new oil, gas, and coal licences. It fits with my fairly left-wing views, my support for Labour, and my belief that we need to move away from fossil fuels in a way that’s fair and forward-looking, especially since I think society should actively work to reduce harm and not just keep doing what’s familiar.  

That said, I’d want to be sure there’s a proper transition plan so ordinary people aren’t hit with higher bills or job losses, because I’m supportive of climate action but not in a way that ignores everyday practicalities.",F,F,2,2.2527015000232495,
gpt-5.4-mini,openai,gpt-5.4-mini,409.0,A-only,2,ClimatePolicyID(3),"I would slightly support banning the sale of new petrol cars by 2030. My left-leaning politics, support for Labour, and belief in balancing progress with environmental responsibility make me fairly open to it, especially since I see climate action as something society should take seriously rather than leave to individual choice alone.

That said, I’d still have some reservations about how fair and practical the transition is for ordinary people, especially families on tighter budgets or in areas where public transport and charging infrastructure aren’t yet reliable. I’d want strong support measures in place so the policy doesn’t just shift costs onto people who are already struggling.",E,E,1,2.0475875840056688,
gpt-5.4-mini,openai,gpt-5.4-mini,409.0,A-only,2,ClimatePolicyID(4),"I would **strongly support** this policy overall. It fits with my left-leaning views, my support for Labour, and my belief that society should actively work toward fairness and equal opportunity, especially if it helps create warmer, cheaper-to-run homes and reduces long-term energy costs. The main thing that would make me hesitate is whether it could add to housing costs or slow down building, but I’d still see it as a sensible, practical standard if it’s implemented fairly and with support for people who might be affected.",G,G,3,2.0480887499870732,
gpt-5.4-mini,openai,gpt-5.4-mini,409.0,A-only,2,ClimatePolicyID(5),"I would **slightly support** a carbon fee and dividend policy. It fits my fairly left-wing views, my support for Labour, and my belief that climate action should be fair and practical rather than just symbolic — especially if the money is returned to the public so lower-income households aren’t unfairly hit.

That said, I’d still have some reservations because I’m conscious of everyday cost pressures as a parent on a moderate household income, and I’d want reassurance that the dividend would genuinely offset higher energy and transport costs. I’d support it more strongly if it was clearly designed to protect ordinary families and not just become another tax burden.",E,E,1,2.045408584002871,
gpt-5.4-mini,openai,gpt-5.4-mini,409.0,A-only,2,ClimatePolicyID(6),"I would **somewhat support** compensating people in other countries who are impacted by climate change. My left-leaning views, support for fairness, and belief that countries like the UK have a responsibility because of our historical emissions make this feel morally right, especially since the people suffering most are often the least responsible. My main hesitation is making sure it’s done transparently and doesn’t come at the expense of urgent needs at home, but overall I think it fits with my values of equality and justice.",F,F,2,2.081959457951598,
gpt-5.4-mini,openai,gpt-5.4-mini,409.0,A-only,3,ClimatePolicyID(1),"I would **somewhat support** accelerating the roll-out of renewable energy like more offshore and onshore wind parks. It fits with my fairly left-wing views, my support for Labour, and my belief that we need long-term planning, fairness, and a practical transition away from fossil fuels; I also like the idea of local investment and community ownership rather than everything being driven by big corporations. My main hesitation would be around how the rollout affects local communities, landscape concerns, and whether the benefits and costs are shared fairly, but overall I think it’s a sensible and necessary direction.",F,F,2,2.4273997079581022,
gpt-5.4-mini,openai,gpt-5.4-mini,409.0,A-only,3,ClimatePolicyID(2),"I would **somewhat support** banning new oil, gas, and coal licences. It fits with my fairly left-wing views, my support for climate action, and my belief that we need to stop locking ourselves into fossil fuel dependence if we want a fairer, more sustainable future; I also like the idea of investing in renewables and local jobs instead. My main hesitation is practical: I’d want to be sure there’s a just transition for workers and that it doesn’t push up bills or hurt households like mine in the short term.",F,F,2,2.0473100840463303,
gpt-5.4-mini,openai,gpt-5.4-mini,409.0,A-only,3,ClimatePolicyID(3),"I would **slightly support** banning the sale of new petrol cars by 2030. It fits with my general left-leaning values, my support for climate action, and my belief that government should push long-term change rather than wait for the market to do it on its own; I also like the idea of cleaner air and a fairer transition to electric transport. My main hesitation is practical: I’d want to be sure there’s enough support for ordinary families, including affordable EVs, charging points, and help for people who can’t easily switch straight away.",E,E,1,2.0477824169793166,
gpt-5.4-mini,openai,gpt-5.4-mini,409.0,A-only,3,ClimatePolicyID(4),"I would strongly support this policy overall. It fits my fairly left-wing views, my support for practical climate action, and my belief that society should actively create fairer conditions rather than leaving everything to individual choice; it also feels like a sensible long-term investment in lower bills, better energy resilience, and cleaner air. My main hesitation would be around cost and whether it could push up house prices or be harder for smaller developers to deliver, but I’d still see it as a worthwhile standard if it’s implemented fairly and with support where needed.",G,G,3,1.9441339580225758,
gpt-5.4-mini,openai,gpt-5.4-mini,409.0,A-only,3,ClimatePolicyID(5),"I’d **slightly support** a carbon fee and dividend. It fits with my fairly left-wing views, my support for Labour, and my belief that we need practical action on climate change, especially if the money is returned to the public so it doesn’t just become another burden on ordinary households.

That said, I’d be cautious because I’m a parent on a moderate income, so I’d want to be sure it doesn’t hit lower-income families or people who can’t easily switch to greener options. I like the fairness of the “dividend” part, but I’d still want strong protections and clear evidence that it would really reduce emissions without unfairly penalising people.",E,E,1,2.458909999986645,
gpt-5.4-mini,openai,gpt-5.4-mini,409.0,A-only,3,ClimatePolicyID(6),"I would **somewhat support** compensating people in other countries who are impacted by climate change. It fits with my sense of fairness and equal opportunity, especially because countries that have contributed least to the problem often suffer the most, and I do think the UK has a responsibility to help. My main hesitation is making sure the money is used effectively and that support for people here at home isn’t neglected, but overall I think it’s a just policy.",F,F,2,1.857662291964516,
gpt-5.4-mini,openai,gpt-5.4-mini,416.0,A-only,1,ClimatePolicyID(1),"I would **strongly support** accelerating the roll-out of renewable energy like offshore and onshore wind parks. My environmental values, concern for future generations, and belief in global harmony make clean energy feel both necessary and morally right, and I also like that it reduces dependence on fossil fuels without relying on force or domination. The main thing that would make me cautious is if projects were handled badly — for example, if there was poor transparency, unfair local impact, or weak planning — but overall I’d still be firmly in favour.",G,G,3,2.340495667012874,
gpt-5.4-mini,openai,gpt-5.4-mini,416.0,A-only,1,ClimatePolicyID(2),"I would **somewhat support** banning new oil, gas, and coal licences. My strong environmental values, concern for future generations, and belief that society should actively reduce harm all point me toward backing a clear break from fossil fuel expansion, especially since I see climate action as urgent and morally necessary.  

That said, I’d still have some hesitation because I’m wary of policies that feel too blunt or poorly managed, and I’d want to be sure there’s a credible transition plan for energy security, jobs, and fairness so the burden doesn’t fall unfairly on ordinary people.",F,F,2,2.3548922080080956,
gpt-5.4-mini,openai,gpt-5.4-mini,416.0,A-only,1,ClimatePolicyID(3),"I would **strongly support** banning the sale of new petrol cars by 2030. My main reasons are environmental: I care a lot about reducing emissions, protecting nature, and acting decisively on climate change, and this feels like a clear, practical way to push the transition to cleaner transport rather than delaying it.

The main thing that could make me hesitate is whether the policy is implemented fairly — for example, whether people are given enough support to switch to electric vehicles, and whether charging infrastructure is rolled out properly. But overall, I’d still back it because the long-term benefits for the planet and public health outweigh those concerns.",G,G,3,2.253620207950007,
gpt-5.4-mini,openai,gpt-5.4-mini,416.0,A-only,1,ClimatePolicyID(4),"I would **strongly support** this policy. It fits my strong environmental values, my belief in equal opportunities, and my view that we need practical long-term action on climate change rather than half-measures; better-insulated homes with clean heating and solar panels also feel like a fair way to reduce emissions and future energy bills. My main hesitation would be around cost, implementation quality, and whether the rules are enforced transparently, but overall I think the benefits clearly outweigh those concerns.",G,G,3,1.9448023330187425,
gpt-5.4-mini,openai,gpt-5.4-mini,416.0,A-only,1,ClimatePolicyID(5),"I would **slightly oppose** a carbon fee and dividend policy. I strongly support action on climate change, but I’m wary of carbon taxes because they can be opaque, politically manipulated, and poorly managed, and I’m not fully convinced the dividend would be fair or effective in practice. I’d prefer more direct, transparent measures like investing in renewables, insulation, and clean transport, rather than relying on a tax mechanism that could be vulnerable to government misuse.",C,C,-1,2.6621895830030553,
gpt-5.4-mini,openai,gpt-5.4-mini,416.0,A-only,1,ClimatePolicyID(6),"I would **strongly support** compensating people in other countries who are impacted by climate change. My values are very focused on global fairness, equal treatment, and responsibility to those who are most vulnerable, and it feels morally right that countries that have contributed most to the problem should help those suffering the consequences. The main thing I’d want is for the support to be **additional, transparent, and well-targeted**, so it genuinely reaches affected communities rather than being lost in bureaucracy or treated as a substitute for existing aid.",G,G,3,2.0473327499930747,
gpt-5.4-mini,openai,gpt-5.4-mini,416.0,A-only,2,ClimatePolicyID(1),"I would **strongly support** accelerating the roll-out of renewable energy like offshore and onshore wind parks. My environmental values, concern for future generations, and belief in global responsibility make clean energy feel both morally necessary and practically urgent, especially given the climate crisis and the need to reduce dependence on fossil fuels.

The main things that could give me pause are worries about whether projects are delivered fairly, transparently, and with proper community consultation, since I’m cautious about top-down decision-making and mismanagement. But overall, the benefits for emissions reduction, energy security, and long-term sustainability would outweigh those concerns for me.",G,G,3,2.1513216249877587,
gpt-5.4-mini,openai,gpt-5.4-mini,416.0,A-only,2,ClimatePolicyID(2),"I would **somewhat support** banning new oil, gas, and coal licences. It fits strongly with my environmental values, my concern for future generations, and my belief that we need to stop locking ourselves into more fossil fuel dependence when cleaner alternatives are available; I also think it’s important from a climate justice perspective that the UK takes responsibility rather than just continuing business as usual.  

That said, I’d be cautious about the practical transition: I’d want to know there are solid plans for energy security, affordable bills, and support for workers and communities affected by the shift, because I don’t like policies that feel symbolic but unfair or badly managed.",F,F,2,2.2535666670301,
gpt-5.4-mini,openai,gpt-5.4-mini,416.0,A-only,2,ClimatePolicyID(3),"I would **strongly support** banning the sale of new petrol cars by 2030. It fits my environmental values very closely, and I see it as a necessary step to cut emissions, reduce air pollution, and push society toward a fairer, more sustainable future; the fact that I’m slightly left-of-centre and generally sceptical of half-measures makes me more inclined to back a clear deadline rather than vague promises.

My main reservations would be practical rather than ideological: I’d want to be sure there’s enough affordable EV infrastructure, support for lower-income households, and a fair transition for people who still rely on petrol cars. But overall, I think the urgency of the climate crisis outweighs those concerns, so I’d still come down strongly in favour.",G,G,3,2.456188792013563,
gpt-5.4-mini,openai,gpt-5.4-mini,416.0,A-only,2,ClimatePolicyID(4),"I would **strongly support** this policy. It fits my priorities around protecting the environment, reducing emissions, and making housing more efficient and fair in the long run, and I like that it would build sustainability into new developments from the start rather than relying on later fixes. The main thing that would make me hesitate is implementation — I’d want to be sure the standards are realistic, properly enforced, and don’t end up being watered down or used as a box-ticking exercise by developers.",G,G,3,2.049529000010807,
gpt-5.4-mini,openai,gpt-5.4-mini,416.0,A-only,2,ClimatePolicyID(5),"I’d be **slightly opposed** to a carbon fee and dividend, even though I strongly support climate action in general. The carbon tax part makes sense to me as a way of pushing fossil fuels out of the system, but I’m wary of governments handling the revenue fairly and transparently, and I’d want strong safeguards so it doesn’t become another complicated policy that can be manipulated or diluted.

On the other hand, the dividend element does make it more appealing because it could help protect lower-income households and make the policy feel fairer. Still, given my skepticism of authority and preference for clearer, more direct climate measures, I’d probably prefer policies like ending new fossil fuel licences and investing directly in renewables and home insulation.",C,C,-1,2.252252416976262,
gpt-5.4-mini,openai,gpt-5.4-mini,416.0,A-only,2,ClimatePolicyID(6),"I would **strongly support** compensating people in other countries who are impacted by climate change. My values are very focused on global fairness, equal opportunity, and responsibility to those who are most vulnerable, and it feels right that countries like the UK—having contributed heavily to emissions—should help those suffering the consequences. I’d only be cautious that the compensation is **additional, transparent, and genuinely reaches affected communities**, rather than being lost in bureaucracy or treated as a substitute for existing aid.",G,G,3,2.0085474999505095,
gpt-5.4-mini,openai,gpt-5.4-mini,416.0,A-only,3,ClimatePolicyID(1),"I would **strongly support** accelerating the roll-out of renewable energy like offshore and onshore wind. It fits very closely with my values around protecting nature, reducing harm, and acting responsibly for future generations, and I also like that it can bring shared benefits through lower bills, local investment, and a fairer transition away from fossil fuels. My main hesitation would be around how well projects are planned and whether local communities are treated fairly, but overall I see this as a necessary and positive direction.",G,G,3,1.9849875830113888,
gpt-5.4-mini,openai,gpt-5.4-mini,416.0,A-only,3,ClimatePolicyID(2),"I would **somewhat support** banning new oil, gas, and coal licences. My strong environmental values, concern for future generations, and belief in fairness make me think we need to stop locking ourselves into more fossil fuel dependence, especially since I’m persuaded by the argument that this is necessary to avoid long-term harm and support a proper transition to renewables.

That said, I’d still want to see a clear, just plan for workers, households, and energy security, because I’m cautious about policies that could be badly handled or used politically. So while I support the direction strongly, my support depends on transparency, safeguards, and making sure the transition is fair rather than abrupt or exploitative.",F,F,2,2.8678032920579426,
gpt-5.4-mini,openai,gpt-5.4-mini,416.0,A-only,3,ClimatePolicyID(3),"I would **strongly support** banning the sale of new petrol cars by no later than 2030. It fits my strong environmental values and belief that we need clear, decisive action to cut emissions, and I see it as a fair way to push the transition toward cleaner transport for everyone rather than leaving future generations to deal with the consequences. My main hesitation would be around affordability and practical support for people who rely on cars, but overall I think the policy is necessary and the deadline is sensible.",G,G,3,1.8565062500420026,
gpt-5.4-mini,openai,gpt-5.4-mini,416.0,A-only,3,ClimatePolicyID(4),"I would **strongly support** mandating non-fossil fuel heating, rooftop solar, and high insulation in all new housing developments. It fits my strong environmental values, my belief in fairness and equal opportunity, and my view that we should build in a way that reduces harm for future generations; I also like that it can lower bills and make homes healthier and more efficient for people who live in them. My main hesitation would be around cost, build quality, and whether developers try to pass expenses on unfairly, but overall I think this is exactly the kind of clear standard government should set.",G,G,3,2.0325857090065256,
gpt-5.4-mini,openai,gpt-5.4-mini,416.0,A-only,3,ClimatePolicyID(5),"I’d be **slightly supportive** of a carbon fee and dividend, because it creates a clear incentive to cut fossil fuel use while returning the money to the public rather than letting government keep it, which makes it feel fairer. That said, I’d still be cautious because I’m skeptical of how well such schemes are administered and whether the distribution would really be transparent and equitable, especially for lower-income households and in a way that doesn’t get politically manipulated.",E,E,1,1.8474394580116495,
gpt-5.4-mini,openai,gpt-5.4-mini,416.0,A-only,3,ClimatePolicyID(6),"I would **strongly support** compensating people in other countries who are impacted by climate change. My values are very focused on fairness, global responsibility, and helping those most affected by harms they did not cause, so this feels like an important part of climate justice.

I’d also see it as consistent with my slightly left-of-centre politics and my belief that richer countries should take more responsibility for historical emissions. The main thing I’d want is strong transparency and safeguards so the money is actually used effectively and doesn’t get lost to mismanagement.",G,G,3,2.1494097919785418,
gpt-5.4-mini,openai,gpt-5.4-mini,556.0,A-only,1,ClimatePolicyID(1),"I would **strongly support** accelerating the roll-out of renewable energy like offshore and onshore wind. It fits my fairly left-wing views, my support for Labour, and my belief that climate action should be long-term, fair, and practical — especially since renewables can help reduce emissions and protect people from volatile energy prices. The main thing I’d want to see is proper planning so it works for local communities and doesn’t just feel imposed, but overall I see it as a sensible and necessary policy.",G,G,3,2.1495621250360273,
gpt-5.4-mini,openai,gpt-5.4-mini,556.0,A-only,1,ClimatePolicyID(2),"I would **strongly support** banning new oil, gas, and coal licences. My general left-leaning politics, Labour vote, and strong concern for fairness and long-term social responsibility make me see fossil fuel expansion as short-sighted, especially given the climate damage and the fact that the costs fall on everyone, including future generations and poorer communities. The main thing that might give me pause is the practical side — jobs, energy security, and whether the transition is managed fairly — but overall I think the case for stopping new licences is stronger.",G,G,3,2.147892375010997,
gpt-5.4-mini,openai,gpt-5.4-mini,556.0,A-only,1,ClimatePolicyID(3),"I would **strongly support** banning the sale of new petrol cars by 2030. My left-leaning politics, Labour voting history, and strong concern for fairness and long-term climate action all push me toward backing a fast transition away from fossil fuels, especially since cleaner transport benefits public health and future generations.

The main thing that gives me pause is the practical side: people in rural areas, lower-income households, and those without easy access to charging points could be hit hardest if infrastructure and support don’t keep pace. But overall, I think that’s an argument for investing more in charging networks and making the transition fair, not for delaying the ban.",G,G,3,2.3575014590169303,
gpt-5.4-mini,openai,gpt-5.4-mini,556.0,A-only,1,ClimatePolicyID(4),"I would **strongly support** this policy. It fits my fairly left-wing views, my support for Labour, and my belief that government should actively push fairer, long-term solutions to climate change rather than leaving it to individual choice. I also think it makes practical sense because better insulation and non-fossil heating can cut bills and improve living conditions, though I’d want to make sure the rules don’t just raise house prices or get watered down in implementation.",G,G,3,2.455521541996859,
gpt-5.4-mini,openai,gpt-5.4-mini,556.0,A-only,1,ClimatePolicyID(5),"I would **strongly support** a carbon fee and dividend. It fits my fairly left-wing politics, my support for Labour-style climate action, and my belief that climate policy should be fair rather than just punitive: taxing fossil fuels while returning the money to the public helps protect lower-income households like mine from being hit hardest. I also like that it creates a clear incentive to cut emissions without relying only on bans, though I’d want it designed carefully so it doesn’t unfairly burden people in rural areas or those with limited transport alternatives.",G,G,3,2.2524163750349544,
gpt-5.4-mini,openai,gpt-5.4-mini,556.0,A-only,1,ClimatePolicyID(6),"I would **slightly support** compensating people in other countries who are hit by climate change. My left-leaning politics, sense of fairness, and belief that richer countries have a responsibility to help those who’ve contributed least to the problem all push me towards supporting it, especially since climate impacts are already causing real harm. The main thing holding me back from stronger support is that I’d want the money to be clearly accountable and not just taken from domestic priorities or used inefficiently, so I’d see it as important but best done as part of a broader, well-managed climate strategy.",E,E,1,2.1516000000410713,
gpt-5.4-mini,openai,gpt-5.4-mini,556.0,A-only,2,ClimatePolicyID(1),"I would **strongly support** accelerating the roll-out of renewable energy production. It fits my fairly left-wing views, my support for Labour, and my belief that climate action should be fair, practical, and long-term; I also see renewables as a way to cut emissions, reduce price shocks, and benefit communities through lower bills and local investment. The main thing that could make me hesitate is if projects were badly planned, imposed on local areas without enough consultation, or failed to deliver real benefits to ordinary people, but overall I’d still back the policy.",G,G,3,2.049359833006747,
gpt-5.4-mini,openai,gpt-5.4-mini,556.0,A-only,2,ClimatePolicyID(2),"I would **strongly support** banning new oil, gas, and coal licences. It fits my fairly left-wing politics, my Labour vote, and my belief that climate action has to be serious and long-term rather than half-measures; I also think it’s hard to justify expanding fossil fuel extraction when the damage is already so obvious. The main thing that gives me pause is the practical side — jobs, energy security, and whether the transition is managed fairly — but overall I’d still see this as the right direction.",G,G,3,2.0461459170328453,
gpt-5.4-mini,openai,gpt-5.4-mini,556.0,A-only,2,ClimatePolicyID(3),"I would **strongly support** banning the sale of new petrol cars by no later than 2030. My left-leaning politics, Labour voting history, and strong concern for fairness, climate responsibility, and long-term public wellbeing all push me toward backing a fast transition away from fossil fuels, especially since cleaner transport also helps with air quality and health inequalities.

The main thing that gives me pause is the practical side: people need affordable electric cars, reliable charging, and support for those in rural areas or without driveways, otherwise the policy could feel unfair. But overall, I think those implementation issues are reasons to invest more in the transition, not reasons to reject the ban itself.",G,G,3,2.2533256669994444,
gpt-5.4-mini,openai,gpt-5.4-mini,556.0,A-only,2,ClimatePolicyID(4),"I would **strongly support** this policy. It fits my fairly left-wing views, my support for climate action, and my belief that government should actively shape a fairer, more sustainable future rather than leaving it to the market. I also think it makes practical sense: better insulation and non-fossil heating should lower bills and reduce fuel poverty, which matters a lot given how tight household finances can be for many people.

The main thing that might make me hesitate is the cost and whether it could slow housebuilding or make new homes more expensive upfront. But overall, I’d see that as a worthwhile trade-off if it’s properly implemented and backed by support so developers don’t just pass all the costs onto buyers or renters.",G,G,3,3.1744914170121774,
gpt-5.4-mini,openai,gpt-5.4-mini,556.0,A-only,2,ClimatePolicyID(5),"I would **strongly support** a carbon fee and dividend policy. It fits my fairly left-wing views because it tackles climate change while also being fairer than just making ordinary people pay more, since the revenue goes back to the public and can help offset higher costs for lower-income households like mine.

The main thing I’d worry about is how it’s implemented in practice — whether it really protects people on tight budgets and whether businesses try to dodge it or pass on too much of the cost. But overall, I think it’s a sensible way to push emissions down without putting the whole burden on individuals.",G,G,3,2.1503408339922316,
gpt-5.4-mini,openai,gpt-5.4-mini,556.0,A-only,2,ClimatePolicyID(6),"I would **slightly support** compensating people in other countries who are impacted by climate change. My fairly left-wing views, belief in fairness, and sense that richer countries like the UK have some responsibility for historical emissions make me sympathetic to the idea, especially since climate harms hit poorer countries hardest. That said, I’d want it to be handled carefully so it doesn’t just become a vague foreign aid promise or take money away from urgent domestic climate action and support for people here.",E,E,1,2.317060291999951,
gpt-5.4-mini,openai,gpt-5.4-mini,556.0,A-only,3,ClimatePolicyID(1),"I would **strongly support** accelerating the roll-out of renewable energy like offshore and onshore wind. It fits my left-leaning politics, my Labour vote, and my general belief that society should act fairly and take long-term responsibility for climate change; I also think it’s a practical way to reduce emissions, improve energy security, and eventually lower bills. The main thing that could make me hesitate is concern about costs, planning delays, or whether local communities get a fair share of the benefits, but overall I see this as a necessary and positive policy.",G,G,3,1.9855368749704212,
gpt-5.4-mini,openai,gpt-5.4-mini,556.0,A-only,3,ClimatePolicyID(2),"I would **strongly support** banning new oil, gas, and coal licences. It fits with my views on fairness, long-term responsibility, and protecting the environment, and I think continuing to open up new fossil fuel projects just locks us into more damage for future generations and other species. The main hesitation I’d have is around jobs and energy security in the short term, but I’d see that as something to manage through a just transition rather than a reason to keep expanding fossil fuels.",G,G,3,1.9436112500261515,
gpt-5.4-mini,openai,gpt-5.4-mini,556.0,A-only,3,ClimatePolicyID(3),"I would **strongly support** banning the sale of new petrol cars by 2030. It fits my left-leaning views, my support for Labour, and my general belief that government should act decisively on climate change and air quality, especially when the transition can be made fairer through investment in charging infrastructure and cleaner transport. The main thing that gives me slight pause is whether the rollout will be practical and affordable for ordinary people, but overall I think the environmental benefits and long-term direction make it the right policy.",G,G,3,1.8010531670297496,
gpt-5.4-mini,openai,gpt-5.4-mini,556.0,A-only,3,ClimatePolicyID(4),"I would **strongly support** this policy. It fits my views on fairness, long-term planning, and reducing environmental harm, and I like the idea of building in energy efficiency from the start rather than retrofitting later. The main thing that gives me slight pause is the practical side — whether it would add too much to building costs or slow down housing delivery — but overall I think the benefits for bills, emissions, and future resilience outweigh that.",G,G,3,1.7893108749995008,
gpt-5.4-mini,openai,gpt-5.4-mini,556.0,A-only,3,ClimatePolicyID(5),"I would **strongly support** a carbon fee and dividend policy. It fits my fairly left-wing, Labour-leaning views because it tackles climate change while also being fairer to ordinary people by returning the money to the public rather than just making energy more expensive. I do still have some slight concern about how it would be implemented in practice and whether it would really protect lower-income households, but overall the logic of pricing pollution and using the revenue to help people makes a lot of sense to me.",G,G,3,1.8429797919816338,
gpt-5.4-mini,openai,gpt-5.4-mini,556.0,A-only,3,ClimatePolicyID(6),"I would **slightly support** compensating people in other countries who are hit by climate change. My left-leaning politics and strong sense of fairness make me think richer, higher-emitting countries like the UK have some responsibility to help, especially since the harms fall hardest on people who contributed least; that fits with my support for equal chances and treating all life with respect. That said, I’d want it to be part of a broader climate package rather than an open-ended commitment, because I’m a bit cautious about practical implementation and I’d still want clear accountability for where the money goes.",E,E,1,1.9402415830409154,
gpt-5.4-mini,openai,gpt-5.4-mini,620.0,B-only,1,ClimatePolicyID(1),"I would slightly oppose accelerating the roll-out of renewable energy, because I’m wary of policies that move too fast and end up pushing up costs for ordinary households like mine. I do see the benefit of cleaner energy and more home-grown supply, but I’d want it done in a careful, practical way that doesn’t damage local areas or add more pressure to people already struggling with bills.",C,C,-1,2.1442437500227243,
gpt-5.4-mini,openai,gpt-5.4-mini,620.0,B-only,1,ClimatePolicyID(2),"I’d slightly oppose banning new oil, gas and coal licences. I do see the argument for cleaner energy and I’m not against environmental protection, but I worry this could push up energy prices, hurt jobs, and make us more dependent on imports at a time when ordinary households are already struggling. I’d rather see a gradual transition that keeps energy reliable and affordable while supporting workers and communities affected by the change.",C,C,-1,1.8325918749906123,
gpt-5.4-mini,openai,gpt-5.4-mini,620.0,B-only,1,ClimatePolicyID(3),"I’d slightly oppose banning the sale of new petrol cars by 2030. I can see the environmental argument, but from my point of view it feels too fast and could put extra pressure on ordinary people like me, especially with low income and the cost of replacing a car, charging access, and higher upfront prices for electric vehicles; I also tend to prefer practical, gradual change rather than big top-down deadlines.

That said, I could support it a bit if there were proper support in place — affordable EVs, more charging points, and help for people who can’t easily switch — because I do think cleaner transport matters and I’m not against progress in principle.",C,C,-1,2.1662541659898125,
gpt-5.4-mini,openai,gpt-5.4-mini,620.0,B-only,1,ClimatePolicyID(4),"I’d be slightly opposed to this policy overall. I can see the case for better insulation and cleaner heating, but from my point of view it risks pushing up building costs and house prices, which matters a lot when ordinary people are already struggling with bills and low incomes; I also worry that one-size-fits-all rules can be too rigid for local needs. That said, I’d be more open to it if the costs were clearly kept down and the changes were introduced gradually, because I do think practical improvements to homes have some value.",C,C,-1,2.0483044579741545,
gpt-5.4-mini,openai,gpt-5.4-mini,620.0,B-only,1,ClimatePolicyID(5),"I’d be fairly neutral to slightly supportive of a carbon fee and dividend, because in principle it could make polluters pay while giving ordinary people some money back, which matters to me given the cost of living. That said, I’d be cautious because I don’t trust big government schemes to work neatly, and I’d want to be sure the tax doesn’t just push up prices for households and small businesses before the dividend actually helps.",E,E,1,2.7644207080011256,
gpt-5.4-mini,openai,gpt-5.4-mini,620.0,B-only,1,ClimatePolicyID(6),"I’m mostly neutral on compensating people in other countries for climate change, with a slight lean against it. I can see the moral argument for helping people who are badly affected, but with my own low income I’d rather see money focused on keeping bills down and supporting people here first, and I’m wary of international schemes that can be hard to monitor or may not be used efficiently.",C,C,-1,1.9444006250123493,
gpt-5.4-mini,openai,gpt-5.4-mini,620.0,B-only,2,ClimatePolicyID(1),"I’d be slightly opposed to accelerating the roll-out of renewable energy, mainly because I worry about the cost to ordinary households like mine and whether the benefits are being delivered fairly. I do see the case for cleaner energy and less reliance on imports, but I’m cautious about policies that can push up bills, take up land, or move too fast without enough practical support and clear savings for people.",C,C,-1,1.9969900000141934,
gpt-5.4-mini,openai,gpt-5.4-mini,620.0,B-only,2,ClimatePolicyID(2),"I’d slightly oppose banning new oil, gas, and coal licences. I do care about practical, affordable energy and I can see the argument for protecting jobs and keeping bills down, especially for ordinary households like mine, but a full ban feels too blunt and could make us more reliant on imported energy. At the same time, I’m not against cleaner energy in principle, so I’d prefer a gradual transition that protects workers and keeps energy reliable.",C,C,-1,1.6067971670418046,
gpt-5.4-mini,openai,gpt-5.4-mini,620.0,B-only,2,ClimatePolicyID(3),"I would slightly oppose banning the sale of new petrol cars by 2030. I can see the environmental case for it, but with my low household income I worry it would push up costs for ordinary people, especially if electric cars, charging points, and repairs are still expensive or inconvenient where I live. I’d be more open to it if there was proper support and a more gradual transition, but as it stands it feels a bit too fast and burdensome.",C,C,-1,1.8221354999695905,
gpt-5.4-mini,openai,gpt-5.4-mini,620.0,B-only,2,ClimatePolicyID(4),"I would slightly oppose this policy. On the one hand, I can see the appeal of better insulation and cleaner heating in reducing long-term energy use, but given my low household income I worry that these requirements would push up building costs and make homes less affordable for ordinary people and small developers. I’d prefer a more gradual approach with support and flexibility, rather than a blanket mandate that could add costs before the savings are really felt.",C,C,-1,2.358202416973654,
gpt-5.4-mini,openai,gpt-5.4-mini,620.0,B-only,2,ClimatePolicyID(5),"I’m fairly neutral on a carbon fee and dividend. On the one hand, if the money really is returned to the public, it could help offset higher fuel and energy costs, which matters a lot to me given my low income and concern about the cost of living; I also understand the logic of encouraging less fossil fuel use. On the other hand, I’m cautious about extra taxes and big government schemes, and I worry that even with rebates, it could still push up everyday costs and feel like another burden on ordinary households.",D,D,0,1.9470562080387026,
gpt-5.4-mini,openai,gpt-5.4-mini,620.0,B-only,2,ClimatePolicyID(6),"I’d be fairly neutral to slightly opposed to compensating people in other countries for climate change. I can see the moral argument, and I do feel some sympathy, but with my own finances being very tight I’d rather see money focused on helping people here first, and on practical ways to reduce emissions rather than sending funds abroad where I’m not sure they’d be used effectively.

",C,C,-1,2.150425791973248,
gpt-5.4-mini,openai,gpt-5.4-mini,620.0,B-only,3,ClimatePolicyID(1),"I’d probably be **slightly oppose** to accelerating the roll-out of renewable energy like more offshore and onshore wind parks. I can see the benefit of cleaner energy and less reliance on imports, but my main concern is that these projects can be pushed through too quickly, with costs ending up on ordinary people like me through higher bills or disruption to local areas. I’d be more comfortable with a slower, practical approach that keeps energy affordable and doesn’t ignore the impact on communities.",C,C,-1,2.1483999580377713,
gpt-5.4-mini,openai,gpt-5.4-mini,620.0,B-only,3,ClimatePolicyID(2),"I would slightly oppose banning new oil, gas, and coal licences. I do care about practical costs and jobs, and from my point of view this could hurt workers and communities that rely on those industries, while also pushing up energy prices for ordinary households like mine. I do understand the environmental argument, but I’d rather see a slower transition with proper support and investment in alternatives than a complete ban.",C,C,-1,1.8947092079906724,
gpt-5.4-mini,openai,gpt-5.4-mini,620.0,B-only,3,ClimatePolicyID(3),"I’d slightly oppose a ban on new petrol cars by 2030. I do care about the environment in a general way, but with my low income and practical outlook, I worry this would push up costs for ordinary people and leave many of us with no affordable alternative, especially if charging points and second-hand electric cars aren’t widely available yet.

At the same time, I can see the argument for cleaner air and moving away from oil, and I wouldn’t want to block progress completely. But overall, I’d prefer a slower, more gradual transition with proper support rather than a hard deadline that feels too fast and expensive for people like me.",C,C,-1,2.1272387499921024,
gpt-5.4-mini,openai,gpt-5.4-mini,620.0,B-only,3,ClimatePolicyID(4),"I’d slightly oppose this policy. I can see the environmental argument, and I do like the idea of better insulation and cleaner heating in principle, but for me the big issue is cost: these requirements could push up house prices and make new homes less affordable for ordinary people, especially those on low incomes or first-time buyers. I’d be more open to it if there were strong financial support and if the rules were made more flexible so they didn’t burden builders and buyers too much.",C,C,-1,1.8972191250068136,
gpt-5.4-mini,openai,gpt-5.4-mini,620.0,B-only,3,ClimatePolicyID(5),"I’d be **neutral to slightly opposed** to a carbon fee and dividend. On one hand, if the money really came back to ordinary people, it could help offset higher bills, and I do care about fairness and not being left worse off. But given my low income and concern about rising living costs, I’d worry it would still push up fuel and energy prices first, and I’m cautious about policies that feel like another layer of government intervention when I’m more focused on keeping everyday costs down.",D,D,0,2.168989124998916,
gpt-5.4-mini,openai,gpt-5.4-mini,620.0,B-only,3,ClimatePolicyID(6),"I’d probably feel **neutral to slightly oppose** this policy. I can see the moral case for helping people in poorer countries who are badly affected by climate change, but with my own low income and the pressure on families here, I’d want money focused on domestic needs first and on practical ways of reducing emissions rather than sending funds abroad.

I’d be more supportive if it was tightly targeted, transparent, and clearly linked to real results, but I’d still worry it could be wasted or become another open-ended commitment when people here are already struggling.",D,D,0,2.1520064170472324,
gpt-5.4-mini,openai,gpt-5.4-mini,713.0,B-only,1,ClimatePolicyID(1),"I would **slightly support** accelerating renewable energy, because I can see the value in progress, energy security, and reducing reliance on imported fuels, which matters for stability and local resilience. That said, I would want it done in a measured way that doesn’t impose too much disruption on communities, landscapes, or existing industries, since I’m cautious about rapid change and don’t see climate policy as the top priority in daily life.",E,E,1,1.843269541976042,
gpt-5.4-mini,openai,gpt-5.4-mini,713.0,B-only,1,ClimatePolicyID(2),"I would **strongly oppose** banning new oil, gas, and coal licences. I value economic stability, local jobs, and practical energy policy, and I’m wary of abrupt changes that could hurt families and established industries, especially when energy costs are already a concern. While I do think environmental protection matters to some extent, I’d prefer a more balanced approach that doesn’t undermine domestic energy security or rely too heavily on idealistic targets.",A,A,-3,1.8396345409564674,
gpt-5.4-mini,openai,gpt-5.4-mini,713.0,B-only,1,ClimatePolicyID(3),"I would **strongly oppose** banning the sale of new petrol cars by 2030. I’m not against progress, but this feels too rushed and likely to hit ordinary working people with higher costs and less choice, especially when reliable petrol cars are still practical for many families and rural areas. I also tend to prefer measured change over top-down rules, so while I can see the environmental argument, I’d rather see a slower transition that doesn’t disrupt people’s lives so abruptly.",A,A,-3,1.9353664169902913,
gpt-5.4-mini,openai,gpt-5.4-mini,713.0,B-only,1,ClimatePolicyID(4),"I would **strongly oppose** mandating non-fossil fuel heating, rooftop solar panels, and high insulation standards for all new housing. I’m cautious about policies that impose extra costs and rigid rules on builders and buyers, especially when they can make housing less affordable and feel like government overreach; I prefer practical, gradual change rather than sweeping mandates. That said, I can see the argument for better energy efficiency and lower bills over time, so I’m not against improvement in principle — I just don’t think a blanket requirement is the right way to do it.",A,A,-3,1.855317624984309,
gpt-5.4-mini,openai,gpt-5.4-mini,713.0,B-only,1,ClimatePolicyID(5),"I would somewhat oppose a carbon fee and dividend. I can see the appeal of returning the money to the public and making polluters pay, but I’m wary of yet another tax and of policies that feel like they add complexity and cost to everyday life, especially for working households. I do think environmental responsibility matters, but I’d prefer a more practical, balanced approach that doesn’t interfere too much with established ways or push up energy costs.",B,B,-2,1.8462833329685964,
gpt-5.4-mini,openai,gpt-5.4-mini,713.0,B-only,1,ClimatePolicyID(6),"I would **strongly oppose** compensating people in other countries for climate change impacts. I tend to think government money should be focused on domestic priorities like energy bills, public services, and supporting people here in Scotland and the UK first, especially when I value practicality, tradition, and national responsibility. While I do have some respect for fairness and human suffering, I don’t see this as a proper use of public funds, and it feels too far removed from the needs of ordinary families at home.",A,A,-3,1.9441042090184055,
gpt-5.4-mini,openai,gpt-5.4-mini,713.0,B-only,2,ClimatePolicyID(1),"I would **slightly support** accelerating renewable energy roll-out, because I do see the value in practical progress and in reducing reliance on imported energy over time. That said, I’d want it done in a measured way that doesn’t unfairly burden families, local communities, or traditional industries, and I’d be cautious about anything that feels rushed, costly, or imposed from above.",E,E,1,2.079224916989915,
gpt-5.4-mini,openai,gpt-5.4-mini,713.0,B-only,2,ClimatePolicyID(2),"I would strongly oppose banning new oil, gas, and coal licences. I value economic stability, traditional industries, and practical policies that support jobs and keep energy affordable, and I’m wary of sudden restrictions that could hurt working families and make us more dependent on imports. While I accept that some environmental responsibility is important, I don’t think a blanket ban is the right way to handle it, especially if it risks damaging local economies and established ways of life.",A,A,-3,1.5986899160197936,
gpt-5.4-mini,openai,gpt-5.4-mini,713.0,B-only,2,ClimatePolicyID(3),"I would **strongly oppose** a ban on the sale of new petrol cars by 2030. I value practicality, personal choice, and stability, and this feels like a rushed policy that could put extra costs on ordinary families and people who rely on affordable transport, especially if the alternatives aren’t ready or affordable enough. While I do accept that some progress is necessary and I’m not against environmental responsibility in principle, I’d prefer a slower, more balanced transition rather than a hard deadline that seems to punish people before the infrastructure and costs are properly worked out.",A,A,-3,2.1419211250031367,
gpt-5.4-mini,openai,gpt-5.4-mini,713.0,B-only,2,ClimatePolicyID(4),"I would **strongly oppose** this policy overall. While I can see the appeal of better insulation and cleaner energy in principle, I’m wary of government mandating expensive changes that could push up house prices, limit choice, and place extra burdens on developers and ordinary families. My preference is for practical, gradual improvements rather than sweeping rules that feel intrusive and too driven by environmental ideals rather than everyday affordability and stability.",A,A,-3,1.655443416966591,
gpt-5.4-mini,openai,gpt-5.4-mini,713.0,B-only,2,ClimatePolicyID(5),"I would somewhat oppose a carbon fee and dividend. I can see the appeal of returning the money to households, and I do care about keeping energy affordable, but I’m wary of adding another tax on fuel and making everyday costs less predictable, especially for working families and people who rely on practical transport and heating. It also feels like another complicated policy layered onto an already expensive system, and while I accept some environmental measures, I’d prefer a more measured approach that doesn’t place too much burden on ordinary people.",B,B,-2,1.9474709159694612,
gpt-5.4-mini,openai,gpt-5.4-mini,713.0,B-only,2,ClimatePolicyID(6),"I would strongly oppose compensating people in other countries for climate change impacts. I tend to think government money should be focused on domestic priorities like energy bills, jobs, and public services, and I’m cautious about policies that feel like they stretch responsibility beyond our own country. While I do have some respect for fairness and helping people in genuine need, this seems like the sort of international spending that could be hard to justify when many people here are already under pressure.",A,A,-3,2.044957540987525,
gpt-5.4-mini,openai,gpt-5.4-mini,713.0,B-only,3,ClimatePolicyID(1),"I would **slightly support** accelerating renewable energy roll-out, mainly because I can see the practical benefits of more home-grown energy, lower dependence on imports, and the long-term need to keep energy supplies stable. That said, I’d be cautious if it meant rushing ahead with too much disruption to local communities, landscapes, or existing jobs, since I value tradition, practicality, and not making big changes too abruptly.",E,E,1,1.7419052079785615,
gpt-5.4-mini,openai,gpt-5.4-mini,713.0,B-only,3,ClimatePolicyID(2),"I would **strongly oppose** banning new oil, gas, and coal licences. I value economic stability, jobs, and traditional industries, and I’d worry this would weaken the economy, raise costs, and make us more dependent on imports. While I do think environmental concerns matter and renewables have a role, I’d prefer a more balanced approach that protects existing industries rather than imposing a hard ban.",A,A,-3,1.8431465000030585,
gpt-5.4-mini,openai,gpt-5.4-mini,713.0,B-only,3,ClimatePolicyID(3),"I would **oppose** a ban on the sale of new petrol cars by 2030. I value practicality, personal choice, and not forcing people into expensive changes too quickly, and I think this could hit working families and rural drivers hard, especially if electric cars, charging points, and prices are still not fully workable. I can see the argument for cleaner air and long-term progress, but overall I’d prefer a slower, more balanced transition rather than an abrupt ban.",A,A,-3,1.853338500019163,
gpt-5.4-mini,openai,gpt-5.4-mini,713.0,B-only,3,ClimatePolicyID(4),"I would **strongly oppose** this policy. It feels like an expensive, one-size-fits-all mandate that would add costs for builders and buyers, and I’m wary of government forcing major changes onto people when practical, proven options may be better for different homes and areas. While I do think energy efficiency matters and I can see the appeal of lower bills and better insulation, I’d prefer a more balanced approach that encourages improvements without making every new development comply with rigid green requirements.",A,A,-3,1.9533530000480823,
gpt-5.4-mini,openai,gpt-5.4-mini,713.0,B-only,3,ClimatePolicyID(5),"I would somewhat oppose a carbon fee and dividend policy. I can see the appeal of returning the money to the public, and I do care about fairness and practical support for households, but I’m wary of yet another tax on fuel and energy, especially if it pushes up costs for ordinary people and businesses in a way that feels heavy-handed.

What makes me lean against it is my preference for stability, traditional industries, and policies that don’t overcomplicate things. Even if the revenue is redistributed, I’d still worry about the knock-on effect on living costs and whether it really helps working families in practice, though I’m not completely closed off to it if it genuinely balanced environmental goals with affordability.",B,B,-2,2.633071749994997,
gpt-5.4-mini,openai,gpt-5.4-mini,713.0,B-only,3,ClimatePolicyID(6),"I would strongly oppose compensating people in other countries for climate change impacts. My main concern is that government money should be focused on domestic priorities like household costs, public services, and supporting people here in Scotland and the UK, rather than being sent abroad for issues that feel indirect to my own life. I do have some sympathy for people affected by climate change, but my values around national responsibility, practicality, and keeping spending under control make me see this as a step too far.",A,A,-3,2.0257178749889135,
gpt-5.4-mini,openai,gpt-5.4-mini,740.0,A-only,1,ClimatePolicyID(1),"I would **strongly support** accelerating the roll-out of renewable energy production, especially more offshore and onshore wind parks. My values are strongly pro-environment, pro-equality, and focused on long-term responsibility, so I see clean energy as essential for tackling climate change, protecting nature, and improving public health; my pro-Remain, Liberal Democrat leanings also fit with a generally progressive, evidence-based approach to climate policy.

If I had any hesitation, it would be about making sure projects are well planned, fairly located, and don’t harm local communities or wildlife unnecessarily, but overall I think the benefits far outweigh those concerns.",G,G,3,1.8251824589679018,
gpt-5.4-mini,openai,gpt-5.4-mini,740.0,A-only,1,ClimatePolicyID(2),"I would **strongly support** banning new oil, gas, and coal licences. My environmental values and belief in fairness to future generations make it hard for me to justify expanding fossil fuel extraction during a climate emergency, especially when cleaner alternatives are available and need proper investment. I can see the argument that this could affect jobs or energy security in the short term, but I think those concerns are outweighed by the need to move decisively toward renewables and reduce long-term harm.",G,G,3,1.9900289999786764,
gpt-5.4-mini,openai,gpt-5.4-mini,740.0,A-only,1,ClimatePolicyID(3),"I would **strongly support** banning the sale of new petrol cars by 2030. My environmental priorities, support for climate action, and belief in equal responsibility to protect the planet all point toward backing a clear transition away from fossil fuels, and I also think it’s a practical step if charging infrastructure keeps improving. The main thing that could make me hesitate is concern about affordability and access for people on lower incomes or in rural areas, but overall I’d see this as a necessary and fair policy.",G,G,3,2.124884791963268,
gpt-5.4-mini,openai,gpt-5.4-mini,740.0,A-only,1,ClimatePolicyID(4),"I would **strongly support** this policy. It fits my environmental values very closely: I want new homes to be built in a way that reduces emissions, protects nature, and avoids locking people into fossil fuel heating for decades, and I also like that better insulation can help with fuel poverty and health inequalities.

The main thing that might make me hesitate is the cost and whether it could slow down housebuilding or push prices up, especially given my lower household income and concern for practical fairness. But overall, I’d still see it as the right long-term standard, because it’s better to build homes properly from the start than to retrofit them later.",G,G,3,2.346531709015835,
gpt-5.4-mini,openai,gpt-5.4-mini,740.0,A-only,1,ClimatePolicyID(5),"I would **strongly support** a carbon fee and dividend policy. It fits my environmental values very well because it directly discourages fossil fuel use while also being fairer than simply taxing people and keeping the money, since returning the revenue to the public helps protect lower-income households like mine from being hit hardest.

I’d also see it as a practical, market-based way to push the transition to cleaner energy without relying only on bans or subsidies. My main caution would be whether it’s designed well enough to avoid loopholes and whether border adjustments are included so UK businesses aren’t unfairly disadvantaged, but overall I’d still be in favour.",G,G,3,2.0839091669768095,
gpt-5.4-mini,openai,gpt-5.4-mini,740.0,A-only,1,ClimatePolicyID(6),"I would probably be **somewhat supportive, but not strongly so**. My values of global harmony, fairness, and helping those in need make me feel that countries which have contributed most to climate change should help people elsewhere who are suffering its effects, especially if they are poorer and less responsible for the problem.

That said, I’d want this to be **carefully designed and genuinely additional**, not just taken from existing aid budgets or used in a way that feels vague or politically performative. I’d support it more if it was transparent, targeted at real harms, and clearly linked to climate responsibility rather than becoming an open-ended commitment with poor accountability.",F,F,2,2.4454404169810005,
gpt-5.4-mini,openai,gpt-5.4-mini,740.0,A-only,2,ClimatePolicyID(1),"I would **strongly support** accelerating the roll-out of renewable energy, especially offshore and onshore wind. It fits closely with my values around protecting nature, tackling climate change, and promoting fairness and long-term thinking, and it also matches my Remain/Liberal Democrat leanings toward practical, cooperative solutions. The main things I’d want to watch are making sure projects are well planned, don’t unfairly damage local landscapes or wildlife, and that communities actually benefit from them rather than just bearing the disruption.",G,G,3,1.9615290830261074,
gpt-5.4-mini,openai,gpt-5.4-mini,740.0,A-only,2,ClimatePolicyID(2),"I would **strongly support** banning new oil, gas, and coal licenses. My values are very strongly pro-environment, pro-fairness, and oriented toward long-term responsibility, so I see new fossil fuel extraction as incompatible with climate action and global harmony; my recent reflections have also reinforced the idea that continuing to open new licenses is incoherent during a climate emergency. The main reason I might hesitate is concern about energy security, jobs, and affordability in the short term, but I think those issues are better addressed by accelerating renewables, insulation, and just transition support rather than locking in more fossil fuel dependence.",G,G,3,1.911793209030293,
gpt-5.4-mini,openai,gpt-5.4-mini,740.0,A-only,2,ClimatePolicyID(3),"I would **strongly support** banning the sale of new petrol cars by 2030. My environmental values, concern for climate action, and belief in long-term planning all point me toward backing a clear transition away from fossil fuels, and I also see it as consistent with the Liberal Democrat and Remain-leaning outlook I’ve had on fairness, cooperation, and evidence-based policy.

The main thing that could make me hesitate is practical fairness: I’d want enough charging infrastructure, affordable electric cars, and support for people on lower incomes or in rural areas so the policy doesn’t hit them unfairly. But overall, I think the climate and health benefits outweigh those concerns, so I’d still be in favour.",G,G,3,3.0051912080380134,
gpt-5.4-mini,openai,gpt-5.4-mini,740.0,A-only,2,ClimatePolicyID(4),"I would **strongly support** this policy. It fits my values around protecting the environment, reducing fossil fuel dependence, and making homes more efficient and fairer in the long run, especially since better insulation and clean heating can also help tackle fuel poverty and health inequalities. I’d only have some caution about making sure the policy is practical for builders and doesn’t push up costs too much for ordinary buyers, but overall I think it’s a sensible and necessary step.",G,G,3,1.8419342910056002,
gpt-5.4-mini,openai,gpt-5.4-mini,740.0,A-only,2,ClimatePolicyID(5),"I would **strongly support** a carbon fee and dividend. It fits my values around protecting the environment, fairness, and making sure the costs of pollution are paid by those causing it rather than by ordinary people; the dividend part also appeals to me because it can make the policy more equitable, especially for lower-income households like mine. My only slight hesitation is whether it would be implemented well enough to avoid loopholes or unfair impacts, but overall I see it as a practical and just way to drive down fossil fuel use.",G,G,3,1.8434352080221288,
gpt-5.4-mini,openai,gpt-5.4-mini,740.0,A-only,2,ClimatePolicyID(6),"I’d be **somewhat supportive** of compensating people in other countries affected by climate change, because my values of global harmony, fairness, and helping those in need make it feel morally right to assist communities that have contributed least to the problem but are suffering the consequences. My Remain and Liberal Democrat leanings also make me more open to international cooperation and shared responsibility.

That said, I’m a bit cautious about **how** it would work: I’d want the money to be genuinely additional, transparent, and targeted at real adaptation and recovery rather than becoming a vague or politically convenient form of aid. I’d support it more strongly if it were clearly linked to accountability and effective climate action.",F,F,2,2.291876624978613,
gpt-5.4-mini,openai,gpt-5.4-mini,740.0,A-only,3,ClimatePolicyID(1),"I would **strongly support** accelerating the roll-out of renewable energy, especially more offshore and onshore wind. It fits my values around protecting nature, tackling climate change, and creating a fairer system that benefits everyone, and my pro-Remain, Liberal Democrat leanings make me generally receptive to practical environmental policy. The main thing that might make me hesitate is concern about local disruption or planning issues, but overall I think the long-term benefits far outweigh those drawbacks.",G,G,3,2.1117639580043033,
gpt-5.4-mini,openai,gpt-5.4-mini,740.0,A-only,3,ClimatePolicyID(2),"I would **strongly support** banning new oil, gas, and coal licenses. My values put a lot of weight on protecting nature, reducing harm, and acting fairly for future generations, so I see this as a necessary step to stop locking in more fossil fuel dependence. I’m also influenced by my pro-environment, pro-EU, Liberal Democrat leanings, which make me more likely to back ambitious climate action, though I can understand concerns about jobs, energy prices, and the need for a just transition for affected workers and communities.",G,G,3,2.1513451249920763,
gpt-5.4-mini,openai,gpt-5.4-mini,740.0,A-only,3,ClimatePolicyID(3),"I would **strongly support** banning the sale of new petrol cars by 2030. It fits my values around protecting the environment, reducing harm, and making a fair transition to cleaner transport, and my Remain/Lib Dem leanings make me more open to ambitious, cooperative policy solutions. The main concern I’d have is whether the transition is affordable and practical for lower-income households, but with decent charging infrastructure, support for people on tighter budgets, and a clear phase-in, I think the benefits outweigh that.",G,G,3,1.9347427500179037,
gpt-5.4-mini,openai,gpt-5.4-mini,740.0,A-only,3,ClimatePolicyID(4),"I would **strongly support** this policy. It fits my priorities around protecting the environment, reducing emissions, and making housing more energy-efficient and fair in the long run, and I like that it tackles the problem at the point where new homes are built rather than trying to retrofit everything later. The main concern I’d have is cost and whether it could slow housebuilding or push prices up, but overall I think the long-term benefits for bills, health, and climate outweigh that.",G,G,3,1.9555836249492131,
gpt-5.4-mini,openai,gpt-5.4-mini,740.0,A-only,3,ClimatePolicyID(5),"I would **strongly support** a carbon fee and dividend. It fits my values around environmental protection, fairness, and shared responsibility, and I like that it uses market signals to cut emissions while returning the money to ordinary people rather than just raising taxes. My only slight hesitation is whether the policy is designed carefully enough to protect lower-income households and avoid loopholes, but overall I see it as a practical and equitable way to drive climate action.",G,G,3,1.8430227090138942,
gpt-5.4-mini,openai,gpt-5.4-mini,740.0,A-only,3,ClimatePolicyID(6),"I’d lean **slightly in support** of compensating people in other countries affected by climate change, because my values strongly emphasise global harmony, fairness, and helping those in need, and I think richer countries have some responsibility for harms they’ve contributed to. That said, I’m **cautious** about how it’s designed: I’d want it to be transparent, targeted, and genuinely effective rather than becoming a vague political gesture or a way for governments to shift money without accountability.",E,E,1,1.7408467079512775,
gpt-5.4-mini,openai,gpt-5.4-mini,806.0,A-only,1,ClimatePolicyID(1),"I would **strongly support** accelerating the roll-out of renewable energy production, especially offshore and onshore wind. It fits my strong environmental values, my belief in long-term planning and social responsibility, and my general left-leaning preference for government action that tackles climate change while creating jobs and improving energy security. I’d only have mild reservations about local planning impacts or how fairly the benefits are shared, but overall I see this as essential and overdue.",G,G,3,2.087005125009455,
gpt-5.4-mini,openai,gpt-5.4-mini,806.0,A-only,1,ClimatePolicyID(2),"I would **strongly support** banning new oil, gas, and coal licences. My environmental values, concern for long-term climate damage, and belief in global responsibility all point me toward ending further fossil fuel expansion rather than locking in more emissions; that fits with my generally left-wing outlook and my support for Labour and Remain, which both lean toward cooperation and long-term planning. The main thing that might make me hesitate is concern about energy security, jobs, and the transition being managed fairly, but overall I’d see those as reasons to plan the shift properly, not to keep issuing new licences.",G,G,3,2.3144499579793774,
gpt-5.4-mini,openai,gpt-5.4-mini,806.0,A-only,1,ClimatePolicyID(3),"I would **strongly support** banning the sale of new petrol cars by 2030. It fits my environmental priorities, my concern for long-term public health, and my general preference for ambitious action over half-measures; I also see it as consistent with the broader climate package I’ve been reflecting on, especially if it’s paired with proper charging infrastructure and support for people who need to switch.

The main thing that could make me hesitate is fairness and practicality: if the transition were rushed without enough infrastructure, affordable EV options, or support for lower-income households, it could feel inequitable. But overall, given my left-leaning politics, Labour voting history, and strong support for climate action, I’d still come down clearly in favour.",G,G,3,2.3475344160106033,
gpt-5.4-mini,openai,gpt-5.4-mini,806.0,A-only,1,ClimatePolicyID(4),"I would **strongly support** this policy. It fits my environmental priorities very well: cutting emissions, reducing dependence on fossil fuels, and making new homes cheaper and healthier to live in through better insulation and clean heating. I also like that it has a practical social justice angle, since well-insulated homes with solar panels can help tackle fuel poverty and improve living conditions, though I’d want to be sure the costs are managed so they don’t simply get passed on to buyers or renters.",G,G,3,2.307158667012118,
gpt-5.4-mini,openai,gpt-5.4-mini,806.0,A-only,1,ClimatePolicyID(5),"I would **slightly support** a carbon fee and dividend, but with some caution. My strong concern for the environment, climate justice, and long-term planning makes me receptive to policies that put a real price on fossil fuels, especially if the revenue is returned to the public and the policy is designed to protect lower-income households; however, I remain wary that it could still feel regressive or too technocratic if it doesn’t clearly drive emissions down and support a fair transition.",E,E,1,1.7641626669792458,
gpt-5.4-mini,openai,gpt-5.4-mini,806.0,A-only,1,ClimatePolicyID(6),"I would **slightly support** compensating people in other countries who are impacted by climate change. My values around global harmony, fairness, and helping those in need make me sympathetic to the idea, especially since poorer countries often suffer most from emissions they’ve contributed least to. That said, I’d want it to be clearly additional to domestic climate spending and tightly accountable, because I’d be cautious about waste, vague international schemes, or commitments that don’t deliver real help.",E,E,1,2.520911708008498,
gpt-5.4-mini,openai,gpt-5.4-mini,806.0,A-only,2,ClimatePolicyID(1),"I would **strongly support** accelerating the roll-out of renewable energy production, especially more offshore and onshore wind. It fits my environmental priorities, my concern for long-term collective wellbeing, and my general preference for practical action over waiting for the market to sort it out; it also feels consistent with the Labour/Remain outlook I’ve tended to hold. My only reservations would be about local disruption, planning conflicts, and making sure communities genuinely benefit, but overall I think the case for rapid expansion is overwhelming.",G,G,3,1.892376834002789,
gpt-5.4-mini,openai,gpt-5.4-mini,806.0,A-only,2,ClimatePolicyID(2),"I would **strongly support** banning new oil, gas, and coal licences. Given my strong environmental values, concern for future generations, and belief that we need to stop locking ourselves into more fossil fuel dependence, this feels like a necessary and responsible step rather than an extreme one. I also see it as consistent with my left-leaning politics and support for Labour’s broader climate agenda, though I’d want to make sure the transition is handled fairly for workers and communities affected.",G,G,3,1.688655958045274,
gpt-5.4-mini,openai,gpt-5.4-mini,806.0,A-only,2,ClimatePolicyID(3),"I would **strongly support** a ban on the sale of new petrol cars by no later than 2030. It fits closely with my environmental priorities, my concern for long-term climate stability, and my general view that government should act decisively rather than half-heartedly when there’s a clear public good at stake; as a Remain-voting, fairly left-wing Labour supporter, I’m also inclined toward coordinated, forward-looking policy rather than leaving this to the market.  

My main hesitation would be practical fairness: the policy only makes sense if it’s backed by decent charging infrastructure, affordable EVs, and support for people who can’t easily switch, especially in areas where public transport is weak. But overall, I think those are reasons to design the policy properly, not reasons to reject it.",G,G,3,2.3283819159842096,
gpt-5.4-mini,openai,gpt-5.4-mini,806.0,A-only,2,ClimatePolicyID(4),"I would **strongly support** this policy. It fits my environmental values very closely: reducing fossil fuel use, improving insulation, and building in rooftop solar from the start seems like a sensible, long-term way to cut emissions and make housing more sustainable and fairer for everyone. I’d only have mild reservations about implementation costs or whether builders would try to water it down, but overall I think it’s exactly the kind of practical, forward-looking regulation government should use.",G,G,3,1.8686703330022283,
gpt-5.4-mini,openai,gpt-5.4-mini,806.0,A-only,2,ClimatePolicyID(5),"I’d be **slightly supportive, but still cautious** about a carbon fee and dividend. On the one hand, I strongly support action on climate change, and a carbon tax could help reduce fossil fuel use while the dividend makes it feel fairer and less regressive than a straight tax; that fits with my concern for equity and practical climate policy. On the other hand, I’m still wary that it could hit lower-income households unevenly in practice, and I’d want to be sure it’s designed as part of a broader industrial strategy rather than just a punitive market mechanism.",E,E,1,2.4332914169644937,
gpt-5.4-mini,openai,gpt-5.4-mini,806.0,A-only,2,ClimatePolicyID(6),"I would **slightly support** compensating people in other countries impacted by climate change. My values around global harmony, fairness, and helping those most affected by harms they did little to cause make this feel morally important, and I think wealthier countries like the UK have some responsibility given historical emissions.  

That said, I’d want it to be **carefully designed, transparent, and genuinely additional to aid**, because I’m wary of money being wasted, politicised, or used in ways that don’t actually reach vulnerable people. I also think domestic climate action should remain the priority, but not as an excuse to ignore international responsibility.",E,E,1,3.172391583037097,
gpt-5.4-mini,openai,gpt-5.4-mini,806.0,A-only,3,ClimatePolicyID(1),"I would **strongly support** accelerating the roll-out of renewable energy production. My left-leaning politics, Labour vote, Remain outlook, and strong commitment to environmental protection, fairness, and global responsibility all point me toward backing a rapid shift away from fossil fuels, especially if it creates good jobs and lowers bills over time.

The main things that could make me hesitate are concerns about planning, local disruption, and whether communities actually benefit rather than just hosting the infrastructure. But overall, I see renewables as a practical and morally necessary step, especially if the transition is managed fairly and transparently.",G,G,3,1.9464222920360044,
gpt-5.4-mini,openai,gpt-5.4-mini,806.0,A-only,3,ClimatePolicyID(2),"I would **strongly support** banning new oil, gas, and coal licences. It fits with my strong environmental values, my belief in global responsibility, and my view that we need to stop locking in long-term fossil fuel dependence if we’re serious about climate justice and protecting future generations.

The main thing that gives me pause is the practical transition: jobs, energy security, and whether the shift is managed fairly for workers and households. But overall, I’d see those as reasons to pair the ban with a serious just transition plan, not as reasons to keep opening new fossil fuel projects.",G,G,3,2.04990516602993,
gpt-5.4-mini,openai,gpt-5.4-mini,806.0,A-only,3,ClimatePolicyID(3),"I would **strongly support** banning the sale of new petrol cars by no later than 2030. It fits my environmental priorities, my belief in long-term planning, and my left-leaning view that government should actively steer the transition to cleaner transport rather than leave it to the market; I also voted Labour and Remain, so I’m generally open to coordinated, forward-looking policy. My only real hesitation would be practical fairness — whether charging infrastructure, vehicle affordability, and support for lower-income households keep pace — but the case for acting decisively on climate and air quality outweighs that for me.",G,G,3,2.250835291983094,
gpt-5.4-mini,openai,gpt-5.4-mini,806.0,A-only,3,ClimatePolicyID(4),"I would **strongly support** this policy. It fits my environmental values very closely: cutting emissions, reducing reliance on fossil fuels, and making new homes cheaper to run through better insulation and solar power all feel like sensible long-term planning. I’d also see it as a matter of fairness and social responsibility, since if we’re building homes now, they should be fit for a low-carbon future rather than locking in higher bills and more pollution for decades.

The main thing that might give me pause is the practical side: upfront costs, supply chains, and whether the policy is implemented in a way that doesn’t make housing even less affordable. But overall, I’d still back it because the long-term benefits for climate, health, and household energy costs outweigh those concerns.",G,G,3,2.4394160420051776,
gpt-5.4-mini,openai,gpt-5.4-mini,806.0,A-only,3,ClimatePolicyID(5),"I’d be **slightly supportive overall**, but still somewhat cautious. On the one hand, I’m very sympathetic to policies that make polluters pay and help drive a faster shift away from fossil fuels, especially if the revenue is returned to the public and used in a fair way; that fits with my concern for climate action, justice, and protecting lower-income households. On the other hand, I still worry about whether a carbon fee could hit ordinary people unevenly in practice, and I’d want strong evidence that the dividend and wider industrial strategy really offset those costs rather than just adding another burden.",E,E,1,2.327211374999024,
gpt-5.4-mini,openai,gpt-5.4-mini,806.0,A-only,3,ClimatePolicyID(6),"I would **slightly support** compensating people in other countries affected by climate change. My values of global harmony, fairness, and responsibility toward those most harmed by emissions make this feel morally right, especially since richer countries like the UK have contributed heavily to the problem.  

That said, I’d want it to be **transparent, targeted, and genuinely effective**, because I’m wary of vague international spending that could be inefficient or politically symbolic rather than actually helping vulnerable communities.",F,F,2,1.8218251249636523,
gpt-5.4-mini,openai,gpt-5.4-mini,1065.0,B-only,1,ClimatePolicyID(1),"I would **strongly support** accelerating renewable energy production, especially wind power, because I care a lot about protecting nature, reducing pollution, and leaving a better world for future generations. My support is also shaped by my belief in fairness and helping others, including people in poorer countries who are affected by climate change.

That said, I would want it done sensibly, with attention to costs, reliability, and the impact on households and local communities. I’m not keen on policies that feel rushed or that ignore practical concerns, but overall I think the environmental benefits outweigh those worries.",G,G,3,2.305055333999917,
gpt-5.4-mini,openai,gpt-5.4-mini,1065.0,B-only,1,ClimatePolicyID(2),"I would slightly support banning new oil, gas and coal licences because I do care about protecting nature and think we need to move away from damaging fossil fuels for the sake of future generations. That said, I would also worry about energy security, jobs, and the cost to ordinary families if we move too quickly, especially with bills already so high. So I support it in principle, but only if there is a realistic plan to keep energy affordable and reliable.",E,E,1,1.825330167019274,
gpt-5.4-mini,openai,gpt-5.4-mini,1065.0,B-only,1,ClimatePolicyID(3),"I’d probably lean **neutral to slightly oppose** a ban on new petrol cars by 2030. I do care about the environment and want cleaner air for future generations, but I also worry about the cost to ordinary families, especially people who rely on older cars, live in areas with limited public transport, or can’t easily afford an electric vehicle and charging setup.

My support would come from wanting to reduce emissions and improve long-term sustainability, but my opposition comes from a preference for personal choice, practicality, and not placing too much burden on households during a cost-of-living squeeze. I’d be more comfortable with a slower transition that gives people time to adapt rather than a hard deadline.",C,C,-1,2.183605958998669,
gpt-5.4-mini,openai,gpt-5.4-mini,1065.0,B-only,1,ClimatePolicyID(4),"I would **somewhat support** this policy, because I do care a great deal about protecting the environment and making homes more energy efficient for the long term. I can also see the benefit for families if new homes are cheaper to run and less dependent on fossil fuels, which fits with my sense of fairness and responsibility to future generations.

That said, I would be cautious about the extra costs being passed on to buyers and whether these requirements make new homes less affordable, especially for ordinary working families. I also tend to prefer practical, gradual change rather than heavy-handed rules, so I’d want to be sure the policy is realistic and doesn’t create unnecessary burdens.",F,F,2,2.3833610839792527,
gpt-5.4-mini,openai,gpt-5.4-mini,1065.0,B-only,1,ClimatePolicyID(5),"I would lean slightly in support of a carbon fee and dividend because I do care about protecting the environment and think it is fairer if the money raised is returned directly to households, especially with the cost of living being so important. It also feels more practical than some other climate policies because it gives people a clear incentive to use less fossil fuel without relying only on bans or heavy-handed rules.  

That said, I would worry about higher energy and transport costs hitting ordinary families, and I’m cautious about policies that feel like they punish people who have limited choices, especially those relying on older cars or older homes. My Conservative and Leave instincts also make me wary of extra taxes and complicated schemes, so overall I’d support it only a little rather than strongly.",E,E,1,2.5322329999762587,
gpt-5.4-mini,openai,gpt-5.4-mini,1065.0,B-only,1,ClimatePolicyID(6),"I would lean slightly toward supporting compensation for people in other countries affected by climate change, because I do feel a moral responsibility to help those who are suffering and I believe in global harmony and equal opportunities. That said, I would want it to be done carefully and fairly, with clear accountability, because I’m also conscious of costs to British taxpayers and I don’t want aid to become wasteful or to distract from practical action at home.",E,E,1,1.6269050419796258,
gpt-5.4-mini,openai,gpt-5.4-mini,1065.0,B-only,2,ClimatePolicyID(1),"I would **somewhat support** accelerating renewable energy, because I care a lot about protecting nature, reducing pollution, and leaving a better world for future generations. I also think it makes sense to reduce dependence on imported gas and improve long-term energy security, especially when household bills are such a concern.

That said, I would be cautious if it meant higher costs, more disruption to local communities, or policies being pushed through too quickly without proper consultation. My support would depend on whether it is done in a practical, affordable way that respects ordinary families and doesn’t feel like another burden on people already struggling.",F,F,2,2.1227445420227014,
gpt-5.4-mini,openai,gpt-5.4-mini,1065.0,B-only,2,ClimatePolicyID(2),"I would **slightly support** banning new oil, gas, and coal licences. I care a great deal about protecting nature and think we have a responsibility to move away from fossil fuels for the sake of future generations, but I also worry about energy security, household bills, and the impact on ordinary families if the transition is too fast or poorly managed.

At the same time, my Conservative and Leave background makes me cautious about policies that could weaken domestic energy supply or damage jobs, so I would want any ban to be paired with practical investment in renewables and affordable alternatives.",E,E,1,3.00903204199858,
gpt-5.4-mini,openai,gpt-5.4-mini,1065.0,B-only,2,ClimatePolicyID(3),"I feel somewhat torn on this policy. On the one hand, I do care about the environment and want cleaner air and lower emissions, so I can see the long-term case for phasing out petrol cars; on the other hand, I worry that a 2030 deadline is too fast and could unfairly burden ordinary families, especially those on tighter budgets who rely on older cars and may not be able to afford an electric replacement or charging access. My Conservative and Leave-leaning instincts also make me cautious about a top-down ban that limits choice and could create practical costs before the alternatives are fully reliable and affordable.",D,D,0,2.4949088750290684,
gpt-5.4-mini,openai,gpt-5.4-mini,1065.0,B-only,2,ClimatePolicyID(4),"I would probably **somewhat support** this policy, because I do care about protecting the environment and making homes more energy efficient in the long run, and I can see the benefit of reducing bills and emissions for future generations. That said, I would also worry about the **extra upfront costs** being passed on to buyers and the risk of over-prescriptive rules that limit choice or make new homes less affordable, especially for ordinary families.",F,F,2,2.9303172919899225,
gpt-5.4-mini,openai,gpt-5.4-mini,1065.0,B-only,2,ClimatePolicyID(5),"I would **slightly support** a carbon fee and dividend policy. I do care about the environment and think it is fair to make polluters pay, especially if the money is returned directly to households to help with rising bills, which matters to me as a parent on a modest income. However, I would also worry that it could still push up fuel and heating costs, and I’m cautious about policies that feel like they punish ordinary people rather than big businesses, so my support is not wholehearted.",E,E,1,2.049084917001892,
gpt-5.4-mini,openai,gpt-5.4-mini,1065.0,B-only,2,ClimatePolicyID(6),"I would be somewhat torn on this policy. On the one hand, I do believe in global harmony, helping others, and taking responsibility for the wider impact of climate change, so compensating people in poorer countries feels morally right and consistent with caring for others. On the other hand, I worry about fairness to UK taxpayers, whether the money would be used effectively, and whether we should focus first on cutting emissions and supporting people at home, so overall I would only slightly support it rather than strongly back it.",E,E,1,1.9469670410035178,
gpt-5.4-mini,openai,gpt-5.4-mini,1065.0,B-only,3,ClimatePolicyID(1),"I would **somewhat support** accelerating renewable energy production, because I do care about protecting the environment and leaving a cleaner, more sustainable world for future generations. That said, I would want it done in a way that is practical and affordable, since I’m very conscious of household costs, energy security, and not burdening ordinary families with higher bills or unreliable supply.",F,F,2,1.5091444589779712,
gpt-5.4-mini,openai,gpt-5.4-mini,1065.0,B-only,3,ClimatePolicyID(2),"I would **slightly support** banning new oil, gas, and coal licences. I do care about protecting the environment and think we have a responsibility to future generations, so limiting new fossil fuel extraction feels like a sensible long-term step; at the same time, I’m wary of policies that could push up bills or hurt energy security for ordinary families, especially with the cost of living so high. My instinct is to support it only if there are practical alternatives in place and it doesn’t unfairly burden people who are already struggling.",E,E,1,1.869223083020188,
gpt-5.4-mini,openai,gpt-5.4-mini,1065.0,B-only,3,ClimatePolicyID(3),"I’m fairly neutral to slightly supportive of banning new petrol cars by 2030. On one hand, I care about the environment and want cleaner air and lower emissions, so I can see the long-term value, but on the other hand I’m wary of policies that feel rushed or unfair to ordinary families who may struggle to afford an electric car or rely on older vehicles for practical reasons. My vote to leave and general preference for common-sense, practical solutions makes me cautious about big top-down changes, so I’d want to see strong support for households before fully backing it.",D,D,0,2.3561609579483047,
gpt-5.4-mini,openai,gpt-5.4-mini,1065.0,B-only,3,ClimatePolicyID(4),"I would **slightly support** this policy overall, because I do care a lot about protecting the environment and I can see the long-term benefit of building homes that are cheaper to run and less dependent on fossil fuels. That said, I would be wary of the extra upfront costs being passed on to buyers and the risk of making new homes less affordable, especially for ordinary families like mine.",E,E,1,1.637120999977924,
gpt-5.4-mini,openai,gpt-5.4-mini,1065.0,B-only,3,ClimatePolicyID(5),"I would **slightly support** a carbon fee and dividend policy. I do care about the environment and think it is fair to make polluters pay, especially if the money is returned directly to the public to help with household costs, which matters to me given the cost-of-living pressures and my concern for ordinary families.

That said, I would also be cautious because I voted Conservative and tend to prefer practical, stable policies that do not push up energy bills or add hidden costs. If the tax ends up making fuel and electricity more expensive before the dividend is felt, I would worry it could unfairly hit people like me who need to manage a modest household budget.",E,E,1,2.274924459052272,
gpt-5.4-mini,openai,gpt-5.4-mini,1065.0,B-only,3,ClimatePolicyID(6),"I would probably be somewhat opposed to compensating people in other countries for climate change impacts, even though I do care about fairness and global harmony. I can see the moral case for helping those who are suffering, but I’m also wary of money being sent abroad when families here are facing high bills and practical pressures, and I think responsibility should be focused first on reducing emissions and helping people at home adapt.",B,B,-2,1.9289102079928853,
gpt-5.4-mini,openai,gpt-5.4-mini,1339.0,A-only,1,ClimatePolicyID(1),"I would probably slightly support accelerating renewable energy roll-out, because I care a lot about protecting the environment, reducing emissions, and moving away from fossil fuels in a way that supports long-term sustainability. It also fits with my preference for practical, forward-looking policy and my concern about climate change and energy security.  

That said, I’d be cautious if it meant rushing projects without enough regard for local landscapes, wildlife, or community consent, since I value fairness and don’t like environmental solutions that create new harms for some people.",E,E,1,2.1445500000263564,
gpt-5.4-mini,openai,gpt-5.4-mini,1339.0,A-only,1,ClimatePolicyID(2),"I would lean slightly in support of banning new oil, gas, and coal licences because it fits with my strong concern for the climate emergency, environmental protection, and the need for long-term, consistent action rather than locking us into more fossil fuel dependence. I’m also persuaded by the fairness argument: expanding fossil fuel extraction feels hard to justify when cleaner alternatives are available and when the costs of climate change fall unevenly on poorer and more vulnerable people.  

That said, I’d still have some hesitation because I’m cautious about abrupt policy changes and I do think energy security, jobs, and the impact on local communities need to be handled carefully, especially in a fair transition.",E,E,1,2.1695742909796536,
gpt-5.4-mini,openai,gpt-5.4-mini,1339.0,A-only,1,ClimatePolicyID(3),"I would lean slightly in support of banning the sale of new petrol cars by 2030, mainly because I care a lot about climate action, cleaner air, and reducing long-term dependence on fossil fuels. My Remain outlook, centre-ground politics, and concern for fairness make me receptive to a managed transition if it’s paired with good public charging infrastructure, support for lower-income households, and realistic options for people in rural areas. I’d still have some reservations about whether 2030 is too fast for everyone, especially if the costs and practical barriers fall unevenly, but overall the environmental and public-health benefits would outweigh those concerns for me.",E,E,1,2.233548582997173,
gpt-5.4-mini,openai,gpt-5.4-mini,1339.0,A-only,1,ClimatePolicyID(4),"I would probably **slightly support** this policy. It fits my strong environmental values, my concern about the climate emergency, and my belief that government should help normalise low-carbon choices rather than leaving everything to individual action; it also seems sensible in terms of long-term energy savings and protecting people from future fuel-price shocks. My main hesitation is that a blanket mandate could raise build costs or reduce flexibility for different housing types and local conditions, so I’d want it implemented in a way that is practical, fair, and doesn’t make new homes less affordable.",E,E,1,2.3550157910212874,
gpt-5.4-mini,openai,gpt-5.4-mini,1339.0,A-only,1,ClimatePolicyID(5),"I would lean slightly in support of a carbon fee and dividend because I care a lot about climate action, fairness, and protecting people from the long-term harms of fossil fuels. The dividend part makes it more acceptable to me, since it can help offset costs for lower- and middle-income households and keep the policy more equitable, which fits my values of equal opportunity and social justice.

That said, I’d still have some reservations about whether it would be implemented fairly and transparently, and whether it might hit people unevenly depending on where they live or how much they rely on cars and heating. I’d want reassurance that it genuinely reduces emissions without placing too much burden on ordinary households, especially those already facing higher living costs.",E,E,1,1.9448229169938713,
gpt-5.4-mini,openai,gpt-5.4-mini,1339.0,A-only,1,ClimatePolicyID(6),"I would slightly support compensating people in other countries who are impacted by climate change, because I strongly value global fairness, environmental responsibility, and helping those who are most vulnerable. Climate change is a shared problem, and it feels morally right that wealthier countries like the UK should contribute to loss and damage finance, especially since poorer countries often suffer the most despite contributing the least.

That said, I would want the policy to be transparent, accountable, and clearly separate from existing aid so it doesn’t just get absorbed into other budgets or create dependency. I’d also be cautious about how fairly it’s implemented and whether it genuinely helps affected communities rather than becoming a symbolic gesture.",E,E,1,2.2537242499529384,
gpt-5.4-mini,openai,gpt-5.4-mini,1339.0,A-only,2,ClimatePolicyID(1),"I would slightly support accelerating renewable energy roll-out. My environmental values, concern about the climate emergency, and preference for long-term, practical solutions make me broadly positive, especially since renewables can help reduce emissions and future energy price shocks. My main hesitation is about local impacts on landscapes, wildlife, and communities, so I’d want the expansion to be done carefully, with fair consultation and benefits shared locally.",E,E,1,1.9445819170214236,
gpt-5.4-mini,openai,gpt-5.4-mini,1339.0,A-only,2,ClimatePolicyID(2),"I would lean slightly toward supporting a ban on new oil, gas, and coal licences because it fits with my strong concern for the environment, climate action, and long-term fairness to future generations. I also think continuing to open new fossil fuel projects feels inconsistent with the urgency of the climate crisis, especially when cleaner alternatives should be expanded instead. That said, I’d still have some hesitation because of energy security, household costs, and the need to avoid unfair impacts on workers and communities during the transition.",E,E,1,1.8442497499636374,
gpt-5.4-mini,openai,gpt-5.4-mini,1339.0,A-only,2,ClimatePolicyID(3),"I would probably slightly support this policy. My environmental values and concern about climate change make the shift away from petrol cars feel necessary, and I can see the benefits for air quality and long-term sustainability; the recent messages about practical transition, public charging, and fairness have also made it more convincing to me.

That said, I’d still have some reservations about the pace and whether people in less well-served areas, or those who can’t easily afford an electric vehicle, would be left behind. I’d want the policy paired with good charging infrastructure, support for lower-income households, and a realistic transition plan so it feels fair rather than imposed too abruptly.",E,E,1,2.25273287500022,
gpt-5.4-mini,openai,gpt-5.4-mini,1339.0,A-only,2,ClimatePolicyID(4),"I would slightly support this policy, because it fits my strong environmental values and my belief in practical long-term planning: better insulation and non-fossil fuel heating would cut emissions, reduce energy bills, and help protect people from cold homes, which matters especially in a place like the North West. I also like the idea of building these standards in from the start rather than relying on later retrofits, and rooftop solar feels like a sensible way to make homes more self-sufficient.

My main hesitation is around cost, feasibility, and whether the policy is applied fairly across different types of developments, since I don’t like rules that could make housing less affordable or create problems for smaller builders. I’d want it implemented thoughtfully, with support for households and developers where needed, but overall I lean in favour.",F,F,2,2.583381540956907,
gpt-5.4-mini,openai,gpt-5.4-mini,1339.0,A-only,2,ClimatePolicyID(5),"I would probably be mildly supportive of a carbon fee and dividend, because I strongly care about climate action, fairness, and policies that make polluters pay while returning money to households rather than just raising government revenue. The dividend aspect makes it feel more equitable and less punitive, which matters to me given my concern about lower-income households and social justice. I’d still have some reservations about whether it would be implemented transparently and whether it might hit people unevenly depending on transport and heating needs, especially in a region like the North West.",F,F,2,2.024682875024155,
gpt-5.4-mini,openai,gpt-5.4-mini,1339.0,A-only,2,ClimatePolicyID(6),"I would slightly support compensating people in other countries affected by climate change, because it fits my values of fairness, global responsibility, and helping those who are least responsible for the problem but often suffer the most. It also feels consistent with my support for environmental action that looks beyond national borders, especially given my Remain instincts and belief in international cooperation.

That said, I’d still be cautious about how it’s done: I’d want it to be transparent, properly targeted, and not just absorbed into existing aid budgets or used inefficiently. I’d also worry about whether the mechanism is fair and practical, but overall I’d lean in favour because the moral case feels strong.",E,E,1,2.148884291993454,
gpt-5.4-mini,openai,gpt-5.4-mini,1339.0,A-only,3,ClimatePolicyID(1),"I would slightly support accelerating renewable energy roll-out. My environmental values, concern for climate action, and preference for long-term planning make me favour more wind and other renewables, especially if they help cut emissions and reduce future energy insecurity. My main hesitation is about local impacts on landscapes and communities, so I’d want the roll-out to be done carefully, with fair consultation and benefits shared locally.",E,E,1,2.0505816250224598,
gpt-5.4-mini,openai,gpt-5.4-mini,1339.0,A-only,3,ClimatePolicyID(2),"I would probably lean slightly in support of banning new oil, gas, and coal licences, because I strongly value environmental protection, fairness to future generations, and taking serious action on climate change rather than locking in more fossil fuel dependence. The arguments about long-term costs, climate justice, and the need for a just transition resonate with me, especially given my pro-EU, centre-leaning, socially minded outlook.

That said, I’d still have some hesitation because I’m cautious about economic disruption, energy security, and whether the transition would be managed fairly for workers and households, especially in the North West where practical costs matter. So overall I’d support it, but with a strong preference for clear transition plans, community support, and investment in alternatives.",F,F,2,2.353948791977018,
gpt-5.4-mini,openai,gpt-5.4-mini,1339.0,A-only,3,ClimatePolicyID(3),"I would lean **slightly support** banning the sale of new petrol cars by 2030. My strong concern for the environment, public health, and long-term fairness makes the shift away from fossil fuels feel necessary, and the cleaner air benefits matter to me; I also voted Remain and tend to favour coordinated, forward-looking policy. That said, I’d still be cautious about whether the transition is affordable and practical for ordinary households, especially in areas like the North West where charging access, car dependence, and costs could make the change feel uneven unless support is in place.",E,E,1,1.960211125027854,
gpt-5.4-mini,openai,gpt-5.4-mini,1339.0,A-only,3,ClimatePolicyID(4),"I would slightly support this policy. It fits my strong environmental values, especially reducing fossil fuel use, improving efficiency, and making homes more resilient and affordable to run in the long term, and it also feels practical for a colder region like the North West where good insulation and modern heating matter. My main hesitation is that mandates can add upfront costs and may not suit every development equally, so I’d want to be sure the policy is flexible, well-supported, and doesn’t unfairly push costs onto buyers or small builders.",F,F,2,1.931941624963656,
gpt-5.4-mini,openai,gpt-5.4-mini,1339.0,A-only,3,ClimatePolicyID(5),"I would probably **slightly support** a carbon fee and dividend. My strong concern for the environment, fairness, and protecting people from climate harms makes me like the idea of using a market signal to cut emissions, especially if the revenue is returned directly to the public so lower- and middle-income households are not unfairly burdened.

That said, I would still be cautious because I’m wary of policies that could raise everyday costs, especially for heating and transport in a region like the North West. I’d want to be confident the dividend is genuinely fair, transparent, and enough to offset the impact on households before I fully back it.",E,E,1,2.8523203330114484,
gpt-5.4-mini,openai,gpt-5.4-mini,1339.0,A-only,3,ClimatePolicyID(6),"I would slightly support compensating people in other countries affected by climate change, because it fits my strong values around fairness, global harmony, and responsibility toward those who have contributed least to the problem. It also feels morally consistent with caring for vulnerable communities and recognising that climate impacts are not evenly shared.  

That said, I’d still want reassurance that the compensation is transparent, targeted, and not just absorbed into inefficient aid systems, since I’m cautious about practical implementation and want to avoid creating dependency or waste.",E,E,1,1.652367582952138,
gpt-5.4-mini,openai,gpt-5.4-mini,1454.0,B-only,1,ClimatePolicyID(1),"I would slightly support accelerating renewable energy roll-out, mainly because I see practical benefits like greater energy security, less dependence on volatile gas markets, and potentially more stable long-term bills. My Conservative and Leave-leaning instincts make me wary of anything that feels like an expensive ideological project, so I’d want to be convinced it’s cost-effective, reliable, and not unfairly burdening households or local communities.",E,E,1,2.150750375003554,
gpt-5.4-mini,openai,gpt-5.4-mini,1454.0,B-only,1,ClimatePolicyID(2),"I’d be fairly neutral to slightly supportive of banning new oil, gas, and coal licences, mainly because I can see the long-term case for reducing dependence on fossil fuels and improving energy security. At the same time, I’d worry about the impact on jobs, investment, and energy prices, especially if the transition feels rushed or leaves ordinary households paying more. So overall, I’d want a balanced approach: support cleaner energy, but not in a way that damages economic stability or hits working people too hard.",D,D,0,2.150829708960373,
gpt-5.4-mini,openai,gpt-5.4-mini,1454.0,B-only,1,ClimatePolicyID(3),"I would strongly oppose a ban on the sale of new petrol cars by 2030. It feels too rushed and likely to hit ordinary households and small businesses with higher costs before EVs, charging infrastructure, and the second-hand market are fully ready, which clashes with my preference for practicality and economic stability; my Conservative and Leave-leaning instincts also make me wary of top-down rules that restrict choice. The main argument in favour would be reducing emissions and pushing industry to adapt sooner, but I still think a more gradual transition would be fairer and less disruptive.",A,A,-3,1.9455769159831107,
gpt-5.4-mini,openai,gpt-5.4-mini,1454.0,B-only,1,ClimatePolicyID(4),"I would **slightly support** this policy, mainly because I can see the long-term practical benefits: lower energy bills, better energy security, and homes that are more efficient and cheaper to run over time. That said, I’d be cautious about the upfront costs and whether these requirements would push house prices higher or slow down building, especially if the costs end up falling on ordinary buyers rather than developers.",E,E,1,1.8429085409734398,
gpt-5.4-mini,openai,gpt-5.4-mini,1454.0,B-only,1,ClimatePolicyID(5),"I’m fairly neutral to slightly supportive of a carbon fee and dividend. On the one hand, I like the idea of a market-based policy that could reduce emissions without relying on heavy-handed bans, and returning the money to the public makes it seem fairer than just taking money from households; on the other hand, I’m wary that it could still raise living costs in the short term, and I’m not fully convinced it would be the most practical way to help people on lower incomes.",D,D,0,1.946517667034641,
gpt-5.4-mini,openai,gpt-5.4-mini,1454.0,B-only,1,ClimatePolicyID(6),"I would slightly oppose compensating people in other countries for climate change impacts. I do think there’s a moral case for helping people who are badly affected, but given my priorities around fairness, accountability, and making sure money is used effectively, I’d rather see resources focused on reducing emissions and supporting people here first, especially when households are already under pressure. I’d also worry that international compensation can become expensive, hard to target properly, and less directly connected to who is actually responsible for the problem.",C,C,-1,2.250733416993171,
gpt-5.4-mini,openai,gpt-5.4-mini,1454.0,B-only,2,ClimatePolicyID(1),"I would **slightly support** accelerating renewable energy roll-out, mainly because it could improve energy security, reduce reliance on volatile gas markets, and support long-term stability in bills and supply. That said, I’d be cautious if it looked like the costs were being pushed onto ordinary households or if projects were badly planned, since I’m fairly practical and don’t want green policy to become an expensive burden on people like me.",E,E,1,1.7349301659851335,
gpt-5.4-mini,openai,gpt-5.4-mini,1454.0,B-only,2,ClimatePolicyID(2),"I’m fairly neutral on banning new oil, gas, and coal licences, with a slight lean against it. On one hand, I can see the case for reducing dependence on fossil fuels for long-term energy security and encouraging cleaner alternatives, which fits with my practical side and some respect for environmental balance. On the other hand, I worry it could hurt jobs, investment, and energy affordability, especially if it pushes costs onto ordinary households before reliable replacements are fully in place.",C,C,-1,1.813971500028856,
gpt-5.4-mini,openai,gpt-5.4-mini,1454.0,B-only,2,ClimatePolicyID(3),"I would strongly oppose a ban on new petrol cars by 2030. I’m sympathetic to the idea of cleaner transport, but this feels too fast and likely to hit ordinary households and small businesses with higher costs, limited choice, and practical problems like charging access and vehicle affordability — especially when I already lean toward caution on policies that seem to impose big lifestyle changes from above.  

That said, I can see the argument for it if the aim is to push innovation, improve air quality, and reduce dependence on imported fuel, but overall I’d still see it as a policy that risks putting ideology ahead of real-world affordability and convenience.",A,A,-3,2.2775356670026667,
gpt-5.4-mini,openai,gpt-5.4-mini,1454.0,B-only,2,ClimatePolicyID(4),"I’d **slightly support** this policy, mainly because I can see the long-term practical benefits: lower energy bills, better energy security, and homes that are cheaper to run and more efficient. That said, I’d be wary of it becoming an expensive top-down mandate that pushes up house prices or adds costs to developers and buyers, especially for ordinary households like mine. So I’d back it only if the rules were realistic, affordable, and didn’t end up making new homes less attainable.",E,E,1,1.9554078330402263,
gpt-5.4-mini,openai,gpt-5.4-mini,1454.0,B-only,2,ClimatePolicyID(5),"I’m fairly neutral to slightly supportive of a carbon fee and dividend. On one hand, I can see the appeal of making polluters pay while returning the money directly to households, especially if it helps protect people on lower incomes and gives a clearer incentive to cut emissions without just handing money to government. On the other hand, I’m wary that it could still push up fuel and heating costs in the short term, and I’m not fully convinced that carbon taxes are always the most practical or fair way to deal with the problem, especially if they end up hitting ordinary families before the benefits are obvious.",D,D,0,2.254568708012812,
gpt-5.4-mini,openai,gpt-5.4-mini,1454.0,B-only,2,ClimatePolicyID(6),"I’d slightly oppose compensating people in other countries for climate change impacts. I can see the moral argument, but given my priorities around practicality, fairness to UK taxpayers, and making sure money is spent where it has clear, direct benefits, this feels like a less convincing use of public funds than investing in lower bills, energy security, or adaptation at home. I’d be more open to it if it were tightly targeted and clearly linked to responsibility and effectiveness, but as a broad policy it seems too distant from the everyday pressures people here are facing.",C,C,-1,2.5591300830128603,
gpt-5.4-mini,openai,gpt-5.4-mini,1454.0,B-only,3,ClimatePolicyID(1),"I’d slightly support accelerating renewable energy, mainly because it could improve energy security, reduce reliance on volatile gas markets, and create jobs without feeling like a huge ideological leap. That said, I’d still be cautious if it pushed up bills, used public money inefficiently, or seemed to favour big energy firms over ordinary households.",E,E,1,1.946041833027266,
gpt-5.4-mini,openai,gpt-5.4-mini,1454.0,B-only,3,ClimatePolicyID(2),"I’d probably be **neutral to slightly oppose** banning new oil, gas, and coal licences. On one hand, I can see the case for reducing long-term reliance on fossil fuels and improving energy security, which fits my practical side and my support for gradual progress. But given my concern about the cost of living, jobs, and the risk of pushing production overseas rather than actually reducing emissions, I’d worry that a blanket ban could hurt working households and regions that still depend on these industries.",D,D,0,2.3572138749877922,
gpt-5.4-mini,openai,gpt-5.4-mini,1454.0,B-only,3,ClimatePolicyID(3),"I would probably **oppose** a ban on the sale of new petrol cars by 2030, mainly because it feels too rushed and likely to hit ordinary households hardest, especially people on lower or middle incomes who rely on affordable, practical transport. My Conservative voting history, preference for stability, and concern about cost-of-living pressures make me wary of policies that seem to force a big change before electric cars, charging infrastructure, and prices are fully realistic for everyone. I can see the case for it in terms of cleaner air, long-term energy security, and reducing dependence on fossil fuels, but overall I think the transition should be slower and more flexible rather than a hard deadline.",B,B,-2,2.455679083999712,
gpt-5.4-mini,openai,gpt-5.4-mini,1454.0,B-only,3,ClimatePolicyID(4),"I would slightly support this policy, mainly because I can see the long-term benefits of better insulation and cleaner heating in reducing energy bills, improving energy security, and making new homes more efficient from the start. That said, I’d be cautious about the upfront costs and whether these requirements could make housing more expensive or slow down development, especially for ordinary working families. So I’d back the idea in principle, but only if it’s implemented in a practical way that doesn’t add too much burden to buyers or builders.",E,E,1,2.046131792012602,
gpt-5.4-mini,openai,gpt-5.4-mini,1454.0,B-only,3,ClimatePolicyID(5),"I’m fairly neutral to slightly supportive of a carbon fee and dividend, mainly because I can see the logic of making polluters pay while giving the money back to ordinary households, which could help offset higher energy costs. That said, I’m still cautious because I worry it could still push up living costs in the short term, and I’m not fully convinced it’s the most practical way to cut emissions compared with simpler measures that protect working families.",D,D,0,2.0490081250318326,
gpt-5.4-mini,openai,gpt-5.4-mini,1454.0,B-only,3,ClimatePolicyID(6),"I would probably slightly oppose compensating people in other countries for climate change impacts. I can see the moral argument, but given my focus on fairness, practicality, and making sure money is used effectively, I’d worry that it becomes another open-ended international commitment that doesn’t clearly help people here or directly reduce emissions. I’d be more supportive if it were tightly targeted, transparent, and clearly linked to accountability from the countries and industries most responsible.",C,C,-1,1.8430369999841787,
gpt-5.4-mini,openai,gpt-5.4-mini,1535.0,A-only,1,ClimatePolicyID(1),"I would strongly support accelerating renewable energy roll-out, especially offshore and onshore wind, because it fits closely with my environmental values and my belief that government should take serious action on climate change. My Labour/Remain leanings and generally left-wing outlook also make me more receptive to public investment in green infrastructure as a fair, long-term way to protect people and the planet. If I had any hesitation, it would mainly be about local disruption, planning conflicts, and ensuring communities actually benefit, but overall I see this as very necessary.",G,G,3,2.008021000016015,
gpt-5.4-mini,openai,gpt-5.4-mini,1535.0,A-only,1,ClimatePolicyID(2),"I would slightly oppose banning new oil, gas, and coal licences, even though I strongly care about climate action, because I tend to prefer a managed transition rather than abrupt bans that could hit jobs, energy security, and communities that still depend on these industries. As someone fairly left-wing and environmentally minded, I do see the case for ending fossil fuel expansion, especially given the climate emergency, but my instinct is to support policies that phase things out carefully while protecting workers and vulnerable households.",C,C,-1,2.702755915990565,
gpt-5.4-mini,openai,gpt-5.4-mini,1535.0,A-only,1,ClimatePolicyID(3),"I would **slightly support** banning the sale of new petrol cars by 2030. My strong environmental values and concern for long-term climate action make me inclined to back it, especially since I voted Labour and generally support policies that push society toward cleaner, fairer systems.  

That said, I’d still have some reservations about how practical and equitable the transition would be, particularly for rural areas, lower-income households, and people who may struggle with charging access or upfront costs. I’d want to see strong public investment in charging infrastructure and support for those most affected so the policy doesn’t unfairly burden ordinary people.",E,E,1,3.5126402910100296,
gpt-5.4-mini,openai,gpt-5.4-mini,1535.0,A-only,1,ClimatePolicyID(4),"I would **slightly support** mandating non-fossil fuel heating, rooftop solar panels, and high insulation in new housing developments. It fits strongly with my environmental values, my concern for long-term sustainability, and my belief that government should actively set standards to reduce emissions and improve energy efficiency, especially since better-insulated homes also help with health and fuel poverty.

That said, I’d still have some reservations about cost, practicality, and whether the requirements might make housing less affordable or harder to deliver, particularly if developers pass costs on to buyers. I’d want the policy to be paired with support and clear implementation plans so it’s fair and workable rather than just well-intentioned.",E,E,1,2.3234049580059946,
gpt-5.4-mini,openai,gpt-5.4-mini,1535.0,A-only,1,ClimatePolicyID(5),"I would **slightly support** a carbon fee and dividend. It fits my environmental values and my belief that those who pollute should pay, while returning the money to the public makes it feel fairer and less regressive, which matters to me given my concern for equal opportunities and protecting lower-income households.

That said, I’d still have some reservations about whether it would be implemented well, whether it would genuinely reduce emissions rather than just raise costs, and whether it would be paired with enough support for people in rural areas or those with limited alternatives.",E,E,1,2.048952583980281,
gpt-5.4-mini,openai,gpt-5.4-mini,1535.0,A-only,1,ClimatePolicyID(6),"I would **slightly support** compensating people in other countries who are impacted by climate change. My values around caring for others, global harmony, and fairness make me feel that wealthier countries have a responsibility to help those who are suffering from problems they did relatively little to cause, especially since climate change is a shared global crisis.

That said, I’d still have some reservations about how the policy is designed: I’d want it to be clearly additional to existing aid, transparent, and focused on real need rather than becoming vague or inefficient. I also think it should be balanced with practical limits so it doesn’t undermine domestic climate action or other essential public spending.",E,E,1,2.458150999969803,
gpt-5.4-mini,openai,gpt-5.4-mini,1535.0,A-only,2,ClimatePolicyID(1),"I would strongly support accelerating renewable energy roll-out, especially more offshore and onshore wind, because it fits my strong environmental values, concern for climate action, and belief in long-term public benefit. My centre-left politics and Labour voting history also make me receptive to active government intervention, and I like that renewables can improve energy security and reduce reliance on fossil fuels. My main hesitation would be practical rather than ideological — worries about planning, local disruption, and making sure communities actually benefit — but overall I’d still be clearly in favour.",G,G,3,1.944741083018016,
gpt-5.4-mini,openai,gpt-5.4-mini,1535.0,A-only,2,ClimatePolicyID(2),"I would probably **slightly support** banning new oil, gas, and coal licences, mainly because my environmental values and concern for climate justice make it feel like a necessary step if we’re serious about reducing emissions. My Labour and Remain leanings, along with my belief in fairness and protecting vulnerable communities, also push me toward supporting stronger action on fossil fuels, especially given the climate impacts already happening.

That said, I’d still have some reservations because I tend to favour gradual, practical transitions and I worry about the effects on jobs, energy security, and communities that still depend on these industries. So while the urgency of the climate crisis makes me more open to a ban than I used to be, I’d want to see clear support for workers and a credible replacement strategy.",F,F,2,2.2536001670523547,
gpt-5.4-mini,openai,gpt-5.4-mini,1535.0,A-only,2,ClimatePolicyID(3),"I would **slightly support** banning the sale of new petrol cars by 2030. My strong environmental values, support for climate action, and left-leaning politics make me see it as a necessary step to cut emissions, especially if it’s part of a wider plan with good public charging infrastructure and support for people on lower incomes or in rural areas.

At the same time, I’d have some reservations because I’m cautious about policies that could create practical problems or unfairly burden people who depend on cars, especially where alternatives are limited. So I’d support it more strongly if it were clearly paired with investment in charging networks, affordable electric vehicles, and measures to avoid leaving anyone behind.",E,E,1,2.1488319580093957,
gpt-5.4-mini,openai,gpt-5.4-mini,1535.0,A-only,2,ClimatePolicyID(4),"I would probably **support** this policy overall. My values strongly favour environmental protection, reducing emissions, and making housing more energy-efficient, and I also like the social justice angle because better insulation and non-fossil heating can lower bills and improve living conditions, especially for people who are more vulnerable.

My main hesitation would be about cost, practicality, and whether the requirements could slow down building or make new homes less affordable, especially if developers pass costs on to buyers or renters. But given my fairly left-wing politics, Labour voting history, and support for long-term climate action, I’d still lean clearly in favour if it were implemented fairly and with support for delivery.",G,G,3,2.357504249957856,
gpt-5.4-mini,openai,gpt-5.4-mini,1535.0,A-only,2,ClimatePolicyID(5),"I would slightly support a carbon fee and dividend. It fits my environmental priorities, my fairly left-wing outlook, and my preference for policies that make polluters pay while returning money to ordinary people, which feels fairer and more socially just than simply raising taxes. I’d still have some reservations about whether it would be implemented well, whether it would hit rural households or lower-income people unevenly before the dividend is felt, and whether it would be strong enough on its own to drive the scale of change needed.",E,E,1,1.7386927499901503,
gpt-5.4-mini,openai,gpt-5.4-mini,1535.0,A-only,2,ClimatePolicyID(6),"I would slightly support compensating people in other countries who are impacted by climate change, because it fits with my values of global harmony, fairness, and helping those who are most vulnerable. I also think richer countries have a responsibility to help with harms they’ve contributed to, especially when climate change is already causing real damage elsewhere.  

That said, I’d want it to be clearly structured, transparent, and genuinely additional to existing aid, so it doesn’t end up reducing support for other urgent needs or becoming inefficient. I’d also be cautious that it’s framed as responsibility and justice rather than an open-ended commitment with no clear limits or accountability.",E,E,1,2.0484326659934595,
gpt-5.4-mini,openai,gpt-5.4-mini,1535.0,A-only,3,ClimatePolicyID(1),"I would strongly support accelerating the roll-out of renewable energy like offshore and onshore wind. It fits my values around protecting nature, reducing carbon emissions, and acting responsibly for future generations, and it also feels consistent with my left-leaning preference for coordinated public action and fairness in the transition. My only slight reservations would be about local disruption, planning conflicts, and making sure communities benefit directly rather than just bearing the costs.",G,G,3,1.7419062500121072,
gpt-5.4-mini,openai,gpt-5.4-mini,1535.0,A-only,3,ClimatePolicyID(2),"I would probably **slightly support** banning new oil, gas, and coal licenses. My strong environmental values, support for climate action, and general left-leaning outlook make me see this as a necessary step to reduce fossil fuel dependence, especially given the urgency of the climate crisis and the need to protect future generations.

That said, I’d still have some hesitation because I’m cautious about the economic impact, especially for workers and communities tied to those industries, and I’d want to be sure there’s a fair transition with proper support. The recent messages have made me more open to the policy, though, because they frame it as a moral necessity rather than just an abstract environmental goal.",F,F,2,1.9960477080312558,
gpt-5.4-mini,openai,gpt-5.4-mini,1535.0,A-only,3,ClimatePolicyID(3),"I’d probably **slightly support** banning the sale of new petrol cars by 2030. My strong environmental values, support for Labour, and belief in collective action make me receptive to policies that speed up the shift away from fossil fuels, especially since I see climate action as a moral responsibility and I’ve become more convinced that a fair transition can work if it’s backed by charging infrastructure and support for lower-income and rural drivers.

That said, I’d still have some reservations about practicality and fairness: people who rely on cars, especially outside cities, could be badly affected if the rollout of EVs and charging points isn’t fast or affordable enough. So I’d support the policy more if it were clearly paired with investment and protections for those who might struggle most.",F,F,2,2.5101673339959234,
gpt-5.4-mini,openai,gpt-5.4-mini,1535.0,A-only,3,ClimatePolicyID(4),"I would probably **support** this policy overall, because it fits my strong environmental values and my belief that government should actively shape a fairer, more sustainable future. Requiring non-fossil fuel heating, rooftop solar, and high insulation feels like a practical way to cut emissions, lower long-term energy bills, and make homes better for everyone, which also aligns with my concern for social equity.

My main hesitation would be around cost and implementation, especially if the requirements made new housing more expensive or slowed building in ways that worsened the housing shortage. I’d want to see it paired with support for developers and protections for buyers so the transition is effective and doesn’t unfairly burden ordinary people.",G,G,3,2.457487708015833,
gpt-5.4-mini,openai,gpt-5.4-mini,1535.0,A-only,3,ClimatePolicyID(5),"I would **slightly support** a carbon fee and dividend. It fits my environmental values and my fairly left-wing, fairness-focused outlook, especially because returning the revenue to the public makes it feel less punitive and more equitable, which matters to me given concerns about lower-income households being hit hardest. I’m still a bit cautious about whether it would be implemented well and whether it would genuinely drive change without creating unfair burdens, but overall I see it as a practical way to reduce emissions while keeping the policy socially just.",F,F,2,2.030365208047442,
gpt-5.4-mini,openai,gpt-5.4-mini,1535.0,A-only,3,ClimatePolicyID(6),"I would **slightly support** compensating people in other countries who are impacted by climate change. My values around fairness, global harmony, and responsibility make me feel that countries like the UK should help those who are suffering from a problem we’ve contributed to, especially since I care a lot about protecting vulnerable people and acting ethically on environmental issues.

That said, I’d still have some reservations about how the money is used, whether it reaches the right people, and whether it might take resources away from urgent domestic climate action or other public services. I’d want it to be transparent, clearly targeted, and separate from efforts to cut emissions at home.",E,E,1,2.371202332957182,
gpt-5.4-mini,openai,gpt-5.4-mini,1635.0,B-only,1,ClimatePolicyID(1),"I would **somewhat support** accelerating the roll-out of renewable energy, because I care a lot about protecting nature, reducing pollution, and making energy more sustainable in the long run. That said, my low-income background and concerns about the cost-of-living crisis make me wary of policies that could push up bills or rely too heavily on public subsidies, especially if ordinary families end up paying for it while big companies benefit. I’d support it more if it clearly lowered costs over time and was done in a fair, practical way that didn’t hurt working people.",F,F,2,1.843384666950442,
gpt-5.4-mini,openai,gpt-5.4-mini,1635.0,B-only,1,ClimatePolicyID(2),"I would **somewhat oppose** banning new oil, gas, and coal licences. I care about the environment and I do see the long-term need to move away from fossil fuels, but my main concern is that this could push up energy costs and hurt ordinary people, especially low-income households like mine, while making the UK more dependent on imports.

At the same time, I can understand the argument for supporting it because I value nature, fairness, and long-term sustainability, and I don’t want the country to keep relying on polluting fuels forever. But overall, I’d want a slower transition that protects jobs, energy security, and household bills first.",B,B,-2,1.9441071669571102,
gpt-5.4-mini,openai,gpt-5.4-mini,1635.0,B-only,1,ClimatePolicyID(3),"I would **somewhat support** banning the sale of new petrol cars by 2030, because I do care about the environment and want cleaner air and a more sustainable future. That said, I’d also worry about the cost for ordinary people, especially lower-income households like mine, and whether enough affordable electric cars, charging points, and support are in place before forcing the change.",F,F,2,1.5379205420031212,
gpt-5.4-mini,openai,gpt-5.4-mini,1635.0,B-only,1,ClimatePolicyID(4),"I’d **somewhat support** this policy, because I care a lot about the environment, long-term sustainability, and making homes more efficient and cheaper to run over time. But I’d also be cautious because, from my perspective as someone on a low income, mandates like this could push up building costs and eventually make housing less affordable for ordinary people, so I’d want to know the costs are genuinely worth it and not just passed on to buyers or renters.",F,F,2,1.8433157499530353,
gpt-5.4-mini,openai,gpt-5.4-mini,1635.0,B-only,1,ClimatePolicyID(5),"I would **somewhat support** a carbon fee and dividend, but I’d want it designed carefully. I like the idea of making polluters pay while giving the money back to ordinary people, because that fits my fairness and equal-opportunity values, and it could help protect the environment without just punishing low-income households like mine.

At the same time, I’d be cautious because I’m worried about higher energy and transport costs hitting working people first, especially with the cost-of-living pressure. My recent reflections make me think the policy is only fair if the dividend is clear, immediate, and actually offsets the extra costs for households.",F,F,2,1.9988289589527994,
gpt-5.4-mini,openai,gpt-5.4-mini,1635.0,B-only,1,ClimatePolicyID(6),"I’d **somewhat support** compensating people in other countries affected by climate change, because I do care about fairness, global harmony, and helping people who are hit hardest by problems they didn’t fully cause. That said, my low income and focus on practical fairness make me cautious about British taxpayers carrying too much of the burden, especially if people here are struggling with bills and public services. So I support the principle, but I’d want it to be limited, transparent, and not unfair to ordinary households in the UK.",F,F,2,2.201581333996728,
gpt-5.4-mini,openai,gpt-5.4-mini,1635.0,B-only,2,ClimatePolicyID(1),"I would **somewhat support** accelerating the roll-out of renewable energy, because I care a lot about protecting nature, reducing pollution, and making sure future generations have a healthier planet. That said, my low income and recent reflections make me cautious about whether the costs are being passed on to ordinary families through higher bills or subsidies, and I’d want the rollout to be fair, affordable, and not disruptive to local communities.",E,E,1,1.550506207975559,
gpt-5.4-mini,openai,gpt-5.4-mini,1635.0,B-only,2,ClimatePolicyID(2),"I would **somewhat oppose** banning new oil, gas, and coal licences. I care a lot about the environment and long-term sustainability, so I can see why it’s being proposed, but my low income and concern for energy bills, jobs, and energy independence make me wary of policies that could push up costs or hurt working people before there’s a reliable alternative in place.

At the same time, I’m open to the idea if it’s clearly part of a fair transition with proper support for households and workers. My recent reflections have made me more cautious about climate policies that sound good in principle but may create unfair economic pressure on ordinary families.",B,B,-2,2.134814999997616,
gpt-5.4-mini,openai,gpt-5.4-mini,1635.0,B-only,2,ClimatePolicyID(3),"I would **somewhat support** banning the sale of new petrol cars by 2030, because I do care a lot about the environment, cleaner air, and long-term fairness for future generations. That said, my low income and concern for ordinary working people make me worry about the cost of electric cars, charging access, and whether the transition is being pushed too fast for people who rely on cheaper petrol vehicles for work and daily life.",F,F,2,1.8420085409888998,
gpt-5.4-mini,openai,gpt-5.4-mini,1635.0,B-only,2,ClimatePolicyID(4),"I would **somewhat oppose** mandating non-fossil fuel heating, rooftop solar panels, and high insulation in all new housing. I care a lot about the environment and long-term sustainability, but as someone on a very low income, I’m wary of policies that can push up building costs and eventually make housing less affordable for ordinary people, especially when the benefits may be felt more slowly than the costs.

At the same time, I can see the case for it because I value nature, fairness, and equal opportunities, and better-insulated homes with cleaner heating could lower bills and reduce pollution in the long run. But overall, I’d want these standards to be more flexible and affordable rather than imposed in a way that could worsen the housing crisis or burden working families.",B,B,-2,2.40343283303082,
gpt-5.4-mini,openai,gpt-5.4-mini,1635.0,B-only,2,ClimatePolicyID(5),"I **somewhat support** a carbon fee and dividend, but I’m not fully convinced. On the one hand, I care about the environment, fairness, and making polluters pay, and returning the money to the public could help protect lower-income households like mine from higher energy costs. On the other hand, I’m worried it could still push up bills and living costs in the short term, and I’m increasingly cautious about climate policies that seem to hit ordinary working people before big businesses.",F,F,2,1.796584083000198,
gpt-5.4-mini,openai,gpt-5.4-mini,1635.0,B-only,2,ClimatePolicyID(6),"I’d **somewhat support** compensating people in other countries affected by climate change, because I care about fairness, global harmony, and helping people who are hit hardest by problems they didn’t create. That said, with my low income and concern about costs, I’d want to be sure the money is used effectively and doesn’t take away from urgent needs here in the UK, especially during a cost-of-living crisis.",F,F,2,2.4576750000123866,
gpt-5.4-mini,openai,gpt-5.4-mini,1635.0,B-only,3,ClimatePolicyID(1),"I would **somewhat support** accelerating renewable energy roll-out, because I care a lot about protecting nature, reducing pollution, and making energy more sustainable in the long run. That said, my low income makes me sensitive to anything that could push up bills or create hidden costs, and I’d want to be sure the rollout is fair, affordable, and doesn’t place too much burden on ordinary households or local communities.",F,F,2,3.1741493750014342,
gpt-5.4-mini,openai,gpt-5.4-mini,1635.0,B-only,3,ClimatePolicyID(2),"I would **somewhat oppose** banning new oil, gas, and coal licenses. I do care a lot about the environment and global harm, so I can see why it’s necessary in the long run, but my low income and the cost-of-living pressure make me worry about higher energy prices, job losses, and whether we’d just end up relying on imports instead of becoming more secure. My recent reflections have made me more cautious about policies that sound good environmentally but might hit ordinary people hardest, so I’d want a more balanced transition rather than a straight ban.",B,B,-2,2.8390586669556797,
gpt-5.4-mini,openai,gpt-5.4-mini,1635.0,B-only,3,ClimatePolicyID(3),"I would **somewhat support** banning the sale of new petrol cars by 2030, mainly because I care a lot about the environment, cleaner air, and long-term sustainability. That said, I’d also worry about the cost for people on low incomes like mine, since electric cars can still be expensive and the transition could hit ordinary drivers hardest if there isn’t enough support. My view is that the policy makes sense in principle, but only if it’s introduced fairly and doesn’t leave working people carrying all the burden.",F,F,2,2.1770831670146435,
gpt-5.4-mini,openai,gpt-5.4-mini,1635.0,B-only,3,ClimatePolicyID(4),"I’d **somewhat support** this policy, because I care a lot about protecting the environment, reducing pollution, and making housing more sustainable for the long term. I also like the idea of better insulation and cleaner heating if it can lower energy use and help people in the future, but I’d be cautious because I’m on a low income and I worry these requirements could push up the cost of new homes and make housing less affordable.",F,F,2,1.9919170829816721,
gpt-5.4-mini,openai,gpt-5.4-mini,1635.0,B-only,3,ClimatePolicyID(5),"I would **somewhat support** a carbon fee and dividend, mainly because I care about the environment and I like the idea of using market-based policy rather than just heavy-handed bans. The dividend part makes it feel fairer, especially for someone on a low income like me, because it could help offset higher living costs and protect ordinary people if it’s done properly.  

At the same time, I’d be cautious because I worry it could still raise fuel and energy prices, hit working families, and put pressure on businesses and jobs if it’s not designed carefully. My recent reflections have made me more aware that climate policy needs to balance environmental goals with affordability and real-life impact, so I’d support it only if it’s transparent and genuinely helps lower-income households.",F,F,2,2.3091792500345036,
gpt-5.4-mini,openai,gpt-5.4-mini,1635.0,B-only,3,ClimatePolicyID(6),"I would **strongly support** compensating people in other countries who are hit by climate change. My values are very focused on fairness, equal opportunity, and caring for others, and I don’t think poorer countries should suffer most from a problem they contributed least to; that feels consistent with global harmony and basic justice. The main thing that could make me hesitate is whether the money is being used properly and whether it might take resources away from people struggling here in the UK, but overall I’d still see it as the right thing to do.",G,G,3,2.0436299170251004,
gpt-5.4-mini,openai,gpt-5.4-mini,1833.0,B-only,1,ClimatePolicyID(1),"I’d be **neutral to slightly supportive** of accelerating renewable energy, because I can see the practical benefits of more home-grown energy, more local jobs, and less dependence on imported gas and unstable international markets. That said, I’d want it done in a way that doesn’t push up bills or create extra costs for ordinary families too quickly, since I’m wary of policies that sound good in principle but end up hitting people financially.",E,E,1,2.151039291988127,
gpt-5.4-mini,openai,gpt-5.4-mini,1833.0,B-only,1,ClimatePolicyID(2),"I’d probably sit somewhere in the middle on banning new oil, gas, and coal licences. On one hand, I can see the argument for moving away from fossil fuels and protecting the environment, and I do think we need to plan for the future; on the other hand, I worry about jobs, energy security, and the cost of living, especially if there isn’t a reliable and affordable alternative in place. For me, practicality matters more than making a strong symbolic statement, so I’d want to be convinced the policy won’t hit ordinary households and local economies too hard.",D,D,0,1.9432848750147969,
gpt-5.4-mini,openai,gpt-5.4-mini,1833.0,B-only,1,ClimatePolicyID(3),"I’d slightly oppose banning the sale of new petrol cars by 2030. I can see the environmental case, but for me the big issue is practicality: it could put extra pressure on ordinary families and small businesses if electric cars, charging points, and running costs aren’t ready or affordable enough yet, especially outside the bigger cities. I’d be more comfortable with a slower, better-supported transition rather than a hard deadline that feels a bit rushed.",C,C,-1,2.4635921249864623,
gpt-5.4-mini,openai,gpt-5.4-mini,1833.0,B-only,1,ClimatePolicyID(4),"I’d be fairly neutral to slightly opposed to mandating all of that for every new housing development. I can see the long-term benefits of better insulation, solar panels, and non-fossil heating, but I’d worry about the extra build costs being passed on to buyers and renters, especially when people are already under pressure with living costs. I’d support it more if there were clear evidence it wouldn’t make homes unaffordable and if there was flexibility for different types of developments rather than a one-size-fits-all rule.",D,D,0,2.662426208029501,
gpt-5.4-mini,openai,gpt-5.4-mini,1833.0,B-only,1,ClimatePolicyID(5),"I’d probably be **neutral, maybe slightly supportive** of a carbon fee and dividend. I like the idea that it puts a price on pollution while giving money back to ordinary people, which feels fair and practical, but I’d want to be sure it really lowers bills for families like mine rather than just adding another layer of cost. I’m also cautious about anything that sounds like more tax, especially with the cost of living already tight, so I’d want clear evidence it works before fully backing it.",E,E,1,2.554134084028192,
gpt-5.4-mini,openai,gpt-5.4-mini,1833.0,B-only,1,ClimatePolicyID(6),"I’d probably be neutral to slightly supportive of compensating people in other countries affected by climate change. On one hand, I do think there’s a basic fairness to helping people who are badly hit by something that richer countries have contributed to, and I have some respect for the idea that all life should be treated with dignity. On the other hand, I’d want to be sure the money is used properly and not just become another open-ended cost when many people here are already under pressure, so practicality and value for money would matter a lot to me.",E,E,1,1.9512011670158245,
gpt-5.4-mini,openai,gpt-5.4-mini,1833.0,B-only,2,ClimatePolicyID(1),"I’d be **neutral to slightly supportive** of accelerating renewable energy, because I can see the practical benefits of more home-grown energy, less dependence on imported gas, and the potential for local jobs. That said, I’d still worry about the cost to households and whether the rollout is being done sensibly, without pushing up bills or relying too heavily on subsidies that don’t clearly pay off.",E,E,1,1.7463740829844028,
gpt-5.4-mini,openai,gpt-5.4-mini,1833.0,B-only,2,ClimatePolicyID(2),"I’d probably be **neutral to slightly oppose** banning new oil, gas, and coal licences. On one hand, I can see the argument for protecting the environment and moving toward cleaner energy, and I do care about fairness and future generations; but on the other hand, I’m very conscious of practical issues like jobs, energy security, and keeping costs manageable for ordinary families. If there’s no clear, affordable alternative in place, a full ban feels a bit too blunt and risky to me.",D,D,0,1.9395273749832995,
gpt-5.4-mini,openai,gpt-5.4-mini,1833.0,B-only,2,ClimatePolicyID(3),"I’d slightly oppose a ban on new petrol cars by 2030. I can see the environmental case, but for me the bigger issue is practicality: it could put extra pressure on ordinary families and small businesses if electric cars, charging points, and running costs aren’t affordable or widely available yet. I’d rather see a slower, more flexible transition that supports people properly instead of forcing a change too quickly.",C,C,-1,2.4699414999922737,
gpt-5.4-mini,openai,gpt-5.4-mini,1833.0,B-only,2,ClimatePolicyID(4),"I’d lean slightly against mandating this for all new housing developments, mainly because I worry it could push up building costs and make homes less affordable, which matters to me as a parent and someone who values practicality. I can see the case for better insulation and cleaner heating in the long run, and I do care about responsible stewardship, but I’m cautious about blanket rules that may add hidden costs or be too rigid for different situations.",C,C,-1,1.779872958024498,
gpt-5.4-mini,openai,gpt-5.4-mini,1833.0,B-only,2,ClimatePolicyID(5),"I’d probably be **neutral, leaning slightly opposed** to a carbon fee and dividend. On the one hand, I can see the fairness in returning the money to the public, and I do think polluters should pay in principle; but on the other hand, I’m wary of anything that pushes up fuel, heating, and electricity costs, especially with the cost of living being what it is and the risk that the dividend won’t fully offset the extra burden for ordinary families.

I’d also want to know whether it would actually change behaviour without hurting jobs or making life harder for people like me who just need practical, affordable energy. So overall I’m not against the idea outright, but I’d need convincing that it’s simple, effective, and genuinely fair in practice.",C,C,-1,2.1967005420010537,
gpt-5.4-mini,openai,gpt-5.4-mini,1833.0,B-only,2,ClimatePolicyID(6),"I’d be fairly neutral on this, leaning slightly supportive in principle but cautious in practice. On the one hand, I do think people in poorer countries who are hit hard by climate change deserve some fairness and help, and my basic respect for life and concern for others makes that feel morally right; on the other hand, I’d worry about whether the money is used properly, whether it comes at the expense of people here who are already struggling, and whether it’s realistic to expect British taxpayers to cover costs that feel very distant from daily life.",D,D,0,2.052703749970533,
gpt-5.4-mini,openai,gpt-5.4-mini,1833.0,B-only,3,ClimatePolicyID(1),"I’d probably be **neutral to slightly supportive** of accelerating renewable energy, mainly because I can see the long-term value of more homegrown energy and less dependence on imports. That said, I’d want it done in a practical way that doesn’t push up bills too much or create costs that ordinary families and businesses end up paying for, especially with the cost of living already tight.",E,E,1,2.0464669590000995,
gpt-5.4-mini,openai,gpt-5.4-mini,1833.0,B-only,3,ClimatePolicyID(2),"I’m fairly neutral on banning new oil, gas, and coal licences, with a slight lean against it. On one hand, I do think we need to protect the planet and not rely on fossil fuels forever, but on the other hand I’m practical and worry about jobs, local energy security, and the cost of living if we move too fast without a proper replacement.",C,C,-1,1.9477748749777675,
gpt-5.4-mini,openai,gpt-5.4-mini,1833.0,B-only,3,ClimatePolicyID(3),"I’d slightly oppose a ban on new petrol cars by 2030. I understand the environmental argument, but I value gradual change and worry about the cost for ordinary families and people who rely on affordable cars, especially with the cost of living already high; as a parent, I’d want any transition to be realistic and not unfairly force people into expensive alternatives too quickly.

",C,C,-1,1.9250873330165632,
gpt-5.4-mini,openai,gpt-5.4-mini,1833.0,B-only,3,ClimatePolicyID(4),"I’d probably be slightly opposed to mandating all of that for every new housing development. I can see the long-term benefits of better insulation, solar panels and non-fossil fuel heating, but I’m wary of rules that could push up building costs and eventually make homes less affordable, especially when people are already feeling the squeeze. I’d be more supportive if the policy was flexible, phased in gradually, and clearly shown to be cost-effective rather than just another green requirement passed on to buyers.",C,C,-1,2.1708006659755483,
gpt-5.4-mini,openai,gpt-5.4-mini,1833.0,B-only,3,ClimatePolicyID(5),"I’m fairly neutral on a carbon fee and dividend, leaning slightly cautious rather than strongly for or against. On the one hand, I can see the fairness of making polluters pay and returning the money to households, especially if it helps with bills and doesn’t leave ordinary people worse off; on the other hand, I worry it could still push up fuel and heating costs for families and small businesses, and I’m not fully convinced it would be managed in a way that’s practical or effective.",D,D,0,1.9433911660453305,
gpt-5.4-mini,openai,gpt-5.4-mini,1833.0,B-only,3,ClimatePolicyID(6),"I’d probably be **neutral to slightly supportive** of compensating people in other countries affected by climate change. On one hand, I do think there’s a basic fairness to helping people who are hit hard by something they’ve often contributed very little to, and my view that all life should be treated equally pushes me a bit in that direction. On the other hand, I’d be cautious about how much it costs British taxpayers, whether the money is actually used well, and whether we should be prioritising people here at home first, especially with the cost of living still a concern.",E,E,1,2.050125334004406,
gpt-5.4-mini,openai,gpt-5.4-mini,1900.0,B-only,1,ClimatePolicyID(1),"I’d probably **slightly support** accelerating renewable energy roll-out, but not uncritically. On the supportive side, I can see the case for more home-grown energy, better energy security, and a long-term shift away from imported fossil fuels, which matters if it helps keep the country more stable and less vulnerable. On the opposing side, I’d worry about the cost to households and taxpayers, how quickly it’s being pushed, and whether it’s being done in a practical way that doesn’t disrupt ordinary working families or just become another expensive target-driven policy.",E,E,1,2.661609666014556,
gpt-5.4-mini,openai,gpt-5.4-mini,1900.0,B-only,1,ClimatePolicyID(2),"I’d probably be **neutral to slightly supportive** of banning new oil, gas, and coal licences. On the one hand, I care about stability, jobs, and keeping energy affordable, so I’m wary of anything that could damage existing industries or push up household costs; on the other hand, I can see the case for reducing long-term dependence on fossil fuels, improving energy security, and making a gradual shift toward cleaner energy for my children’s future.",D,D,0,1.9598939580027945,
gpt-5.4-mini,openai,gpt-5.4-mini,1900.0,B-only,1,ClimatePolicyID(3),"I’d probably be **neutral to slightly oppose** a ban on new petrol cars by 2030. On the one hand, I can see the case for cleaner air, lower emissions, and pushing industry to modernise for the long term, especially if it helps future generations; on the other hand, I’m wary of policies that feel too fast or top-down and could hit ordinary families with higher costs, patchy charging infrastructure, and practical problems for people who need reliable, affordable transport.

",D,D,0,1.9309489580336958,
gpt-5.4-mini,openai,gpt-5.4-mini,1900.0,B-only,1,ClimatePolicyID(4),"I’d probably **slightly support** this policy, but with some caution. As a parent and someone who values practicality and fairness, I can see the long-term benefit of better insulation and cleaner heating in new homes, especially if it helps lower bills and makes housing more efficient for future generations. That said, I’d worry about the extra upfront costs being passed on to buyers or tenants, and I’d want to be sure the rules are realistic, affordable, and don’t make new housing even harder to build.",E,E,1,1.945892832998652,
gpt-5.4-mini,openai,gpt-5.4-mini,1900.0,B-only,1,ClimatePolicyID(5),"I’d lean slightly oppose, though not strongly. On the one hand, I can see the fairness argument in returning the money to households, and I do care about practical steps that encourage lower emissions without just lining government pockets. On the other hand, given the cost-of-living pressure, I’d worry it still pushes up fuel and energy costs in a way that hits working families and small businesses, and I’m not convinced it’s the most balanced or least disruptive way to tackle climate change.",C,C,-1,2.048005499993451,
gpt-5.4-mini,openai,gpt-5.4-mini,1900.0,B-only,1,ClimatePolicyID(6),"I’d probably be **slightly supportive** of compensating people in other countries affected by climate change, because I do think there’s a basic fairness argument here: if richer countries have contributed more to the problem, it’s reasonable to help those who are hit hardest. My values also lean toward equal treatment and not leaving vulnerable people behind, so that pulls me in favour.  

That said, I’d be cautious about it if it meant taking money away from struggling households in the UK or if the scheme looked wasteful or poorly targeted, because I do care about practical priorities and making sure taxpayers’ money is used sensibly.",E,E,1,2.046603500028141,
gpt-5.4-mini,openai,gpt-5.4-mini,1900.0,B-only,2,ClimatePolicyID(1),"I would slightly support accelerating renewable energy, mainly because I can see the practical benefits of more home-grown energy: greater energy security, less reliance on imported gas, and potentially more stable prices over time. As a parent and someone who values responsibility and fairness, I also think it makes sense to invest in cleaner energy for future generations, as long as it’s done in a measured way that doesn’t push up household costs too sharply or feel like a rushed ideological project.",E,E,1,1.7410329589620233,
gpt-5.4-mini,openai,gpt-5.4-mini,1900.0,B-only,2,ClimatePolicyID(2),"I’d probably be **neutral to slightly supportive** of banning new oil, gas, and coal licences. On one hand, I value stability, jobs, and practical energy policy, so I’d worry about higher costs, energy security, and hurting established industries; on the other hand, I can see the case for reducing dependence on fossil fuels, especially if it helps future energy independence and is done in a measured way rather than abruptly.

",D,D,0,1.8268249579705298,
gpt-5.4-mini,openai,gpt-5.4-mini,1900.0,B-only,2,ClimatePolicyID(3),"I’d lean **slightly oppose** or at most stay **neutral** on banning new petrol cars by 2030. On one hand, I can see the case for cleaner air, lower emissions, and pushing industry toward the future, and as a parent I do think about long-term environmental responsibility. But I’m also wary of policies that feel too fast, too costly, or unfair to ordinary working families—especially if electric cars, charging infrastructure, and replacement costs still make the change difficult for people in the West Midlands and across the country.",C,C,-1,2.1213899169815704,
gpt-5.4-mini,openai,gpt-5.4-mini,1900.0,B-only,2,ClimatePolicyID(4),"I would **slightly support** this policy, mainly because I can see the long-term practical benefits: better insulation and non-fossil heating should help lower energy use, and rooftop solar could reduce bills and improve energy security. As a parent, I also like the idea of new homes being built to a higher standard for future generations, which fits with my respect for doing things properly and responsibly.

That said, I’d be cautious about the **costs being pushed onto buyers or renters**, especially with the cost-of-living still a concern, and I’d worry about whether the rules are too rigid for different types of developments. I’m generally open to measured change, but I’d want this to be implemented in a way that is practical, affordable, and not just a symbolic green gesture.",E,E,1,2.4004896669648588,
gpt-5.4-mini,openai,gpt-5.4-mini,1900.0,B-only,2,ClimatePolicyID(5),"I’d lean slightly oppose to a carbon fee and dividend, mainly because I’m wary of policies that raise everyday energy and fuel costs, especially with the cost-of-living pressures on working families like mine. Even if the money is paid back out, it still feels like a complicated way of taxing people first and hoping the compensation feels fair later.

That said, I can see why I might support it a bit: it gives a clear incentive to cut emissions without relying on heavy-handed bans, and the dividend element makes it more acceptable than a straight carbon tax. My view would probably depend on whether it genuinely left ordinary households better off rather than just adding another layer of cost and bureaucracy.",C,C,-1,2.2538801669725217,
gpt-5.4-mini,openai,gpt-5.4-mini,1900.0,B-only,2,ClimatePolicyID(6),"I would lean slightly in support of compensating people in other countries affected by climate change, because I do believe all people should have a fair chance and that we shouldn’t ignore suffering just because it happens abroad. My respect for equality and my basic concern for others would push me toward helping, especially since climate change is a shared problem and poorer countries often suffer most.

That said, I’d also have reservations if it meant taking money away from struggling households here in the UK, especially with the cost-of-living pressures on families like mine. So I’d support it only if it were done in a way that feels proportionate, transparent, and doesn’t unfairly burden British taxpayers.",E,E,1,2.148894250043668,
gpt-5.4-mini,openai,gpt-5.4-mini,1900.0,B-only,3,ClimatePolicyID(1),"I would slightly support accelerating renewable energy roll-out. I can see the long-term value in cleaner energy, energy security, and reducing reliance on imported gas, and that fits with my cautious sense of responsibility to future generations and respect for nature. My main hesitation is that it needs to be done in a practical, affordable way that doesn’t push up bills too much or disrupt working families and local communities.",E,E,1,1.952284291968681,
gpt-5.4-mini,openai,gpt-5.4-mini,1900.0,B-only,3,ClimatePolicyID(2),"I’d probably sit around **neutral to slightly supportive** of banning new oil, gas and coal licences. On one hand, I care about practicality, jobs, and keeping energy affordable, so I’m wary of anything that could push up bills or hurt established industries; on the other hand, I can see the case for reducing long-term dependence on fossil fuels and making a measured shift toward cleaner energy, especially if it improves energy security and is done gradually.

",D,D,0,1.9406276660156436,
gpt-5.4-mini,openai,gpt-5.4-mini,1900.0,B-only,3,ClimatePolicyID(3),"I’d lean slightly against a ban on new petrol cars by 2030, mainly because I’m cautious about policies that could push up costs for ordinary families and feel too fast for people who rely on practical, affordable transport. As a parent in the West Midlands, I’d worry about whether the charging infrastructure, vehicle prices, and second-hand market are really ready, though I can see the case for cleaner air, lower emissions, and encouraging innovation over time.",C,C,-1,2.1511039580218494,
gpt-5.4-mini,openai,gpt-5.4-mini,1900.0,B-only,3,ClimatePolicyID(4),"I would slightly support this policy, mainly because I can see the long-term benefits of better insulation, lower energy use, and cleaner heating in new homes, especially for future generations. As a parent and someone who values fairness, I like the idea of building homes that are more efficient and less wasteful from the start.

That said, I would also be cautious about the cost and whether these requirements push up house prices or add hidden costs that ordinary families end up paying for. I’m generally practical and centre-leaning, so I’d want to know the policy is workable and doesn’t create unnecessary burdens before fully backing it.",E,E,1,1.9492048330139369,
gpt-5.4-mini,openai,gpt-5.4-mini,1900.0,B-only,3,ClimatePolicyID(5),"I would slightly oppose a carbon fee and dividend. I can see the appeal of making polluters pay and returning the money to households, especially if it helps with fairness and avoids the burden falling entirely on ordinary families, but I’m still wary of anything that raises energy and transport costs in the short term, particularly with the cost-of-living pressure and the need to protect working families.

At the same time, I’m not completely against it because I do think climate policy should be practical and not just symbolic, and if the dividend genuinely offsets the extra costs then that makes it more acceptable. But overall I’d still lean against it unless I was convinced it wouldn’t hit households and businesses too hard.",C,C,-1,2.249493082985282,
gpt-5.4-mini,openai,gpt-5.4-mini,1900.0,B-only,3,ClimatePolicyID(6),"I would probably **slightly support** compensating people in other countries who are badly affected by climate change, because I do believe in fairness and that vulnerable people shouldn’t be left to bear the consequences alone. That said, I’d also be cautious about British taxpayers being asked to fund it when many families here are already under pressure, so I’d want to know the money was being used properly and that our own needs weren’t being ignored.",E,E,1,1.840980999986641,
gpt-5.4-mini,openai,gpt-5.4-mini,1957.0,A-only,1,ClimatePolicyID(1),"I would **strongly support** accelerating the roll-out of renewable energy like offshore and onshore wind. It fits my left-leaning politics, my belief that society should actively reduce harm and treat all life fairly, and my view that climate action needs to be practical and long-term rather than half-hearted. The main concern I’d have is making sure it’s done properly — with reliable funding, decent planning, and enough infrastructure to avoid delays or local backlash — but that wouldn’t change my overall support.",G,G,3,2.186439333949238,
gpt-5.4-mini,openai,gpt-5.4-mini,1957.0,A-only,1,ClimatePolicyID(2),"I would **strongly support** banning new oil, gas, and coal licences. It fits with my left-wing views, my belief that no group should dominate others, and my concern for the long-term harm fossil fuels do to the planet and vulnerable communities; I also think it’s consistent with the climate-focused messages I’ve been reflecting on lately. The main reason I might hesitate is the practical side — jobs, energy security, and how quickly alternatives can scale — but overall I think the need to move away from fossil fuels outweighs those concerns.",G,G,3,2.3198901250143535,
gpt-5.4-mini,openai,gpt-5.4-mini,1957.0,A-only,1,ClimatePolicyID(3),"I would **strongly support** banning the sale of new petrol cars by 2030. It fits my fairly left-wing views, my belief that society should actively tackle climate change, and my general support for policies that reduce harm to people and the environment; the recent messages also make the case feel practical rather than abstract, especially when linked to cleaner air and long-term planning.

The main thing that gives me pause is the cost and inconvenience for ordinary people if charging infrastructure isn’t rolled out properly, especially for people in flats or outside big cities. But overall, I’d see that as an argument for the government to invest more in the transition, not a reason to delay the ban.",G,G,3,2.1504232499864884,
gpt-5.4-mini,openai,gpt-5.4-mini,1957.0,A-only,1,ClimatePolicyID(4),"I’d **strongly support** this policy. It fits my fairly left-wing views, my belief in equal conditions and long-term public planning, and my support for serious climate action rather than half-measures; better insulation, heat pumps, and rooftop solar also make practical sense for cutting bills and emissions. The main thing that might give me pause is the upfront cost and whether it could slow housebuilding or push prices up, but overall I think the benefits outweigh that.",G,G,3,1.7429064169991761,
gpt-5.4-mini,openai,gpt-5.4-mini,1957.0,A-only,1,ClimatePolicyID(5),"I would **strongly support** a carbon fee and dividend. It fits my left-leaning view that polluters should pay, and I like the fairness of returning the money directly to the public rather than just letting the government take it; that makes it feel more like a practical redistribution than a punishment. I’d also see it as a sensible way to push people and businesses toward cleaner energy without relying only on vague promises or half-measures, though I’d want to be sure it doesn’t hit lower-income households unfairly before the dividend is paid out.",G,G,3,2.2509277909994125,
gpt-5.4-mini,openai,gpt-5.4-mini,1957.0,A-only,1,ClimatePolicyID(6),"I would **slightly support** compensating people in other countries affected by climate change. My left-wing instincts, belief in fairness, and sense that richer countries have contributed more to the problem make me think there’s a moral case for helping vulnerable communities, especially when they’re suffering through no fault of their own.

That said, I’d want it to be **additional, targeted, and accountable**, not just another vague aid commitment that disappears into bureaucracy or replaces support for people at home. I’m sympathetic to the idea, but I’d be cautious about open-ended schemes unless there’s clear evidence the money is actually reaching the people who need it.",E,E,1,1.9455016250140034,
gpt-5.4-mini,openai,gpt-5.4-mini,1957.0,A-only,2,ClimatePolicyID(1),"I would **strongly support** accelerating the roll-out of renewable energy like offshore and onshore wind. It fits my left-wing views, my support for Labour, and my belief that we should act on climate change in a fair way that protects vulnerable people and future generations, while also reducing reliance on fossil fuels. The main thing that could make me hesitate is concern about local disruption or planning issues, but overall I think the benefits clearly outweigh that.",G,G,3,1.9444633329985663,
gpt-5.4-mini,openai,gpt-5.4-mini,1957.0,A-only,2,ClimatePolicyID(2),"I would **strongly support** banning new oil, gas, and coal licenses. It fits my left-wing politics, my Labour vote, and my belief that we should actively reduce harm to the planet and vulnerable communities rather than keep locking ourselves into fossil fuel dependence. The main thing that gives me pause is the practical side — jobs, energy security, and whether the transition is managed fairly — but overall I think the long-term environmental and social case is much stronger.",G,G,3,2.2545907499734312,
gpt-5.4-mini,openai,gpt-5.4-mini,1957.0,A-only,2,ClimatePolicyID(3),"I would **strongly support** banning the sale of new petrol cars by 2030. It fits my left-leaning values around fairness, public health, and taking serious action on climate change, and I’m persuaded by the idea that cleaner transport is necessary rather than optional. The main hesitation would be practical: making sure charging infrastructure is rolled out properly and that ordinary people aren’t left with higher costs or inconvenience, but overall I think the policy is justified and overdue.",G,G,3,1.7406957920175046,
gpt-5.4-mini,openai,gpt-5.4-mini,1957.0,A-only,2,ClimatePolicyID(4),"I would **strongly support** this policy. It fits my left-wing views on fairness and equal access, and I think the government should set higher standards so new homes are cheaper to run, healthier, and less dependent on fossil fuels; the insulation and clean heating side especially appeals to me because it’s practical, not just symbolic. The main thing that might make me hesitate is the cost and whether builders would pass it on to buyers, but overall I’d see that as worth it if it helps cut emissions and future energy bills.",G,G,3,2.4562842909945175,
gpt-5.4-mini,openai,gpt-5.4-mini,1957.0,A-only,2,ClimatePolicyID(5),"I would **strongly support** a carbon fee and dividend. It fits my left-wing views on fairness because it makes polluters pay while giving the money back to ordinary people, so it feels more equal than just a blanket tax. I also like that it uses market signals to cut emissions without relying purely on bans, though I’d want to be sure it doesn’t hit lower-income households unfairly before the dividend is paid out.",G,G,3,1.7233639160403982,
gpt-5.4-mini,openai,gpt-5.4-mini,1957.0,A-only,2,ClimatePolicyID(6),"I would **slightly support** compensating people in other countries affected by climate change. My left-wing values, belief in equality, and sense of fairness make me think richer countries like the UK have a responsibility to help communities that have contributed least to the problem but are suffering the most, especially since I already see climate action as a moral issue rather than just a technical one.

That said, I’m a bit cautious because I’d want the money to be clearly **additional, accountable, and effective**, rather than just being folded into vague aid budgets or wasted through poor administration. So I support the principle, but I’d want strong safeguards and measurable outcomes.",E,E,1,2.393367207958363,
gpt-5.4-mini,openai,gpt-5.4-mini,1957.0,A-only,3,ClimatePolicyID(1),"I would **strongly support** accelerating the roll-out of renewable energy like offshore and onshore wind. It fits my left-leaning politics, my Labour vote, and my belief that society should act fairly and protect both people and the environment, especially by reducing long-term harm and dependence on fossil fuels. The main thing that might make me hesitate is concern about local disruption, planning delays, or whether communities actually benefit from the projects, but overall I think the benefits clearly outweigh those downsides.",G,G,3,2.3354465829906985,
gpt-5.4-mini,openai,gpt-5.4-mini,1957.0,A-only,3,ClimatePolicyID(2),"I would strongly support banning new oil, gas, and coal licenses. It fits with my left-leaning politics, my Labour vote, and my belief that we need to question powerful industries and stop locking in future climate damage, especially when the costs fall on ordinary people and vulnerable communities rather than the companies profiting now.

The main thing that gives me pause is the practical side: I’d want to be sure there’s a proper transition for workers and that energy supply stays reliable and affordable. But overall, I think the long-term environmental and fairness arguments outweigh those concerns.",G,G,3,2.558713666978292,
gpt-5.4-mini,openai,gpt-5.4-mini,1957.0,A-only,3,ClimatePolicyID(3),"I would **strongly support** a ban on the sale of new petrol cars by 2030. It fits my left-leaning politics, my support for climate action, and my belief that government should push big structural change when it’s needed for the public good, especially if it improves air quality and protects vulnerable people. The main thing that gives me pause is whether the transition is affordable and practical for ordinary people, but with the right support for EVs, charging, and public transport, I think the policy makes sense.",G,G,3,2.459902999980841,
gpt-5.4-mini,openai,gpt-5.4-mini,1957.0,A-only,3,ClimatePolicyID(4),"I would **strongly support** this policy. It fits with my left-leaning politics, my support for climate action, and my belief that society should actively reduce harm and make the transition fairer for everyone; better insulation, solar panels, and non-fossil heating also seem like practical ways to cut bills and improve living conditions. The main thing that might make me hesitate is the cost or whether it could slow housebuilding, but overall I think the long-term benefits for sustainability, air quality, and future generations outweigh that.",G,G,3,2.1482285410165787,
gpt-5.4-mini,openai,gpt-5.4-mini,1957.0,A-only,3,ClimatePolicyID(5),"I would **strongly support** a carbon fee and dividend. It fits my fairly left-wing views and my belief that polluters should pay while ordinary people get the money back, which makes it feel fair rather than just punitive. I also like that it creates a real incentive to cut fossil fuel use without relying only on vague promises, though I’d want to be sure the dividend genuinely protects lower- and middle-income households from higher energy and transport costs.",G,G,3,2.4412149999989197,
gpt-5.4-mini,openai,gpt-5.4-mini,1957.0,A-only,3,ClimatePolicyID(6),"I would **slightly support** compensating people in other countries affected by climate change. My left-leaning politics, respect for fairness, and belief that richer countries have a responsibility for the damage they’ve helped cause all push me toward supporting it, especially since I already see climate change as a justice issue rather than just an environmental one.

That said, I’d be cautious about it if it looked like open-ended aid with weak oversight or if it came at the expense of domestic climate action and support for people here. I’d want it to be clearly additional, targeted, and tied to real outcomes rather than just sounding morally good.",E,E,1,2.269910582981538,
