agent_id,day,policy_id,summary
165.0,1,climate_policy_package,"Today’s reflections highlight a mix of agreement and caution. I found the case for urgent climate action and inclusive policies like public charging infrastructure and insulation upgrades compelling, as they align with my values of fairness and sustainability. However, I remain wary of government overreach and the potential for policies like carbon taxes or oil bans to disrupt livelihoods or create unintended burdens. The debate around affordability and practicality made me rethink how climate policies can better balance environmental goals with the needs of everyday people, especially in my community. Overall, I’m more open to pragmatic, equitable solutions but still need to consider their real-world impact."
165.0,2,climate_policy_package,"Today’s reflections highlight a shift toward valuing affordability and economic stability in climate policy. I found the market-oriented approach—like removing the carbon tax and scrapping the petrol car ban—compelling, as it aligns with my belief in practical, family-friendly solutions. I pushed back on green housing mandates, concerned about affordability, but remain open to balancing sustainability with practicality. I’m cautiously supportive of banning new oil licenses, recognizing both environmental and economic stakes, and am still reflecting on how these policies affect my community fairly and sustainably."
165.0,3,climate_policy_package,"I found the proactive, investment-driven climate policy compelling, especially its focus on renewables, worker support, and affordable solutions like insulation and public transport. I’m drawn to the 2030 petrol car ban and domestic EV manufacturing, but remain cautious about the speed of transition and its impact on low-income families. The carbon tax idea is promising, but I’m still wary of its potential to increase costs. While I agree with scrapping green subsidies to lower bills, I’m concerned about how these policies might affect local jobs and housing affordability. Overall, the package feels more balanced, but I’m still reflecting on how to ensure fairness and practicality for my community."
165.0,4,climate_policy_package,"Today’s reflections challenged my assumptions about government intervention in energy policy, making me more open to balancing environmental goals with economic realities. I found the arguments against the Renewable Obligation and carbon tax compelling, as they align with my concerns about affordability and overreach. I was drawn to the focus on domestic energy resources and practical solutions like supporting petrol cars beyond 2030 and allowing consumer choice in green upgrades. However, I remain cautious about the long-term sustainability of some policies and their impact on local economies. Overall, the messages pushed me toward a more nuanced view of climate policy—one that prioritizes fairness, practicality, and community impact."
165.0,5,climate_policy_package,"Today’s reflections highlight a mix of support and caution. I found the emphasis on clean power, insulation, and targeted support for low-income households compelling, as they address fuel poverty and equity. The push for a petrol car ban and carbon tax also resonated, though I remain cautious about their practicality and cost implications. I pushed back slightly on the speed of the petrol ban and the economic impact of banning new fossil fuel licenses, especially in regions reliant on these industries. My thinking shifted toward valuing more flexible, community-focused approaches that balance environmental goals with economic realities."
582.0,1,climate_policy_package,"Today’s reflections made me appreciate the balance between environmental goals and practical realities, especially regarding gradual change and fair transitions. I found the caution around petrol car bans and green housing standards compelling, as they highlight the need for policies that support both sustainability and local communities. I pushed back slightly on the strong opposition to carbon taxes, questioning their equity and potential unintended consequences. Overall, the peer perspectives encouraged me to think more critically about policy inclusivity and balance."
582.0,2,climate_policy_package,"Today’s reflections highlighted peer messages that resonated with my own concerns about balancing environmental goals with practical realities. I found the emphasis on gradual, fair transitions compelling, especially regarding petrol car bans and green housing standards. I pushed back on strong opposition to carbon taxes, questioning their equity and potential unintended consequences. My thinking shifted toward considering policies' real-world impacts more deeply, reinforcing the need for inclusivity and balance."
582.0,3,climate_policy_package,"Today’s reflections made me appreciate the importance of balancing environmental action with practical realities. I found the emphasis on gradual, thoughtful change compelling, as it aligns with my cautious approach to policy. I pushed back on more radical measures like the 2030 petrol ban and strict green housing standards, concerned about their impact on middle-income families. I also questioned the fairness of carbon taxes and compensation schemes, wondering if they shift responsibility unfairly. My thinking shifted toward considering the inclusivity and equity of policies, recognizing the need for a more balanced approach."
582.0,4,climate_policy_package,"Today’s messages made me reflect on the balance between environmental action and practical realities. I found the emphasis on gradual, thoughtful change compelling, as it aligns with my cautious approach to policy. I pushed back on more radical measures like the 2030 petrol ban and strict green housing standards, concerned about their impact on middle-income families. I also questioned the fairness of carbon taxes and compensation policies, wondering if they shift responsibility unfairly. My thinking shifted toward considering the inclusivity and equity of policies, recognizing the need for a more balanced approach."
582.0,5,climate_policy_package,"Today’s messages made me reflect on how different perspectives shape climate policy. I found the emphasis on gradual change and supporting existing industries compelling, as it aligns with my cautious, balanced approach. I pushed back on more radical measures like the 2030 petrol ban, questioning their fairness. My thinking shifted slightly on the complexity of fairness in carbon taxes and international responsibility, especially as a parent and community member."
1379.0,1,climate_policy_package,"The reflections highlight a shift in my thinking toward a more comprehensive and urgent climate policy. I found the push for long-term planning, renewable energy expansion, and halting new oil/gas licenses compelling, especially given the current climate emergency. While I remain cautious about the 2030 petrol car ban, I support infrastructure development and a carbon tax with border adjustments as part of a broader strategy. I agree that climate compensation should be framed as a responsibility, not aid, and that the policy package is more coherent when viewed as a strategic, long-term plan rather than abrupt changes."
1379.0,2,climate_policy_package,"Today’s reflections challenged my previously cautious stance on climate policy. I found the push for community ownership in renewables and the 2030 petrol car ban compelling, as they align with fairness and sustainability. The carbon tax with a dividend and compensating impacted countries also gained more traction, though I remain cautious about their complexity. However, concerns about economic impacts on lower-income groups and the need for fair transitions made me rethink the urgency and structure of the policy, leading to a more balanced view of its long-term necessity."
1379.0,3,climate_policy_package,"Today’s reflections made me more convinced of the need for a bold, funded climate transition, especially through public investment in renewables and carbon tax revenue. I found the arguments for banning new fossil fuel licenses and using carbon funds for insulation and transport compelling, as they align with fairness and long-term planning. However, I remain cautious about the pace of the petrol car ban and housing mandates, concerned about economic fairness. I also now see the value in compensating other countries equitably, rather than dismissively. Overall, the policy feels more urgent and necessary, and I’m beginning to appreciate a more balanced, inclusive approach that considers both environmental and social factors."
1379.0,4,climate_policy_package,"Today’s reflections reinforced my belief in a structured, investment-driven approach to climate action, particularly the focus on clean power, insulation, and using carbon tax revenue for fairness. I’m more convinced than ever that a bold, funded transition is necessary, especially with support for workers and communities. However, I remain cautious about the pace of the petrol car ban and large-scale housing mandates, valuing cost-effectiveness and practicality. I’m more open to compensating other countries through tangible support rather than charity, and I now see the value in a balanced, long-term strategy that considers both environmental and social factors. My thinking has shifted toward appreciating a phased, inclusive approach that prioritizes fairness and economic stability."
1379.0,5,climate_policy_package,"Today’s reflections reinforced my belief in the necessity of substantial renewable energy investment, particularly wind parks, for both environmental and economic benefits. I’m more convinced that banning new fossil fuel licenses is urgent for credible climate action, though I still value a balanced approach that considers economic impacts. The 2030 petrol car ban now feels more plausible as part of a phased strategy, and free insulation/heat pumps for low-income households is compelling. While I remain cautious about a carbon tax with dividend, I’m more convinced that compensating poorer nations is a matter of fairness. Overall, I’ve shifted toward appreciating a more strategic, inclusive approach that balances environmental urgency with social and economic realities."
713.0,2,climate_policy_package,"Today’s messages made me reflect on how people balance tradition and progress, especially in environmental policy. I found the idea of compromise on fossil fuel bans and green housing standards compelling, as they align with my cautious support for renewable energy. The carbon tax raised concerns about local impacts, making me more cautious. The support for compensating other countries challenged my traditional views, prompting reflection on global equity. Overall, I feel more open to finding middle ground that respects both tradition and necessary change."
713.0,5,climate_policy_package,"Reading peer messages deepened my reflection on balancing tradition with environmental progress. I found the first message's support for renewable energy and green housing compelling, as it aligns with my cautious optimism, though I still share concerns about compensating other countries. The second message's emphasis on fairness and stability made me reconsider my openness to gradual change. My thinking shifted slightly toward appreciating compromise, especially in balancing environmental goals with respect for communities and traditions."
1878.0,1,climate_policy_package,"Today’s reflections made me consider how some peer messages align with my values, especially the emphasis on fairness, environmental respect, and renewable energy. I found the idea of a carbon tax with dividends compelling, as it reflects my belief in shared responsibility. However, I remain cautious about abrupt changes like the petrol car ban, as I value individual choice and economic stability. My thinking hasn’t shifted significantly, but I’m more open to the possibility that well-balanced policies could work."
1878.0,2,climate_policy_package,"Today’s reflections made me reconsider how these policies align with my values. I found the emphasis on fairness, environmental responsibility, and long-term thinking compelling, especially the carbon tax with dividends, which resonates with my belief in shared responsibility. I pushed back slightly on the abrupt petrol car ban, as I value individual choice and economic stability. However, the discussion on balancing environmental goals with practicality made me more open to the idea that thoughtful, inclusive implementation could make these policies work. My thinking shifted toward appreciating the need for both ambition and pragmatism in policy design."
1878.0,3,climate_policy_package,"Today’s reflections made me reconsider how the climate policy aligns with my values. I found the emphasis on fairness, environmental responsibility, and shared responsibility compelling, especially the carbon tax with dividends. I pushed back slightly on abrupt changes like the petrol car ban, as I value individual choice and economic stability. However, the discussion on balancing environmental goals with practicality made me more open to thoughtful, inclusive implementation. My thinking shifted toward appreciating the potential of these policies if designed with both equity and practicality in mind."
1878.0,5,climate_policy_package,"Reading peer messages deepened my reflection on aligning personal values with policy proposals. I found the emphasis on sustainability and systemic change compelling, as it aligns with my belief in environmental responsibility and fairness. However, I pushed back on the peer’s cautious stance on government intervention, as I value structured policy over individual choice in driving meaningful change. My thinking shifted slightly on green housing standards, recognizing their importance while remaining mindful of economic challenges. I agree with the balanced approach to carbon tax and dividends, but remain skeptical of policies that prioritize symbolism over tangible impact. Overall, the discussion reinforced the need for thoughtful, balanced policies that respect both environmental goals and individual autonomy."
844.0,1,climate_policy_package,"Today’s reflections made me reconsider the balance between environmental action and economic fairness. I found the first message compelling on renewable energy and carbon taxes, but its opposition to the 2030 petrol ban made me think about potential unintended consequences. The second message, though more centrist, highlighted economic concerns I hadn’t fully considered, especially for lower-income groups and small businesses. This shifted my thinking toward the need for inclusive policies that are both ambitious and equitable. I now recognize the importance of ensuring environmental policies don’t create new inequalities."
844.0,2,climate_policy_package,"Today’s reflections made me reconsider the balance between environmental urgency and economic fairness. I found the peer’s support for renewable energy compelling, but their opposition to banning new fossil fuel licenses made me think more about long-term environmental costs. Their neutrality on the petrol car ban also highlighted the practical challenges, especially for lower-income households. While I still support environmental action, I now recognize the need for more thoughtful policy implementation that considers economic stability and social equity. My thinking shifted toward a more nuanced understanding of how policies impact different groups."
844.0,3,climate_policy_package,"Today’s reflections made me reconsider the balance between environmental urgency and economic fairness. I found the first message compelling in highlighting the long-term costs of fossil fuels and the challenges of transitioning to electric vehicles, which made me more aware of the need for equitable policy implementation. The second message, emphasizing economic stability and national security, challenged my focus on environmental goals alone, prompting me to think that a gradual, balanced approach might be more sustainable. My thinking shifted toward valuing both environmental action and social equity in policy design."
844.0,5,climate_policy_package,"Reading peer messages deepened my reflection on balancing environmental action with economic practicality. I found the strong support for renewable energy compelling, but the opposition to banning new fossil fuel licenses made me reconsider the long-term environmental costs. The neutrality on petrol car bans highlighted real-world challenges, making me more cautious about policy implementation. I agree with the support for carbon taxes and green housing, but the neutral stance on compensating other countries made me reflect on developed nations' broader responsibilities. Overall, these perspectives shifted my thinking toward more inclusive and ambitious policy approaches."
409.0,1,climate_policy_package,"The message on renewable energy and long-term planning resonated with my values, especially the link to economic and social stability. I strongly support banning new fossil fuel licenses and investing in EV infrastructure, though I remain cautious about rural access. Upgrading homes for energy efficiency and using a carbon tax for equity struck a chord, and I’m open to a well-designed fee-and-dividend system. I agree that climate compensation should be separate from aid to ensure fairness. Reading these reflections made me rethink how different perspectives shape policy, and I’m more open to balancing environmental action with practical, equitable implementation."
409.0,2,climate_policy_package,"Today’s reflections reinforced my support for policies that prioritize fairness and community benefit in renewable projects, especially the ban on new fossil fuel licenses, which I see as essential to avoid long-term infrastructure lock-in. I found the 2035 petrol and diesel ban reasonable, though I remain cautious about the timeline, and the heat pump mandate in new builds is convincing. The carbon tax with dividend idea aligns with my thinking, though I’m still concerned about its impact on low-income households. I agree that climate compensation for poorer nations is necessary, but I remain mindful of funding and framing to avoid conflicting with other aid. Overall, the policy package feels well-structured and socially just."
409.0,3,climate_policy_package,"Today’s reflections reinforced my support for a just transition, particularly the emphasis on public investment, green jobs, and retraining. I found the argument for renewable energy as both environmental and economic compelling, and the 2030 petrol ban with a 2027 cut-off reasonable. The carbon tax with dividend idea resonates, though I remain cautious about its impact on low-income households. I agree with climate compensation for poorer nations but want to ensure it doesn’t divert from essential aid. My thinking shifted slightly toward the need for more inclusive implementation of green policies, especially in housing and transport, to ensure fairness and avoid unintended harm."
409.0,4,climate_policy_package,"I found the focus on tackling fuel poverty through clean power and insulation compelling, as it ties climate action to social justice. I agree that targeting scrappage support to low-income households and phasing out fossil fuel licenses sends a strong climate signal. The street-scale retrofitting idea is promising but needs more practical consideration. The carbon tax with dividend concept is persuasive, though I remain cautious about its impact on low-income groups. Reading these reflections has reinforced my belief in a just transition, ensuring climate policies are both environmentally and socially equitable."
409.0,5,climate_policy_package,"Today’s reflections reinforced my support for creating green jobs and investing in renewables, with the 2030 petrol ban seen as necessary but requiring careful phasing. I found the free insulation and carbon tax with dividend model compelling, though I remain cautious about equity impacts. The peer’s emphasis on a just transition and historical responsibility deepened my appreciation for linking climate action to social justice. While I still grapple with structuring a fair carbon tax, the overall package has strengthened my belief in integrating climate policy with economic and social fairness."
1957.0,1,climate_policy_package,"Today’s reflections made me reconsider the balance between environmental urgency and practicality. I found the emphasis on gradual transitions and local impacts compelling, as it aligns with my cautious approach to policy. The strong support for renewable energy and climate justice reinforced my belief in systemic change. However, I pushed back slightly on the immediacy of some proposals like petrol car bans, as I think they need more nuanced framing to avoid unintended hardship. My thinking shifted slightly toward finding more inclusive ways to implement bold policies."
1957.0,2,climate_policy_package,"Today’s messages made me reflect on how different perspectives shape policy goals. I found the emphasis on careful implementation and local impact compelling, as it aligns with my cautious approach to balancing environmental urgency with practicality. I also appreciated the strong support for renewable energy and climate justice, which reinforces my belief in systemic change. However, I pushed back slightly on the urgency of petrol car bans and carbon taxes, as I remain focused on fairness and avoiding unintended hardship. My thinking hasn’t shifted much, but I’m more aware of the need to frame policies thoughtfully to ensure broad acceptance."
1957.0,3,climate_policy_package,"Today’s messages made me reflect on how different perspectives can shape policy goals. I found the emphasis on careful implementation and local impact compelling, as it aligns with my cautious approach to balancing environmental urgency with practicality. I also appreciated the strong support for renewable energy and climate justice, which reinforces my belief in systemic change. However, I pushed back slightly on the urgency of petrol car bans and carbon taxes, as I remain focused on fairness and avoiding unintended hardship. My thinking hasn’t shifted much, but I’m more aware of the need to frame policies in a way that feels achievable and equitable."
1957.0,4,climate_policy_package,"Today’s messages made me reflect on how different perspectives can shape policy goals. I found the emphasis on careful implementation and local impact compelling, as it aligns with my cautious approach to balancing environmental urgency with practicality. I also appreciated the strong support for renewable energy and climate justice, which reinforces my belief in systemic change. However, I pushed back slightly on the urgency of some proposals, like petrol car bans, and considered how to frame policies more fairly. My thinking shifted slightly toward emphasizing achievable, gradual steps that still drive meaningful progress."
1957.0,5,climate_policy_package,"Today’s messages made me reflect on how different perspectives can shape policy goals. I found the emphasis on careful implementation and local impact compelling, as it aligns with my cautious approach to balancing environmental urgency with practicality. I also appreciated the strong support for renewable energy and climate justice, which reinforces my belief in systemic change. However, I pushed back slightly on the urgency of some proposals, like petrol car bans, and considered how to frame policies more fairly. My thinking shifted slightly toward finding a middle ground that respects both environmental goals and practical feasibility."
91.0,1,climate_policy_package,"Today’s reflections highlight the value of diverse perspectives. I found the first message compelling for its balanced, pragmatic approach to policy, especially its focus on fairness and careful implementation. The second message resonated with my values around environmental and social justice, though I acknowledged valid concerns about economic impacts. My thinking shifted toward finding a middle ground that balances environmental responsibility with economic and social considerations."
91.0,2,climate_policy_package,"Today's reflections highlight that I found the first message more compelling for its balanced and pragmatic approach, aligning with my cautious stance on change. The second message, though more progressive, resonated with my values around environmental and social justice, prompting me to consider how policies can balance tradition and progress. I pushed back slightly on the second message's potential economic concerns, but I now see value in finding a middle ground that addresses both environmental responsibility and economic fairness. My thinking has shifted toward appreciating the need for inclusive, fair policy implementation that respects diverse communities."
91.0,3,climate_policy_package,"Today’s reflections highlight that the first message resonated with my cautious, pragmatic approach, emphasizing fairness and careful implementation of policies like the carbon tax. The second message, though more progressive and aligned with my values on environmental and social justice, made me reconsider how to balance these ideals with economic realities. I now see potential for a middle ground that respects both tradition and progress, ensuring fairness across all communities. My thinking has shifted toward seeking a more balanced policy approach that integrates environmental responsibility with economic and social considerations."
91.0,4,climate_policy_package,"Today’s messages made me reflect on the balance between environmental action and economic fairness. I found the first message compelling for its balanced, pragmatic approach, which aligns with my cautious mindset. The second message, though more progressive, reinforced my belief in equal opportunity and supporting affected communities. Both perspectives pushed me to consider a middle ground that respects tradition and environmental needs. My thinking shifted slightly toward embracing policies that address climate change while ensuring no one is left behind."
91.0,5,climate_policy_package,"Today’s messages made me reflect on the balance between bold action and careful implementation. I found the first message’s cautious, pragmatic approach compelling, as it aligns with my values of fairness and stability. The second and third messages challenged me to consider more aggressive environmental action, pushing me to rethink my stance on fossil fuels. The fourth message made me question if I’m being too moderate, encouraging me to embrace more decisive policies. My thinking shifted slightly—I now see that progressive change, when aligned with fairness and sustainability, can coexist with stability."
69.0,1,climate_policy_package,"The peer messages resonated with my own views on balancing environmental progress with local concerns and economic realities. I found their cautious support for renewables and green housing standards compelling, while their hesitation about the 2030 petrol ban and carbon tax aligned with my own reservations. I pushed back slightly on the idea of a carbon tax without more thought, but overall, their perspective encouraged me to think more holistically about the policy, weighing both ambition and practicality. My stance on compensating poorer nations for climate impacts remained firm, as I believe in fairness and global responsibility."
69.0,2,climate_policy_package,"Today’s reflections made me realize how different perspectives can shape the same policy goals. I found the emphasis on careful planning and community impact in renewable energy compelling, as it aligns with my cautious support. I pushed back slightly on the 2030 petrol car ban, sharing reservations about its pace and potential challenges. My thinking shifted toward viewing the policy as a holistic package, balancing environmental goals with practical and equitable implementation. The peer’s support for compensating poorer countries resonated with me, reinforcing my belief in global responsibility. Overall, I’m more open to considering the policy’s broader implications."
69.0,3,climate_policy_package,"Today's reflections reinforced my cautious support for renewable energy and environmental goals, aligning with peers who emphasize careful planning and community impact. I resonate with the neutral stance on fossil fuel licenses and the hesitation around the 2030 petrol ban, as I value economic and security concerns. While I support green housing standards and carbon tax dividends, I need more thought on their feasibility. The peer’s support for compensating poorer countries aligns with my belief in global fairness. Overall, these perspectives encouraged me to view the policy more holistically, balancing ambition with practicality."
69.0,4,climate_policy_package,"Today’s reflections made me appreciate how different priorities shape environmental goals. I found the emphasis on careful implementation and balancing economic and environmental interests compelling, as it aligns with my cautious approach. I pushed back slightly on the strong opposition to the 2030 petrol ban, recognizing its potential challenges. My thinking shifted toward considering policies more holistically, weighing fairness and economic stability alongside environmental impact."
69.0,5,climate_policy_package,"Today’s reflections made me appreciate how different priorities shape environmental goals. I found the emphasis on careful implementation and balancing economic and environmental interests compelling, as it aligns with my cautious approach. The strong opposition to the 2030 petrol ban made me reconsider its practicality and potential challenges. I also pushed back slightly on the cautious stance toward a carbon tax and the opposition to compensating other countries, as I now see the importance of fairness and economic stability in policy design. My thinking shifted toward a more holistic view of how these policies interact and affect various societal groups."
166.0,1,climate_policy_package,"Today’s reflections highlighted messages on long-term renewable energy planning and stopping new fossil fuel licenses that resonated with me as practical and necessary. I support phasing out petrol cars by 2030 as part of a broader strategy, though the logistics feel abstract. Upgrading housing for energy efficiency felt deeply relatable and important. While I found the carbon tax and border adjustments idea interesting, I remain skeptical about government intervention without clear transparency. I agree that compensating poorer nations for climate impacts is fair, but I want more clarity on how the policy pieces fit together. My thinking hasn’t shifted much, but I’m more open to refining my understanding of the logistics and implementation."
166.0,2,climate_policy_package,"Today’s reflections highlighted messages on long-term renewable energy planning and stopping new fossil fuel extraction that resonated with me. I support banning petrol cars by 2030 as part of a broader strategy, though the logistics feel unclear. Upgrading housing for energy efficiency felt personally relevant and important. While I find the carbon tax and border adjustments idea interesting, I remain skeptical about government intervention without clear transparency. I agree that compensating poorer nations for climate impacts is fair, but I want to ensure it doesn’t divert from other development funds. Overall, my thinking hasn’t shifted much, but I’m still processing how these policies fit together."
166.0,3,climate_policy_package,"Today’s messages resonated with me on several levels. I found the emphasis on long-term renewable energy planning and banning new fossil fuel licenses compelling, as they align with my values and address both environmental and social equity. The push for energy-efficient housing also felt personal and urgent. However, I remain skeptical about the carbon tax and dividend model, wanting more transparency on its implementation. While I support the broader goal of phasing out petrol cars by 2030, I’m still processing the logistics. Overall, the policy feels comprehensive, but I’d like more clarity on how each component will be funded and executed."
166.0,4,climate_policy_package,"Today, I found the focus on tackling fuel poverty and ensuring climate action benefits all, especially through clean power and insulation, very compelling. I also support banning new fossil fuel licenses as a necessary step for credibility and stopping public funding for outdated industries. The scrappage support for low-income and polluted areas aligns with my values of fairness and efficiency. While I appreciate the carbon tax and dividend idea, I remain cautious about transparency and distribution. I strongly agree with honouring climate finance commitments to poorer nations. Overall, the message feels balanced and fair, though I need more clarity on implementation details."
166.0,5,climate_policy_package,"The message resonated with me on fairness and inclusivity, especially regarding renewable energy investment and job creation in underserved communities. I supported banning new fossil fuel licenses and scrappage support for low-income and polluted areas, seeing them as necessary and equitable. While I found the carbon tax and dividend idea promising, I remain cautious about transparency and distribution logistics. I strongly agree with honoring climate finance commitments to poorer nations. Overall, the policy direction feels balanced and fair, though I need more clarity on certain details."
103.0,1,climate_policy_package,"Today’s reflections made me reconsider the balance between environmental action and practicality. I found the first message compelling, as it highlighted the importance of preserving local communities and traditions while pursuing sustainability. The second message, though more moderate, reinforced the need for gradual, context-sensitive policies. I now question whether aggressive measures like the 2030 petrol ban or strict green housing rules might be too abrupt, and I’m more mindful of avoiding policies that could create new inequalities or overextend government control. My thinking has shifted toward advocating for more inclusive, measured approaches to environmental policy."
103.0,2,climate_policy_package,"Today’s reflections made me reconsider the balance between ambition and practicality in climate policy. I found the peer’s emphasis on respecting communities and traditions compelling, as it made me question the potential unintended consequences of rapid changes like the 2030 petrol ban. I also appreciated the progressive stance on renewables and carbon fees, but I now lean toward gradual, context-sensitive approaches. My thinking shifted toward recognizing the importance of social and economic realities in shaping fair and effective policies."
103.0,3,climate_policy_package,"Today’s reflections made me reconsider the balance between environmental urgency and social responsibility. I found the peer’s emphasis on respecting communities and traditions compelling, as it made me question the feasibility of aggressive policies like the 2030 petrol ban. I also appreciated the progressive stance on renewables and carbon fees, but I now lean toward a more gradual, context-sensitive approach. My thinking shifted toward recognizing the need for policies that are both environmentally responsible and socially equitable."
103.0,4,climate_policy_package,"Today’s reflections made me reconsider the balance between environmental action and social responsibility. I found the peer’s emphasis on respecting communities and traditions compelling, as it made me question the feasibility of aggressive policies like the 2030 petrol ban. I also appreciated the progressive stance on renewables and carbon fees, but I now lean toward a more gradual, context-sensitive approach. My thinking shifted toward recognizing the need for policies that are both environmentally responsible and socially equitable."
103.0,5,climate_policy_package,"Today’s reflections made me reconsider the balance between environmental action and social responsibility. I found the peer’s emphasis on respecting communities and traditions compelling, as it made me question the feasibility of rapid policies like the 2030 petrol ban. I also appreciated the progressive stance on renewables and carbon fees, but I now lean toward a more gradual, context-sensitive approach. My thinking shifted toward recognizing the need for policies that are both environmentally sound and socially equitable."
1262.0,1,climate_policy_package,"Today’s reflections highlight messages that align with my values, especially the emphasis on gradual, equitable climate policies. I found the focus on supporting workers and communities during the transition from fossil fuels compelling, as well as the idea of energy-efficient housing. I remain cautious about a carbon tax and dividend due to concerns about its impact on lower-income households. My thinking shifted slightly on compensating poorer countries, as the peer’s balanced view made me consider more inclusive policy design. Overall, I reaffirmed the need for environmentally responsible and socially inclusive policies."
1262.0,2,climate_policy_package,"Today’s reflections made me reconsider how climate policies can balance practicality and fairness. I found the first message compelling, as it aligns with my cautious approach to renewable energy and concern for lower-income groups. The second message, though skeptical, resonated with my own worries about policies like the 2030 petrol ban and carbon tax. Both pushed me to think more about inclusive, gradual policy design. My thinking shifted toward the importance of clear safeguards and support systems to ensure environmental goals don’t harm economic stability or fairness."
1262.0,3,climate_policy_package,"Today’s messages made me reconsider how climate policies can balance practicality and fairness. I found the first message compelling, as it aligns with my cautious support for renewables and concern for lower-income groups. The second message, though more skeptical, echoed my own worries about policies like the 2030 petrol ban and carbon tax. Both pushed me to think more about inclusive, gradual approaches with safeguards. My thinking shifted toward emphasizing the need for support structures to ensure environmental goals don’t harm economic stability or fairness."
1262.0,4,climate_policy_package,"Today’s reflections made me more aware of the balance between climate action and fairness. I found the first message compelling as it aligns with my cautious approach to renewable energy and concern for lower-income groups. The second message, though skeptical, resonated with my own worries about policies like the 2030 petrol ban and carbon tax. Both pushed me to think more about inclusive, gradual policy design. My thinking shifted slightly toward emphasizing the need for clear safeguards and support structures to ensure environmental goals don’t harm economic stability or fairness."
1262.0,5,climate_policy_package,"Today’s messages made me reflect on balancing climate policies with fairness and practicality. I found the first message compelling—it aligns with my cautious approach to renewables and concern for lower-income groups. The second message, though skeptical, echoed my own worries about policies like the 2030 petrol ban and carbon tax. Both pushed me to consider more inclusive, gradual approaches with safeguards. My thinking shifted toward prioritizing fairness and economic stability alongside environmental goals."
377.0,1,climate_policy_package,"Today’s reflections reinforced my belief in long-term, sustainable climate policy, especially the focus on renewable energy and fairness. I found the arguments for banning new oil and gas licenses and upgrading housing compelling, as they align with my values of responsibility and equal opportunity. I remain cautious about the 2030 petrol car ban and carbon tax due to economic concerns, though I support the idea of a carbon tax with revenue distribution. The emphasis on loss and damage finance as additional aid, not a cut, resonated with me. Overall, my thinking shifted slightly toward embracing gradual, fair, and pragmatic climate measures."
377.0,2,climate_policy_package,"Today, I found the comprehensive, integrated climate policy approach compelling, especially its focus on fairness, community ownership, and banning new oil and gas licenses. I was persuaded by the 2035 petrol and diesel phase-out, seeing it as a practical and achievable goal, and the case for heat pumps and a carbon tax with public distribution. However, I remain cautious about international climate compensation, wanting to ensure transparency and avoid shifting aid priorities. My thinking shifted slightly toward supporting a more balanced and realistic policy framework."
377.0,3,climate_policy_package,"Today, I found the message advocating for a comprehensive climate policy compelling, especially its focus on public investment in renewables, a carbon tax with public distribution, and banning new fossil fuel licenses—aligning with my values of fairness and long-term planning. I’m now more convinced about the 2030 petrol car ban, seeing it as an economic opportunity, and support energy efficiency in housing. However, I remain cautious about international climate compensation, wanting it to be transparent. Peer messages reinforced my preference for balanced, gradual change, echoing my concerns about abrupt transitions and economic impacts, making the policy feel more realistic and aligned with my values."
377.0,4,climate_policy_package,"Today’s reflections reinforced my support for tackling fuel poverty through clean energy and insulation, and I found the push to ban new fossil fuel licenses compelling as it aligns with climate credibility and long-term growth. While I still have reservations about the 2030 petrol car ban, the focus on scrappage support for low-income households eased some concerns. I was persuaded by the street-scale retrofitting and carbon tax ideas, which balance environmental and economic goals. I remain neutral on compensating affected countries but agree on the importance of climate finance. Overall, the policy package feels more balanced and realistic, and I’m more open to a structured, fair transition."
377.0,5,climate_policy_package,"Today’s reflections reinforced my support for the climate policy package, particularly the focus on green jobs, renewable energy, and fair transitions. I found the argument for banning new fossil fuel licenses compelling and am more convinced of its necessity. While I still have reservations about the 2030 petrol car ban, the targeted support for low-income households and free insulation/heat pumps made me more open. The carbon tax with public distribution feels balanced, though I remain cautious about international climate compensation. Overall, the package now feels more realistic and inclusive, and I’m more willing to reconsider my earlier doubts."
574.0,1,climate_policy_package,"Today's reflections revealed that I found the first and third messages most compelling, as they balanced environmental responsibility with practicality and moderation. The second message made me reconsider the economic impacts of policy, while the fourth pushed me to think more seriously about the urgency of climate action. My thinking shifted slightly, making me more open to re-evaluating my stance in favor of more comprehensive and inclusive approaches."
574.0,2,climate_policy_package,"Today’s messages made me reflect on the balance between environmental action and practicality. The first two pushed for urgent action, which resonated with my growing concern about the climate crisis. The third and fourth aligned with my cautious, balanced approach. The fifth made me reconsider my openness to bold policies. Overall, I’m leaning toward a middle ground that values fairness, practicality, and long-term sustainability."
574.0,3,climate_policy_package,"Today's messages made me reflect on my alignment with others' views on climate policy. I found the first peer's balanced approach to renewable energy and carbon tax resonating with my own values. The second peer's urgent stance on fossil fuel bans challenged me to reconsider my openness to more aggressive action. My thinking shifted slightly, as I now see value in a middle ground that combines fairness, practicality, and long-term sustainability."
574.0,4,climate_policy_package,"Today’s messages made me reflect on my stance on the policy. I found the first peer’s balanced approach and the third peer’s emphasis on personal choice and fairness compelling, as they align with my own views. The second peer’s urgent stance challenged me to reconsider my openness to more aggressive action. The fourth peer’s cautious neutrality made me think I might be more willing to compromise. Overall, I’ve shifted toward seeing a middle ground that balances fairness, practicality, and sustainability."
574.0,5,climate_policy_package,"Today’s reflections revealed that I found the balanced and cautious approach of the first peer compelling, as it aligned with my own views. The second peer’s urgent stance made me reconsider my openness to aggressive action. The third peer’s focus on personal choice and gradual change resonated with my concerns about fairness. The fourth peer’s cautious neutrality prompted me to think I might be more open to compromise. Overall, my thinking shifted toward valuing a middle ground that balances fairness, practicality, and sustainability."
556.0,1,climate_policy_package,"Today’s reflections reinforced my belief in the importance of long-term, comprehensive climate action, particularly in expanding renewables and phasing out fossil fuels. I strongly support the push for consistent funding and the ban on new oil and gas licenses, as they align with my values of fairness and sustainability. The emphasis on public charging infrastructure and addressing energy poverty in cold homes was compelling and practical. I found the idea of border adjustments with the carbon tax appealing as a way to ensure fairness, though I remain cautious about how loss and damage finance is framed and implemented. Overall, the policy package feels well-rounded, though I’d like clearer definitions to prevent misuse. The peer messages deepened my appreciation for balancing environmental goals with social equity, especially for vulnerable communities."
556.0,2,climate_policy_package,"Today’s reflections reinforced my support for policies promoting fairness, long-term planning, and community involvement in renewable energy projects. I found the 2035 petrol and diesel ban and the push for heat pumps in new builds compelling, especially after seeing their success in northern Europe. The carbon tax with public distribution aligns with my views on equity, though I remain cautious about safeguards for lower-income households. I agree that honest accounting of historical emissions is crucial, but I want clearer implementation details. While the policy package feels pragmatic, I still believe the loss and damage finance aspect needs more transparency to avoid political misuse. Overall, the messages deepened my appreciation for balancing urgency with fairness in climate action."
556.0,3,climate_policy_package,"Today’s reflections reinforced my belief in the urgency of transitioning to renewables and the importance of a just transition, especially through public investment and green jobs. I was persuaded by the emphasis on energy efficiency as the cheapest energy source and the use of carbon tax revenue for insulation and transport. However, I remain cautious about the loss and damage finance part, wanting more clarity on its implementation. The peer messages made me think more about balancing urgency with fairness, and while I support the ban on new fossil fuels, I want to ensure policies like the carbon tax and petrol ban are socially just. Overall, the discussions strengthened my commitment to inclusive, practical climate action."
556.0,4,climate_policy_package,"Today’s reflections highlighted messages on linking fuel poverty with climate action, which resonated strongly, especially the focus on clean power and insulation for low-income households. I agree with retrofitting at a street scale and phasing out fossil fuel licenses, as they align with my belief in both justice and effectiveness. The carbon tax as a tool to end fossil fuel subsidies makes sense, though I remain cautious about the loss and damage finance part. My thinking shifted slightly toward the need for clearer implementation details to ensure fairness. The peer messages reinforced the balance between ambition and practicality, making me more aware of the importance of social justice in policy rollout."
556.0,5,climate_policy_package,"Today’s reflections reinforced my belief in linking climate action with economic opportunity, especially the push for green jobs and banning new fossil fuel licenses. I found the support for low-income insulation and heat pumps compelling, as it addresses both energy poverty and emissions. The carbon tax with a dividend also resonated, though I remain cautious about revenue management. While I agree with the need for global climate compensation, I want to ensure it’s equitable and not just a political gesture. Overall, the policy package feels pragmatic and fair, with some areas needing more clarity on implementation."
752.0,2,climate_policy_package,"Today’s reflections made me appreciate the balance between environmental goals and practical realities. I found the support for renewable energy and green housing standards compelling, as they align with my belief in sustainable progress. I agree with the neutral stance on oil, gas, and coal licenses, as well as the cautious approach to a petrol car ban and carbon tax. I pushed back slightly on compensating poorer countries, preferring a focus on emission reduction. Overall, the policy package resonated with my view of a thoughtful, balanced approach."
1001.0,1,climate_policy_package,"Today's reflections reinforced my belief in a measured, pragmatic approach to climate policy. I found the emphasis on renewable energy, affordable housing solutions, and energy independence compelling, as they align with my cautious view of rapid change. I appreciated the balanced take on the carbon tax and dividend, though I remain skeptical of new taxes. My thinking stayed consistent on the need for developed nations to take primary responsibility for climate impacts, though I remain open to global cooperation. The peer messages supported my view that climate policy must balance environmental goals with economic realities."
1001.0,2,climate_policy_package,"Today’s reflections reinforced my belief in a pragmatic, balanced approach to climate policy. I found the emphasis on practical, affordable solutions and cautious change compelling, especially regarding renewable energy and electric vehicle transition. I agree with the cautious stance on a 2030 petrol ban and support fair, measured green housing and carbon tax policies. While I appreciate the idea of compensating other nations for climate impacts, I remain cautious about implementation. My thinking hasn’t shifted significantly, but the messages strengthened my view that environmental goals must align with economic and personal realities."
1001.0,4,climate_policy_package,"Today’s reflections reinforced my belief in a balanced, pragmatic approach to climate policy, particularly the value of incentives over strict mandates and the appeal of a carbon tax with dividends. I found the emphasis on long-term benefits and gradual change compelling, as well as the recognition of economic and social impacts. However, I remain skeptical about the fairness and practicality of global compensation mechanisms and green housing standards. My thinking hasn’t shifted significantly, but I’m more convinced that inclusive and fair solutions are essential."
1001.0,5,climate_policy_package,"Today’s reflections reinforced my belief in a balanced, pragmatic approach to climate policy, particularly the value of incentives over strict bans and the potential of a carbon tax with dividends. I found the emphasis on long-term benefits and gradual transitions compelling, as well as the recognition of economic and social impacts. However, I remain skeptical about the fairness and practicality of global compensation mechanisms and the costs of green housing standards. My thinking hasn’t shifted significantly, but I’m more open to exploring inclusive and fair solutions."
440.0,1,climate_policy_package,"Today’s reflections highlighted several compelling messages. I strongly support policies that prioritize long-term renewable energy investment, banning new fossil fuel licenses, and upgrading housing for social justice. I agree with the need for public EV charging infrastructure and the 2030 petrol car ban, but remain cautious about the carbon tax with a dividend due to concerns about fairness for lower-income households. I’m also supportive of loss and damage finance but want to ensure it doesn’t divert from other critical development efforts. Overall, I’m more convinced of the importance of equity and urgency in climate policy, and I’m still thinking through how to balance carbon pricing with fairness."
440.0,2,climate_policy_package,"Today’s reflections reinforced my belief in fairness and community benefit in renewable energy transitions, and I agree with the push to ban new fossil fuel licenses and phase out petrol and diesel by 2035. I’m convinced about standardizing heat pumps in new builds but remain cautious about the carbon tax and dividend model, fearing its impact on lower-income households. The emphasis on historical emissions and global solidarity resonates, though I’m still refining how to balance compensation with development support. The peer messages deepened my awareness of the need for careful, equitable implementation, especially in avoiding economic shocks and ensuring climate policies uplift, not burden, vulnerable communities."
440.0,3,climate_policy_package,"Today’s reflections reinforced my support for public investment in renewable energy and green jobs, especially in communities affected by fossil fuels. I agree with banning new fossil fuel licenses and investing in EV infrastructure, as they promote both environmental and economic benefits. The idea of using carbon tax revenue for energy efficiency is compelling, though I remain cautious about the tax’s impact on vulnerable households. I’m still considering how to fairly compensate poorer nations without undermining development efforts. Overall, the messages deepened my awareness of balancing urgency with equity, making me more thoughtful about designing just and effective climate policies."
440.0,4,climate_policy_package,"Today’s reflections reinforced my support for policies that address fuel poverty and ensure climate action is both environmentally and socially just. I found the emphasis on clean power, insulation, and banning new fossil fuel licenses compelling, as they align with my values of fairness and equity. The idea of retrofitting at a street scale and using carbon tax revenue to support low-income households also resonated, though I remain cautious about the carbon tax’s impact without proper safeguards. I pushed back slightly on compensating poorer countries, but appreciated the focus on honoring climate commitments. Overall, the messages deepened my thinking on how to structure policies that are both effective and inclusive."
440.0,5,climate_policy_package,"Today’s reflections reinforced my commitment to climate policies that prioritize fairness and social justice. I found the emphasis on addressing fuel poverty and ensuring climate action benefits all, not just the wealthy, compelling, and I agree that retrofitting at a community level is a smarter, more equitable approach. The carbon tax, once a concern for me, now feels more viable if revenue is redistributed to support vulnerable groups. I still have reservations about compensating poorer countries, but I support honoring global climate commitments. These messages deepened my thinking on balancing environmental goals with economic and social equity, reinforcing the need for policies that are both effective and just."
1250.0,1,climate_policy_package,"Today’s messages made me reflect on how different perspectives shape climate policy views. The first message’s strong support for aggressive action resonated with my values of fairness and sustainability. The second message’s cautious, pragmatic approach aligned with my concerns about economic stability. I now see the tension between rapid change and balanced implementation, and I’m reconsidering how to reconcile environmental responsibility with economic and social realities. My thinking shifted slightly toward appreciating the need for a balanced approach that considers both environmental and economic factors."
1250.0,2,climate_policy_package,"Today's messages made me reflect on differing perspectives in climate policy. The first message resonated with my values of fairness and sustainability, while the second aligned with my concerns about economic stability. I now see the tension between urgent action and measured approaches. The third message reinforced the possibility of a balanced, just policy that addresses both urgency and prudence, shifting my thinking toward framing climate action as both necessary and practical."
1250.0,3,climate_policy_package,"Today’s messages made me reflect on differing perspectives in climate policy. The first message, advocating for aggressive action, resonated with my values of fairness and sustainability. The second, with its cautious approach, aligned with my concerns about economic stability. The third reinforced the need for a comprehensive, fair policy that balances urgency and prudence. I now see the tension between rapid change and measured action, and I’m considering how to better reconcile environmental responsibility with economic and social realities."
1250.0,4,climate_policy_package,"Today’s messages made me reflect on how different perspectives shape climate policy views. The first message’s call for aggressive action resonated with my values, while the second’s cautious approach aligned with my concerns about economic stability. The third message reinforced the need for a fair and comprehensive policy, prompting me to consider balancing urgency with prudence. I now see the tension between rapid change and measured action, and how to reconcile environmental responsibility with economic realities. My thinking shifted toward seeking a more balanced, pragmatic approach that addresses both urgency and feasibility."
1250.0,5,climate_policy_package,"Today’s messages made me reflect on how different people balance environmental goals with economic realities. I found the first message compelling for its emphasis on gradual, doable changes, which aligns with my cautious approach to climate policy. The second message resonated with my concerns about job security and practicality, especially regarding petrol car bans and oil licenses. Both perspectives deepened my awareness of the tension between urgency and prudence, and made me rethink how to frame policies as fair, manageable, and inclusive. My thinking shifted toward valuing gradual, inclusive approaches that respect economic stability while advancing environmental goals."
355.0,1,climate_policy_package,"Today’s reflections reinforced my support for a comprehensive, long-term climate strategy, particularly the push for renewable energy, halting new fossil fuel licenses, and banning petrol cars by 2030, paired with public charging infrastructure. I found the emphasis on social equity, like addressing cold homes and carbon tax dividends, compelling. However, I remain cautious about the complexities of international cooperation and the potential economic impacts of rapid transitions. My thinking shifted slightly toward the importance of thoughtful, inclusive implementation to avoid unintended harm."
355.0,2,climate_policy_package,"Today’s reflections reinforced my support for banning new fossil fuel licenses and accelerating renewable energy, as these align with my commitment to fairness and long-term sustainability. I found the 2035 petrol and diesel ban compelling, especially with the 2027 sales cut-off, and was encouraged by the feasibility of heat pumps in cold climates. The carbon tax with a dividend resonates with my values but makes me think more about its equity implications. While I agree with the emphasis on historical emissions and accountability, I remain cautious about international coordination complexities. Overall, the messages strengthened my belief in a balanced, inclusive, and urgent climate policy approach."
355.0,3,climate_policy_package,"Today’s messages reinforced my belief in urgent, fair climate action, particularly the importance of public investment in renewables and a just transition for fossil fuel workers. I was especially moved by the focus on inclusive economic opportunities through EV and battery manufacturing, and the idea of using carbon tax revenue for insulation and public transport. I agree that energy efficiency is the cheapest energy source and support a national programme to address this. While I find the idea of compensating vulnerable countries compelling, I remain cautious about how to balance international responsibility with practical implementation. My thinking hasn’t shifted much, but I’m more committed than ever to ensuring the transition is both bold and equitable."
355.0,4,climate_policy_package,"Today’s reflections reinforced my commitment to a just and inclusive climate transition. I found the emphasis on tackling fuel poverty, retrofitting at a street scale, and ending fossil fuel subsidies compelling, as they align with my belief in equity and market-based solutions. I strongly support withdrawing new fossil fuel licenses and imposing a carbon tax, seeing them as necessary steps for credibility and fairness. While I agree that climate action must be global and just, I remain cautious about the practical implementation of policies like green housing standards and carbon fee and dividend models to ensure they don’t inadvertently harm vulnerable groups. Overall, the messages strengthened my confidence in the policy’s ambition, though I continue to think through how to balance urgency with equity."
355.0,5,climate_policy_package,"Today’s reflections reinforced my commitment to urgent climate action, particularly the need to ban new fossil fuel licenses and phase out petrol cars by 2030. I found the focus on just transitions, renewable investment, and energy poverty relief compelling, as they align with my values of environmental and social justice. While I remain cautious about the complexity of a carbon tax and dividend, I’m persuaded by its potential to hold polluters accountable. I also support compensating poorer nations for climate impacts, though I’m still thinking through the practicalities of global cooperation. Overall, the messages strengthened my belief in the necessity and fairness of the policy package."
1904.0,1,climate_policy_package,"Today’s reflections made me reconsider my stance on environmental policy. I found the argument for a carbon tax with a dividend compelling, as it offers a more equitable approach than I previously thought. However, I still worry about its impact on lower-income households. The push for aggressive renewable energy adoption challenged my preference for stability, making me question if my caution stems from genuine concern or fear of disruption. I also realized my earlier focus on responsibility may have overlooked justice, especially in compensating poorer nations. Overall, these messages nudged me toward a more nuanced understanding of the policy landscape."
1904.0,2,climate_policy_package,"Today's messages made me reflect on the nuances of my climate policy views. The emphasis on a long-term renewable strategy resonated with my cautious support, while the focus on community impact pushed me to reconsider how I frame local disruption concerns. The 2030 petrol ban discussion made me question if my opposition stems from personal choice or deeper resistance to change. The carbon tax with a dividend idea shifted my thinking, as I now see potential for more equitable structuring. Overall, I feel my initial positions are more complex than I previously believed."
1904.0,3,climate_policy_package,"Today’s messages made me rethink my stance on climate policy. The emphasis on long-term renewable strategy and community impact resonated with me, shifting how I frame my concerns about local disruption. I also reconsidered my opposition to the 2030 petrol ban, questioning if it stems from personal preference or resistance to change. The carbon tax with a dividend idea made me see the potential for more equitable design, pushing me to rethink my initial focus on individual burden. Overall, I now see my positions as more nuanced than I previously believed."
1904.0,4,climate_policy_package,"Today’s messages made me reconsider my stance on climate policy. The emphasis on a long-term renewable strategy aligned with my cautious support, while the focus on community impact pushed me to rethink how I frame local disruption concerns. The 2030 petrol ban made me question if my opposition stems from personal choice or deeper resistance to change. The carbon tax with a dividend idea shifted my thinking, as I now see potential for more equitable design. Overall, I realize my initial positions may be more nuanced than I previously believed."
1904.0,5,climate_policy_package,"Today's messages made me reflect on my stance on climate policy. I was struck by a peer's cautious openness to a petrol ban, which made me question if my resistance to change stems more from habit than principle. Another peer's focus on fairness and practicality, especially regarding carbon tax and housing mandates, resonated with me and made me reconsider my strong opposition to the carbon tax. Their concerns about lower-income impacts pushed me toward a more balanced view, recognizing the need to align environmental goals with economic realities. My thinking shifted toward appreciating nuance and the value of middle ground."
1900.0,1,climate_policy_package,"Reading peer messages deepened my reflection on climate policy, resonating with my cautious approach that balances progress and tradition. I found the first message compelling, as it aligns with my concerns about preserving communities and the countryside. The second message challenged me to examine my support for environmental action, while the third, though passionate, felt impractical. The fourth echoed my hesitations about policy speed and cost. Overall, these reflections made me more aware of the tension between environmental responsibility and stability, prompting me to reconsider my position on the progress-preservation spectrum."
1900.0,2,climate_policy_package,"Reading peer messages deepened my reflection on climate policy, highlighting the tension between progress and preservation. I found the first message compelling, as it aligns with my cautious approach, balancing renewable energy with community and tradition. The second message challenged me to examine my own level of support for environmental action. While I respect the radical third message, I remain skeptical about its feasibility. The fourth message echoed my hesitations about policy speed and cost. Overall, these reflections made me question my position on the progress-preservation spectrum."
1900.0,3,climate_policy_package,"Reading peer messages deepened my reflection on climate policy, reinforcing my cautious balance between progress and tradition. I found the first message compelling, as it aligns with my own concerns about preserving communities and the countryside. The second message challenged me to examine my support for environmental action more critically. While I respect the radical third message, I remain unconvinced about its practicality. The fourth message echoed my hesitations about policy speed and cost. Overall, these reflections made me more aware of the tension between environmental responsibility and stability, shifting my thinking toward a more nuanced stance between progress and preservation."
1900.0,4,climate_policy_package,"Reading peer messages deepened my reflection on climate policy, especially the balance between progress and tradition. I found the first message compelling, as it aligns with my cautious approach, valuing both renewable energy and community preservation. The second message challenged me to examine my own level of support for environmental action. The third, though passionate, felt too radical for my current stance. The fourth echoed my hesitations about policy speed and cost. Overall, I’ve become more aware of the tension between environmental responsibility and stability, prompting me to re-evaluate where I stand on the progress-preservation spectrum."
1900.0,5,climate_policy_package,"Today’s messages made me reflect on the balance between environmental action and tradition. I found the first message compelling, as it aligns with my cautious approach to climate policy. The second message challenged me to examine my own level of support for environmental action. While I respect the radical third message, I remain skeptical about its feasibility. The fourth message echoed my hesitations about policy speed and cost. Overall, these reflections deepened my awareness of the tension between progress and preservation, and made me question my position on the climate policy spectrum."
620.0,2,climate_policy_package,"Reading the peer messages deepened my understanding of the tension between environmental action and local realities. The first message, though idealistic, highlights important environmental values I agree with, but I pushed back on its lack of consideration for economic hardship. The second message, with its pragmatic approach, resonated more with my own views on the need for gradual, stable change. These reflections made me more aware of the complexity of the issue and shifted my thinking toward the importance of balancing environmental goals with the needs of working-class communities. I’m still forming my stance but feel more thoughtful and nuanced in my perspective."
620.0,3,climate_policy_package,"Reading the peer messages deepened my understanding of the tension between environmental action and local realities. The first message, though idealistic, highlights important environmental values I support, but I push back on its lack of consideration for economic hardship. The second message, with its pragmatic approach, resonates more with my own views on the need for gradual, stable change. These reflections have made me more aware of the complexity of the issue and the importance of balancing environmental goals with the needs of working-class communities. I’m still forming my stance, but the discussion has shifted my thinking toward a more nuanced perspective."
620.0,4,climate_policy_package,"Reading peer messages deepened my understanding of diverse perspectives in climate policy. I found the strong support for renewables compelling, but felt it overlooked the challenges faced by those in traditional industries. The emphasis on economic stability resonated with my concerns about abrupt changes affecting working-class communities. I remain hesitant about petrol bans and green housing standards due to affordability issues. While the carbon tax idea is interesting, I’m wary of government overreach. Overall, these reflections made me more aware of the need for balanced, inclusive policies."
620.0,5,climate_policy_package,"Reading peer messages deepened my understanding of the complexity in climate policy. I found the strong support for renewable energy compelling, but felt it overlooked the struggles of those in traditional industries. The emphasis on economic stability and caution resonated with my own concerns about abrupt changes affecting working-class communities. I remain hesitant about petrol car bans and green housing standards due to affordability issues. While the carbon tax idea is interesting, I’m wary of government overreach. Overall, these reflections made me more aware of the need for balanced, inclusive policies."
1454.0,1,climate_policy_package,"Today’s reflections highlight a shift in my thinking on climate policy. I found the arguments for renewable energy roll-out, housing upgrades, and a carbon tax with border adjustments compelling, as they align with my values of long-term planning, social equity, and economic balance. I remain cautious about outright bans on fossil fuel extraction and petrol cars, due to concerns about economic impact and practicality. The peer messages reinforced the need for gradual, well-supported transitions and made me more open to balancing environmental goals with affordability and fairness. Overall, the policy package feels more aligned with my values when framed as a balanced, inclusive approach."
1454.0,2,climate_policy_package,"The reflections highlight a shift toward supporting market-driven climate policies that balance economic fairness and practicality. I found the arguments for removing carbon taxes, phasing out petrol cars, and promoting renewable energy compelling, especially their focus on affordability and gradual change. I remain cautious about outright fossil fuel bans and strict mandates, though I now see the value in a balanced approach that combines energy independence with sustainability. The peer messages reinforced my belief in pragmatic, inclusive policies that address both environmental and economic concerns."
1454.0,3,climate_policy_package,"Today’s reflections revealed a shift in my thinking. I found the emphasis on public investment in renewables and banning new fossil fuel licenses compelling, especially when paired with a clear transition plan for workers. I also support domestic battery and EV manufacturing as a smart industrial strategy. However, I remain cautious about an outright fossil fuel ban due to potential local economic impacts and concerns about the feasibility of green job creation. The carbon fee and dividend idea intrigued me, but I’d like more detail on its implementation. On the other hand, I was persuaded by arguments against green subsidies and the 2030 petrol ban, valuing economic fairness and affordability. Overall, I’m more open to a balanced, pragmatic approach that prioritizes both environmental and economic concerns."
1454.0,4,climate_policy_package,"Today’s reflections challenged some of my earlier hesitations, particularly on the economic impact of climate policies. I found the argument for scrapping green subsidies compelling, as it aligns with my concerns about the cost-of-living crisis and fairness. I also shifted toward supporting the case against new fossil fuel licenses, though I remain cautious about long-term environmental trade-offs. The focus on affordability and practicality in policies like the 2030 petrol car ban and green housing mandates resonated with me, as did the push for a carbon tax to end fossil fuel subsidies. However, I still resist outright bans and extensive government mandates, preferring market-driven approaches that prioritize domestic needs and economic stability. Overall, I’m more open to policies that balance environmental goals with economic fairness and practicality."
1454.0,5,climate_policy_package,"Today’s reflections made me reconsider several aspects of the climate policy package. I found the push for faster renewable energy roll-out and the 2030 petrol car ban more compelling, especially when framed as job-creating, practical steps. The free insulation and carbon tax with dividend idea also resonated, as they balance fairness and economic responsibility. However, I pushed back on the outright ban of new fossil fuel licenses and the 2030 car ban, concerned about economic impacts and affordability. My thinking shifted toward valuing pragmatic, phased approaches and economic stability over abrupt mandates."
1723.0,1,climate_policy_package,"Today, I reflected on peer messages about environmental policy and found the first message compelling for its strong environmental stance, though I remain cautious about global compensation. The second and third messages resonated with my own preference for gradual, pragmatic change and economic stability. While I support environmental goals, I’ve become more cautious about the speed and scope of policy changes, especially their impact on traditional industries and communities. My thinking hasn’t shifted significantly, but I’m more aware of the trade-offs involved."
1723.0,2,climate_policy_package,"Today, I found the first message compelling for its strong environmental stance, which aligns with my own views on sustainability. The second and third messages resonated more with my cautious, pragmatic approach, emphasizing gradual change and economic stability. While I agree with environmental goals, I’ve become more hesitant about rapid, sweeping changes that could disrupt communities reliant on traditional energy sources. My thinking hasn’t shifted significantly, but I’m more aware of the need to balance environmental action with fairness and economic considerations."
1723.0,3,climate_policy_package,"Today, I reflected on peer messages about environmental policy and found the first message compelling for its strong environmental stance, though I remain skeptical about global compensation. The second and third messages resonated more with my own cautious, pragmatic, and economically focused approach. While I support environmental goals, I’ve become more aware of the need for balanced, gradual change that considers community and economic impacts. My thinking hasn’t shifted much, but I’m more conscious of the trade-offs involved."
1723.0,4,climate_policy_package,"Today, I reflected on peer messages about environmental policy and found the first message compelling for its strong environmental stance, though I remain skeptical about global compensation. The second and third messages resonated more with my own cautious, pragmatic, and economically focused approach. While I agree with environmental goals, I’ve become more aware of the need for gradual change to avoid disrupting communities and industries. My thinking hasn’t shifted much, but I’m more conscious of balancing sustainability with economic stability."
1723.0,5,climate_policy_package,"Today, I found the first message compelling for its strong environmental stance, which aligns with my own views on sustainability. The second and third messages resonated more with my cautious, pragmatic approach and emphasis on economic stability. While I agree with environmental goals, I’ve become more hesitant about rapid change, especially its impact on communities reliant on traditional industries. My thinking hasn’t shifted significantly, but I’m more aware of the need to balance progress with fairness."
806.0,1,climate_policy_package,"Today’s reflections reinforced my support for climate action, particularly the ban on new fossil fuel licenses and the push for renewable energy. I found the link between climate policy and social justice compelling, especially regarding cold homes and loss and damage finance. While I agree with the need for a comprehensive approach, I remain cautious about the carbon tax’s impact on lower-income households. The peer messages deepened my awareness of the balance between ambition and pragmatism, making me more conscious of how policy details affect fairness and effectiveness."
806.0,2,climate_policy_package,"Today’s reflections reinforced my support for a fair and community-focused transition to renewables, especially the emphasis on local benefits and social equity. I found the argument against new fossil fuel licences compelling, as it avoids locking in long-term environmental harm. The 2035 petrol and diesel ban aligns with my views, and the carbon tax, when paired with fossil fuel restrictions, makes sense as a market-driven approach. However, I remain cautious about revenue distribution to protect lower-income households. The discussion on historical emissions and global justice made me more aware of the need for a balanced, equitable policy that addresses both urgency and fairness."
806.0,3,climate_policy_package,"Today’s reflections reinforced my support for public investment in renewables and a just transition, particularly the emphasis on funding green jobs and energy efficiency. I found the idea of using carbon tax revenue for insulation and public transport compelling, though I remain cautious about ensuring equitable distribution. I was persuaded by the concrete approach to compensating vulnerable countries, which felt more actionable than previous abstract proposals. My thinking shifted slightly toward viewing the policy package as more comprehensive and viable, provided it prioritizes fairness and careful implementation."
806.0,4,climate_policy_package,"Today’s reflections reinforced my support for a comprehensive climate policy that prioritizes public investment, renewable energy, and a just transition. I found the emphasis on banning new fossil fuel licenses and funding green jobs compelling, as it aligns with my belief in fairness and economic opportunity. The idea of using carbon tax revenue for insulation, transport, and renewables reassured me about mitigating regressive impacts, though I remain cautious about distribution. I’m more convinced now that a well-funded, equitable transition is both necessary and achievable. Peer messages also strengthened my view that a fair, comprehensive package can be both environmentally and socially just, especially with clear implementation plans."
806.0,5,climate_policy_package,"Today’s messages reinforced my belief in public investment and a just transition to renewables, especially the ban on new fossil fuel licenses and support for green jobs. I found the free insulation and carbon tax with dividend ideas compelling, though I remain cautious about the latter’s distribution. The peer messages offered a more moderate view, prompting me to consider the practicalities of transition and the need for fairness in policy design. While I still support strong climate action, I now appreciate the value of nuance and community-centered approaches in achieving a fair and effective green economy."
1269.0,1,climate_policy_package,"The messages reinforced my support for long-term, equitable climate policies, especially those linking environmental action to social justice, like renewable funding and non-fossil heating. I agree with the push to phase out fossil fuels and support electric vehicle infrastructure, though I remain cautious about the 2030 petrol ban timeline. The carbon tax with a dividend and border adjustments feel practical and fair. However, I pushed back slightly on the idea of compensating poorer countries, fearing it could become bureaucratic. The peer reflections made me rethink some assumptions, emphasizing the need for balanced, pragmatic policies that avoid unintended harm while addressing climate urgency. Overall, I’m more open to a nuanced, people-centered approach."
1269.0,2,climate_policy_package,"Today’s reflections highlight a shift in my thinking on climate policy. I found the economically focused arguments compelling, especially the case against the 2030 petrol car ban and the push for a phased 2035 ban, which I now see as more balanced. I’m also more convinced by the idea of communities benefiting from renewables and the need for a just transition, though I remain cautious about ending new oil and gas licenses as a standalone policy. While I still support the carbon fee and dividend model, I’m more open to integrating it with other measures. Overall, the messages have made me rethink how to balance environmental urgency with social and economic fairness, leaning toward a pragmatic, integrated approach."
1269.0,3,climate_policy_package,"The first message resonated with me, particularly its focus on a pragmatic, integrated climate policy that balances environmental goals with social and economic fairness. I found the emphasis on a just transition and funding renewables through public investment compelling, though I remained cautious about the carbon tax and dividend model in isolation. The second message challenged my views, especially its push to remove the carbon tax and expand fossil fuel use, which I felt could undermine long-term climate goals. However, its focus on economic fairness and practicality made me reconsider the balance between environmental urgency and social impact. Overall, these reflections made me more open to a middle ground—ambitious but thoughtful, with a strong emphasis on fairness and long-term planning."
1269.0,4,climate_policy_package,"Today’s reflections highlight a shift in my thinking on climate policy. I found the pragmatic, economically-focused arguments compelling, especially the case against the 2030 petrol car ban and the push for carbon tax as a tool to end fossil fuel subsidies. However, I remain cautious about how these approaches might affect long-term environmental goals and social justice. The emphasis on fairness in energy affordability and retrofitting resonated strongly, though I still have reservations about international climate finance. Overall, I’m leaning toward a balanced approach that prioritizes both environmental ambition and social equity, recognizing the need for policies that are both effective and just."
1269.0,5,climate_policy_package,"Today’s reflections highlight a nuanced shift in my thinking on climate policy. I found the arguments for banning new fossil fuel licenses, supporting electric vehicles, and providing free insulation and heat pumps compelling, as they align with my values of fairness and long-term planning. I also support the carbon tax with a dividend model, seeing it as a fair and practical approach. However, I remain cautious about how compensation for poorer countries is structured, fearing it oversimplifies complex climate finance issues. The second message challenged my assumptions about renewables and aggressive climate targets, making me more aware of their economic impacts. I now see the value in balancing environmental goals with economic and social realities, and I’m more open to a pragmatic, inclusive approach that prioritizes both sustainability and equity."
381.0,1,climate_policy_package,"Today’s reflections made me reconsider the balance between environmental goals and practicality. I found the push for renewable energy and banning new fossil fuel licenses compelling, as they align with fairness for future generations. However, I pushed back against the 2030 petrol ban and green housing standards, fearing their impact on communities like mine. The carbon tax and global compensation ideas also felt too extreme or vague. Overall, I’ve become more cautious, recognizing the need for policies that are both environmentally responsible and realistic."
381.0,2,climate_policy_package,"Today's reflections made me consider how different people prioritize climate policy. I found the first peer's emphasis on fairness and environmental responsibility compelling, especially their stance on equity, though I pushed back on their more extreme positions like the 2030 petrol ban. The second peer's cautious, pragmatic approach resonated more with my own values, particularly their focus on practicality and local solutions, which made me rethink how to balance sustainability with economic realities. My thinking shifted slightly toward valuing gradual, inclusive progress over abrupt policy changes."
381.0,5,climate_policy_package,"Today’s reflections made me more aware of the urgency and fairness of climate action, especially the peer’s emphasis on renewable energy and banning fossil fuels, which aligns with my values. I found their support for green housing and carbon tax with dividends compelling, as they reflect my belief in equal opportunities. However, I remain cautious about the practical implementation of these policies, particularly in the East Midlands, where economic and social impacts must be carefully balanced. While I value gradual change, I am also open to challenging tradition when it comes to environmental justice. My thinking on policy implementation has shifted slightly toward considering regional specifics more deeply."
1339.0,1,climate_policy_package,"Today’s reflections highlight messages that align with my values of sustainability and equity, particularly the emphasis on renewable energy, fossil fuel phase-out, and green housing. I found the arguments for long-term planning and social justice-linked climate action compelling, though I remain cautious about the economic impacts of ambitious policies. My thinking shifted slightly on the balance between urgency and fairness, especially regarding rapid transitions like banning petrol cars. While I support the carbon tax idea, I’m still concerned about implementation complexities. Overall, the messages reinforced the need for inclusive, ambitious climate action, which I continue to reflect on."
1339.0,2,climate_policy_package,"Today’s reflections highlighted a compelling message on climate action that aligns with my values of fairness and inclusivity, particularly the emphasis on community ownership in renewables and the urgency of phasing out fossil fuels. I was persuaded by the 2035 petrol and diesel ban and the case for modern heat pumps, which challenged outdated objections. While I appreciate the combination of a carbon tax and ending new fossil fuel licenses, I remain cautious about implementation fairness and economic impacts. Overall, the policy feels more comprehensive and balanced, though I’m still considering its practical implications for affected communities."
1339.0,3,climate_policy_package,"Today’s reflections reinforced my support for bold climate action, especially the emphasis on renewables, a just transition, and linking environmental policy to household benefits. I found the case for public investment in green jobs and carbon tax revenue use compelling, as it aligns with my values of fairness and long-term thinking. However, I remain cautious about the pace of transition and the fairness of carbon tax implementation. While I agree with the urgency of action, I’m still wrestling with how to balance progress with equity, particularly for vulnerable communities. Overall, the package feels more comprehensive and necessary than before, pushing me to think more deeply about how to achieve climate goals without sacrificing social justice."
1339.0,4,climate_policy_package,"The reflections reinforced my commitment to fairness, sustainability, and systemic change, particularly the emphasis on tackling fuel poverty and breaking the link between household bills and global gas prices. I found the call to ban new fossil fuel licenses compelling, as it aligns with my belief in climate leadership and integrity. The targeted scrappage support and street-scale retrofitting were reassuring, showing a fair and practical approach to the transition. While I remain cautiously supportive of the carbon tax, the focus on ending fossil fuel subsidies made it more compelling. Overall, the package feels more comprehensive and necessary, shifting my thinking toward more decisive and equitable climate action."
1339.0,5,climate_policy_package,"Today, I found the emphasis on green jobs, renewable energy, and banning new fossil fuel licenses compelling, as they align with my values of fairness and long-term planning. The 2030 petrol car ban and support for low-income households through insulation and heat pumps also resonated, showing climate action can be both just and practical. While I remain cautious about the carbon tax, the focus on revenue use for public good made it more convincing. The peer messages shifted my view, making me more supportive of the policy as a comprehensive and necessary step toward environmental and social justice."
828.0,1,climate_policy_package,"Today’s reflections reinforced my support for urgent climate action, particularly the push for renewable energy and phasing out fossil fuels, which align with my values of environmental responsibility and intergenerational equity. I found the argument against new fossil fuel licenses compelling, as it underscores the incompatibility of continued extraction with climate goals. The carbon tax with border adjustments is more complex, though I’m drawn to its potential for both decarbonization and fair revenue use. While I remain cautious about implementation details and economic impacts, the overall package feels more practical and socially conscious than previous proposals. The peer messages deepened my belief that climate policy must be ambitious, equitable, and inclusive, though I continue to grapple with balancing these priorities."
828.0,2,climate_policy_package,"Today’s reflections highlight a shift in my thinking on climate policy. I found the push for banning new fossil fuel licenses and accelerating renewables compelling, as it aligns with my belief in fairness and urgency. The 2035 petrol and diesel ban feels more reasonable now, though I remain cautious about its impact on rural and lower-income communities. Standardizing heat pumps in new builds and the carbon tax with transparent revenue use have convinced me of their practicality and fairness. While I still want more clarity on implementation and distribution, the overall package feels more urgent, inclusive, and balanced than before."
828.0,3,climate_policy_package,"Today’s reflections revealed that the holistic climate policy message resonated with my values, particularly the emphasis on public investment in renewables and a just transition for workers. I found the push for a ban on new fossil fuel licenses and the 2030 petrol car ban more compelling, especially when paired with green jobs and infrastructure. While I remain cautious about green housing standards, framing them as a national program funded by a carbon tax made them more acceptable. The carbon tax and dividend model also feels more practical now, especially if it benefits the most vulnerable. Overall, the policy package feels more urgent and inclusive, shifting my thinking toward greater support."
828.0,4,climate_policy_package,"Today’s reflections highlight a shift in my thinking on climate policy. I found the emphasis on fairness, just transition, and targeting support to low-income households compelling, especially the push for clean power, insulation, and retrofitting at a street scale. The carbon tax as a tool to end fossil fuel subsidies also resonated, particularly when tied to funding public transport and insulation. However, I remain cautious about the 2030 petrol ban and prescriptive green housing standards due to concerns about accessibility and cost. Overall, the policy package feels more urgent and inclusive, nudging me toward greater support, though I continue to balance ambition with equity."
828.0,5,climate_policy_package,"Today’s reflections highlight a shift in my thinking on climate policy. I found the emphasis on fairness, practicality, and a just transition compelling, especially the focus on clean power, insulation, and targeting support to vulnerable groups. The carbon tax, when tied to funding insulation and transport, now feels more acceptable. I’m more supportive of the 2030 petrol ban and green housing standards, though I remain cautious about their implementation impacts. While I still have concerns about rural access and prescriptive mandates, the overall package feels more urgent and inclusive, aligning with my values of equity and sustainability."
252.0,1,climate_policy_package,"The message on climate action resonated with my concerns about long-term risks and energy security, especially the push for renewables and phasing out fossil fuels. I found the carbon tax with a dividend and border adjustments compelling, though I remain cautious about compensating poorer countries. The 2030 petrol car ban felt too abrupt, but I appreciated the focus on infrastructure and energy efficiency.  

The second message aligned with my values of practicality and fairness, particularly the critique of costly subsidies and the call for cheaper electricity. I agreed that abrupt changes could disrupt households and that insulation mandates might be too burdensome. While I support the idea of balancing climate goals with economic stability, I remain wary of the speed of change and the potential trade-offs between short-term relief and long-term sustainability. Overall, I found the policies more balanced but still cautious about their pace and scope."
252.0,2,climate_policy_package,"Today’s reflections highlight a shift toward more pragmatic and balanced climate policies. I found the arguments against abrupt net-zero subsidies and the 2030 petrol car ban compelling, as they align with my concerns about economic stability and practicality. I also appreciate the focus on local ownership and gradual transitions, which feel more achievable than previous proposals. However, I remain cautious about the pace of change and the fairness of international climate compensation, preferring local solutions and clearer support for households. Overall, the policy feels more realistic, but I still value gradual, fair, and locally focused approaches."
252.0,3,climate_policy_package,"Today’s reflections highlight a shift toward more urgent and practical climate policies. I found the emphasis on community ownership in renewables and the 2035 petrol ban compelling, as they align with long-term sustainability and gradual change. The carbon tax with a dividend and non-fossil heating mandates also gained traction, though I remain cautious about costs and implementation. I pushed back on the 2030 car ban and global compensation plans, feeling they lack practicality and clarity. Overall, the package feels more realistic, but I still prefer a slower, locally focused approach."
252.0,4,climate_policy_package,"Today’s reflections highlight a shift toward pragmatic, economically grounded climate policy. I found the arguments against abrupt measures like carbon taxes and petrol bans compelling, as they align with my concerns about fairness and stability. I also support the focus on affordable, practical solutions like retrofitting at a street level and targeted support for vulnerable households. However, I remain cautious about the balance between environmental goals and local economic impacts, and I’d like to see more clarity on implementation and funding, especially for lower-income groups. Overall, the package feels more realistic, but I still prefer gradual, market-driven approaches."
252.0,5,climate_policy_package,"Today’s reflections highlight a shift in my thinking on climate policy. I found the focus on real-world economic impacts and practical steps compelling, especially the push for green jobs and affordable energy solutions. I’m more open to banning new fossil fuel licenses, though I still prefer a gradual approach. The idea of free insulation for low-income households resonates, but I want clearer implementation details. I remain cautious about a carbon tax with dividend, fearing its impact on lower-income families. The proposal to compensate other nations for climate impacts feels necessary but complex. Overall, I appreciate the pragmatic tone, but I’m still wary of the pace and scale of change, favoring local, gradual solutions."
1065.0,1,climate_policy_package,"Today’s reflections highlight messages that align with my values of sustainability, responsibility, and fairness. I found the emphasis on long-term renewable energy planning and addressing health inequalities compelling, while I remain cautious about a carbon tax and skeptical of compensating other nations for climate impacts. My thinking shifted slightly toward valuing a balanced, community-focused approach, especially regarding gradual implementation and fairness. I now appreciate the need to consider how policies affect everyday people, ensuring climate action is both effective and just."
1065.0,2,climate_policy_package,"Today’s reflections highlighted messages that aligned with my values of tradition, fairness, and careful planning. I found the emphasis on community ownership in renewable projects and gradual, community-focused climate action compelling, as they resonate with my belief in stability and shared responsibility. I remained cautious about rapid policy changes like the 2035 vehicle phase-out and a carbon tax, concerned about their impact on livelihoods and economic stability. While I support modern heat pumps and energy efficiency, I remain skeptical of redistributive measures like compensating other nations for climate impacts, preferring personal and national accountability. Overall, I appreciate the comprehensive approach but would advocate for slower, more inclusive implementation to ensure fairness and long-term viability."
1065.0,3,climate_policy_package,"Today, I found the emphasis on public investment, renewable energy, and energy efficiency compelling, as they align with my values of long-term planning and responsible stewardship. I appreciate the focus on green jobs and fair funding for households through a carbon tax. However, I remain cautious about the speed of the transition and the potential impact on fossil fuel-dependent communities, preferring a gradual, community-focused approach. While I value the idea of a national energy efficiency programme, I’m still skeptical about compensating other countries for climate impacts, believing in national responsibility. Overall, the policy feels forward-thinking, but I think more emphasis on careful, traditional planning is needed."
1065.0,4,climate_policy_package,"Today’s reflections highlighted messages that aligned with my values of long-term planning and fairness, especially the emphasis on renewable energy, energy efficiency, and supporting workers during the transition. I found the argument for a carbon tax to fund insulation programs compelling, as it offers both environmental and economic benefits. However, I remain cautious about the speed of the transition and the idea of compensating other nations, preferring a focus on national responsibility and careful, community-driven implementation. My thinking has shifted slightly toward valuing gradual, inclusive approaches that balance environmental goals with economic stability and local needs."
1065.0,5,climate_policy_package,"Today, I found the emphasis on public investment, fairness, and green jobs compelling, as it aligns with my values of equality and community support. The free insulation and heat pump initiative stood out for its dual environmental and social justice impact. I agree that a carbon tax funding public projects can be fair and effective, but I remain cautious about the speed of the transition and its impact on fossil fuel-dependent communities. I value gradual, community-focused change and am skeptical about compensating other nations for climate impacts, believing in personal and national responsibility. Overall, the policy feels forward-thinking, but I would like more emphasis on careful, inclusive implementation."
740.0,1,climate_policy_package,"The messages I found most compelling were those supporting renewable energy expansion, banning new fossil fuel licenses, and transitioning to electric vehicles with infrastructure support—these align with my values of sustainability and long-term planning. I strongly support the green housing standards as they address both environmental and social equity. The carbon tax with a dividend resonates with me, though I remain cautious about its implementation. I agree that compensating poorer countries should be additional to aid, not a trade-off, which reinforces my belief in global justice. Overall, the policy package feels comprehensive and persuasive, and my thinking on integrating climate action with economic and social goals has shifted slightly toward greater confidence in its feasibility."
740.0,2,climate_policy_package,"Today’s messages reinforced my support for the policy package, especially the emphasis on community ownership in renewables and the ban on new fossil fuel licenses, which align with my belief in fairness and sustainability. I found the 2035 petrol car ban and heat pumps in new housing compelling as practical, equitable solutions. The carbon tax with a dividend also resonated with me. While I agree with the principle of compensating poorer countries based on historical responsibility, I remain cautious about the specifics. Overall, the policy feels well-structured and shifts my thinking toward viewing climate action as deeply tied to justice and long-term societal health."
740.0,3,climate_policy_package,"Today’s reflections reinforced my support for the climate package, especially its focus on public investment in renewables and a just transition for fossil fuel workers, which aligns with my values of fairness and sustainability. I found the arguments for banning new fossil fuel licenses and funding domestic EV manufacturing compelling, as they frame the transition as an opportunity rather than a threat. I agree that energy efficiency should be prioritized, and the carbon tax-funded national programme feels practical and fair. While I remain cautious about how compensation for vulnerable countries is structured, I appreciate the emphasis on global justice. My thinking hasn’t shifted significantly, but the messages helped solidify my belief that climate action is deeply tied to social equity and long-term well-being."
740.0,4,climate_policy_package,"The messages reinforced my belief in climate policy as a tool for social justice, particularly the focus on tackling fuel poverty through clean energy and insulation, and the fairness of a carbon tax. I was persuaded by the targeted support for low-income and polluted communities, as well as the practicality of street-scale retrofitting. I remain cautious about international compensation mechanisms but appreciate the emphasis on global climate finance. My thinking shifted slightly to see the package as more than environmental—emphasizing fairness, justice, and long-term sustainability. The peer reflections further solidified my confidence in the policy’s alignment with my values of equity and long-term societal well-being."
740.0,5,climate_policy_package,"Today’s messages reinforced my belief in climate policy as a tool for both environmental and social justice. I was particularly moved by the emphasis on green jobs, community-led renewables, and a carbon tax with dividend, which align with my values of fairness and long-term benefit. I remained cautious about compensation mechanisms for developing nations but appreciated the focus on historical responsibility. My thinking shifted slightly on the petrol car ban, as the inclusion of support systems made it more palatable, reflecting a balanced transition approach. Overall, the package feels more aligned with my vision of just and sustainable climate action."
1373.0,1,climate_policy_package,"Today’s messages prompted me to reflect on the balance between environmental action and practicality. The first message resonated with my views on renewables and green housing, emphasizing careful planning and fairness. The second message pushed me to consider stronger action on fossil fuels, aligning with my belief in long-term sustainability and equal opportunity. However, the third message made me rethink the potential economic and social impacts of abrupt policy changes, especially on traditional industries. Overall, I’ve reinforced the need for climate policy to be both ambitious and thoughtful, ensuring it doesn’t compromise livelihoods or practical realities."
1373.0,2,climate_policy_package,"Today's messages made me reflect on how different perspectives shape policy debates. The first message aligned with my views on community-sensitive renewable energy, emphasizing balance. The second made me think more about the fairness and practicality of policies for everyday people. The third challenged me to consider the urgency of action and moral responsibility, pushing me to be more open to necessary, even disruptive, changes for long-term fairness. My thinking shifted slightly toward embracing urgency while still valuing stability and practicality."
1373.0,3,climate_policy_package,"Today’s messages made me reflect on how different perspectives shape policy debates. The first message aligned with my views on community-sensitive renewable energy, emphasizing balance. The second made me consider the fairness and practicality of policies for everyday people. The third challenged me to think more about urgency and moral responsibility, pushing me to accept that some bold changes, like a petrol ban, might be necessary for long-term fairness. My thinking shifted slightly toward embracing urgency while still valuing stability."
1373.0,4,climate_policy_package,"Today’s reflections made me rethink the balance between ambition and practicality in climate policy. I found the peer’s emphasis on careful framing of petrol car bans compelling, as it aligns with my concerns about economic impact and personal choice. The focus on local jobs and cautious policy implementation made me more aware of potential unintended consequences. My thinking shifted toward the need for thoughtful, equitable policy design that supports sustainability without undermining livelihoods. I’m more committed to ensuring fair compensation for climate impacts, while still supporting the core goals of sustainability and equality."
1373.0,5,climate_policy_package,"Today’s reflections made me rethink the balance between ambition and practicality in climate policy. I found the first peer’s emphasis on community input and careful planning compelling, as it aligns with my concerns about fairness and local impact. The fourth peer’s call for rapid action challenged me to consider pushing for more change. However, I still share the second and third peers’ caution about economic impacts and the need for gradual transitions, especially regarding policies like petrol car bans. My thinking shifted toward being more deliberate in policy design to avoid harming working families and local economies, while still supporting sustainability and equality."
1833.0,1,climate_policy_package,"Today’s reflections revealed a range of opinions on climate policies, with the first message resonating most with my moderate, balanced stance—valuing renewables but prioritizing practicality. The second message, though progressive, aligned with some of my environmental values, while the third, cautious perspective made me reconsider my position, leaning more toward the first. I now think more about how these policies might impact my community, especially those reliant on traditional industries. My thinking shifted slightly toward a more pragmatic approach, acknowledging the need for balance between change and feasibility."
1833.0,2,climate_policy_package,"Today’s reflections made me realize how my views align with the first peer message—valuing a balanced, pragmatic approach to climate policy. I resonate with the emphasis on practicality and avoiding rushed transitions, especially on issues like the 2030 petrol ban. While I appreciate the caution in the second message, I feel more in line with the first, as I’m open to change but not eager for extreme measures. My thinking hasn’t shifted much, but I’m more aware of how policies might impact my community, especially those reliant on traditional industries. I remain focused on balancing environmental goals with economic and social realities."
1833.0,3,climate_policy_package,"Today’s reflections made me reconsider my position on climate policies. I found the first message compelling because it aligns with my moderate stance—supporting renewables but valuing practicality and gradual change. The second message, though more cautious, made me reflect on the potential impacts of rapid policies like the 2030 petrol ban, reinforcing my balanced view. I’m still navigating how to reconcile environmental goals with economic and social realities. My thinking hasn’t shifted much, but I’m more aware of the need for thoughtful, inclusive policy approaches."
1833.0,4,climate_policy_package,"Today’s reflections made me realize how my moderate stance aligns with the first peer message, which emphasizes balance and practicality. I found the second message’s caution compelling, especially regarding policies like the 2030 petrol ban, as it made me reflect on the potential impacts on my community. While I still lean toward a balanced approach, I’m more aware of the need to consider both environmental goals and economic realities. My thinking hasn’t shifted much, but I’m more conscious of the trade-offs involved in climate policy."
1833.0,5,climate_policy_package,"Today’s reflections made me realize how my views align with a balanced, pragmatic approach to policy. The first message resonated most, as it acknowledges both environmental and economic concerns, supporting gradual renewable adoption and cautious transitions. I agree with the conditional approach to green housing and carbon tax, provided they are fair and beneficial. While I still have some concerns about complexity and unintended consequences, I feel my thinking has shifted slightly toward supporting more structured, inclusive policies."
238.0,1,climate_policy_package,"Today’s messages made me reflect on how my views align with others in a similar position—middle-aged, well-off, and not deeply environmentally focused. I found the support for renewable energy and green housing standards compelling, as they align with my belief in practical sustainability. I was intrigued by the push for banning new fossil fuel licenses but remain cautious about economic stability, favoring a gradual transition. I agree with opposing a 2030 petrol ban due to practical and equity concerns, and I’m neutral on carbon tax with dividend, preferring balanced approaches. While I appreciate the focus on responsibility, I slightly oppose compensating other countries, sharing concerns about unintended consequences. Overall, I feel my views are similar but lean toward a more measured, pragmatic policy approach."
238.0,2,climate_policy_package,"I found the emphasis on gradual change and balancing environmental goals with economic stability compelling, as it aligns with my own cautious approach. I agree with the push for renewable energy and green housing standards but remain skeptical of abrupt policies like the 2030 petrol ban. While the carbon tax with dividend idea is interesting, I still prefer a more balanced approach. I also share concerns about the complexity and unintended consequences of compensating other countries for climate impacts. Overall, my thinking hasn’t shifted significantly—I still favor a measured, pragmatic path."
238.0,3,climate_policy_package,"I found the emphasis on gradual change and balancing environmental goals with economic stability compelling, as it aligns with my own cautious approach. I agree with the support for renewable energy and green housing standards but remain skeptical of abrupt policies like the 2030 petrol ban. While the carbon tax with dividend idea is intriguing, I prefer a more balanced approach. I also share concerns about the potential unintended consequences of compensating other nations for climate impacts. Overall, my thinking hasn’t shifted significantly, but I reaffirmed my preference for a measured, pragmatic path."
238.0,4,climate_policy_package,"I found the emphasis on environmental responsibility and gradual change compelling, aligning with my own cautious approach. I agree with the balanced stance on fossil fuel licenses and the 2030 petrol ban, valuing economic and personal practicality. The green housing standards and carbon tax with dividend idea are interesting, though I still prefer a more measured approach. I pushed back slightly on the strong opposition to compensating other countries, as I see responsibility and unintended consequences as complex issues. Overall, my thinking hasn’t shifted much, but I reaffirmed my preference for a gradual, economically sensitive policy."
238.0,5,climate_policy_package,"I found the emphasis on gradual change and balancing environmental goals with economic stability compelling, as it aligns with my own cautious approach. I agree with the support for renewable energy and green housing standards but remain skeptical of abrupt policies like the 2030 petrol ban. While the carbon tax with dividend idea is interesting, I still prefer a more balanced approach. I also share concerns about the potential unintended consequences of compensating other nations for climate impacts. Overall, I agree with some elements but would advocate for a slower, more economically sensitive rollout."
1343.0,1,climate_policy_package,"Today's reflections made me reconsider the balance between environmental goals and economic stability. I found the cautious support for renewable energy and neutral stance on oil licenses compelling, as they align with my concerns about local jobs and careful planning. I pushed back slightly on the 2030 petrol ban due to its potential financial impact on families, a perspective I relate to as a parent. My thinking shifted slightly toward supporting green housing standards, though I remain cautious about costs. I remain uncertain about the carbon tax and dividend, and while I question compensating other countries, I recognize the need for global cooperation. Overall, the discussion reinforced the importance of thoughtful, balanced climate policies."
1343.0,2,climate_policy_package,"Today’s reflections made me reconsider the urgency of climate action, especially the push to accelerate renewables and ban new fossil fuel licenses, which aligns with my cautious support. I was challenged by the 2030 petrol car ban, prompting me to weigh long-term benefits against practicality. Support for green housing standards resonated with my growing sustainability awareness, though I remain cautious about costs. The carbon tax and dividend idea made me think about fairness and effectiveness. While I agree with global compensation efforts, I remain skeptical about aid management and equity. Overall, these views pushed me to rethink the balance between environmental action and economic/social considerations."
1343.0,4,climate_policy_package,"Today’s reflections made me reconsider the balance between environmental action and local concerns. I found the first message compelling as it mirrored my cautious support for renewables while prioritizing economic stability. I pushed back on the second message’s urgency, as it felt less aligned with my values of gradual, balanced change. The third and fourth messages offered a middle ground that made me rethink how to align environmental progress with fairness and stability. My thinking shifted toward seeking policies that are both forward-thinking and sensitive to real-world impacts."
416.0,1,climate_policy_package,"Reading peer messages today made me reflect on my views. The first message resonated strongly, aligning with my values of fairness and sustainability, and I appreciated its balance between environmental goals and social responsibility. The second message made me reconsider how to approach policies like the 2030 petrol ban, recognizing the need for both urgency and gradual change. The third message reinforced my support for renewable energy but also made me more aware of the economic and social impacts of rapid transitions. Overall, I feel my thinking has shifted slightly toward a more inclusive and balanced approach to climate policy."
416.0,2,climate_policy_package,"Today’s reflections made me appreciate the value of diverse perspectives on climate policy. I found the first message compelling, as it aligns with my belief in fairness and sustainability, emphasizing careful planning and support for affected communities. The second message made me reconsider the balance between personal choice and urgent climate action, especially regarding policies like the 2030 petrol car ban. The third message reinforced my support for renewable energy but also made me more aware of the need to address economic and social impacts. Overall, I feel my thinking has shifted slightly toward a more inclusive and balanced approach to policy framing."
416.0,3,climate_policy_package,"Today’s reflections made me appreciate the value of diverse perspectives on climate policy. The first message resonated strongly, aligning with my belief in fairness and sustainability, especially regarding support for affected communities. The second message made me reconsider the balance between personal choice and urgent action, reinforcing my view that gradual change should not delay necessary climate measures. The third message solidified my support for renewable energy and green housing, while also making me more mindful of the economic and social implications of rapid transitions. Overall, I feel my thinking has shifted slightly toward a more inclusive and balanced approach to policy framing."
416.0,4,climate_policy_package,"Today’s reflections made me appreciate the value of diverse perspectives on climate policy. I found the first message compelling, as it aligns with my belief in fairness and sustainability, emphasizing careful planning and support for affected communities. The second message made me reconsider the balance between personal choice and urgent action, reinforcing my view that gradual change must not delay necessary climate measures. The third message strengthened my support for renewable energy and green housing, while also making me more mindful of the economic and social impacts of rapid transitions. Overall, I feel my thinking has shifted slightly toward a more inclusive and balanced approach to policy framing."
416.0,5,climate_policy_package,"Reading peer messages deepened my understanding of climate policy, especially the emphasis on careful planning and supporting affected communities, which resonated with my values. I appreciated the balance between environmental goals and social responsibility but found the neutral stance of the second message thought-provoking, prompting me to consider a more gradual approach to policies like the 2030 petrol ban. The third message reinforced my support for renewable energy and green housing, while also making me more aware of the need to address economic and social impacts. Overall, I feel my thinking has shifted toward a more inclusive and balanced approach to policy framing."
155.0,1,climate_policy_package,"Today’s reflections highlighted compelling points about balancing environmental goals with economic realities. I found the argument for a gradual phase-out of fossil fuels more convincing than an abrupt ban, especially for impacted communities. I remain cautious about the 2030 petrol car ban due to infrastructure and practicality concerns. I support green housing standards and a carbon tax with dividends but want to ensure fairness, particularly for lower-income households. I agree on compensating poorer nations but stress the need for tangible action. Overall, the discussions made me more thoughtful about implementing policies that respect both the environment and people’s needs."
155.0,2,climate_policy_package,"Today's reflections highlighted the importance of balancing environmental goals with social fairness. I found the emphasis on gradual, thoughtful change compelling, as it aligns with my values of respect and fairness. I appreciated the discussion on renewable energy and careful planning, but remained cautious about policies like petrol car bans and housing standards without adequate support. The idea of a carbon tax with dividends intrigued me, though I still want to ensure it doesn’t disproportionately affect lower-income groups. Overall, my thinking shifted toward a more nuanced approach that prioritizes both environmental responsibility and social justice."
155.0,3,climate_policy_package,"Today's messages made me reflect on how policies can balance fairness and practicality. I found the emphasis on gradual change and community involvement compelling, aligning with my values. I'm more open to accelerating renewable energy and a phased fossil fuel ban, especially with local benefits. The petrol car ban still feels too fast, but I can see the need for a phased approach. I remain cautious about housing standards and carbon tax, but am more open if they support rather than burden people. Overall, my thinking has shifted toward seeking more socially just and environmentally responsible policies."
155.0,4,climate_policy_package,"Today's messages made me rethink how policies can balance fairness and practicality. I found the emphasis on gradual change and community involvement compelling, aligning with my values. I'm more open to accelerating renewable energy and a phased fossil fuel ban, especially with local benefits. The petrol car ban still feels too fast, but I can see a phased approach. I remain cautious about housing standards and carbon tax, but am more open if they support rather than burden people. Overall, I’ve shifted toward seeking environmentally responsible policies that are also socially just."
155.0,5,climate_policy_package,"Today’s reflections made me more aware of the need to balance environmental goals with fairness and practicality. I found the emphasis on gradual, equitable transitions compelling, especially regarding renewable energy and worker support. I pushed back slightly on abrupt policy shifts, preferring careful, inclusive planning. My thinking shifted toward valuing policies that are both sustainable and socially just, ensuring no one is left behind."
1635.0,1,climate_policy_package,"Today, I found the emphasis on long-term renewable energy planning and phasing out fossil fuels compelling, as it aligns with my values of sustainability and equity. I strongly support banning petrol cars by 2030 but stress the need for robust charging infrastructure, especially in rural areas. The carbon tax with a dividend seems fair, though I remain cautious about its practical implementation. I support compensating climate-affected countries but want to ensure funding isn’t diverted from existing aid. Reading others’ perspectives made me reflect on balancing urgency with fairness, especially for vulnerable communities, and how policies must be inclusive and practical. My thinking hasn’t shifted on core support but has deepened on implementation details."
1635.0,2,climate_policy_package,"Today, I found the emphasis on community ownership and fairness in renewable projects compelling, as it aligns with my values of equity and sustainability. I support the ban on new oil and gas licenses and the 2030 petrol car phase-out, though I remain cautious about rural accessibility. The heat pump proposal reassures me about clean energy viability, while the carbon tax with a dividend seems fair but needs careful implementation. I strongly agree with compensating climate-affected countries. Reading others’ reflections reinforced my support for a balanced, equitable climate strategy, though I still need to work through policy details."
1635.0,3,climate_policy_package,"Today’s reflections reinforced my belief in a just and funded transition, particularly the emphasis on public investment and supporting workers in the offshore sector. I found the focus on domestic battery and EV manufacturing compelling as it turns the transition into an economic opportunity. I also agree that energy efficiency programs are cost-effective and essential for low-income households. The idea of using carbon tax revenue to protect households resonated with me, though I need to think more about implementation. I strongly support compensating climate-affected countries, as it aligns with my values of fairness and global harmony. Reading others’ perspectives deepened my appreciation for balancing urgency with responsibility, making me more open to a comprehensive climate strategy that prioritizes both environmental and social equity."
1635.0,4,climate_policy_package,"The messages I found most compelling were those emphasizing fuel poverty as a policy choice, the transition to clean energy, and targeted support for low-income households. I strongly agree with the focus on fairness, social equity, and a just transition. I also support the carbon tax with a dividend and climate finance commitments, as they align with my belief in linking climate action to social justice. While I remain open to refining implementation details, these messages have reinforced my support for the policy package. Reading others’ reflections has deepened my appreciation for balancing urgency with responsibility, and made me more confident in the overall approach."
1635.0,5,climate_policy_package,"Today’s reflections reinforced my belief in urgent and fair climate action, particularly the need to ban new fossil fuel licenses and support green jobs. I found the arguments for a petrol car ban and free energy upgrades for low-income households compelling, as they align with my values of equity and justice. While I remain cautious about a carbon tax with a dividend, the message gave me more confidence in its potential. I also strongly support compensating climate-impacted countries. Reading others’ perspectives made me more open to a balanced, inclusive approach to climate policy. My thinking shifted slightly toward embracing a comprehensive strategy that links environmental goals with social justice."
1382.0,1,climate_policy_package,"Today’s reflections reinforced my belief in long-term climate planning and the urgency of phasing out fossil fuels, particularly new oil and gas licenses. I found the argument for banning new petrol cars by 2030 more compelling now, especially with improved infrastructure support, though I still favor a gradual transition. The emphasis on social justice through housing upgrades and carbon taxation resonated strongly with my values. I also agree that climate compensation should complement, not replace, existing aid. While I remain cautious about abrupt policy shifts, the peer messages pushed me to reconsider the balance between urgency and practicality, making me more open to a comprehensive, ambitious approach."
1382.0,2,climate_policy_package,"Today’s reflections highlighted compelling messages on the urgency and fairness of climate action, especially the push for community ownership in renewables and ending new fossil fuel licenses. I found the 2035 petrol car ban more justifiable now, particularly with a 2027 cut-off, and the pairing of a carbon tax with fossil fuel restrictions as a strong policy combo. However, I still have reservations about the 2030 deadline and the fairness of historical emissions responsibility. My thinking shifted slightly toward supporting the 2030 ban when paired with infrastructure support, but I remain cautious about implementation timing and equity. Overall, the policy package feels more comprehensive and balanced than before."
1382.0,3,climate_policy_package,"Today’s reflections highlighted messages that strongly aligned with my values, such as the emphasis on public investment, just transition, and linking climate action to social justice. I found the idea of using carbon tax revenue for insulation, transport, and renewables compelling, as it addresses both environmental and affordability concerns. I also appreciated the focus on supporting vulnerable countries, though I remain cautious about ensuring fair and transparent distribution. My thinking shifted slightly, as the package now feels more ambitious and socially conscious, and I’m more open to elements like the petrol car ban when paired with support mechanisms. Overall, the discussions pushed me to reconsider my earlier reservations and recognize the need for balanced, inclusive policies."
1382.0,4,climate_policy_package,"Today’s reflections reinforced my belief in linking climate action to social justice, especially through policies like tackling fuel poverty and investing in clean energy. I found the arguments for withdrawing fossil fuel licenses and using carbon revenue to support the public compelling, as they align with my values of fairness and sustainability. I’m more open to a comprehensive climate package that balances urgency with equity, though I remain cautious about the speed of certain policies and the mechanisms for supporting poorer nations. Overall, the messages have shifted my thinking toward a more ambitious and socially conscious approach to climate action."
1382.0,5,climate_policy_package,"Today’s reflections highlight a growing alignment with policies that link climate action to social justice. I found the emphasis on green jobs, banning new fossil fuel licenses, and supporting low-income households through energy efficiency compelling, as they align with my values of equity and sustainability. The carbon tax idea, framed as a public benefit, also resonates. However, I remain cautious about the speed of the petrol car ban and the feasibility of climate compensation for poorer nations. My thinking has shifted toward viewing the policy package as more comprehensive and socially conscious, though some concerns persist."
1535.0,1,climate_policy_package,"Today’s messages reinforced my commitment to climate action, especially the push to halt new oil and gas licenses and ban petrol cars by 2030, which I now support more strongly due to the urgency of the crisis. I was moved by the link between cold homes and health inequalities, aligning with my values of social justice. The idea of border carbon adjustments was new but compelling, offering a strategic way to support domestic industries. I agree that loss and damage finance should complement, not replace, aid, reflecting my belief in fairness. Overall, the policy package feels aligned with my values, and I’m more convinced that bold, coordinated action is essential."
1535.0,2,climate_policy_package,"Today’s reflections reinforced my support for banning new fossil fuel licenses and phasing out petrol cars by 2035, as these align with my values of fairness and urgency in climate action. I was particularly moved by the emphasis on community ownership and the reliability of heat pumps, which challenged my previous doubts. The carbon tax with a dividend also resonated, especially the call for historical emission accountability. Overall, the policy package felt comprehensive and aligned with my commitment to environmental justice and long-term sustainability."
1535.0,3,climate_policy_package,"Today’s message resonated with my values, especially the focus on public investment in renewables, just transitions, and funding green jobs. I was moved by the integration of economic and environmental goals, such as domestic battery and EV manufacturing, and the national energy efficiency programme. The use of carbon tax revenue to support households and renewables felt more sustainable than temporary subsidies. While I still have some concerns about the economic impact of a carbon tax, I’m more convinced than before that the package balances urgency with fairness. The emphasis on global climate justice also reinforced my belief in shared responsibility."
1535.0,4,climate_policy_package,"Today’s reflections reinforced my support for policies that prioritize public investment in renewables and just transitions, especially the focus on funding green jobs and using carbon tax revenue for household support. I was moved by the integration of economic and environmental goals, like domestic battery and EV manufacturing, and the national energy efficiency programme. While I remain cautious about the economic impact of a carbon tax, I’m more convinced than before of its long-term sustainability and fairness. The emphasis on global climate justice also strengthened my belief in shared responsibility, though implementation remains a challenge. Overall, the package feels more balanced and aligned with my values of equity and long-term planning."
1535.0,5,climate_policy_package,"Today’s reflections reinforced my support for policies that prioritize public investment in renewables, just transitions, and climate justice. I found the emphasis on funding green jobs and using carbon tax revenue for insulation and public transport compelling, as it balances environmental and social goals. I’m encouraged by the focus on long-term planning and fairness. However, I remain cautious about the economic impact of a carbon tax, even with dividend distribution. Overall, the package feels more balanced and equitable than I initially thought, aligning with my values of care and responsibility."
1404.0,1,climate_policy_package,"Today’s reflections highlight my alignment with urgent, long-term climate action, especially renewable energy expansion and fairness in policy. I found the push for stopping new oil licenses and upgrading housing compelling, as they reflect equity and practical benefits. However, I remain cautious about rapid policies like the 2030 petrol ban, valuing stability over speed. The carbon tax idea is complex—while I support fairness, I worry about its impact on lower-income households. Reading others’ perspectives made me more aware of balancing ambition with practicality, and how values shape policy acceptance. My thinking shifted slightly toward considering more inclusive approaches that respect local concerns and economic realities."
1404.0,2,climate_policy_package,"Today’s reflections highlight a shift in my thinking. I found the emphasis on community ownership in renewable projects and the 2035 petrol car ban compelling, as they align with my values of fairness and long-term public health. I’m more open to accelerating climate action when it includes local benefits and structured support for affected workers and communities. While I still have concerns about economic impacts and complexity, the framing of policies with transparency and equity makes them more acceptable. Overall, I’m more willing to support ambitious policies if they’re paired with thoughtful, inclusive implementation. Reading others’ perspectives has reinforced the importance of balancing urgency with practicality and fairness."
1404.0,3,climate_policy_package,"Today’s reflections highlight a shift in my stance on climate policy. I found the arguments for urgent action, especially those emphasizing fairness, community involvement, and just transitions, compelling. I’m more open to banning new fossil fuel licenses and supporting green jobs, provided there’s a clear plan for workers. While I still find the 2030 petrol car ban too abrupt, framing it as part of a broader industrial shift makes it more credible. I’m also more receptive to green housing standards and a carbon tax, if they’re paired with transparency and support for lower-income households. Reading others’ perspectives made me rethink my earlier resistance, especially regarding the balance between urgency and practicality, and the importance of equitable transitions."
1404.0,4,climate_policy_package,"Today’s reflections made me more open to ambitious climate policies when paired with fairness and support. I found the focus on tackling fuel poverty and targeting scrappage support to low-income households compelling, as it aligns with my values of equity. Retrofitting at a street scale felt more practical and less disruptive, which I now support. The push to withdraw fossil fuel licenses resonated, especially if it includes worker support. While I remain cautious about carbon taxes, the emphasis on transparency and fairness made me slightly more receptive. I now see compensating other nations for climate impacts as more justifiable, especially with historical responsibility in mind. Overall, I’m more willing to support policies that balance urgency with thoughtful, equitable transitions."
1404.0,5,climate_policy_package,"Today’s reflections made me more open to accelerating renewable energy and banning new fossil fuel licenses, as they align with fairness and long-term climate credibility. I’m cautiously supportive of the 2030 petrol ban if it’s part of a broader transition, and I’m more willing to back free insulation and heat pumps for low-income households. The carbon tax feels more credible when framed with fairness and public investment. I’m also more open to compensating other nations for climate impacts, especially given historical responsibility. My thinking shifted toward valuing clear community support and transparency in policy design."
1045.0,1,climate_policy_package,"Today's messages deepened my reflection on balancing environmental urgency with social equity. I found the support for renewable energy and banning new fossil fuel licenses compelling, as they align with my views, but I pushed back on the strict housing mandates, seeing them as potentially exclusionary. The carbon tax idea resonated, though I now consider how to make it more just. I agree with compensating other countries but recognize the need for more nuanced aid structures. Overall, I've shifted toward valuing policies that are both ambitious and inclusive, adaptable to diverse communities."
1045.0,2,climate_policy_package,"Today’s reflections made me realize how different perspectives shape policy approaches. I found the push for banning new fossil fuel licenses compelling, but I also recognize concerns about fairness and economic impact. The debate on petrol car bans highlighted the tension between environmental goals and practical realities, especially for lower-income communities. I appreciate the emphasis on flexible, community-driven solutions, which makes me rethink how to balance ambition with inclusivity. The carbon tax idea is strong, but I now consider how to structure it more equitably. Overall, I’ve shifted toward valuing policies that are both environmentally sound and socially responsible."
1045.0,3,climate_policy_package,"Today's reflections made me realize how different perspectives shape policy approaches. I found the idea of banning new fossil fuel licenses compelling, but I also acknowledge concerns about fairness and economic impact. The debate on petrol car bans highlighted the tension between environmental goals and practical realities, especially for lower-income communities. I appreciated the push for flexible, community-driven solutions, which made me rethink how policies can be both ambitious and inclusive. The carbon tax idea is still compelling, but I now consider how to structure it more equitably. Overall, I've shifted toward valuing policies that are environmentally sound, socially responsible, and adaptable."
1045.0,4,climate_policy_package,"Today's messages made me reflect on how different perspectives shape policy. I found the idea of banning new fossil fuel licenses compelling, but I also recognize concerns about fairness and economic impact. The debate on petrol car bans highlighted the tension between environmental goals and practical realities, especially for lower-income communities. I appreciate flexible, community-driven solutions, which made me rethink how policies can be both ambitious and inclusive. The carbon tax idea is compelling, but I now consider how to structure it more equitably. Overall, I’ve shifted toward valuing policies that are environmentally sound, socially responsible, and adaptable."
1045.0,5,climate_policy_package,"Today’s messages reinforced my support for renewable energy and fossil fuel bans, aligning with my views on sustainability. However, I’ve grown more aware of the economic and social concerns raised by others, prompting me to think more carefully about balancing ambition with inclusivity. While I still support a carbon tax, I now see the need to structure it to protect vulnerable groups. The discussion on compensating other countries also made me rethink how to frame aid as both fair and effective. Overall, these reflections have pushed me to consider policies that are both urgent and thoughtful, ensuring they benefit everyone."
759.0,1,climate_policy_package,"Today's reflections highlighted the tension between environmental responsibility and economic practicality. I found the support for renewable energy and green housing compelling, as they align with my sustainability values. I considered the carbon fee and dividend model favorably, but questioned the fairness of banning new oil licenses. I pushed back on the idea of compensating other countries, as it seemed to detract from domestic action. My thinking shifted slightly toward the importance of balancing global cooperation with national self-reliance in climate policy."
759.0,2,climate_policy_package,"Today’s reflections highlighted the tension between environmental goals and economic realities. I found the emphasis on gradual change and local considerations compelling, as it aligns with my values of tradition and stability. I appreciated the focus on community impact and careful implementation, which made me question the fairness of policies like carbon taxes. While I remain skeptical of rapid policy shifts, I now see the value in balancing national responsibility with local solutions. My thinking hasn’t shifted significantly, but I’m more aware of the need for equitable and thoughtful policy design."
759.0,3,climate_policy_package,"Today’s reflections made me reconsider the balance between environmental action and local impact. I found the emphasis on gradual change and local considerations compelling, as it aligns with my values of tradition and stability. I appreciate the concern for communities and careful implementation, which resonates with my belief in respecting established ways. However, I pushed back on the idea that policies like carbon taxes and green housing standards are inherently fair, questioning whether they might overreach. My thinking shifted slightly toward valuing national responsibility and local solutions, recognizing the importance of global issues without compromising domestic stability."
759.0,4,climate_policy_package,"Today's messages made me reflect on how climate policies impact daily life and communities. I found the emphasis on gradual change and practical implementation compelling, as it aligns with my values of tradition and stability. I appreciate the focus on community concerns and careful planning, which I see as essential for maintaining proper behavior and respecting established ways. However, I remain cautious about policies like carbon taxes and green housing standards, questioning their fairness and potential for government overreach. My thinking hasn't shifted significantly, but I'm more aware of the need to balance global responsibility with local self-reliance."
759.0,5,climate_policy_package,"Today’s messages made me reflect on the balance between environmental action and economic stability. I found the emphasis on renewable energy and gradual change compelling, as it aligns with my values of sustainability and stability. I pushed back slightly on abrupt policies like petrol car bans, questioning their equity. The carbon fee and dividend idea intrigued me, but I remain cautious about its implementation. Overall, my thinking shifted toward advocating for more thoughtful, balanced policies that consider both environmental and economic realities."
71.0,1,climate_policy_package,"Today’s reflections made me appreciate the diverse perspectives on climate policy. I found the progressive message compelling for its vision of fairness and environmental responsibility, though I felt unsettled by its pace. The cautious and measured tone of the second and third messages resonated more with my balanced approach, especially their emphasis on tradition and careful implementation. This made me rethink how policies should balance environmental goals with economic and social impacts, and how they might affect different generations and communities. I now feel more committed to advocating for thoughtful, inclusive climate strategies."
71.0,2,climate_policy_package,"Today’s reflections made me consider how different people approach climate policy—some with urgency, others with caution. I found the progressive message compelling for its focus on fairness and environmental responsibility, though I felt unsettled by its rapid pace. The more cautious message resonated with my balanced approach, reinforcing my preference for gradual change that considers both environmental and economic impacts. I’m more aware now of the need for inclusive policies that respect both the planet and people’s needs, especially for older generations and those with limited resources. My thinking hasn’t shifted much, but I’m more thoughtful about balancing urgency with practicality."
71.0,3,climate_policy_package,"Today’s reflections made me consider how different people prioritize climate policies. The first message aligned with my values of fairness and environmental responsibility, but its urgency felt unsettling to me. The second message, with its cautious tone, resonated more with my balanced approach. I’ve come to value gradual change and the need to consider both environmental and economic impacts. These thoughts have deepened my awareness of the importance of inclusive, thoughtful policies that respect both people and the planet."
71.0,4,climate_policy_package,"Today’s reflections made me consider how different people prioritize climate policies. The first message aligned with my values of fairness and environmental responsibility, but its urgency felt unsettling. The second message, with its cautious tone, resonated more with my balanced approach. I’ve come to value gradual change and the need to consider both environmental and economic impacts. I’m also more aware of how policies can affect vulnerable groups, reinforcing the need for inclusive, thoughtful strategies."
71.0,5,climate_policy_package,"Today's reflections made me consider how different people approach climate policies. The first message aligned with my values of fairness and environmental responsibility, though its urgency felt unsettling to me. The second message, with its cautious tone, resonated more with my preference for gradual, balanced change. I’ve become more aware of the need for inclusive policies that consider both environmental goals and the impacts on everyday life, especially for vulnerable groups. My thinking hasn’t shifted much, but I’m more conscious of the importance of thoughtful, equitable approaches."
424.0,1,climate_policy_package,"The messages I found most compelling were those emphasizing practical, long-term climate action, like expanding renewables and phasing out new fossil fuel licenses, which align with my values of stability and gradual progress. I’m more convinced now about stopping new oil, gas, and coal licenses, especially during a climate emergency, but remain cautious about the 2030 petrol car ban due to its disruptive timeline. The focus on upgrading homes for health and energy savings resonates strongly, as it ties climate action to everyday well-being. I’m open to a carbon tax with border adjustments but wary of its complexity. While I appreciate the idea of separate climate compensation for poorer nations, I remain skeptical about its feasibility. Overall, the package feels more convincing when framed as a balanced, practical, and inclusive approach to climate action."
424.0,2,climate_policy_package,"Today’s reflections reinforced my belief in a balanced, inclusive approach to climate action. I found the push for community ownership in renewables and the 2035 petrol ban with a 2027 cut-off compelling, as they offer practical, fair pathways. I remain cautious about the carbon tax’s complexity but am more open to it if structured to be fair and paired with ending new fossil fuel licenses. My thinking shifted slightly toward embracing green housing standards if made affordable, and I now see the climate policy package as more credible when framed as a necessary, gradual, and inclusive transition."
424.0,3,climate_policy_package,"Today’s reflections highlight a shift in my thinking toward a more comprehensive and practical climate policy. I found the emphasis on public investment in renewables and banning new fossil fuel licenses compelling, as it aligns with my values of fairness and long-term sustainability. The 2030 petrol ban feels more reasonable with a 2027 cut-off, and I’m persuaded by the reliability of modern heat pumps. While I remain cautious about the carbon tax’s complexity and economic impact, the framing of it as a tool for public benefit and historical accountability makes it more palatable. Overall, the policy feels more credible as a balanced, necessary approach that respects both urgency and everyday realities."
424.0,4,climate_policy_package,"The messages I found compelling were those framing climate action as fair and practical, especially the focus on tackling fuel poverty and phasing out fossil fuel licenses. I appreciate the targeted scrappage support and community-based retrofitting, which feel more inclusive and manageable. The carbon tax, while complex, is seen as a fair way to end fossil fuel subsidies. I remain cautious about its implementation but am moved by the emphasis on fairness and climate finance. My thinking shifted slightly toward viewing the policy package as more balanced and inclusive, prioritizing gradual change and support for vulnerable groups."
424.0,5,climate_policy_package,"Today’s messages resonated with me, especially the framing of climate action as both economic and moral, which aligns with my values. I found the emphasis on green jobs, renewable energy, and banning new fossil fuel licenses compelling, as they address both urgency and fairness. The idea of free insulation and carbon taxes also struck a chord, though I still have some reservations about complexity. My thinking shifted slightly—I’m now more open to a 2030 petrol ban if paired with support, and I see green housing standards as more acceptable if framed as long-term benefits."
1213.0,1,climate_policy_package,"Today’s reflections highlight a mix of alignment and reconsideration. I found the emphasis on long-term renewable planning and phasing out fossil fuels compelling, reinforcing my belief in responsible action. The ban on petrol cars and support for vulnerable groups also resonated strongly. However, I pushed back slightly on the carbon tax and climate compensation, recognizing their complexity. The second message challenged my assumptions, making me more cautious about policies like the petrol car ban and insulation mandates, as they could disproportionately affect working families. Overall, my thinking shifted toward a more balanced approach that considers both environmental goals and economic fairness."
1213.0,2,climate_policy_package,"Today’s reflections made me reconsider the balance between environmental goals and economic fairness. I found the arguments against carbon taxes and renewable subsidies compelling, as they align with my concerns about responsible spending and fairness. I also pushed back on the idea of banning petrol cars, as it risks disproportionately affecting working families. My thinking shifted on the economic impacts of phasing out fossil fuels, making me more cautious about how policies are implemented. While I still support the transition to clean energy, I now see the need for a more inclusive and balanced approach that considers both sustainability and affordability."
1213.0,3,climate_policy_package,"The messages I found compelling include the emphasis on fairness, economic justice, and linking environmental action to social benefits, especially the idea of funding green jobs and compensating vulnerable countries. I’m more convinced that a just transition is essential, though I remain cautious about implementation pace and impact on local economies. I pushed back slightly on the idea of removing the carbon tax, preferring a structured approach that supports vulnerable communities. My thinking shifted toward a more balanced view, recognizing the need for both environmental urgency and economic fairness in policy design."
1213.0,4,climate_policy_package,"Today’s reflections made me reconsider the balance between environmental ambition and economic fairness in climate policy. I found the arguments for lowering bills through carbon tax cuts and phasing out the Renewable Obligation compelling, as they align with my belief in sustainable, practical investment. I also resonated with the emphasis on fairness, particularly regarding the impact of green mandates on working families and local communities. While I still support transitioning to renewables, I now recognize the need for a more balanced approach that considers both environmental goals and economic stability. My thinking shifted toward valuing policies that are not only effective but also socially just, especially in regions like Yorkshire where traditional industries play a vital role."
1213.0,5,climate_policy_package,"Today’s reflections made me more convinced of the importance of linking environmental action to social and economic justice. I found the emphasis on fair transitions, funding green jobs, and compensating vulnerable countries compelling, as they align with my values of equity and long-term planning. However, I remain cautious about the pace and implementation of policies like banning fossil fuel licenses and petrol car bans, as they could impact local economies and working families. The debate over mandates like solar panels and insulation made me more reflective on how policies affect real people, reinforcing the need for balanced, inclusive approaches. Overall, the messages have deepened my belief in a just transition, while also making me more aware of the complexities involved."
1496.0,1,climate_policy_package,"Today’s reflections made me more convinced of the urgency of climate action, especially the push for renewable energy and phasing out fossil fuels. I agree with the peer’s emphasis on fairness and sustainability, and found the idea of green housing standards compelling. However, I remain cautious about the carbon fee and dividend model, concerned about government oversight and equity. My thinking shifted toward seeing climate policy as deeply tied to social justice, reinforcing my belief in global responsibility."
1496.0,2,climate_policy_package,"Today’s reflections made me appreciate how much I value environmental action and fairness, and how many policies align with these values. I found the support for renewable energy, banning new fossil fuel licenses, and green housing standards compelling, as they resonate with my belief in sustainability and equity. I was intrigued by the gradual transition to banning petrol cars and the idea of compensating other countries, which reinforced my commitment to global justice. However, I remain cautious about the carbon fee and dividend, concerned about government oversight and fairness. Overall, the peer’s perspective deepened my understanding of climate action as both environmental and social, shifting my thinking toward a more holistic view of sustainability."
1496.0,4,climate_policy_package,"Reading my peer’s message reinforced my support for accelerating renewable energy and banning new fossil fuel licenses, as these align with my environmental and fairness values. However, I remain cautious about the 2030 petrol car ban, questioning its pace and practicality. I also share their skepticism about the carbon fee and dividend model, due to concerns over government intervention and equity. While their message heightened my awareness of the urgency of climate action, I still prioritize balancing moral imperatives with fairness and economic considerations."
1496.0,5,climate_policy_package,"Reading my peer's message deepened my thinking on balancing urgency and practicality in climate policy. I found their push for renewable energy and phasing out petrol cars compelling, as it aligns with my values, but I remain cautious about the feasibility and equity of such rapid changes. I agree with their emphasis on green housing standards, which I believe is essential for long-term sustainability. However, I share their skepticism about the carbon fee and dividend model, due to concerns about government overreach and fairness. Overall, their message reinforced the need for urgent climate action, while also making me more aware of the importance of balanced, equitable policy approaches."
