agent_id,day,phase,policy_id,package_scope,policy_ids_json,messages_received_json,messages_received_count,text
1923.0,1,P-A,ClimatePolicyID(3),,[],"[""I strongly support a government ban on the sale of new petrol cars by no later than 2030. Real Hope, Real Change means acting now to protect our future \u2014 cutting carbon, cleaning our air, and cutting the cost of motoring for ordinary families. Electric vehicles and public transport are now affordable and efficient; pairing the 2030 ban with free public transport for young people, massive home and community charging upgrades, and a national programme of insulation and retrofits will make the transition fair and fast.\n\nThis isn\u2019t about taking choices away \u2014 it\u2019s about freeing people from an unfair system where big oil and car giants profit while communities pay with poorer health and higher bills. A clear 2030 deadline gives businesses and local councils certainty to invest in green jobs, local manufacturing, and improved buses and trains. Let\u2019s make this a win for working families, for our NHS, and for every child\u2019s right to breathe clean air. For the Common Good: a secure, fairer, greener future for everyone.""]",1,"Hearing that argument makes me more sympathetic to a 2030 ban because it frames the change as about health, fairness and clear signals for investment rather than just environmental purism. I like the emphasis on pairing the ban with supportive measures — free public transport for young people, charging infrastructure, and home retrofits — because my main worry is the impact on lower-income households and people who can’t easily switch cars overnight. The point about giving councils and businesses certainty to invest in green jobs and local manufacturing also helps; if the policy is phased with strong public investment it feels less like a punitive move and more like a planned transition. At the same time I’m still cautious: I want to know concrete details about affordability, how used-car and rural transport markets will be protected, and whether the rollout will actually deliver on insulation and public transport improvements rather than leaving communities behind."
1923.0,2,P-A,ClimatePolicyID(3),,[],"[""I strongly support a government ban on the sale of new petrol cars by no later than 2030.\n\nThis is about real hope, real change \u2014 a fairer, greener way to cut bills, clean our air and protect young people's futures. Electric vehicles and public transport are now cheaper to run, and a clear 2030 deadline gives industry the certainty to ramp up green jobs and affordable EVs while phasing out the fossil fuel lobby\u2019s grip. But this must be done for the common good: alongside the ban we need massive investment in home and workplace charging, a national network of reliable, accessible public chargers, and support for low-income households and small businesses so no one is left behind.\n\nCrucially, bans should be paired with free or heavily discounted public transport for young people, expanded rail and safe cycling infrastructure, and a scrappage scheme targeted at those on low incomes. That way we make clean air for every school, cut household transport costs, and create thousands of skilled green jobs \u2014 a secure future for everyone. Fairer, greener communities deserve nothing less.""]",1,"Hearing this makes me more sympathetic to a 2030 ban than I was at first. Framing it around health, fairness and job certainty — not just environmental purism — helps: the idea that cleaner air for schools and lower running costs could benefit ordinary households is persuasive. I particularly like the commitment to pairing the ban with concrete support (charging infrastructure, free or cheap public transport for young people, targeted scrappage) because my main worry is the impact on lower‑income people and rural areas; if those measures are real and well‑funded, the policy feels less punitive and more like a planned, equitable transition. I’m still cautious, though: I need to see credible detail on affordability, protections for used‑car and rural transport markets, and guarantees that councils will actually deliver insulation, chargers and improved public transport rather than leaving communities behind."
1923.0,3,P-A,ClimatePolicyID(3),,[],"[""I strongly support a government ban on the sale of new petrol cars by no later than 2030. It\u2019s a bold, practical step that puts people and the planet first \u2014 cutting emissions, cleaning the air our children breathe, and ending the profiteering of fossil fuel corporations that keep bills and pollution high. With renewable energy now the cheapest power source and electric vehicles rapidly falling in price, a 2030 ban is about accelerating that fair transition, not punishment.\n\nBut a deadline alone won\u2019t deliver justice. To be truly fair, this policy must be paired with massive investment in affordable public charging, grants for low\u2011income drivers to replace old petrol cars, and a national push to boost public transport, walking and cycling. Public ownership of energy would keep charging costs low, while a wealth tax can fund job retraining in green industries and community-led retrofits. Together, these measures mean cleaner streets, cheaper running costs, and thousands of decent local jobs. Real Hope, Real Change \u2014 a secure future for everyone depends on acting now.""]",1,"Hearing this makes me more sympathetic to a 2030 ban than I was at first. Framing it around clear benefits — cleaner air, lower running costs, and decarbonisation — and tying it to concrete social measures (cheap public charging, grants for low‑income drivers, stronger public transport, retraining) addresses many of my equity concerns. I like the idea of funding through progressive measures like a wealth tax and using public ownership to keep charging costs down; that makes the transition feel less like a market‑led squeeze on ordinary people and more like a planned, collective shift. I’m still wary about rural areas and the used‑car market: unless there are credible, funded guarantees for charging in less densely populated places and protections for people who can’t switch quickly, my support would remain cautious. Overall, the message nudges me from conditional support toward more genuine support — provided the complementary policies are real, well‑funded and deliverable."
1923.0,4,P-A,ClimatePolicyID(3),,[],"[""I strongly support a government ban on the sale of new petrol cars by no later than 2030.\n\nThis is practical, bold and fair \u2014 exactly the kind of policy that puts people and planet first. Electric vehicles and zero-emission transport are now affordable and reliable; setting a clear 2030 deadline accelerates the shift we need while giving households, businesses and local councils time to adapt. More importantly, it must come with support to make the transition just: investment in public charging infrastructure, grants and low-interest loans for low-income families and renters, and massive spending on home insulation and affordable, frequent public transport so people aren\u2019t forced to choose between heat and a car.\n\nPhasing out petrol cars will cut bills, clean our air, and protect children\u2019s health. It will also break the power of fossil fuel interests profiting from climate delay. Let\u2019s choose Real Hope, Real Change \u2014 a fairer, greener Britain where a secure, healthy future is within reach for everyone.""]",1,"Hearing this tight, values-driven framing makes me more open to a 2030 ban than I was initially. Emphasising tangible benefits like cleaner air, lower running costs, and child health, combined with the promise of concrete supports — charging infrastructure, grants/loans for lower‑income households, insulation and better public transport — addresses many of my equity worries. I’d still want clear, enforceable guarantees: how will rural charging and the used‑car market be protected, what funding sources will pay for these supports, and what timelines ensure insulation and transit improvements actually happen before low‑income people are left worse off? If those details are credible and publicly funded in a progressive way, the policy feels more like a fair, collective transition than an imposed burden."
541.0,1,P-B,ClimatePolicyID(3),,[],"[""They want to ban the sale of new petrol cars by 2030? I oppose that utterly. This is another Net Zero diktat dreamed up in Westminster by the Green Blob \u2014 an out\u2011of\u2011touch, elitist project that punishes ordinary people while costing them a fortune. Working families, rural residents and small businesses rely on petrol cars for affordable, reliable transport. A 2030 ban will push up vehicle prices, leave motorists stranded by inadequate charging in the countryside, and hand more power to expensive foreign supply chains for batteries and rare minerals.\n\nInstead of imposing top\u2011down bans, politicians should scrap green levies, boost North Sea energy and let British drivers choose. Stop the War on Drivers: get rid of pointless 20mph rules and ULEZ expansions that act as stealth taxes on hardworking people. A rush to ban petrol cars risks wrecking family budgets and rural livelihoods \u2014 Net Zero is net poverty. Restore common sense: protect affordable motoring, back domestic energy, and put Britain\u2019s working people first.""]",1,"Reading that message raises a lot of the practical concerns I already worry about, and it makes me question whether a straight ban by 2030 would be implemented in a way that’s fair. The points about rural charging infrastructure and impacts on working families and small businesses ring true — if alternatives aren’t affordable and reliable, a ban could disproportionately hurt people like the ones described. At the same time, the writer frames everything as a Westminster/elitist conspiracy, which feels overly polarising and dismisses environmental urgency; I still think climate imperatives are real and policy will need teeth. The message also highlights supply‑chain and cost issues I hadn’t fully thought through, and it reminds me that any policy needs clear support measures (subsidies, rapid charging roll‑out, protections for rural drivers, and help for lower‑income households) to avoid becoming regressive."
541.0,2,P-B,ClimatePolicyID(3),,[],"[""They want to ban the sale of new petrol cars by 2030 \u2014 and they expect ordinary people to clap along while paying the price. I oppose this policy completely. It\u2019s another Net Zero diktat dreamed up by the Westminster bubble and the Green Blob, who think they can rewrite everyday life without paying the bill.\n\nAsk the farmer who needs a reliable vehicle at dawn, the tradesman who can\u2019t afford constant EV upgrades, or the pensioner who dreads charging and battery replacement costs. This policy hits working families and rural communities hardest. It\u2019s a tax on freedom disguised as virtue-signalling. Instead of forcing people into expensive, impractical cars, we should scrap green levies, boost home-grown energy, and invest in real innovation that lowers costs.\n\nWe must stop the War on Drivers. Keep petrol sales legal, protect our livelihoods, and focus on common-sense measures that cut bills not freedoms. Scrap Net Zero targets that punish ordinary people \u2014 restore Britain\u2019s power and prosperity.""]",1,"Reading that message heightens my worries about fairness and practicality — it reminds me that a straight ban could disproportionately hurt rural people, tradespeople, farmers and lower‑income households unless there are strong, well‑targeted support measures (subsidies, affordable used EVs, reliable rural charging, exemptions or transition provisions for essential work vehicles). At the same time, the writer’s polarised framing as an elitist “diktat” feels unhelpfully confrontational and downplays the real climate urgency that convinced me bans are worth serious consideration; it pushes me to want both firm environmental action and clear protections for vulnerable groups. Overall it makes me more insistent that any ban be paired with affordable alternatives, rapid infrastructure rollout, and targeted help for those most likely to be harmed."
541.0,3,P-B,ClimatePolicyID(3),,[],"[""Ban the sale of new petrol cars by 2030? Absolutely not. This is another top-down, out-of-touch diktat from the Westminster and Brussels-style elites who think they know better than hardworking British families. Forcing people to ditch reliable petrol cars on a fixed timetable slams ordinary folk \u2014 especially in rural towns and the North \u2014 with huge replacement costs, wrecks livelihoods for tradespeople and hauliers, and hands another advantage to big-city elites who can afford fast chargers and expensive electric models.\n\nWe should scrap this ideological crusade. Instead of punishing drivers with unrealistic bans and higher motoring costs, the government must focus on practical measures: beef up domestic energy production, remove green levies that inflate prices, invest in better, cost-effective transport where it makes sense, and let people choose how to get around. Don\u2019t let Net Zero bureaucrats dictate our lives and livelihoods. Say it plainly: Scrap the ban, stop the War on Drivers, and restore common-sense motoring policies that protect jobs and family budgets.""]",1,"Reading that makes me more anxious about fairness and implementation — the writer’s emphasis on rural households, tradespeople and low‑income families being hit hard reminds me a straight ban could have real, uneven costs unless there are strong, targeted support measures (subsidies, affordable used EV markets, exemptions for essential work vehicles, rapid rural charging rollout). At the same time the piece feels politically charged and dismissive of the climate urgency that convinced me we need decisive action; its “elitist diktat” framing pushes me to insist any policy be communicated and designed in a way that respects people’s livelihoods and avoids punitive outcomes. Overall it nudges me toward wanting both firm environmental action and clear, practical protections and transition help for vulnerable groups, rather than a blunt, uncompensated deadline."
541.0,4,P-B,ClimatePolicyID(3),,[],"[""Ban the sale of new petrol cars by 2030? I oppose it \u2014 strongly.\n\nThis isn\u2019t about the environment, it\u2019s about Westminster elites forcing their ideology on hardworking people. Families who need a reliable car for work, farmers who tow trailers down country lanes, tradespeople who can\u2019t afford to replace tools and vans every few years \u2014 they\u2019ll be hit hardest. The Green Blob\u2019s plan will jack up vehicle costs, punish drivers with higher insurance and repair bills, and leave rural communities stranded with inadequate charging and patchy power supplies.\n\nInstead of imposing an arbitrary deadline, the government should focus on practical solutions: expand domestic energy production, scrap green levies that inflate running costs, and invest in realistic infrastructure so people can choose cleaner cars when it makes sense for them. Don\u2019t make ordinary Brits pay the price for a political fad dreamed up in Whitehall.\n\nNet Zero is turning into Net Poverty. Scrap these bans, protect jobs, and restore common sense to transport policy. Stop the war on drivers.""]",1,"Reading that message raises a lot of practical fairness concerns I already worry about — if a straight ban by 2030 is imposed without affordable, reliable alternatives and clear support measures (subsidies, rapid charging roll‑out, protections for rural drivers and low‑income households), it could unfairly hurt working families and small businesses. The writer’s Westminster/elitist framing feels a bit polarising and dismissive of the environmental urgency that convinces me we need decisive action; I accept climate imperatives and think policy must be enforceable. Overall this nudges me toward wanting both firm environmental action and clear, practical protections and transition help for vulnerable groups, rather than a blunt, uncompensated deadline."
1545.0,1,P-B,ClimatePolicyID(3),,[],"[""They want to ban the sale of new petrol cars by 2030? I oppose that utterly. This is another Net Zero diktat dreamed up in Westminster by the Green Blob \u2014 an out\u2011of\u2011touch, elitist project that punishes ordinary people while costing them a fortune. Working families, rural residents and small businesses rely on petrol cars for affordable, reliable transport. A 2030 ban will push up vehicle prices, leave motorists stranded by inadequate charging in the countryside, and hand more power to expensive foreign supply chains for batteries and rare minerals.\n\nInstead of imposing top\u2011down bans, politicians should scrap green levies, boost North Sea energy and let British drivers choose. Stop the War on Drivers: get rid of pointless 20mph rules and ULEZ expansions that act as stealth taxes on hardworking people. A rush to ban petrol cars risks wrecking family budgets and rural livelihoods \u2014 Net Zero is net poverty. Restore common sense: protect affordable motoring, back domestic energy, and put Britain\u2019s working people first.""]",1,"Reading that message reinforces some of my existing worries. I agree the transition feels top‑down and worry it could hit ordinary families and rural drivers harder — the points about charging infrastructure and higher upfront costs for EVs are exactly my concern as a parent who wants reliable, affordable transport. At the same time, I still think reducing pollution and protecting the environment for my kids matters, so I’m torn: I don’t want policymakers to ignore people who’ll struggle with the change, but I also don’t want to block progress that could benefit public health and the planet. The rhetoric about “Net Zero = net poverty” feels a bit extreme and dismissive of environmental benefits, but the criticism about levies, ULEZ expansions and reliance on foreign supply chains makes me want clearer, fairer implementation and more support for people who’ll be affected."
1545.0,2,P-B,ClimatePolicyID(3),,[],"[""They want to ban the sale of new petrol cars by 2030 \u2014 and they expect ordinary people to clap along while paying the price. I oppose this policy completely. It\u2019s another Net Zero diktat dreamed up by the Westminster bubble and the Green Blob, who think they can rewrite everyday life without paying the bill.\n\nAsk the farmer who needs a reliable vehicle at dawn, the tradesman who can\u2019t afford constant EV upgrades, or the pensioner who dreads charging and battery replacement costs. This policy hits working families and rural communities hardest. It\u2019s a tax on freedom disguised as virtue-signalling. Instead of forcing people into expensive, impractical cars, we should scrap green levies, boost home-grown energy, and invest in real innovation that lowers costs.\n\nWe must stop the War on Drivers. Keep petrol sales legal, protect our livelihoods, and focus on common-sense measures that cut bills not freedoms. Scrap Net Zero targets that punish ordinary people \u2014 restore Britain\u2019s power and prosperity.""]",1,"Reading that message sharpens the tensions I already felt. It reminds me that the 2030 deadline could look and feel very top-down to people who rely on petrol vehicles for work or live in areas with poor charging infrastructure — that aligns with my worry about ordinary families and rural drivers being hit hardest. At the same time, the language about “tax on freedom” and “diktat” seems a bit overblown; I still accept the basic rationale for shifting away from petrol to reduce pollution for my kids’ future. What matters to me is whether the policy is implemented fairly: realistic timelines, more support for tradespeople and rural areas, better charging roll-out, and measures to keep costs down so the transition isn’t disproportionately burdensome."
1545.0,3,P-B,ClimatePolicyID(3),,[],"[""Ban the sale of new petrol cars by 2030? Absolutely not. This is another top-down, out-of-touch diktat from the Westminster and Brussels-style elites who think they know better than hardworking British families. Forcing people to ditch reliable petrol cars on a fixed timetable slams ordinary folk \u2014 especially in rural towns and the North \u2014 with huge replacement costs, wrecks livelihoods for tradespeople and hauliers, and hands another advantage to big-city elites who can afford fast chargers and expensive electric models.\n\nWe should scrap this ideological crusade. Instead of punishing drivers with unrealistic bans and higher motoring costs, the government must focus on practical measures: beef up domestic energy production, remove green levies that inflate prices, invest in better, cost-effective transport where it makes sense, and let people choose how to get around. Don\u2019t let Net Zero bureaucrats dictate our lives and livelihoods. Say it plainly: Scrap the ban, stop the War on Drivers, and restore common-sense motoring policies that protect jobs and family budgets.""]",1,"Reading that message sharpens the tensions I already felt. It highlights real practical concerns — replacement costs, impacts on tradespeople and rural drivers, and unequal access to charging — which make the 2030 deadline feel potentially unfair if the infrastructure and support aren’t in place. At the same time, the rhetoric about “diktat” and “War on Drivers” feels exaggerated and polarising; I still accept the basic rationale for reducing pollution for my kids’ future. What matters to me is whether the policy is implemented fairly and realistically: adequate support for lower-income and rural households, better charging rollout, realistic timelines or exemptions for certain vehicle types, and measures to keep costs down so the transition doesn’t disproportionately burden ordinary families."
1545.0,4,P-B,ClimatePolicyID(3),,[],"[""Ban the sale of new petrol cars by 2030? I oppose it \u2014 strongly.\n\nThis isn\u2019t about the environment, it\u2019s about Westminster elites forcing their ideology on hardworking people. Families who need a reliable car for work, farmers who tow trailers down country lanes, tradespeople who can\u2019t afford to replace tools and vans every few years \u2014 they\u2019ll be hit hardest. The Green Blob\u2019s plan will jack up vehicle costs, punish drivers with higher insurance and repair bills, and leave rural communities stranded with inadequate charging and patchy power supplies.\n\nInstead of imposing an arbitrary deadline, the government should focus on practical solutions: expand domestic energy production, scrap green levies that inflate running costs, and invest in realistic infrastructure so people can choose cleaner cars when it makes sense for them. Don\u2019t make ordinary Brits pay the price for a political fad dreamed up in Whitehall.\n\nNet Zero is turning into Net Poverty. Scrap these bans, protect jobs, and restore common sense to transport policy. Stop the war on drivers.""]",1,"Reading that message sharpens the practical worries I already had about the 2030 ban — it draws out real concerns about tradespeople, rural drivers and families who rely on cars and might face high replacement costs or patchy charging. The tone feels quite polarised and conspiratorial though, and some claims (like “Green Blob” or “war on drivers”) seem exaggerated; that makes me wary of dismissing the policy outright on the strength of this rhetoric. What matters to me is whether the transition will be fair and realistic: credible plans for charging in rural areas, targeted support for lower‑income households and tradespeople, exemptions or pragmatic flexibility where technology or infrastructure lag, and measures to avoid regressive cost increases. If those practical gaps aren’t addressed, my reservations about such an early deadline would grow; if they are, I’d feel more comfortable supporting the move even if I’m cautious about the speed."
1821.0,1,P-B,ClimatePolicyID(3),,[],"[""They want to ban the sale of new petrol cars by 2030? I oppose that utterly. This is another Net Zero diktat dreamed up in Westminster by the Green Blob \u2014 an out\u2011of\u2011touch, elitist project that punishes ordinary people while costing them a fortune. Working families, rural residents and small businesses rely on petrol cars for affordable, reliable transport. A 2030 ban will push up vehicle prices, leave motorists stranded by inadequate charging in the countryside, and hand more power to expensive foreign supply chains for batteries and rare minerals.\n\nInstead of imposing top\u2011down bans, politicians should scrap green levies, boost North Sea energy and let British drivers choose. Stop the War on Drivers: get rid of pointless 20mph rules and ULEZ expansions that act as stealth taxes on hardworking people. A rush to ban petrol cars risks wrecking family budgets and rural livelihoods \u2014 Net Zero is net poverty. Restore common sense: protect affordable motoring, back domestic energy, and put Britain\u2019s working people first.""]",1,"This message highlights several practical equity and regional-access concerns that resonate with my values about protecting ordinary people and making transitions fair. It reminds me to weigh the environmental benefits of a 2030 petrol-car ban against the likely economic impacts on working families, rural households, and small businesses in the North West who may face higher upfront vehicle costs and patchy charging infrastructure. The tone — accusing “elites” and calling it a “diktat” — also triggers my skepticism of top-down policies that don’t feel locally accountable; it makes me want assurances that policy will include support measures (subsidies, rural charging rollout, help for tradespeople and small firms) before I can fully endorse such a deadline. At the same time, I still care deeply about urgent climate action, so I’m balancing frustration about possible unfair burdens with a recognition that large-scale change is necessary — I’d be persuaded more by a phased, well-funded, equitable transition that protects livelihoods and access."
1821.0,2,P-B,ClimatePolicyID(3),,[],"[""They want to ban the sale of new petrol cars by 2030 \u2014 and they expect ordinary people to clap along while paying the price. I oppose this policy completely. It\u2019s another Net Zero diktat dreamed up by the Westminster bubble and the Green Blob, who think they can rewrite everyday life without paying the bill.\n\nAsk the farmer who needs a reliable vehicle at dawn, the tradesman who can\u2019t afford constant EV upgrades, or the pensioner who dreads charging and battery replacement costs. This policy hits working families and rural communities hardest. It\u2019s a tax on freedom disguised as virtue-signalling. Instead of forcing people into expensive, impractical cars, we should scrap green levies, boost home-grown energy, and invest in real innovation that lowers costs.\n\nWe must stop the War on Drivers. Keep petrol sales legal, protect our livelihoods, and focus on common-sense measures that cut bills not freedoms. Scrap Net Zero targets that punish ordinary people \u2014 restore Britain\u2019s power and prosperity.""]",1,"This message sharpens my concerns about a straight 2030 ban — it makes me imagine the real people I care about: farmers, tradespeople and families in the North West who might face higher costs and patchy charging infrastructure. I still want strong climate action, but hearing it framed as a top-down “diktat” reinforces my worry that a hard deadline could be unfair without support measures (subsidies, rural charging rollout, help for small businesses). At the same time, the reminder that innovation and lowering costs matter pushes me to favour a phased, well-funded transition that protects livelihoods rather than an immediate, uncompensated ban."
1821.0,3,P-B,ClimatePolicyID(3),,[],"[""Ban the sale of new petrol cars by 2030? Absolutely not. This is another top-down, out-of-touch diktat from the Westminster and Brussels-style elites who think they know better than hardworking British families. Forcing people to ditch reliable petrol cars on a fixed timetable slams ordinary folk \u2014 especially in rural towns and the North \u2014 with huge replacement costs, wrecks livelihoods for tradespeople and hauliers, and hands another advantage to big-city elites who can afford fast chargers and expensive electric models.\n\nWe should scrap this ideological crusade. Instead of punishing drivers with unrealistic bans and higher motoring costs, the government must focus on practical measures: beef up domestic energy production, remove green levies that inflate prices, invest in better, cost-effective transport where it makes sense, and let people choose how to get around. Don\u2019t let Net Zero bureaucrats dictate our lives and livelihoods. Say it plainly: Scrap the ban, stop the War on Drivers, and restore common-sense motoring policies that protect jobs and family budgets.""]",1,"This message sharpens my worries about a straight 2030 ban being imposed as a one-size-fits-all rule. Hearing it framed as a “top-down” diktat makes me picture the families, tradespeople and small businesses in the North West I care about who could face big replacement costs and patchy charging options — that feels unfair without strong, targeted support. At the same time, the argument about investing in practical infrastructure and avoiding extra levies resonates: I want climate action, but only if it’s paired with real help (subsidies, rural charging rollout, support for trades and hauliers) so the transition doesn’t punish lower- and middle-income households. The line about protecting jobs and family budgets reinforces my preference for a phased, well-funded approach rather than an abrupt ban, though the claim that it’s purely an elite imposition makes me want to examine the evidence on who actually benefits from existing proposals."
1821.0,4,P-B,ClimatePolicyID(3),,[],"[""Ban the sale of new petrol cars by 2030? I oppose it \u2014 strongly.\n\nThis isn\u2019t about the environment, it\u2019s about Westminster elites forcing their ideology on hardworking people. Families who need a reliable car for work, farmers who tow trailers down country lanes, tradespeople who can\u2019t afford to replace tools and vans every few years \u2014 they\u2019ll be hit hardest. The Green Blob\u2019s plan will jack up vehicle costs, punish drivers with higher insurance and repair bills, and leave rural communities stranded with inadequate charging and patchy power supplies.\n\nInstead of imposing an arbitrary deadline, the government should focus on practical solutions: expand domestic energy production, scrap green levies that inflate running costs, and invest in realistic infrastructure so people can choose cleaner cars when it makes sense for them. Don\u2019t make ordinary Brits pay the price for a political fad dreamed up in Whitehall.\n\nNet Zero is turning into Net Poverty. Scrap these bans, protect jobs, and restore common sense to transport policy. Stop the war on drivers.""]",1,"Reading that message sharpens the parts of my view that worry about fairness and practicality. It frames the 2030 ban as a top-down imposition that could hit working families, tradespeople and rural communities hardest — exactly the people I’m most concerned about — which makes me more wary of a straight, across-the-board deadline unless strong supports are guaranteed. The claim that costs will rise and charging will be patchy in rural areas echoes my own doubts about readiness and affordability, though the message’s “elite vs hardworking people” tone pushes me to check facts rather than accept the political framing wholesale. It also reminds me to weigh the environmental urgency against real economic impacts: I still want rapid climate action, but I’m leaning toward supporting policies only if they include clear, well-funded measures (subsidies, rural charging rollout, help for trades and small businesses) to prevent disproportionate hardship."
574.0,1,P-B,ClimatePolicyID(3),,[],"[""They want to ban the sale of new petrol cars by 2030? I oppose that utterly. This is another Net Zero diktat dreamed up in Westminster by the Green Blob \u2014 an out\u2011of\u2011touch, elitist project that punishes ordinary people while costing them a fortune. Working families, rural residents and small businesses rely on petrol cars for affordable, reliable transport. A 2030 ban will push up vehicle prices, leave motorists stranded by inadequate charging in the countryside, and hand more power to expensive foreign supply chains for batteries and rare minerals.\n\nInstead of imposing top\u2011down bans, politicians should scrap green levies, boost North Sea energy and let British drivers choose. Stop the War on Drivers: get rid of pointless 20mph rules and ULEZ expansions that act as stealth taxes on hardworking people. A rush to ban petrol cars risks wrecking family budgets and rural livelihoods \u2014 Net Zero is net poverty. Restore common sense: protect affordable motoring, back domestic energy, and put Britain\u2019s working people first.""]",1,"I can’t share my internal chain-of-thought or private deliberative reasoning. But I can provide a concise, clear reflection in a few sentences that summarizes how that message might influence my thinking about banning new petrol car sales by 2030.

The message emphasizes costs to ordinary people, rural charging gaps, and reliance on foreign supply chains — all practical concerns that resonate with my cautious, cost-aware perspective. It reinforces my worry that a hard 2030 deadline could be unrealistic and economically painful for lower-income households unless measures ensure affordability, better charging infrastructure, and support for domestic supply chains. At the same time, it feels a bit combative and broadly framed; I’d want to weigh these worries against the benefits of cleaner air and long-term environmental gains, and consider whether a more gradual, well-supported transition could address both sets of concerns."
574.0,2,P-B,ClimatePolicyID(3),,[],"[""They want to ban the sale of new petrol cars by 2030 \u2014 and they expect ordinary people to clap along while paying the price. I oppose this policy completely. It\u2019s another Net Zero diktat dreamed up by the Westminster bubble and the Green Blob, who think they can rewrite everyday life without paying the bill.\n\nAsk the farmer who needs a reliable vehicle at dawn, the tradesman who can\u2019t afford constant EV upgrades, or the pensioner who dreads charging and battery replacement costs. This policy hits working families and rural communities hardest. It\u2019s a tax on freedom disguised as virtue-signalling. Instead of forcing people into expensive, impractical cars, we should scrap green levies, boost home-grown energy, and invest in real innovation that lowers costs.\n\nWe must stop the War on Drivers. Keep petrol sales legal, protect our livelihoods, and focus on common-sense measures that cut bills not freedoms. Scrap Net Zero targets that punish ordinary people \u2014 restore Britain\u2019s power and prosperity.""]",1,"This message sharpens my worries that a strict 2030 ban risks hitting people who rely on vehicles for work or live in rural areas where charging is patchy. The tone makes me more attentive to the affordability and practicality issues — battery replacement, upfront costs, and unreliable access to chargers — and to the political perception that the policy is being imposed by elites disconnected from everyday realities. At the same time, the message feels somewhat one-sided and alarmist; I still want to balance these concerns against environmental and public-health benefits, and consider whether targeted support (subsidies, better rural charging, exemptions or phased implementation) could make the transition fairer."
574.0,3,P-B,ClimatePolicyID(3),,[],"[""Ban the sale of new petrol cars by 2030? Absolutely not. This is another top-down, out-of-touch diktat from the Westminster and Brussels-style elites who think they know better than hardworking British families. Forcing people to ditch reliable petrol cars on a fixed timetable slams ordinary folk \u2014 especially in rural towns and the North \u2014 with huge replacement costs, wrecks livelihoods for tradespeople and hauliers, and hands another advantage to big-city elites who can afford fast chargers and expensive electric models.\n\nWe should scrap this ideological crusade. Instead of punishing drivers with unrealistic bans and higher motoring costs, the government must focus on practical measures: beef up domestic energy production, remove green levies that inflate prices, invest in better, cost-effective transport where it makes sense, and let people choose how to get around. Don\u2019t let Net Zero bureaucrats dictate our lives and livelihoods. Say it plainly: Scrap the ban, stop the War on Drivers, and restore common-sense motoring policies that protect jobs and family budgets.""]",1,"This message sharpens my worries about a strict 2030 ban. It makes the affordability and practical access issues feel more immediate — battery replacement, higher upfront costs, and patchy rural charging really could hit people on modest incomes and those who use vehicles for work. It also taps into my distrust of top-down decisions from distant elites and the sense that a hard deadline could favour city-dwellers who can more easily afford EVs and chargers.

At the same time, the tone is quite combative and one-sided, which makes me question whether it’s overstating the harms and ignoring benefits like cleaner air and long-term running-cost savings. I’m leaning toward thinking the policy needs more nuance — stronger support for rural charging, targeted subsidies, or a phased approach — rather than an absolute abolition or unconditional defence."
574.0,4,P-B,ClimatePolicyID(3),,[],"[""Ban the sale of new petrol cars by 2030? I oppose it \u2014 strongly.\n\nThis isn\u2019t about the environment, it\u2019s about Westminster elites forcing their ideology on hardworking people. Families who need a reliable car for work, farmers who tow trailers down country lanes, tradespeople who can\u2019t afford to replace tools and vans every few years \u2014 they\u2019ll be hit hardest. The Green Blob\u2019s plan will jack up vehicle costs, punish drivers with higher insurance and repair bills, and leave rural communities stranded with inadequate charging and patchy power supplies.\n\nInstead of imposing an arbitrary deadline, the government should focus on practical solutions: expand domestic energy production, scrap green levies that inflate running costs, and invest in realistic infrastructure so people can choose cleaner cars when it makes sense for them. Don\u2019t make ordinary Brits pay the price for a political fad dreamed up in Whitehall.\n\nNet Zero is turning into Net Poverty. Scrap these bans, protect jobs, and restore common sense to transport policy. Stop the war on drivers.""]",1,"This message sharpens my worries about a strict 2030 ban — it makes the affordability and practical access issues feel more immediate, especially for people on modest incomes who rely on cars for work or live in rural areas with patchy charging. The tone also taps into my scepticism of top-down decisions from distant elites and raises a legitimate point about needing support for tradespeople and farmers. At the same time, the combative, one-sided language makes me question whether it’s overstating harms and ignoring benefits like cleaner air and long-term running-cost savings; that nudges me toward preferring a more nuanced, well-supported transition rather than an absolute, uncompromising deadline."
771.0,1,P-B,ClimatePolicyID(3),,[],"[""They want to ban the sale of new petrol cars by 2030? I oppose that utterly. This is another Net Zero diktat dreamed up in Westminster by the Green Blob \u2014 an out\u2011of\u2011touch, elitist project that punishes ordinary people while costing them a fortune. Working families, rural residents and small businesses rely on petrol cars for affordable, reliable transport. A 2030 ban will push up vehicle prices, leave motorists stranded by inadequate charging in the countryside, and hand more power to expensive foreign supply chains for batteries and rare minerals.\n\nInstead of imposing top\u2011down bans, politicians should scrap green levies, boost North Sea energy and let British drivers choose. Stop the War on Drivers: get rid of pointless 20mph rules and ULEZ expansions that act as stealth taxes on hardworking people. A rush to ban petrol cars risks wrecking family budgets and rural livelihoods \u2014 Net Zero is net poverty. Restore common sense: protect affordable motoring, back domestic energy, and put Britain\u2019s working people first.""]",1,"Reading that message reinforces my existing concerns. It frames the 2030 ban as an elitist, top‑down policy that will hit ordinary people — especially rural families and small businesses — hardest, which resonates with my suspicion of authority and of Westminster making one‑size‑fits‑all rules. The points about higher vehicle prices, patchy rural charging and reliance on foreign supply chains bring practical worries to mind: can I or people I know realistically afford or access an EV, and will the infrastructure be there? At the same time, I recognise the need to address emissions, so I’m also wondering whether there are less disruptive ways to achieve reductions without imposing what feels like an unfair, fast timetable."
771.0,2,P-B,ClimatePolicyID(3),,[],"[""They want to ban the sale of new petrol cars by 2030 \u2014 and they expect ordinary people to clap along while paying the price. I oppose this policy completely. It\u2019s another Net Zero diktat dreamed up by the Westminster bubble and the Green Blob, who think they can rewrite everyday life without paying the bill.\n\nAsk the farmer who needs a reliable vehicle at dawn, the tradesman who can\u2019t afford constant EV upgrades, or the pensioner who dreads charging and battery replacement costs. This policy hits working families and rural communities hardest. It\u2019s a tax on freedom disguised as virtue-signalling. Instead of forcing people into expensive, impractical cars, we should scrap green levies, boost home-grown energy, and invest in real innovation that lowers costs.\n\nWe must stop the War on Drivers. Keep petrol sales legal, protect our livelihoods, and focus on common-sense measures that cut bills not freedoms. Scrap Net Zero targets that punish ordinary people \u2014 restore Britain\u2019s power and prosperity.""]",1,"Reading that message reinforces my worries that the 2030 ban feels like another top-down rule made without enough regard for people like me and my community. The examples of farmers, tradesmen and pensioners make the practical problems more concrete — I worry about whether reliable rural charging and affordable vehicles will actually be there, and whether unexpected costs (batteries, repairs) will hit household budgets. At the same time, I recognise the need to reduce emissions, so I’m torn: part of me thinks we need cleaner transport, but I’m skeptical that a rigid 2030 cutoff is the fairest or most realistic way to get there. I keep coming back to whether there are less disruptive, more gradual or better-funded alternatives that protect livelihoods while still cutting emissions."
771.0,3,P-B,ClimatePolicyID(3),,[],"[""Ban the sale of new petrol cars by 2030? Absolutely not. This is another top-down, out-of-touch diktat from the Westminster and Brussels-style elites who think they know better than hardworking British families. Forcing people to ditch reliable petrol cars on a fixed timetable slams ordinary folk \u2014 especially in rural towns and the North \u2014 with huge replacement costs, wrecks livelihoods for tradespeople and hauliers, and hands another advantage to big-city elites who can afford fast chargers and expensive electric models.\n\nWe should scrap this ideological crusade. Instead of punishing drivers with unrealistic bans and higher motoring costs, the government must focus on practical measures: beef up domestic energy production, remove green levies that inflate prices, invest in better, cost-effective transport where it makes sense, and let people choose how to get around. Don\u2019t let Net Zero bureaucrats dictate our lives and livelihoods. Say it plainly: Scrap the ban, stop the War on Drivers, and restore common-sense motoring policies that protect jobs and family budgets.""]",1,"Reading that message sharpens the worries I already have about a 2030 ban being a heavy‑handed, top‑down decision that doesn’t feel rooted in everyday reality. It makes the cost and practical problems more concrete — replacement bills, patchy rural charging, and the impact on tradespeople and hauliers — so I’m even more doubtful that this timetable is fair or realistic for people like me and my community. At the same time, the note about investing in domestic energy and better targeted transport resonates a bit, because I do accept we need lower emissions but prefer solutions that protect jobs and family budgets. Overall it pushes me further toward wanting a more gradual, better‑funded, and locally sensitive approach rather than an abrupt, centrally imposed cutoff."
771.0,4,P-B,ClimatePolicyID(3),,[],"[""Ban the sale of new petrol cars by 2030? I oppose it \u2014 strongly.\n\nThis isn\u2019t about the environment, it\u2019s about Westminster elites forcing their ideology on hardworking people. Families who need a reliable car for work, farmers who tow trailers down country lanes, tradespeople who can\u2019t afford to replace tools and vans every few years \u2014 they\u2019ll be hit hardest. The Green Blob\u2019s plan will jack up vehicle costs, punish drivers with higher insurance and repair bills, and leave rural communities stranded with inadequate charging and patchy power supplies.\n\nInstead of imposing an arbitrary deadline, the government should focus on practical solutions: expand domestic energy production, scrap green levies that inflate running costs, and invest in realistic infrastructure so people can choose cleaner cars when it makes sense for them. Don\u2019t make ordinary Brits pay the price for a political fad dreamed up in Whitehall.\n\nNet Zero is turning into Net Poverty. Scrap these bans, protect jobs, and restore common sense to transport policy. Stop the war on drivers.""]",1,"Reading that message makes my worries about a 2030 ban feel more immediate and personal — it highlights the strain on families, tradespeople and rural communities who rely on versatile, affordable petrol vehicles and for whom charging or replacing a van isn’t simple. It reinforces my sense that the policy looks top‑down and elitist, and that infrastructure and costs aren’t being fairly addressed, so I’m more inclined to want slower, better‑funded, locally sensitive measures rather than a hard deadline. At the same time the note about expanding domestic energy and removing punitive levies rings true: I do want emissions reduced, but only if the transition protects jobs, household budgets and rural access."
991.0,1,P-A,ClimatePolicyID(3),,[],"[""I strongly support a government ban on the sale of new petrol cars by no later than 2030. Real Hope, Real Change means acting now to protect our future \u2014 cutting carbon, cleaning our air, and cutting the cost of motoring for ordinary families. Electric vehicles and public transport are now affordable and efficient; pairing the 2030 ban with free public transport for young people, massive home and community charging upgrades, and a national programme of insulation and retrofits will make the transition fair and fast.\n\nThis isn\u2019t about taking choices away \u2014 it\u2019s about freeing people from an unfair system where big oil and car giants profit while communities pay with poorer health and higher bills. A clear 2030 deadline gives businesses and local councils certainty to invest in green jobs, local manufacturing, and improved buses and trains. Let\u2019s make this a win for working families, for our NHS, and for every child\u2019s right to breathe clean air. For the Common Good: a secure, fairer, greener future for everyone.""]",1,"I can see the environmental and health benefits in what they're saying — cleaner air, lower carbon, and potential savings on fuel. The mention of pairing a 2030 ban with support measures (free public transport for young people, charging upgrades, insulation programmes) matters a lot to me; without those supports the transition could feel unfair and costly for families on low incomes. As a parent on a tight household budget who relies on a car in Yorkshire, I worry about affordability and whether used petrol cars or affordable EV options will still be available. The promise of green jobs and better public transport sounds appealing, but I'm skeptical about whether rollout and funding would really reach people like me. Overall, the argument nudges me toward being more sympathetic, but the practical details and fairness measures would heavily influence how much I’d back a firm 2030 deadline."
991.0,1,P-B,ClimatePolicyID(3),,[],"[""They want to ban the sale of new petrol cars by 2030? I oppose that utterly. This is another Net Zero diktat dreamed up in Westminster by the Green Blob \u2014 an out\u2011of\u2011touch, elitist project that punishes ordinary people while costing them a fortune. Working families, rural residents and small businesses rely on petrol cars for affordable, reliable transport. A 2030 ban will push up vehicle prices, leave motorists stranded by inadequate charging in the countryside, and hand more power to expensive foreign supply chains for batteries and rare minerals.\n\nInstead of imposing top\u2011down bans, politicians should scrap green levies, boost North Sea energy and let British drivers choose. Stop the War on Drivers: get rid of pointless 20mph rules and ULEZ expansions that act as stealth taxes on hardworking people. A rush to ban petrol cars risks wrecking family budgets and rural livelihoods \u2014 Net Zero is net poverty. Restore common sense: protect affordable motoring, back domestic energy, and put Britain\u2019s working people first.""]",1,"This message taps into my worries about fairness and practicality — I already worry a 2030 ban could hit families on low incomes and rural folk who need reliable cars, so the points about stranded motorists, inadequate rural charging, and higher costs reinforce my skepticism. The claim that it’s an elitist Westminster measure resonates with my distrust of distant authorities making big choices for people like me. At the same time, some arguments (like boosting local energy and avoiding heavy-handed bans) seem worth considering if they help make any transition more affordable and realistic. Overall it makes me lean more towards wanting strong protections and support for lower‑income and rural households before I'd accept a strict 2030 cutoff."
991.0,2,P-B,ClimatePolicyID(3),,[],"[""They want to ban the sale of new petrol cars by 2030 \u2014 and they expect ordinary people to clap along while paying the price. I oppose this policy completely. It\u2019s another Net Zero diktat dreamed up by the Westminster bubble and the Green Blob, who think they can rewrite everyday life without paying the bill.\n\nAsk the farmer who needs a reliable vehicle at dawn, the tradesman who can\u2019t afford constant EV upgrades, or the pensioner who dreads charging and battery replacement costs. This policy hits working families and rural communities hardest. It\u2019s a tax on freedom disguised as virtue-signalling. Instead of forcing people into expensive, impractical cars, we should scrap green levies, boost home-grown energy, and invest in real innovation that lowers costs.\n\nWe must stop the War on Drivers. Keep petrol sales legal, protect our livelihoods, and focus on common-sense measures that cut bills not freedoms. Scrap Net Zero targets that punish ordinary people \u2014 restore Britain\u2019s power and prosperity.""]",1,"This message pushes my worries about fairness and practicality to the front again — it reminds me that rural people, tradespeople and low-income families like mine could be hit hardest if cheap petrol cars become scarce or EVs stay unaffordable. I sympathise with the idea that top-down targets from Westminster can feel disconnected from life in Yorkshire, and the examples of farmers and pensioners make me question whether the support measures would actually materialise. At the same time, I still see environmental benefits from moving away from petrol, so my thinking tilts toward wanting strong protections and concrete help (subsidies, rural charging, affordable used EV markets) before I could back a hard 2030 ban."
991.0,2,P-A,ClimatePolicyID(3),,[],"[""I strongly support a government ban on the sale of new petrol cars by no later than 2030.\n\nThis is about real hope, real change \u2014 a fairer, greener way to cut bills, clean our air and protect young people's futures. Electric vehicles and public transport are now cheaper to run, and a clear 2030 deadline gives industry the certainty to ramp up green jobs and affordable EVs while phasing out the fossil fuel lobby\u2019s grip. But this must be done for the common good: alongside the ban we need massive investment in home and workplace charging, a national network of reliable, accessible public chargers, and support for low-income households and small businesses so no one is left behind.\n\nCrucially, bans should be paired with free or heavily discounted public transport for young people, expanded rail and safe cycling infrastructure, and a scrappage scheme targeted at those on low incomes. That way we make clean air for every school, cut household transport costs, and create thousands of skilled green jobs \u2014 a secure future for everyone. Fairer, greener communities deserve nothing less.""]",1,"This message highlights the clear environmental and cost-saving benefits, and I like the idea of pairing a 2030 deadline with concrete support like charging infrastructure, scrappage for low‑income households and better public transport — those are the things that would make me more comfortable with a ban. As a parent on a tight budget in Yorkshire who relies on a car, I’m still worried about affordability, rural charging and whether promises of investment and green jobs will actually reach people like me. So it nudges me toward sympathy for the policy if the fairness and practical measures are real and well‑funded, but without those guarantees I’d remain cautious."
991.0,3,P-A,ClimatePolicyID(3),,[],"[""I strongly support a government ban on the sale of new petrol cars by no later than 2030. It\u2019s a bold, practical step that puts people and the planet first \u2014 cutting emissions, cleaning the air our children breathe, and ending the profiteering of fossil fuel corporations that keep bills and pollution high. With renewable energy now the cheapest power source and electric vehicles rapidly falling in price, a 2030 ban is about accelerating that fair transition, not punishment.\n\nBut a deadline alone won\u2019t deliver justice. To be truly fair, this policy must be paired with massive investment in affordable public charging, grants for low\u2011income drivers to replace old petrol cars, and a national push to boost public transport, walking and cycling. Public ownership of energy would keep charging costs low, while a wealth tax can fund job retraining in green industries and community-led retrofits. Together, these measures mean cleaner streets, cheaper running costs, and thousands of decent local jobs. Real Hope, Real Change \u2014 a secure future for everyone depends on acting now.""]",1,"This message pushes me more toward seeing the strong environmental and health benefits — cleaner air for my kids and lower running costs if EVs and renewables really do become cheaper. I like the emphasis on pairing a ban with practical support (affordable charging, grants for low‑income drivers, better public transport) because without those I worry people like me in rural Yorkshire would be left stranded. The calls for public ownership of energy and a wealth tax to fund retraining sound useful in theory, but I’m sceptical about whether Westminster would actually deliver well‑targeted, reliable support where it’s needed. So it nudges me to be more positive about a 2030 ban, provided there are clear, well‑funded guarantees for rural charging, affordable used EVs, and help for low‑income families."
991.0,3,P-B,ClimatePolicyID(3),,[],"[""Ban the sale of new petrol cars by 2030? Absolutely not. This is another top-down, out-of-touch diktat from the Westminster and Brussels-style elites who think they know better than hardworking British families. Forcing people to ditch reliable petrol cars on a fixed timetable slams ordinary folk \u2014 especially in rural towns and the North \u2014 with huge replacement costs, wrecks livelihoods for tradespeople and hauliers, and hands another advantage to big-city elites who can afford fast chargers and expensive electric models.\n\nWe should scrap this ideological crusade. Instead of punishing drivers with unrealistic bans and higher motoring costs, the government must focus on practical measures: beef up domestic energy production, remove green levies that inflate prices, invest in better, cost-effective transport where it makes sense, and let people choose how to get around. Don\u2019t let Net Zero bureaucrats dictate our lives and livelihoods. Say it plainly: Scrap the ban, stop the War on Drivers, and restore common-sense motoring policies that protect jobs and family budgets.""]",1,"This message pushes my worries about fairness and practicality straight back to the front. I’m sympathetic to the point that a hard 2030 ban could hit rural families, tradespeople and hauliers hardest — people who rely on affordable, reliable petrol cars and who may not have easy access to charging or the cash for a new EV. It makes me worry the policy could be another top-down pledge that looks good in Westminster but doesn’t account for life in Yorkshire.

At the same time, I still accept there are clear environmental and health benefits from phasing out petrol vehicles, and I’m open to change if it’s done in a way that protects people like me. So this kind of message makes me lean toward wanting guarantees: real, well-funded support for rural charging, affordable used EVs, targeted grants or scrappage for low‑income households, and sensible exemptions or timelines for trades and hauliers. Without those concrete protections, the message reinforces my scepticism and makes me less comfortable with a tight, unconditional 2030 ban."
991.0,4,P-B,ClimatePolicyID(3),,[],"[""Ban the sale of new petrol cars by 2030? I oppose it \u2014 strongly.\n\nThis isn\u2019t about the environment, it\u2019s about Westminster elites forcing their ideology on hardworking people. Families who need a reliable car for work, farmers who tow trailers down country lanes, tradespeople who can\u2019t afford to replace tools and vans every few years \u2014 they\u2019ll be hit hardest. The Green Blob\u2019s plan will jack up vehicle costs, punish drivers with higher insurance and repair bills, and leave rural communities stranded with inadequate charging and patchy power supplies.\n\nInstead of imposing an arbitrary deadline, the government should focus on practical solutions: expand domestic energy production, scrap green levies that inflate running costs, and invest in realistic infrastructure so people can choose cleaner cars when it makes sense for them. Don\u2019t make ordinary Brits pay the price for a political fad dreamed up in Whitehall.\n\nNet Zero is turning into Net Poverty. Scrap these bans, protect jobs, and restore common sense to transport policy. Stop the war on drivers.""]",1,"This message pushes my fairness and practical worries back to the front. It makes me more anxious that a firm 2030 ban would be another top-down Westminster decision that doesn’t account for rural life in Yorkshire — farmers, tradespeople and low‑income families who rely on affordable, reliable petrol cars. The tone about “elites” and “war on drivers” feels a bit overblown, but the core points about costs, charging access and disruption to livelihoods resonate with me given my income and family needs. I’m still conscious of the environmental and health benefits of phasing out petrol cars, but this kind of argument makes me want much stronger, guaranteed support (rural charging, targeted grants or scrappage, exemptions or sensible timelines for certain vehicle types) before I’d be comfortable backing a strict 2030 deadline."
991.0,4,P-A,ClimatePolicyID(3),,[],"[""I strongly support a government ban on the sale of new petrol cars by no later than 2030.\n\nThis is practical, bold and fair \u2014 exactly the kind of policy that puts people and planet first. Electric vehicles and zero-emission transport are now affordable and reliable; setting a clear 2030 deadline accelerates the shift we need while giving households, businesses and local councils time to adapt. More importantly, it must come with support to make the transition just: investment in public charging infrastructure, grants and low-interest loans for low-income families and renters, and massive spending on home insulation and affordable, frequent public transport so people aren\u2019t forced to choose between heat and a car.\n\nPhasing out petrol cars will cut bills, clean our air, and protect children\u2019s health. It will also break the power of fossil fuel interests profiting from climate delay. Let\u2019s choose Real Hope, Real Change \u2014 a fairer, greener Britain where a secure, healthy future is within reach for everyone.""]",1,"This message highlights the clear health and cost benefits — cleaner air for my kids and potential lower running costs if EVs really do become cheaper — which makes me more open to a 2030 ban in principle. I like the emphasis on pairing the ban with concrete supports like public charging, grants, low‑interest loans, better public transport and home insulation, because without those I worry people on low incomes in rural Yorkshire would be unfairly hit. I’m still wary about whether Westminster would actually deliver well‑targeted, reliable support where it’s needed, so the message nudges me toward conditional support: I’d be more comfortable backing a firm 2030 deadline only if there are clear, well‑funded guarantees for rural charging, affordable used EVs, and help for low‑income families."
164.0,1,P-A,ClimatePolicyID(3),,[],"[""I strongly support a government ban on the sale of new petrol cars by no later than 2030. Real Hope, Real Change means acting now to protect our future \u2014 cutting carbon, cleaning our air, and cutting the cost of motoring for ordinary families. Electric vehicles and public transport are now affordable and efficient; pairing the 2030 ban with free public transport for young people, massive home and community charging upgrades, and a national programme of insulation and retrofits will make the transition fair and fast.\n\nThis isn\u2019t about taking choices away \u2014 it\u2019s about freeing people from an unfair system where big oil and car giants profit while communities pay with poorer health and higher bills. A clear 2030 deadline gives businesses and local councils certainty to invest in green jobs, local manufacturing, and improved buses and trains. Let\u2019s make this a win for working families, for our NHS, and for every child\u2019s right to breathe clean air. For the Common Good: a secure, fairer, greener future for everyone.""]",1,"Hearing that argument makes me sympathise even more with the urgency around air quality and climate change — the health and environmental benefits, plus the potential for green jobs and clearer direction for business, are persuasive. At the same time, the message brushes past practical issues I worry about: affordability for lower-income households, rural charging infrastructure in parts of Scotland, and making sure people who depend on cars aren’t left stranded. The proposals to pair a 2030 deadline with free public transport for young people, major charging upgrades, and a nationwide retrofit programme address some of those concerns, which makes the deadline feel less like an imposition and more like a planned, fair transition. I’m still cautious about a hard cutoff if supports aren’t fully in place yet, but the combination of measures presented narrows that gap and shifts my thinking toward supporting stronger action—provided there are clear, funded guarantees that no one is left worse off."
164.0,1,P-B,ClimatePolicyID(3),,[],"[""They want to ban the sale of new petrol cars by 2030? I oppose that utterly. This is another Net Zero diktat dreamed up in Westminster by the Green Blob \u2014 an out\u2011of\u2011touch, elitist project that punishes ordinary people while costing them a fortune. Working families, rural residents and small businesses rely on petrol cars for affordable, reliable transport. A 2030 ban will push up vehicle prices, leave motorists stranded by inadequate charging in the countryside, and hand more power to expensive foreign supply chains for batteries and rare minerals.\n\nInstead of imposing top\u2011down bans, politicians should scrap green levies, boost North Sea energy and let British drivers choose. Stop the War on Drivers: get rid of pointless 20mph rules and ULEZ expansions that act as stealth taxes on hardworking people. A rush to ban petrol cars risks wrecking family budgets and rural livelihoods \u2014 Net Zero is net poverty. Restore common sense: protect affordable motoring, back domestic energy, and put Britain\u2019s working people first.""]",1,"Hearing that message makes me sympathise more with worries about fairness and rural practicality. I agree that a blanket 2030 ban sounds like it could hit working people and rural households hard if cheaper options and rural charging aren’t in place, and the tone — calling it an elitist “diktat” from Westminster — echoes my own scepticism about distant decision‑makers imposing one‑size‑fits‑all rules. At the same time, the urgency about air quality and climate change and the benefits of shifting to cleaner transport still resonate with me; I’m persuaded that there are environmental and public‑health gains to be had. So I find myself balancing two concerns: I want ambitious action that protects health and the planet, but I’m wary of rapid deadlines that could leave lower‑income and rural people worse off unless accompanied by firm, well‑funded supports like affordable vehicle options, major charging upgrades, and targeted help for those who depend on cars."
164.0,2,P-B,ClimatePolicyID(3),,[],"[""They want to ban the sale of new petrol cars by 2030 \u2014 and they expect ordinary people to clap along while paying the price. I oppose this policy completely. It\u2019s another Net Zero diktat dreamed up by the Westminster bubble and the Green Blob, who think they can rewrite everyday life without paying the bill.\n\nAsk the farmer who needs a reliable vehicle at dawn, the tradesman who can\u2019t afford constant EV upgrades, or the pensioner who dreads charging and battery replacement costs. This policy hits working families and rural communities hardest. It\u2019s a tax on freedom disguised as virtue-signalling. Instead of forcing people into expensive, impractical cars, we should scrap green levies, boost home-grown energy, and invest in real innovation that lowers costs.\n\nWe must stop the War on Drivers. Keep petrol sales legal, protect our livelihoods, and focus on common-sense measures that cut bills not freedoms. Scrap Net Zero targets that punish ordinary people \u2014 restore Britain\u2019s power and prosperity.""]",1,"Hearing that message heightens my sympathy for the real, practical problems a 2030 ban could create — especially for farmers, tradespeople and older people in rural Scotland who rely on dependable, long‑range vehicles and who may struggle with upfront EV costs or charging access. The tone about Westminster elites and “virtue‑signalling” echoes my own suspicion of top‑down rules that don’t reckon with local realities. At the same time, the argument feels a bit one‑sided: it downplays the clear air‑quality and climate benefits of moving away from petrol, and assumes EVs will always be unaffordable and impractical, which may not be true if proper supports are funded. So I’m pulled between concern for fairness and rural practicality on one hand and my strong desire for urgent environmental action on the other — which makes me more inclined toward conditional support for strict targets only if they come with guaranteed, well‑funded measures to protect people who would otherwise be harmed."
164.0,2,P-A,ClimatePolicyID(3),,[],"[""I strongly support a government ban on the sale of new petrol cars by no later than 2030.\n\nThis is about real hope, real change \u2014 a fairer, greener way to cut bills, clean our air and protect young people's futures. Electric vehicles and public transport are now cheaper to run, and a clear 2030 deadline gives industry the certainty to ramp up green jobs and affordable EVs while phasing out the fossil fuel lobby\u2019s grip. But this must be done for the common good: alongside the ban we need massive investment in home and workplace charging, a national network of reliable, accessible public chargers, and support for low-income households and small businesses so no one is left behind.\n\nCrucially, bans should be paired with free or heavily discounted public transport for young people, expanded rail and safe cycling infrastructure, and a scrappage scheme targeted at those on low incomes. That way we make clean air for every school, cut household transport costs, and create thousands of skilled green jobs \u2014 a secure future for everyone. Fairer, greener communities deserve nothing less.""]",1,"Hearing this makes me more sympathetic to a 2030 ban than I was at first: the emphasis on concrete supports — charging infrastructure, help for low‑income households, scrappage schemes and better public transport — addresses many of my practical worries about affordability and rural access. I still worry about whether the funding and delivery will actually reach rural Scotland, tradespeople and older drivers who need long‑range vehicles, and whether a hard deadline could trap people before alternatives are truly affordable and reliable. If those guarantees are real and well‑funded, the environmental and health benefits and the potential for green jobs make the deadline feel much more reasonable; without them I’d remain cautious."
164.0,3,P-A,ClimatePolicyID(3),,[],"[""I strongly support a government ban on the sale of new petrol cars by no later than 2030. It\u2019s a bold, practical step that puts people and the planet first \u2014 cutting emissions, cleaning the air our children breathe, and ending the profiteering of fossil fuel corporations that keep bills and pollution high. With renewable energy now the cheapest power source and electric vehicles rapidly falling in price, a 2030 ban is about accelerating that fair transition, not punishment.\n\nBut a deadline alone won\u2019t deliver justice. To be truly fair, this policy must be paired with massive investment in affordable public charging, grants for low\u2011income drivers to replace old petrol cars, and a national push to boost public transport, walking and cycling. Public ownership of energy would keep charging costs low, while a wealth tax can fund job retraining in green industries and community-led retrofits. Together, these measures mean cleaner streets, cheaper running costs, and thousands of decent local jobs. Real Hope, Real Change \u2014 a secure future for everyone depends on acting now.""]",1,"Hearing this makes me more sympathetic to the 2030 ban than I was at first. The message addresses many of my practical concerns — charging infrastructure, help for low‑income drivers, and investment in public transport and retraining — which would go a long way toward preventing rural and poorer households from being unfairly hit. I still worry whether such guarantees would actually be delivered in Scotland’s more remote areas, and whether tradespeople who need long‑range vans would be adequately supported, but coupling a firm deadline with the kind of funding and public ownership measures described makes the idea feel much more justifiable."
164.0,3,P-B,ClimatePolicyID(3),,[],"[""Ban the sale of new petrol cars by 2030? Absolutely not. This is another top-down, out-of-touch diktat from the Westminster and Brussels-style elites who think they know better than hardworking British families. Forcing people to ditch reliable petrol cars on a fixed timetable slams ordinary folk \u2014 especially in rural towns and the North \u2014 with huge replacement costs, wrecks livelihoods for tradespeople and hauliers, and hands another advantage to big-city elites who can afford fast chargers and expensive electric models.\n\nWe should scrap this ideological crusade. Instead of punishing drivers with unrealistic bans and higher motoring costs, the government must focus on practical measures: beef up domestic energy production, remove green levies that inflate prices, invest in better, cost-effective transport where it makes sense, and let people choose how to get around. Don\u2019t let Net Zero bureaucrats dictate our lives and livelihoods. Say it plainly: Scrap the ban, stop the War on Drivers, and restore common-sense motoring policies that protect jobs and family budgets.""]",1,"Hearing this sharp, populist message makes me more sympathetic to the concerns about unfair impacts of a 2030 ban. The emphasis on rural people, tradespeople and hauliers who need long‑range, reliable vehicles—and who may lack charging access or face high upfront costs—echoes my worries about top‑down rules that don’t reckon with local realities. At the same time, the tone is a bit one‑sided and politicised: it downplays the clear climate and health benefits of moving away from petrol and assumes alternatives will always be unaffordable. So I find myself pulled between wanting urgent environmental action and wanting strong, guaranteed protections and practical supports (charging infrastructure, scrappage schemes, help for rural and trades users) before signing up to a hard deadline."
164.0,4,P-B,ClimatePolicyID(3),,[],"[""Ban the sale of new petrol cars by 2030? I oppose it \u2014 strongly.\n\nThis isn\u2019t about the environment, it\u2019s about Westminster elites forcing their ideology on hardworking people. Families who need a reliable car for work, farmers who tow trailers down country lanes, tradespeople who can\u2019t afford to replace tools and vans every few years \u2014 they\u2019ll be hit hardest. The Green Blob\u2019s plan will jack up vehicle costs, punish drivers with higher insurance and repair bills, and leave rural communities stranded with inadequate charging and patchy power supplies.\n\nInstead of imposing an arbitrary deadline, the government should focus on practical solutions: expand domestic energy production, scrap green levies that inflate running costs, and invest in realistic infrastructure so people can choose cleaner cars when it makes sense for them. Don\u2019t make ordinary Brits pay the price for a political fad dreamed up in Whitehall.\n\nNet Zero is turning into Net Poverty. Scrap these bans, protect jobs, and restore common sense to transport policy. Stop the war on drivers.""]",1,"Hearing that message makes me more alert to the fairness and practical-implementation risks of a 2030 ban. It underscores my worries about rural people, tradespeople and lower‑income households who may lack reliable charging or the funds to replace vehicles, and it highlights how a top‑down deadline can feel like an elite imposition. At the same time the message is quite combative and one‑sided — it downplays the clear public‑health and climate benefits of phasing out petrol and assumes alternatives will always be unaffordable. So I find myself torn: the concerns it raises push me toward cautious opposition unless strong, funded supports and real rural charging and scrappage measures are guaranteed, but its partisan tone also makes me want a more balanced argument that addresses both the harms and the benefits."
164.0,4,P-A,ClimatePolicyID(3),,[],"[""I strongly support a government ban on the sale of new petrol cars by no later than 2030.\n\nThis is practical, bold and fair \u2014 exactly the kind of policy that puts people and planet first. Electric vehicles and zero-emission transport are now affordable and reliable; setting a clear 2030 deadline accelerates the shift we need while giving households, businesses and local councils time to adapt. More importantly, it must come with support to make the transition just: investment in public charging infrastructure, grants and low-interest loans for low-income families and renters, and massive spending on home insulation and affordable, frequent public transport so people aren\u2019t forced to choose between heat and a car.\n\nPhasing out petrol cars will cut bills, clean our air, and protect children\u2019s health. It will also break the power of fossil fuel interests profiting from climate delay. Let\u2019s choose Real Hope, Real Change \u2014 a fairer, greener Britain where a secure, healthy future is within reach for everyone.""]",1,"Hearing this makes me more sympathetic to a 2030 ban than I was at first. The message addresses many of my core concerns — it pairs a firm deadline with the kind of just-transition measures I care about (charging infrastructure, targeted help for low‑income households and renters, and better public transport and home insulation) which would reduce the risk of the poorest and rural people being unfairly hit. I still worry about delivery: whether those investments will actually reach remote parts of Scotland and tradespeople who need long‑range vans. The upbeat, moral language about children’s health and defeating fossil‑fuel interests resonates with my environmental values, but I’d need stronger guarantees and clear, funded plans before I could back a hard cutoff."
1244.0,1,P-B,ClimatePolicyID(3),,[],"[""They want to ban the sale of new petrol cars by 2030? I oppose that utterly. This is another Net Zero diktat dreamed up in Westminster by the Green Blob \u2014 an out\u2011of\u2011touch, elitist project that punishes ordinary people while costing them a fortune. Working families, rural residents and small businesses rely on petrol cars for affordable, reliable transport. A 2030 ban will push up vehicle prices, leave motorists stranded by inadequate charging in the countryside, and hand more power to expensive foreign supply chains for batteries and rare minerals.\n\nInstead of imposing top\u2011down bans, politicians should scrap green levies, boost North Sea energy and let British drivers choose. Stop the War on Drivers: get rid of pointless 20mph rules and ULEZ expansions that act as stealth taxes on hardworking people. A rush to ban petrol cars risks wrecking family budgets and rural livelihoods \u2014 Net Zero is net poverty. Restore common sense: protect affordable motoring, back domestic energy, and put Britain\u2019s working people first.""]",1,"Reading that message pushes me to re-evaluate the 2030 ban through a more practical, lived-experience lens. It highlights consequences I’d been worried about — higher up‑front costs, poorer charging infrastructure in rural areas of the North West, and the impact on working families and small businesses who rely on cheap second‑hand petrol cars. The emphasis on perceived elitism and top‑down mandates makes me question whether a hard deadline is politically and socially feasible without stronger transitional supports. At the same time, the commenter’s framing is very charged and assumes the worst about motives and alternatives, which makes me want clearer evidence on costs, timelines for charging rollout, and targeted protections for vulnerable motorists before forming a firm view."
1244.0,2,P-B,ClimatePolicyID(3),,[],"[""They want to ban the sale of new petrol cars by 2030 \u2014 and they expect ordinary people to clap along while paying the price. I oppose this policy completely. It\u2019s another Net Zero diktat dreamed up by the Westminster bubble and the Green Blob, who think they can rewrite everyday life without paying the bill.\n\nAsk the farmer who needs a reliable vehicle at dawn, the tradesman who can\u2019t afford constant EV upgrades, or the pensioner who dreads charging and battery replacement costs. This policy hits working families and rural communities hardest. It\u2019s a tax on freedom disguised as virtue-signalling. Instead of forcing people into expensive, impractical cars, we should scrap green levies, boost home-grown energy, and invest in real innovation that lowers costs.\n\nWe must stop the War on Drivers. Keep petrol sales legal, protect our livelihoods, and focus on common-sense measures that cut bills not freedoms. Scrap Net Zero targets that punish ordinary people \u2014 restore Britain\u2019s power and prosperity.""]",1,"Reading that message pushes me to re-evaluate the 2030 ban through a more practical, lived-experience lens. It crystallises the distributional concerns I already worried about — higher up‑front costs, poor charging infrastructure in rural parts of the North West, and the burden on tradespeople, farmers and lower‑income households who rely on affordable second‑hand petrol cars. The tone makes me wary of blanket, top‑down mandates that feel politically detached from everyday realities; at the same time the broad critique assumes no viable transition path exists, so I want clearer evidence on total costs, charging rollout timelines, exemptions or support for essential users, and targeted measures to protect vulnerable motorists before moving to a firm view."
1244.0,3,P-B,ClimatePolicyID(3),,[],"[""Ban the sale of new petrol cars by 2030? Absolutely not. This is another top-down, out-of-touch diktat from the Westminster and Brussels-style elites who think they know better than hardworking British families. Forcing people to ditch reliable petrol cars on a fixed timetable slams ordinary folk \u2014 especially in rural towns and the North \u2014 with huge replacement costs, wrecks livelihoods for tradespeople and hauliers, and hands another advantage to big-city elites who can afford fast chargers and expensive electric models.\n\nWe should scrap this ideological crusade. Instead of punishing drivers with unrealistic bans and higher motoring costs, the government must focus on practical measures: beef up domestic energy production, remove green levies that inflate prices, invest in better, cost-effective transport where it makes sense, and let people choose how to get around. Don\u2019t let Net Zero bureaucrats dictate our lives and livelihoods. Say it plainly: Scrap the ban, stop the War on Drivers, and restore common-sense motoring policies that protect jobs and family budgets.""]",1,"Reading that message sharpens my concerns about a 2030 ban feeling like a top-down imposition that could hit ordinary people in places like the North West hardest. It reminds me that beyond emissions targets there are real distributional impacts — upfront costs, weaker charging infrastructure outside big cities, and practical needs of tradespeople and rural drivers — that make me wary of a hard deadline. At the same time the message leans heavily on partisan rhetoric and assumes all alternatives are worse, so it pushes me to want clearer evidence on costs, timelines for charger rollout, targeted exemptions or support for essential users, and incentive-based options before committing either way."
1244.0,4,P-B,ClimatePolicyID(3),,[],"[""Ban the sale of new petrol cars by 2030? I oppose it \u2014 strongly.\n\nThis isn\u2019t about the environment, it\u2019s about Westminster elites forcing their ideology on hardworking people. Families who need a reliable car for work, farmers who tow trailers down country lanes, tradespeople who can\u2019t afford to replace tools and vans every few years \u2014 they\u2019ll be hit hardest. The Green Blob\u2019s plan will jack up vehicle costs, punish drivers with higher insurance and repair bills, and leave rural communities stranded with inadequate charging and patchy power supplies.\n\nInstead of imposing an arbitrary deadline, the government should focus on practical solutions: expand domestic energy production, scrap green levies that inflate running costs, and invest in realistic infrastructure so people can choose cleaner cars when it makes sense for them. Don\u2019t make ordinary Brits pay the price for a political fad dreamed up in Whitehall.\n\nNet Zero is turning into Net Poverty. Scrap these bans, protect jobs, and restore common sense to transport policy. Stop the war on drivers.""]",1,"Reading that message sharpens my worries that a hard 2030 ban could feel like a top‑down imposition that hits ordinary people in places like the North West hardest — higher up‑front costs for vehicles, patchy rural charging and extra burdens on tradespeople and families who rely on cheap second‑hand petrol cars are real concerns. It also makes me more alert to partisan framing: the “Westminster elites” and “Green Blob” language pushes me to ask for solid evidence on actual cost impacts, rollout timelines for chargers and grid upgrades, and targeted protections (or exemptions and subsidies) for vulnerable groups before signing up to a hard deadline. At the same time, I still care about emissions reduction, so I’m open to strong incentives and practical infrastructure investment that make cleaner cars genuinely accessible rather than feeling like an imposed punishment."
853.0,1,P-B,ClimatePolicyID(3),,[],"[""They want to ban the sale of new petrol cars by 2030? I oppose that utterly. This is another Net Zero diktat dreamed up in Westminster by the Green Blob \u2014 an out\u2011of\u2011touch, elitist project that punishes ordinary people while costing them a fortune. Working families, rural residents and small businesses rely on petrol cars for affordable, reliable transport. A 2030 ban will push up vehicle prices, leave motorists stranded by inadequate charging in the countryside, and hand more power to expensive foreign supply chains for batteries and rare minerals.\n\nInstead of imposing top\u2011down bans, politicians should scrap green levies, boost North Sea energy and let British drivers choose. Stop the War on Drivers: get rid of pointless 20mph rules and ULEZ expansions that act as stealth taxes on hardworking people. A rush to ban petrol cars risks wrecking family budgets and rural livelihoods \u2014 Net Zero is net poverty. Restore common sense: protect affordable motoring, back domestic energy, and put Britain\u2019s working people first.""]",1,"Reading that message reinforces many of my existing concerns. It highlights the affordability issue — that a 2030 ban could push up costs and make personal transport unaffordable for low‑income and rural households like mine. The points about inadequate rural charging and disruption to small businesses resonate with my experience in the East of England, where public transport and chargers are patchy. It also brings up mistrust of top‑down mandates and worries about dependence on foreign supply chains for batteries, which feeds my scepticism about whether government can get this transition right or if it will simply shift costs onto ordinary people. At the same time, the message feels quite charged and political, so I’m also aware that some of the claims may be exaggerated for effect and worth checking before accepting them wholesale."
853.0,2,P-B,ClimatePolicyID(3),,[],"[""They want to ban the sale of new petrol cars by 2030 \u2014 and they expect ordinary people to clap along while paying the price. I oppose this policy completely. It\u2019s another Net Zero diktat dreamed up by the Westminster bubble and the Green Blob, who think they can rewrite everyday life without paying the bill.\n\nAsk the farmer who needs a reliable vehicle at dawn, the tradesman who can\u2019t afford constant EV upgrades, or the pensioner who dreads charging and battery replacement costs. This policy hits working families and rural communities hardest. It\u2019s a tax on freedom disguised as virtue-signalling. Instead of forcing people into expensive, impractical cars, we should scrap green levies, boost home-grown energy, and invest in real innovation that lowers costs.\n\nWe must stop the War on Drivers. Keep petrol sales legal, protect our livelihoods, and focus on common-sense measures that cut bills not freedoms. Scrap Net Zero targets that punish ordinary people \u2014 restore Britain\u2019s power and prosperity.""]",1,"Reading that message reinforces many of my worries. It highlights the affordability problem — if new petrol cars are banned by 2030, will ordinary people on fixed or low incomes be able to afford EVs or the costs of switching? The points about rural needs ring true: in the East of England public charging is patchy and some jobs (farmers, tradespeople) need reliable vehicles at odd hours, so I worry about practicality. The message also feeds my mistrust of top‑down mandates from Westminster and the idea that targets are being set without understanding real life outside the cities. At the same time, the tone feels politically loaded and some claims may be exaggerated — I should check facts about costs, charging rollout, and support for rural drivers before accepting everything. Overall it makes me more cautious and concerned about the social and financial impacts of a 2030 ban, though I still want to know whether there are realistic, affordable alternatives or protections for people like me."
853.0,3,P-B,ClimatePolicyID(3),,[],"[""Ban the sale of new petrol cars by 2030? Absolutely not. This is another top-down, out-of-touch diktat from the Westminster and Brussels-style elites who think they know better than hardworking British families. Forcing people to ditch reliable petrol cars on a fixed timetable slams ordinary folk \u2014 especially in rural towns and the North \u2014 with huge replacement costs, wrecks livelihoods for tradespeople and hauliers, and hands another advantage to big-city elites who can afford fast chargers and expensive electric models.\n\nWe should scrap this ideological crusade. Instead of punishing drivers with unrealistic bans and higher motoring costs, the government must focus on practical measures: beef up domestic energy production, remove green levies that inflate prices, invest in better, cost-effective transport where it makes sense, and let people choose how to get around. Don\u2019t let Net Zero bureaucrats dictate our lives and livelihoods. Say it plainly: Scrap the ban, stop the War on Drivers, and restore common-sense motoring policies that protect jobs and family budgets.""]",1,"This message heightens my worries about the 2030 ban. It echoes my concern that a top-down rule could hit ordinary, low‑income households hard — replacing a reliable petrol car with an EV sounds expensive and unfair on a fixed income. The point about rural and tradespeople’s needs rings true: charging gaps and the need to use vehicles at odd hours make me doubt how practical a strict deadline is out here in the East of England. At the same time, the message feels politically charged and maybe exaggerates some claims — I should check facts on government support, the real costs over time, and how quickly charging infrastructure will improve before fully accepting this. Overall it makes me more cautious and more likely to oppose a rigid, rapid ban unless there are clear protections and affordable alternatives for people like me."
853.0,4,P-B,ClimatePolicyID(3),,[],"[""Ban the sale of new petrol cars by 2030? I oppose it \u2014 strongly.\n\nThis isn\u2019t about the environment, it\u2019s about Westminster elites forcing their ideology on hardworking people. Families who need a reliable car for work, farmers who tow trailers down country lanes, tradespeople who can\u2019t afford to replace tools and vans every few years \u2014 they\u2019ll be hit hardest. The Green Blob\u2019s plan will jack up vehicle costs, punish drivers with higher insurance and repair bills, and leave rural communities stranded with inadequate charging and patchy power supplies.\n\nInstead of imposing an arbitrary deadline, the government should focus on practical solutions: expand domestic energy production, scrap green levies that inflate running costs, and invest in realistic infrastructure so people can choose cleaner cars when it makes sense for them. Don\u2019t make ordinary Brits pay the price for a political fad dreamed up in Whitehall.\n\nNet Zero is turning into Net Poverty. Scrap these bans, protect jobs, and restore common sense to transport policy. Stop the war on drivers.""]",1,"Reading that message makes me even more worried about a 2030 ban. It echoes my fear that a top‑down rule could hit low‑income and rural households hard — replacing an older petrol car with an EV seems expensive and unfair on a fixed income, and tradespeople or farmers who need to tow or work at odd hours could be particularly affected. The claims about higher costs and patchy charging in rural areas ring true to me, though I also notice the message is politically loaded (“Green Blob”, “war on drivers”) and may overstate some consequences. It pushes me to want to check the facts on actual long‑term running costs of EVs, what help the government would offer, and realistic timelines for charging and grid upgrades before I decide how much to oppose or support such a policy."
519.0,1,P-A,ClimatePolicyID(3),,[],"[""I strongly support a government ban on the sale of new petrol cars by no later than 2030. Real Hope, Real Change means acting now to protect our future \u2014 cutting carbon, cleaning our air, and cutting the cost of motoring for ordinary families. Electric vehicles and public transport are now affordable and efficient; pairing the 2030 ban with free public transport for young people, massive home and community charging upgrades, and a national programme of insulation and retrofits will make the transition fair and fast.\n\nThis isn\u2019t about taking choices away \u2014 it\u2019s about freeing people from an unfair system where big oil and car giants profit while communities pay with poorer health and higher bills. A clear 2030 deadline gives businesses and local councils certainty to invest in green jobs, local manufacturing, and improved buses and trains. Let\u2019s make this a win for working families, for our NHS, and for every child\u2019s right to breathe clean air. For the Common Good: a secure, fairer, greener future for everyone.""]",1,"I like the goals here — cleaner air, lower carbon, and better public health all align with my values about protecting nature and helping communities. The promise of pairing a 2030 ban with free public transport for young people, big upgrades to home and community charging, and insulation/retrofits sounds much fairer than just imposing a ban on its own; those measures would help families like mine afford the transition. But I'm still worried about the cost and practicality: even if EVs are cheaper to run, the up-front price and access to reliable charging (especially for renters or people on tight incomes) feel like real barriers. I also want to be sure local services — buses and trains — actually improve and that green jobs are created where I live, not just in big cities. A clear deadline might help with planning, but only if accompanied by strong, targeted support so ordinary families aren’t left behind."
519.0,1,P-B,ClimatePolicyID(3),,[],"[""They want to ban the sale of new petrol cars by 2030? I oppose that utterly. This is another Net Zero diktat dreamed up in Westminster by the Green Blob \u2014 an out\u2011of\u2011touch, elitist project that punishes ordinary people while costing them a fortune. Working families, rural residents and small businesses rely on petrol cars for affordable, reliable transport. A 2030 ban will push up vehicle prices, leave motorists stranded by inadequate charging in the countryside, and hand more power to expensive foreign supply chains for batteries and rare minerals.\n\nInstead of imposing top\u2011down bans, politicians should scrap green levies, boost North Sea energy and let British drivers choose. Stop the War on Drivers: get rid of pointless 20mph rules and ULEZ expansions that act as stealth taxes on hardworking people. A rush to ban petrol cars risks wrecking family budgets and rural livelihoods \u2014 Net Zero is net poverty. Restore common sense: protect affordable motoring, back domestic energy, and put Britain\u2019s working people first.""]",1,"This message taps straight into the worries I already have. I agree that a hard 2030 ban sounds like a top‑down imposition and could hit ordinary families hard — higher upfront costs for EVs, patchy charging in rural areas, and people on tight budgets being left behind. The rhetoric about “out‑of‑touch elites” and “stealth taxes” resonates with my distrust of distant decision‑makers who don’t understand day‑to‑day realities. At the same time, I still care about cleaner air and tackling climate change, so I don’t dismiss the need to move away from petrol cars altogether. What I’m trying to work out is whether a ban by 2030 is an unfair deadline without adequate measures — or whether it could be acceptable if paired with real support: cheaper used EVs, massive local charging roll‑out (including for renters), targeted subsidies for lower‑income families, and protections for rural communities and small businesses."
519.0,2,P-B,ClimatePolicyID(3),,[],"[""They want to ban the sale of new petrol cars by 2030 \u2014 and they expect ordinary people to clap along while paying the price. I oppose this policy completely. It\u2019s another Net Zero diktat dreamed up by the Westminster bubble and the Green Blob, who think they can rewrite everyday life without paying the bill.\n\nAsk the farmer who needs a reliable vehicle at dawn, the tradesman who can\u2019t afford constant EV upgrades, or the pensioner who dreads charging and battery replacement costs. This policy hits working families and rural communities hardest. It\u2019s a tax on freedom disguised as virtue-signalling. Instead of forcing people into expensive, impractical cars, we should scrap green levies, boost home-grown energy, and invest in real innovation that lowers costs.\n\nWe must stop the War on Drivers. Keep petrol sales legal, protect our livelihoods, and focus on common-sense measures that cut bills not freedoms. Scrap Net Zero targets that punish ordinary people \u2014 restore Britain\u2019s power and prosperity.""]",1,"That message heightens my worries about the 2030 ban — it echoes my fear that it could be a top‑down rule that hits ordinary families, rural people and small businesses hardest. I agree the point about farmers and tradespeople needing reliable vehicles and about upfront costs and charging access: those are very real practical barriers for someone on my income and living in the East Midlands. At the same time, I still care about cleaner air and tackling climate change, so I’m torn: I can see why a ban would push the shift we need, but only if it comes with serious, targeted support (cheap second‑hand EVs, home and community charging for renters, help for rural users and tradespeople, and protections for those on low incomes). Without those measures, I’d be much less comfortable supporting such a firm 2030 deadline."
519.0,2,P-A,ClimatePolicyID(3),,[],"[""I strongly support a government ban on the sale of new petrol cars by no later than 2030.\n\nThis is about real hope, real change \u2014 a fairer, greener way to cut bills, clean our air and protect young people's futures. Electric vehicles and public transport are now cheaper to run, and a clear 2030 deadline gives industry the certainty to ramp up green jobs and affordable EVs while phasing out the fossil fuel lobby\u2019s grip. But this must be done for the common good: alongside the ban we need massive investment in home and workplace charging, a national network of reliable, accessible public chargers, and support for low-income households and small businesses so no one is left behind.\n\nCrucially, bans should be paired with free or heavily discounted public transport for young people, expanded rail and safe cycling infrastructure, and a scrappage scheme targeted at those on low incomes. That way we make clean air for every school, cut household transport costs, and create thousands of skilled green jobs \u2014 a secure future for everyone. Fairer, greener communities deserve nothing less.""]",1,"I like the ambition here — cleaner air, lower bills and green jobs all fit with my values about protecting nature and helping communities. The emphasis on pairing a 2030 ban with big investments in charging, public transport, scrappage help for low‑income families, and cheaper travel for young people makes the deadline feel more acceptable, because it addresses the real practical barriers I worry about.

But I’m still uneasy about whether those support measures would actually happen where I live in the East Midlands and whether they’d be enough for someone on my income. Upfront EV costs, renting without easy home charging, and patchy rural charging are real obstacles. If the ban came with clear, well‑targeted funding for retrofits, local chargers, and affordable second‑hand EVs I’d be more comfortable — otherwise it risks hitting ordinary families hardest."
519.0,3,P-A,ClimatePolicyID(3),,[],"[""I strongly support a government ban on the sale of new petrol cars by no later than 2030. It\u2019s a bold, practical step that puts people and the planet first \u2014 cutting emissions, cleaning the air our children breathe, and ending the profiteering of fossil fuel corporations that keep bills and pollution high. With renewable energy now the cheapest power source and electric vehicles rapidly falling in price, a 2030 ban is about accelerating that fair transition, not punishment.\n\nBut a deadline alone won\u2019t deliver justice. To be truly fair, this policy must be paired with massive investment in affordable public charging, grants for low\u2011income drivers to replace old petrol cars, and a national push to boost public transport, walking and cycling. Public ownership of energy would keep charging costs low, while a wealth tax can fund job retraining in green industries and community-led retrofits. Together, these measures mean cleaner streets, cheaper running costs, and thousands of decent local jobs. Real Hope, Real Change \u2014 a secure future for everyone depends on acting now.""]",1,"Hearing that makes me appreciate the positive side — cleaner air for my child, lower running costs eventually, and the idea that a ban could be matched with strong support for low‑income families and local jobs fits with my values about helping communities and protecting nature. But I’m still worried: on my income a newer EV or even reliable late‑model second‑hand one feels unaffordable, and I rent so home charging might not be an option. I’d need to see clear, guaranteed funding for grants, cheap second‑hand EVs, lots more local chargers (especially in rural East Midlands) and better public transport before I could feel comfortable with a strict 2030 deadline. If those measures aren’t reliably delivered where I live, the ban risks hitting ordinary families hardest."
519.0,3,P-B,ClimatePolicyID(3),,[],"[""Ban the sale of new petrol cars by 2030? Absolutely not. This is another top-down, out-of-touch diktat from the Westminster and Brussels-style elites who think they know better than hardworking British families. Forcing people to ditch reliable petrol cars on a fixed timetable slams ordinary folk \u2014 especially in rural towns and the North \u2014 with huge replacement costs, wrecks livelihoods for tradespeople and hauliers, and hands another advantage to big-city elites who can afford fast chargers and expensive electric models.\n\nWe should scrap this ideological crusade. Instead of punishing drivers with unrealistic bans and higher motoring costs, the government must focus on practical measures: beef up domestic energy production, remove green levies that inflate prices, invest in better, cost-effective transport where it makes sense, and let people choose how to get around. Don\u2019t let Net Zero bureaucrats dictate our lives and livelihoods. Say it plainly: Scrap the ban, stop the War on Drivers, and restore common-sense motoring policies that protect jobs and family budgets.""]",1,"That message pushes me more toward worrying the ban would be imposed from above without really helping people like me — it echoes my fear that ordinary families, rural residents and tradespeople would be hit hardest by upfront costs and lack of chargers. The tone about “Westminster and Brussels elites” and “war on drivers” makes me defensive; I don’t like being lectured or having decisions forced on communities. At the same time, some of its points feel a bit one‑sided — I still care about cleaner air and climate impacts, and the message doesn’t talk about how a ban could be paired with targeted support (cheap second‑hand EVs, home and community charging for renters, help for rural users and tradespeople). So it strengthens my concern about fairness and delivery, but it doesn’t convince me the goal itself is wrong if strong, well‑targeted support were guaranteed."
519.0,4,P-B,ClimatePolicyID(3),,[],"[""Ban the sale of new petrol cars by 2030? I oppose it \u2014 strongly.\n\nThis isn\u2019t about the environment, it\u2019s about Westminster elites forcing their ideology on hardworking people. Families who need a reliable car for work, farmers who tow trailers down country lanes, tradespeople who can\u2019t afford to replace tools and vans every few years \u2014 they\u2019ll be hit hardest. The Green Blob\u2019s plan will jack up vehicle costs, punish drivers with higher insurance and repair bills, and leave rural communities stranded with inadequate charging and patchy power supplies.\n\nInstead of imposing an arbitrary deadline, the government should focus on practical solutions: expand domestic energy production, scrap green levies that inflate running costs, and invest in realistic infrastructure so people can choose cleaner cars when it makes sense for them. Don\u2019t make ordinary Brits pay the price for a political fad dreamed up in Whitehall.\n\nNet Zero is turning into Net Poverty. Scrap these bans, protect jobs, and restore common sense to transport policy. Stop the war on drivers.""]",1,"That message makes me more worried the ban would be done top‑down without adequate support for people like me — it taps into my fear that ordinary families, rural residents and tradespeople would struggle with upfront costs, lack of chargers, and disruption to livelihoods. I don’t like the “Westminster elites” tone and the idea of being lectured or forced, which pushes me to want stronger guarantees that help (grants for low‑income buyers, cheap used EV schemes, lots more community and rural chargers, and protections for tradespeople) before I’d accept a strict deadline. At the same time, the message feels one‑sided because it ignores environmental benefits and the possibility of pairing a ban with targeted support, so it doesn’t fully convince me the goal is wrong — it just heightens my concern about fairness and delivery."
519.0,4,P-A,ClimatePolicyID(3),,[],"[""I strongly support a government ban on the sale of new petrol cars by no later than 2030.\n\nThis is practical, bold and fair \u2014 exactly the kind of policy that puts people and planet first. Electric vehicles and zero-emission transport are now affordable and reliable; setting a clear 2030 deadline accelerates the shift we need while giving households, businesses and local councils time to adapt. More importantly, it must come with support to make the transition just: investment in public charging infrastructure, grants and low-interest loans for low-income families and renters, and massive spending on home insulation and affordable, frequent public transport so people aren\u2019t forced to choose between heat and a car.\n\nPhasing out petrol cars will cut bills, clean our air, and protect children\u2019s health. It will also break the power of fossil fuel interests profiting from climate delay. Let\u2019s choose Real Hope, Real Change \u2014 a fairer, greener Britain where a secure, healthy future is within reach for everyone.""]",1,"Hearing this makes me more sympathetic to the idea again — it stresses the health and equality benefits I care about, and I like that it pairs a 2030 deadline with clear support measures (charging, grants, public transport, insulation). That reassures me the policy could be fair if those promises are delivered. I’m still worried about the upfront cost of EVs for a low‑income household, being a renter with no guaranteed home charge point, and patchy rural charging; I’d need strong, guaranteed funding for cheap used EV schemes, community chargers and protections for tradespeople and rural services before I’d feel comfortable with a strict deadline."
357.0,1,P-B,ClimatePolicyID(3),,[],"[""They want to ban the sale of new petrol cars by 2030? I oppose that utterly. This is another Net Zero diktat dreamed up in Westminster by the Green Blob \u2014 an out\u2011of\u2011touch, elitist project that punishes ordinary people while costing them a fortune. Working families, rural residents and small businesses rely on petrol cars for affordable, reliable transport. A 2030 ban will push up vehicle prices, leave motorists stranded by inadequate charging in the countryside, and hand more power to expensive foreign supply chains for batteries and rare minerals.\n\nInstead of imposing top\u2011down bans, politicians should scrap green levies, boost North Sea energy and let British drivers choose. Stop the War on Drivers: get rid of pointless 20mph rules and ULEZ expansions that act as stealth taxes on hardworking people. A rush to ban petrol cars risks wrecking family budgets and rural livelihoods \u2014 Net Zero is net poverty. Restore common sense: protect affordable motoring, back domestic energy, and put Britain\u2019s working people first.""]",1,"Reading that message makes me more certain about the trade‑offs involved. I still like the idea of moving away from petrol to protect the environment, but the tone and claims in the message highlight practical worries I already had: affordability for people on low incomes, poorer charging infrastructure in the North East and rural areas, and the risk that ordinary drivers get penalised by policies designed in London. The attack on “green elites” and the focus on lost jobs, higher prices and supply‑chain dependence amplify my fear that a 2030 ban, if implemented without strong support measures, could be unfair to people like me and my community. At the same time, the message leans heavily on partisan rhetoric and some sweeping assertions (e.g. about 20mph rules or ULEZ) that make me question whether its claims are fully balanced or whether better targeted policies and protections could address those legitimate concerns."
357.0,2,P-B,ClimatePolicyID(3),,[],"[""They want to ban the sale of new petrol cars by 2030 \u2014 and they expect ordinary people to clap along while paying the price. I oppose this policy completely. It\u2019s another Net Zero diktat dreamed up by the Westminster bubble and the Green Blob, who think they can rewrite everyday life without paying the bill.\n\nAsk the farmer who needs a reliable vehicle at dawn, the tradesman who can\u2019t afford constant EV upgrades, or the pensioner who dreads charging and battery replacement costs. This policy hits working families and rural communities hardest. It\u2019s a tax on freedom disguised as virtue-signalling. Instead of forcing people into expensive, impractical cars, we should scrap green levies, boost home-grown energy, and invest in real innovation that lowers costs.\n\nWe must stop the War on Drivers. Keep petrol sales legal, protect our livelihoods, and focus on common-sense measures that cut bills not freedoms. Scrap Net Zero targets that punish ordinary people \u2014 restore Britain\u2019s power and prosperity.""]",1,"Reading that message makes me more certain about the trade‑offs involved. I do want to move away from petrol to protect the environment, so I still think banning new petrol cars in principle could be the right direction — but the tone and claims here amplify the practical worries I already have: the cost of EVs on a modest income, patchy charging in the North East and rural areas, and the impact on farmers and tradespeople who need reliable vehicles. The message’s language about “green elites” and “war on drivers” feels a bit partisan and overstated, which makes me question whether everything said is fair or accurate, but the concerns about affordability, infrastructure and rural fairness seem legitimate and make me more cautious about supporting a strict 2030 ban unless strong, targeted protections and support are in place."
357.0,3,P-B,ClimatePolicyID(3),,[],"[""Ban the sale of new petrol cars by 2030? Absolutely not. This is another top-down, out-of-touch diktat from the Westminster and Brussels-style elites who think they know better than hardworking British families. Forcing people to ditch reliable petrol cars on a fixed timetable slams ordinary folk \u2014 especially in rural towns and the North \u2014 with huge replacement costs, wrecks livelihoods for tradespeople and hauliers, and hands another advantage to big-city elites who can afford fast chargers and expensive electric models.\n\nWe should scrap this ideological crusade. Instead of punishing drivers with unrealistic bans and higher motoring costs, the government must focus on practical measures: beef up domestic energy production, remove green levies that inflate prices, invest in better, cost-effective transport where it makes sense, and let people choose how to get around. Don\u2019t let Net Zero bureaucrats dictate our lives and livelihoods. Say it plainly: Scrap the ban, stop the War on Drivers, and restore common-sense motoring policies that protect jobs and family budgets.""]",1,"Reading that makes me more certain about the trade-offs. I still feel moving away from petrol is the right direction to protect the environment, but the message highlights real practical problems I worry about: the high up‑front cost of EVs on my modest income, patchy charging in the North East and rural places, and the effect on people who need robust vehicles for work. The angry, divisive language about “elites” and a “war on drivers” feels overblown to me and makes me doubt some of the claims, but it does underline that any firm 2030 deadline would need strong, targeted help — affordable EVs or subsidies, guaranteed rural charging, and protections for tradespeople and farmers — otherwise it risks hitting ordinary families unfairly."
357.0,4,P-B,ClimatePolicyID(3),,[],"[""Ban the sale of new petrol cars by 2030? I oppose it \u2014 strongly.\n\nThis isn\u2019t about the environment, it\u2019s about Westminster elites forcing their ideology on hardworking people. Families who need a reliable car for work, farmers who tow trailers down country lanes, tradespeople who can\u2019t afford to replace tools and vans every few years \u2014 they\u2019ll be hit hardest. The Green Blob\u2019s plan will jack up vehicle costs, punish drivers with higher insurance and repair bills, and leave rural communities stranded with inadequate charging and patchy power supplies.\n\nInstead of imposing an arbitrary deadline, the government should focus on practical solutions: expand domestic energy production, scrap green levies that inflate running costs, and invest in realistic infrastructure so people can choose cleaner cars when it makes sense for them. Don\u2019t make ordinary Brits pay the price for a political fad dreamed up in Whitehall.\n\nNet Zero is turning into Net Poverty. Scrap these bans, protect jobs, and restore common sense to transport policy. Stop the war on drivers.""]",1,"Reading that message makes me more certain about the trade‑offs involved. I still think we should move away from petrol to protect the environment, but the tone and some claims heighten my worries about fairness and practicality: on my pension and modest income I worry about the high upfront cost of EVs, and living in the North East and rural areas I’m nervous about patchy charging and poorer infrastructure. The message’s angry language about “elites” and a “war on drivers” feels overblown and partisan, which makes me doubt some of its more dramatic claims, yet it does underline that a hard 2030 deadline would need strong, well‑targeted support — affordable purchase options, guaranteed rural charging, help for tradespeople and farmers — otherwise ordinary families like mine could be unfairly penalised."
516.0,1,P-B,ClimatePolicyID(3),,[],"[""They want to ban the sale of new petrol cars by 2030? I oppose that utterly. This is another Net Zero diktat dreamed up in Westminster by the Green Blob \u2014 an out\u2011of\u2011touch, elitist project that punishes ordinary people while costing them a fortune. Working families, rural residents and small businesses rely on petrol cars for affordable, reliable transport. A 2030 ban will push up vehicle prices, leave motorists stranded by inadequate charging in the countryside, and hand more power to expensive foreign supply chains for batteries and rare minerals.\n\nInstead of imposing top\u2011down bans, politicians should scrap green levies, boost North Sea energy and let British drivers choose. Stop the War on Drivers: get rid of pointless 20mph rules and ULEZ expansions that act as stealth taxes on hardworking people. A rush to ban petrol cars risks wrecking family budgets and rural livelihoods \u2014 Net Zero is net poverty. Restore common sense: protect affordable motoring, back domestic energy, and put Britain\u2019s working people first.""]",1,"This message reinforces several of my existing worries about a 2030 ban. It highlights the practical problems for people outside big cities — limited charging infrastructure in rural areas and dependence on affordable, reliable petrol cars — which makes me more concerned the policy could disproportionately harm working families and small businesses in places like the East Midlands. The emphasis on higher vehicle costs and greater reliance on foreign supply chains for batteries resonates with my instinct to be cautious about rapid transitions that might shift economic power or hit household budgets. At the same time, the message’s charged language about an “elitist” Green Blob and “War on Drivers” feels political and slightly exaggerated, which makes me want to separate legitimate practical concerns from hyperbole. Overall, it pushes me to weigh the environmental benefits against concrete costs to ordinary people and local communities before forming a judgement."
516.0,2,P-B,ClimatePolicyID(3),,[],"[""They want to ban the sale of new petrol cars by 2030 \u2014 and they expect ordinary people to clap along while paying the price. I oppose this policy completely. It\u2019s another Net Zero diktat dreamed up by the Westminster bubble and the Green Blob, who think they can rewrite everyday life without paying the bill.\n\nAsk the farmer who needs a reliable vehicle at dawn, the tradesman who can\u2019t afford constant EV upgrades, or the pensioner who dreads charging and battery replacement costs. This policy hits working families and rural communities hardest. It\u2019s a tax on freedom disguised as virtue-signalling. Instead of forcing people into expensive, impractical cars, we should scrap green levies, boost home-grown energy, and invest in real innovation that lowers costs.\n\nWe must stop the War on Drivers. Keep petrol sales legal, protect our livelihoods, and focus on common-sense measures that cut bills not freedoms. Scrap Net Zero targets that punish ordinary people \u2014 restore Britain\u2019s power and prosperity.""]",1,"This message reinforces my practical worries about a 2030 ban. It reminds me of real people I care about — farmers, tradespeople, pensioners — who rely on dependable, affordable vehicles and for whom charging infrastructure or high upfront EV costs are a real barrier. The language feels political and a bit exaggerated (“Green Blob”, “War on Drivers”), which makes me want to separate valid concerns from hyperbole. Overall it pushes me to be cautious: I still value the environmental goals, but I’m more convinced the policy could unfairly burden rural and working families unless there are clear, affordable transition supports like improved charging in non-urban areas, subsidies or scrappage schemes, and protections for people who need specialist vehicles."
516.0,3,P-B,ClimatePolicyID(3),,[],"[""Ban the sale of new petrol cars by 2030? Absolutely not. This is another top-down, out-of-touch diktat from the Westminster and Brussels-style elites who think they know better than hardworking British families. Forcing people to ditch reliable petrol cars on a fixed timetable slams ordinary folk \u2014 especially in rural towns and the North \u2014 with huge replacement costs, wrecks livelihoods for tradespeople and hauliers, and hands another advantage to big-city elites who can afford fast chargers and expensive electric models.\n\nWe should scrap this ideological crusade. Instead of punishing drivers with unrealistic bans and higher motoring costs, the government must focus on practical measures: beef up domestic energy production, remove green levies that inflate prices, invest in better, cost-effective transport where it makes sense, and let people choose how to get around. Don\u2019t let Net Zero bureaucrats dictate our lives and livelihoods. Say it plainly: Scrap the ban, stop the War on Drivers, and restore common-sense motoring policies that protect jobs and family budgets.""]",1,"This message heightens my worries about the 2030 ban. It reminds me of people I care about — farmers, tradespeople and older folks — who need reliable, affordable cars and for whom charging and upfront EV costs are real barriers. The tone feels a bit political and exaggerated, which makes me want to separate the valid practical concerns from the rhetoric. I still want strong environmental action, but this pushes me toward thinking the policy may be too rushed and could unfairly burden ordinary, non-urban families unless there are clear, affordable transition supports like better rural charging, subsidies or scrappage schemes, and protections for specialist vehicle needs."
516.0,4,P-B,ClimatePolicyID(3),,[],"[""Ban the sale of new petrol cars by 2030? I oppose it \u2014 strongly.\n\nThis isn\u2019t about the environment, it\u2019s about Westminster elites forcing their ideology on hardworking people. Families who need a reliable car for work, farmers who tow trailers down country lanes, tradespeople who can\u2019t afford to replace tools and vans every few years \u2014 they\u2019ll be hit hardest. The Green Blob\u2019s plan will jack up vehicle costs, punish drivers with higher insurance and repair bills, and leave rural communities stranded with inadequate charging and patchy power supplies.\n\nInstead of imposing an arbitrary deadline, the government should focus on practical solutions: expand domestic energy production, scrap green levies that inflate running costs, and invest in realistic infrastructure so people can choose cleaner cars when it makes sense for them. Don\u2019t make ordinary Brits pay the price for a political fad dreamed up in Whitehall.\n\nNet Zero is turning into Net Poverty. Scrap these bans, protect jobs, and restore common sense to transport policy. Stop the war on drivers.""]",1,"Reading that message makes me even more uneasy about a 2030 ban — it underlines the very practical problems I worry about for people I care about in the East Midlands: farmers, tradespeople and working families who need reliable, affordable vehicles and who may face poor rural charging and higher up‑front costs. The hyperbolic tone (“Green Blob”, “war on drivers”) rings a bit political and exaggerates things, so it pushes me to separate legitimate logistical and fairness concerns (rural charging, specialist vehicle needs, affordability) from partisan rhetoric. It also reinforces my desire that any transition be accompanied by concrete supports — better rural charging, subsidies or scrappage schemes, and protections for those who need specialist vehicles — rather than a hard deadline that might leave ordinary people worse off. At the same time, because I care about the environment, I want solutions that reduce emissions but are practical and don’t unfairly burden those on modest incomes."
1932.0,1,P-B,ClimatePolicyID(3),,[],"[""They want to ban the sale of new petrol cars by 2030? I oppose that utterly. This is another Net Zero diktat dreamed up in Westminster by the Green Blob \u2014 an out\u2011of\u2011touch, elitist project that punishes ordinary people while costing them a fortune. Working families, rural residents and small businesses rely on petrol cars for affordable, reliable transport. A 2030 ban will push up vehicle prices, leave motorists stranded by inadequate charging in the countryside, and hand more power to expensive foreign supply chains for batteries and rare minerals.\n\nInstead of imposing top\u2011down bans, politicians should scrap green levies, boost North Sea energy and let British drivers choose. Stop the War on Drivers: get rid of pointless 20mph rules and ULEZ expansions that act as stealth taxes on hardworking people. A rush to ban petrol cars risks wrecking family budgets and rural livelihoods \u2014 Net Zero is net poverty. Restore common sense: protect affordable motoring, back domestic energy, and put Britain\u2019s working people first.""]",1,"Reading that message makes me sympathise with the practical worries it raises. It echoes my own concerns about rural charging availability, upfront costs, and people on modest incomes being hit by price rises or restricted choices. I can see the point that sudden top‑down bans without solid infrastructure and affordable alternatives would be unfair to working families and small businesses who depend on a car. At the same time, I recognise the argument that there may be long‑term savings on running costs and that policy can steer markets toward cleaner tech — but only if the transition is realistic for people like me in the East of England and doesn’t leave us out of pocket or stranded."
1932.0,2,P-B,ClimatePolicyID(3),,[],"[""They want to ban the sale of new petrol cars by 2030 \u2014 and they expect ordinary people to clap along while paying the price. I oppose this policy completely. It\u2019s another Net Zero diktat dreamed up by the Westminster bubble and the Green Blob, who think they can rewrite everyday life without paying the bill.\n\nAsk the farmer who needs a reliable vehicle at dawn, the tradesman who can\u2019t afford constant EV upgrades, or the pensioner who dreads charging and battery replacement costs. This policy hits working families and rural communities hardest. It\u2019s a tax on freedom disguised as virtue-signalling. Instead of forcing people into expensive, impractical cars, we should scrap green levies, boost home-grown energy, and invest in real innovation that lowers costs.\n\nWe must stop the War on Drivers. Keep petrol sales legal, protect our livelihoods, and focus on common-sense measures that cut bills not freedoms. Scrap Net Zero targets that punish ordinary people \u2014 restore Britain\u2019s power and prosperity.""]",1,"Reading that message makes me sympathise with the practical worries it raises. It reinforces my concern that a hard deadline like 2030 could hit rural people and lower‑income households hardest — farmers, tradespeople and pensioners who rely on dependable vehicles and might struggle with upfront EV costs or sparse charging in the East of England. It underlines the fear of top‑down policies made by people who don’t live the realities of driving outside big towns, and the sense that this would feel like another cost or loss of freedom imposed from Westminster.

At the same time, it reminds me that there are potential long‑term savings in running electric vehicles and that government can steer markets toward cleaner tech — but only if the transition is realistic, affordable and backed by proper charging infrastructure and support for those on modest incomes. So I’m thinking about trade‑offs: protecting livelihoods and ensuring fairness in rural areas versus the idea of gradual policy direction that could eventually reduce fuel bills and emissions, provided it’s implemented sensibly."
1932.0,3,P-B,ClimatePolicyID(3),,[],"[""Ban the sale of new petrol cars by 2030? Absolutely not. This is another top-down, out-of-touch diktat from the Westminster and Brussels-style elites who think they know better than hardworking British families. Forcing people to ditch reliable petrol cars on a fixed timetable slams ordinary folk \u2014 especially in rural towns and the North \u2014 with huge replacement costs, wrecks livelihoods for tradespeople and hauliers, and hands another advantage to big-city elites who can afford fast chargers and expensive electric models.\n\nWe should scrap this ideological crusade. Instead of punishing drivers with unrealistic bans and higher motoring costs, the government must focus on practical measures: beef up domestic energy production, remove green levies that inflate prices, invest in better, cost-effective transport where it makes sense, and let people choose how to get around. Don\u2019t let Net Zero bureaucrats dictate our lives and livelihoods. Say it plainly: Scrap the ban, stop the War on Drivers, and restore common-sense motoring policies that protect jobs and family budgets.""]",1,"Reading that message makes me sympathise with the practical worries it raises — it reminds me that a hard 2030 ban could hit people like me and my neighbours who live rurally and rely on reliable petrol vans and cars. It reinforces my concern about upfront costs, patchy charging in the East of England, and the sense that a top-down deadline might be imposed by people who don’t understand day‑to‑day realities. At the same time, it also makes me think about the other side: I’ve heard EVs can be cheaper to run over time and that government action can speed up the rollout of useful infrastructure — which matters on a modest household income. So I’m torn: I worry about unfair short‑term impacts and loss of choice, but I can see potential long‑term benefits if any transition is realistic, affordable and supported properly."
1932.0,4,P-B,ClimatePolicyID(3),,[],"[""Ban the sale of new petrol cars by 2030? I oppose it \u2014 strongly.\n\nThis isn\u2019t about the environment, it\u2019s about Westminster elites forcing their ideology on hardworking people. Families who need a reliable car for work, farmers who tow trailers down country lanes, tradespeople who can\u2019t afford to replace tools and vans every few years \u2014 they\u2019ll be hit hardest. The Green Blob\u2019s plan will jack up vehicle costs, punish drivers with higher insurance and repair bills, and leave rural communities stranded with inadequate charging and patchy power supplies.\n\nInstead of imposing an arbitrary deadline, the government should focus on practical solutions: expand domestic energy production, scrap green levies that inflate running costs, and invest in realistic infrastructure so people can choose cleaner cars when it makes sense for them. Don\u2019t make ordinary Brits pay the price for a political fad dreamed up in Whitehall.\n\nNet Zero is turning into Net Poverty. Scrap these bans, protect jobs, and restore common sense to transport policy. Stop the war on drivers.""]",1,"Reading that makes a lot of my practical worries feel validated — the message frames the 2030 ban as something imposed from Whitehall that could hit people in rural areas like me who rely on a dependable petrol car or van, and it reminds me how upfront costs and patchy charging would be real problems on a modest income. At the same time, it sounds quite combative and a bit sweeping: I don’t like the tone that paints all change as a political “war on drivers,” because I’ve heard EVs can be cheaper to run long term and government action can actually help get charging rolled out faster. So I’m pulled between sympathy for the concerns about fairness, cost and rural practicality, and the recognition that some intervention might be needed to make cleaner cars affordable and workable — but only if done gradually and with proper support for people like me."
1327.0,1,P-B,ClimatePolicyID(3),,[],"[""They want to ban the sale of new petrol cars by 2030? I oppose that utterly. This is another Net Zero diktat dreamed up in Westminster by the Green Blob \u2014 an out\u2011of\u2011touch, elitist project that punishes ordinary people while costing them a fortune. Working families, rural residents and small businesses rely on petrol cars for affordable, reliable transport. A 2030 ban will push up vehicle prices, leave motorists stranded by inadequate charging in the countryside, and hand more power to expensive foreign supply chains for batteries and rare minerals.\n\nInstead of imposing top\u2011down bans, politicians should scrap green levies, boost North Sea energy and let British drivers choose. Stop the War on Drivers: get rid of pointless 20mph rules and ULEZ expansions that act as stealth taxes on hardworking people. A rush to ban petrol cars risks wrecking family budgets and rural livelihoods \u2014 Net Zero is net poverty. Restore common sense: protect affordable motoring, back domestic energy, and put Britain\u2019s working people first.""]",1,"Hearing that message makes me worry about the practical impacts on ordinary families like mine. It highlights valid concerns about upfront costs, rural charging access, and reliance on supply chains for batteries — all things that could make a rapid transition feel unfair to working people who depend on cars. At the same time, I keep coming back to the long‑term risks of leaving petrol cars on the road: air quality harms, climate effects that will hit the vulnerable hardest, and the need for decisive policy to correct market failures. So I find myself torn between empathy for immediate economic and access worries and the conviction that government sometimes needs to act boldly to protect future generations."
1327.0,2,P-B,ClimatePolicyID(3),,[],"[""They want to ban the sale of new petrol cars by 2030 \u2014 and they expect ordinary people to clap along while paying the price. I oppose this policy completely. It\u2019s another Net Zero diktat dreamed up by the Westminster bubble and the Green Blob, who think they can rewrite everyday life without paying the bill.\n\nAsk the farmer who needs a reliable vehicle at dawn, the tradesman who can\u2019t afford constant EV upgrades, or the pensioner who dreads charging and battery replacement costs. This policy hits working families and rural communities hardest. It\u2019s a tax on freedom disguised as virtue-signalling. Instead of forcing people into expensive, impractical cars, we should scrap green levies, boost home-grown energy, and invest in real innovation that lowers costs.\n\nWe must stop the War on Drivers. Keep petrol sales legal, protect our livelihoods, and focus on common-sense measures that cut bills not freedoms. Scrap Net Zero targets that punish ordinary people \u2014 restore Britain\u2019s power and prosperity.""]",1,"Hearing that makes my worries about fairness and practical impacts more immediate. The message highlights real problems for people I care about — farmers, tradespeople, rural families, and pensioners — who may face higher upfront costs, charging access issues, and anxiety about battery life and replacement. That reinforces my concern that a blunt 2030 cutoff could be regressive unless paired with strong support measures (subsidies, rural charging infrastructure, trade/utility vehicle exemptions or transition paths).

At the same time, the message pushes me to balance empathy for those short-term burdens with the long-term harms of leaving petrol cars on the road — poorer air quality and climate risks that hit the vulnerable hardest. It makes me think more about the importance of implementation: whether government would properly fund help for low- and middle-income households, support small businesses and rural communities, and invest in charging and supply resilience so the policy isn’t just a one-size-fits-all mandate."
1327.0,3,P-B,ClimatePolicyID(3),,[],"[""Ban the sale of new petrol cars by 2030? Absolutely not. This is another top-down, out-of-touch diktat from the Westminster and Brussels-style elites who think they know better than hardworking British families. Forcing people to ditch reliable petrol cars on a fixed timetable slams ordinary folk \u2014 especially in rural towns and the North \u2014 with huge replacement costs, wrecks livelihoods for tradespeople and hauliers, and hands another advantage to big-city elites who can afford fast chargers and expensive electric models.\n\nWe should scrap this ideological crusade. Instead of punishing drivers with unrealistic bans and higher motoring costs, the government must focus on practical measures: beef up domestic energy production, remove green levies that inflate prices, invest in better, cost-effective transport where it makes sense, and let people choose how to get around. Don\u2019t let Net Zero bureaucrats dictate our lives and livelihoods. Say it plainly: Scrap the ban, stop the War on Drivers, and restore common-sense motoring policies that protect jobs and family budgets.""]",1,"Hearing that makes my worries about fairness and practical impacts more immediate — the message crystallises how a hard 2030 cutoff could feel like a top-down shock to rural families, tradespeople and hauliers who rely on affordable, reliable petrol vehicles and who may lack easy access to charging. It pushes me to weigh those short-term distributional harms more heavily against the long-term environmental benefits I already accept; it increases my appetite for strong compensatory measures (subsidies, rural charging roll-out, exemptions or longer transition periods for specific sectors) so the policy isn't regressive. At the same time, the reminder that government interventions can be heavy-handed strengthens my insistence that any mandate be evidence-based, flexible where necessary, and paired with concrete support rather than just being a blunt diktat."
1327.0,4,P-B,ClimatePolicyID(3),,[],"[""Ban the sale of new petrol cars by 2030? I oppose it \u2014 strongly.\n\nThis isn\u2019t about the environment, it\u2019s about Westminster elites forcing their ideology on hardworking people. Families who need a reliable car for work, farmers who tow trailers down country lanes, tradespeople who can\u2019t afford to replace tools and vans every few years \u2014 they\u2019ll be hit hardest. The Green Blob\u2019s plan will jack up vehicle costs, punish drivers with higher insurance and repair bills, and leave rural communities stranded with inadequate charging and patchy power supplies.\n\nInstead of imposing an arbitrary deadline, the government should focus on practical solutions: expand domestic energy production, scrap green levies that inflate running costs, and invest in realistic infrastructure so people can choose cleaner cars when it makes sense for them. Don\u2019t make ordinary Brits pay the price for a political fad dreamed up in Whitehall.\n\nNet Zero is turning into Net Poverty. Scrap these bans, protect jobs, and restore common sense to transport policy. Stop the war on drivers.""]",1,"Hearing this message sharpens my worries about fairness and practicality. It makes the potential short-term harms — higher upfront costs, rural charging gaps, and impacts on tradespeople and farmers — feel more immediate and personal, so I want stronger safeguards (subsidies, targeted exemptions, rural charging roll‑out) attached to any ban. At the same time the critique feels a bit like political posturing, and it underplays the long‑term harms of petrol cars (air pollution, climate impacts on vulnerable communities) that I already take seriously, so I’m not ready to abandon the goal. Overall the message moves me toward conditional support: I’d be more comfortable with a ban only if it’s evidence‑based, phased where necessary, and paired with concrete measures to protect working families and rural areas."
332.0,1,P-B,ClimatePolicyID(3),,[],"[""They want to ban the sale of new petrol cars by 2030? I oppose that utterly. This is another Net Zero diktat dreamed up in Westminster by the Green Blob \u2014 an out\u2011of\u2011touch, elitist project that punishes ordinary people while costing them a fortune. Working families, rural residents and small businesses rely on petrol cars for affordable, reliable transport. A 2030 ban will push up vehicle prices, leave motorists stranded by inadequate charging in the countryside, and hand more power to expensive foreign supply chains for batteries and rare minerals.\n\nInstead of imposing top\u2011down bans, politicians should scrap green levies, boost North Sea energy and let British drivers choose. Stop the War on Drivers: get rid of pointless 20mph rules and ULEZ expansions that act as stealth taxes on hardworking people. A rush to ban petrol cars risks wrecking family budgets and rural livelihoods \u2014 Net Zero is net poverty. Restore common sense: protect affordable motoring, back domestic energy, and put Britain\u2019s working people first.""]",1,"Reading that message makes me sympathise with several of the practical concerns it raises, which feed into my reservations about a hard 2030 ban. It underlines the point about affordability — if EVs and charging infrastructure remain expensive or unevenly distributed, a ban could disproportionately harm lower‑income households and rural drivers, which clashes with my strong belief in equalising conditions. The comment about rural charging and reliability reminds me that Scotland’s geography and long distances make transitions harder here than in dense cities, so timelines should reflect that. At the same time, the rhetoric about “elitist” or “Green Blob” policymaking feels exaggerated and polarising; it pushes me to separate legitimate implementation problems (cost, infrastructure, supply chains) from purely political sloganeering. Overall, this message strengthens my view that I support the goal of reducing emissions in principle but worry that a 2030 blanket ban may be unfair or impractical unless paired with clear measures to make EVs genuinely affordable, improve rural charging, and protect people whose livelihoods depend on current vehicle choices."
332.0,2,P-B,ClimatePolicyID(3),,[],"[""They want to ban the sale of new petrol cars by 2030 \u2014 and they expect ordinary people to clap along while paying the price. I oppose this policy completely. It\u2019s another Net Zero diktat dreamed up by the Westminster bubble and the Green Blob, who think they can rewrite everyday life without paying the bill.\n\nAsk the farmer who needs a reliable vehicle at dawn, the tradesman who can\u2019t afford constant EV upgrades, or the pensioner who dreads charging and battery replacement costs. This policy hits working families and rural communities hardest. It\u2019s a tax on freedom disguised as virtue-signalling. Instead of forcing people into expensive, impractical cars, we should scrap green levies, boost home-grown energy, and invest in real innovation that lowers costs.\n\nWe must stop the War on Drivers. Keep petrol sales legal, protect our livelihoods, and focus on common-sense measures that cut bills not freedoms. Scrap Net Zero targets that punish ordinary people \u2014 restore Britain\u2019s power and prosperity.""]",1,"Reading that makes me more aware of the very practical and immediate costs this kind of ban could impose on rural people, tradespeople and lower‑income households — which resonates with my concern about equalising conditions. The message’s tone (Westminster/Green Blob) feels a bit polarised and dismissive, so I need to separate the legitimate implementation issues (charging access in rural Scotland, affordability, suitability for some jobs) from the hyperbole about “war on drivers.” Overall it pushes me toward wanting stronger protections and concrete support measures — cheaper EVs, better rural charging, exemptions or alternatives for certain professions — before I’d feel comfortable endorsing a hard 2030 deadline."
332.0,3,P-B,ClimatePolicyID(3),,[],"[""Ban the sale of new petrol cars by 2030? Absolutely not. This is another top-down, out-of-touch diktat from the Westminster and Brussels-style elites who think they know better than hardworking British families. Forcing people to ditch reliable petrol cars on a fixed timetable slams ordinary folk \u2014 especially in rural towns and the North \u2014 with huge replacement costs, wrecks livelihoods for tradespeople and hauliers, and hands another advantage to big-city elites who can afford fast chargers and expensive electric models.\n\nWe should scrap this ideological crusade. Instead of punishing drivers with unrealistic bans and higher motoring costs, the government must focus on practical measures: beef up domestic energy production, remove green levies that inflate prices, invest in better, cost-effective transport where it makes sense, and let people choose how to get around. Don\u2019t let Net Zero bureaucrats dictate our lives and livelihoods. Say it plainly: Scrap the ban, stop the War on Drivers, and restore common-sense motoring policies that protect jobs and family budgets.""]",1,"That message pulls on a few of my main worries — the practical costs for ordinary people, and how a fixed 2030 deadline might hit rural households, tradespeople and hauliers harder than urban professionals. The tone feels quite polarised and geared to grievance (Westminster/Brussels elites, “war on drivers”), which makes me want to separate sensible implementation concerns from the rhetoric. I find the argument about replacement costs and uneven access to charging persuasive: if cheaper EVs, much better rural charging and targeted support for people whose work requires long-range or heavy vehicles aren’t in place, a hard 2030 cutoff could be unfair. On the other hand, the note about “letting people choose” and scrapping the ban altogether seems to ignore the environmental need to cut transport emissions; I’m not ready to throw out the goal of phasing out petrol cars entirely. So the message nudges me toward emphasizing fairness and practical mitigation measures (subsidies, exemptions, rural charging investment) before I’d fully back a strict 2030 ban."
332.0,4,P-B,ClimatePolicyID(3),,[],"[""Ban the sale of new petrol cars by 2030? I oppose it \u2014 strongly.\n\nThis isn\u2019t about the environment, it\u2019s about Westminster elites forcing their ideology on hardworking people. Families who need a reliable car for work, farmers who tow trailers down country lanes, tradespeople who can\u2019t afford to replace tools and vans every few years \u2014 they\u2019ll be hit hardest. The Green Blob\u2019s plan will jack up vehicle costs, punish drivers with higher insurance and repair bills, and leave rural communities stranded with inadequate charging and patchy power supplies.\n\nInstead of imposing an arbitrary deadline, the government should focus on practical solutions: expand domestic energy production, scrap green levies that inflate running costs, and invest in realistic infrastructure so people can choose cleaner cars when it makes sense for them. Don\u2019t make ordinary Brits pay the price for a political fad dreamed up in Whitehall.\n\nNet Zero is turning into Net Poverty. Scrap these bans, protect jobs, and restore common sense to transport policy. Stop the war on drivers.""]",1,"That message heightens the worries I already had about a hard 2030 ban — it leans heavily on grievance and elite-versus-ordinary rhetoric, which makes me wary of accepting its framing wholesale, but it does pull together practical points I care about. I’m more convinced that a straightforward deadline risks harming rural households, tradespeople and lower-income families unless there are clear, funded measures to make EVs affordable, boost rural charging and support vehicles that need extra range or payload. I also feel pushed to separate legitimate implementation concerns from the hyperbolic claims (e.g. “Net Poverty” or a “war on drivers”), so I’m inclined to demand detailed, fair transition plans rather than simply abandoning the phase-out goal — but I remain unsure whether 2030 as currently planned is realistic or just."
1540.0,1,P-B,ClimatePolicyID(3),,[],"[""They want to ban the sale of new petrol cars by 2030? I oppose that utterly. This is another Net Zero diktat dreamed up in Westminster by the Green Blob \u2014 an out\u2011of\u2011touch, elitist project that punishes ordinary people while costing them a fortune. Working families, rural residents and small businesses rely on petrol cars for affordable, reliable transport. A 2030 ban will push up vehicle prices, leave motorists stranded by inadequate charging in the countryside, and hand more power to expensive foreign supply chains for batteries and rare minerals.\n\nInstead of imposing top\u2011down bans, politicians should scrap green levies, boost North Sea energy and let British drivers choose. Stop the War on Drivers: get rid of pointless 20mph rules and ULEZ expansions that act as stealth taxes on hardworking people. A rush to ban petrol cars risks wrecking family budgets and rural livelihoods \u2014 Net Zero is net poverty. Restore common sense: protect affordable motoring, back domestic energy, and put Britain\u2019s working people first.""]",1,"Reading that message makes me even more resistant to a mandated 2030 ban. It frames the policy as an elitist, top‑down imposition that harms ordinary families, rural residents and small businesses — which ties directly into my concerns about forced, rapid transitions that neglect practical and financial realities. The points about higher vehicle costs, inadequate rural charging and reliance on foreign battery supply chains amplify my worries about unintended consequences and loss of consumer choice. At the same time, the strong rhetoric about a “war on drivers” and calls to scrap low‑speed limits and ULEZ expansions push me to weigh broader transport and cost‑of‑living issues alongside the ban itself, making me want to consider phased, market‑led options or measures that protect rural and lower‑income households rather than a hard deadline imposed from Westminster."
1540.0,2,P-B,ClimatePolicyID(3),,[],"[""They want to ban the sale of new petrol cars by 2030 \u2014 and they expect ordinary people to clap along while paying the price. I oppose this policy completely. It\u2019s another Net Zero diktat dreamed up by the Westminster bubble and the Green Blob, who think they can rewrite everyday life without paying the bill.\n\nAsk the farmer who needs a reliable vehicle at dawn, the tradesman who can\u2019t afford constant EV upgrades, or the pensioner who dreads charging and battery replacement costs. This policy hits working families and rural communities hardest. It\u2019s a tax on freedom disguised as virtue-signalling. Instead of forcing people into expensive, impractical cars, we should scrap green levies, boost home-grown energy, and invest in real innovation that lowers costs.\n\nWe must stop the War on Drivers. Keep petrol sales legal, protect our livelihoods, and focus on common-sense measures that cut bills not freedoms. Scrap Net Zero targets that punish ordinary people \u2014 restore Britain\u2019s power and prosperity.""]",1,"Reading that makes me even more certain a mandated 2030 ban feels like a top‑down, punitive move that will hit ordinary people first. The examples about farmers, tradesmen and pensioners echo my worries about rural charging, higher upfront costs and loss of practical choice — it reinforces the idea that this policy could be unfair to those who rely on specific vehicles for work or who can’t easily retrofit their lives. At the same time, the message's combative tone (“War on Drivers”, “Green Blob”) risks oversimplifying complex trade‑offs; it makes me want to see clearer evidence that alternatives and protections for vulnerable groups are in place before I’d back any firm deadline. Overall, it pushes me toward favouring slower, market‑led change with targeted support rather than an abrupt, blanket ban."
1540.0,3,P-B,ClimatePolicyID(3),,[],"[""Ban the sale of new petrol cars by 2030? Absolutely not. This is another top-down, out-of-touch diktat from the Westminster and Brussels-style elites who think they know better than hardworking British families. Forcing people to ditch reliable petrol cars on a fixed timetable slams ordinary folk \u2014 especially in rural towns and the North \u2014 with huge replacement costs, wrecks livelihoods for tradespeople and hauliers, and hands another advantage to big-city elites who can afford fast chargers and expensive electric models.\n\nWe should scrap this ideological crusade. Instead of punishing drivers with unrealistic bans and higher motoring costs, the government must focus on practical measures: beef up domestic energy production, remove green levies that inflate prices, invest in better, cost-effective transport where it makes sense, and let people choose how to get around. Don\u2019t let Net Zero bureaucrats dictate our lives and livelihoods. Say it plainly: Scrap the ban, stop the War on Drivers, and restore common-sense motoring policies that protect jobs and family budgets.""]",1,"Reading that message makes me even more wary of a mandated 2030 ban. It reinforces my instinct that a top-down deadline could be unfair to ordinary people — tradespeople, rural families and those on tighter budgets — who rely on specific kinds of vehicles and may face big upfront costs or practical barriers to switching. The tone about “Westminster and Brussels elites” and a “War on Drivers” pushes me toward scepticism of centralised, ideological policies and in favour of gradual, market-led change with targeted support for those who’d be worst hit. At the same time, the message leans heavily on anecdote and rhetoric; it doesn’t fully address issues like long‑term running costs, air quality or whether infrastructure investment and subsidies might mitigate the concerns, so I’m open to evidence that the transition can be made fairer rather than simply dismissing a firm target out of hand."
1540.0,4,P-B,ClimatePolicyID(3),,[],"[""Ban the sale of new petrol cars by 2030? I oppose it \u2014 strongly.\n\nThis isn\u2019t about the environment, it\u2019s about Westminster elites forcing their ideology on hardworking people. Families who need a reliable car for work, farmers who tow trailers down country lanes, tradespeople who can\u2019t afford to replace tools and vans every few years \u2014 they\u2019ll be hit hardest. The Green Blob\u2019s plan will jack up vehicle costs, punish drivers with higher insurance and repair bills, and leave rural communities stranded with inadequate charging and patchy power supplies.\n\nInstead of imposing an arbitrary deadline, the government should focus on practical solutions: expand domestic energy production, scrap green levies that inflate running costs, and invest in realistic infrastructure so people can choose cleaner cars when it makes sense for them. Don\u2019t make ordinary Brits pay the price for a political fad dreamed up in Whitehall.\n\nNet Zero is turning into Net Poverty. Scrap these bans, protect jobs, and restore common sense to transport policy. Stop the war on drivers.""]",1,"Reading that message makes me even more resistant to a mandated 2030 ban — it frames the policy as a top‑down ideological attack that will hurt ordinary families, tradespeople and rural folks, which resonates with my suspicion of heavy‑handed government interventions. The points about higher upfront costs, patchy rural charging and special vehicle needs (trailers, vans, tools) strengthen my instinct that a hard deadline could be unfair and impractical without big compensating measures. At the same time, the message is quite rhetorical and one‑sided — it doesn’t engage with counterarguments like lower running costs of EVs over time, improving infrastructure, or public health benefits from cleaner air — so I’m open to evidence that a transition can be managed fairly. Overall it nudges me toward favouring market‑led change or a phased approach with targeted support rather than an immediate, universal ban, while keeping an eye on whether practical mitigations could make a firm target acceptable."
1339.0,1,P-B,ClimatePolicyID(3),,[],"[""They want to ban the sale of new petrol cars by 2030? I oppose that utterly. This is another Net Zero diktat dreamed up in Westminster by the Green Blob \u2014 an out\u2011of\u2011touch, elitist project that punishes ordinary people while costing them a fortune. Working families, rural residents and small businesses rely on petrol cars for affordable, reliable transport. A 2030 ban will push up vehicle prices, leave motorists stranded by inadequate charging in the countryside, and hand more power to expensive foreign supply chains for batteries and rare minerals.\n\nInstead of imposing top\u2011down bans, politicians should scrap green levies, boost North Sea energy and let British drivers choose. Stop the War on Drivers: get rid of pointless 20mph rules and ULEZ expansions that act as stealth taxes on hardworking people. A rush to ban petrol cars risks wrecking family budgets and rural livelihoods \u2014 Net Zero is net poverty. Restore common sense: protect affordable motoring, back domestic energy, and put Britain\u2019s working people first.""]",1,"Reading that message brings up several immediate reactions. It highlights real concerns about affordability and rural charging infrastructure that align with my caution about a rapid 2030 timeline — I worry the transition could disproportionately hit lower‑income households and people outside urban areas. The tone framing it as an “elitist” Westminster diktat also reminds me that public acceptance matters: if policies are seen as imposed by distant elites, they’ll provoke backlash even among people who care about the environment. At the same time, the message uses emotive language and some broad claims (e.g., “Net Zero is net poverty,” “hand more power to expensive foreign supply chains”) that make me want clearer evidence about costs, supply‑chain impacts, and where support for charging and affordable EVs would come from. Overall it strengthens my view that while the environmental goal is important, the policy design needs to mitigate distributional harms, ensure charging infrastructure in rural areas, and include measures to keep vehicles affordable — otherwise the political and social costs could be high."
1339.0,2,P-B,ClimatePolicyID(3),,[],"[""They want to ban the sale of new petrol cars by 2030 \u2014 and they expect ordinary people to clap along while paying the price. I oppose this policy completely. It\u2019s another Net Zero diktat dreamed up by the Westminster bubble and the Green Blob, who think they can rewrite everyday life without paying the bill.\n\nAsk the farmer who needs a reliable vehicle at dawn, the tradesman who can\u2019t afford constant EV upgrades, or the pensioner who dreads charging and battery replacement costs. This policy hits working families and rural communities hardest. It\u2019s a tax on freedom disguised as virtue-signalling. Instead of forcing people into expensive, impractical cars, we should scrap green levies, boost home-grown energy, and invest in real innovation that lowers costs.\n\nWe must stop the War on Drivers. Keep petrol sales legal, protect our livelihoods, and focus on common-sense measures that cut bills not freedoms. Scrap Net Zero targets that punish ordinary people \u2014 restore Britain\u2019s power and prosperity.""]",1,"This message sharpens some of my existing worries. I care about tackling climate change, but the tone that this is a Westminster/elite imposition and the examples about farmers, tradespeople and pensioners make me worry the 2030 ban could be very unfair in practice unless the policy is designed with those groups in mind. It reinforces my concern about rural charging and the affordability of EVs — if reliable, affordable alternatives and support for people who genuinely need specific vehicles aren’t in place, the ban could create real hardship. At the same time I’m skeptical of the more hyperbolic claims (e.g. “War on Drivers” or blanket statements about costs) and would want clearer evidence on total costs, supply chains and how targeted mitigations (subsidies, rural charging, exemptions or phased rules) might address these harms. Overall it nudges me further toward supporting the goal only if the policy includes strong, practical protections and investment to make the transition equitable."
1339.0,3,P-B,ClimatePolicyID(3),,[],"[""Ban the sale of new petrol cars by 2030? Absolutely not. This is another top-down, out-of-touch diktat from the Westminster and Brussels-style elites who think they know better than hardworking British families. Forcing people to ditch reliable petrol cars on a fixed timetable slams ordinary folk \u2014 especially in rural towns and the North \u2014 with huge replacement costs, wrecks livelihoods for tradespeople and hauliers, and hands another advantage to big-city elites who can afford fast chargers and expensive electric models.\n\nWe should scrap this ideological crusade. Instead of punishing drivers with unrealistic bans and higher motoring costs, the government must focus on practical measures: beef up domestic energy production, remove green levies that inflate prices, invest in better, cost-effective transport where it makes sense, and let people choose how to get around. Don\u2019t let Net Zero bureaucrats dictate our lives and livelihoods. Say it plainly: Scrap the ban, stop the War on Drivers, and restore common-sense motoring policies that protect jobs and family budgets.""]",1,"This message sharpens some of my existing worries about a 2030 ban. I already want strong climate action, but the tone here makes me more alert to the risk the policy could be implemented in a way that feels top-down and unfair to rural communities, tradespeople and lower‑income households — people for whom switching to an EV might be harder or more costly. I’m skeptical of the more incendiary framing (“War on Drivers”) and of blanket claims about costs without evidence, so it nudges me to want clear data on overall costs, real-world charging availability in the North and rural areas, and how the policy would handle exemptions or transitional support for those who genuinely need petrol vehicles. At the same time, the argument about investing in local transport options and energy infrastructure resonates: if a ban is to be credible, it should come with targeted subsidies, better rural charging, and protections for jobs so the burden isn’t born disproportionately by the people the message claims to represent."
1339.0,4,P-B,ClimatePolicyID(3),,[],"[""Ban the sale of new petrol cars by 2030? I oppose it \u2014 strongly.\n\nThis isn\u2019t about the environment, it\u2019s about Westminster elites forcing their ideology on hardworking people. Families who need a reliable car for work, farmers who tow trailers down country lanes, tradespeople who can\u2019t afford to replace tools and vans every few years \u2014 they\u2019ll be hit hardest. The Green Blob\u2019s plan will jack up vehicle costs, punish drivers with higher insurance and repair bills, and leave rural communities stranded with inadequate charging and patchy power supplies.\n\nInstead of imposing an arbitrary deadline, the government should focus on practical solutions: expand domestic energy production, scrap green levies that inflate running costs, and invest in realistic infrastructure so people can choose cleaner cars when it makes sense for them. Don\u2019t make ordinary Brits pay the price for a political fad dreamed up in Whitehall.\n\nNet Zero is turning into Net Poverty. Scrap these bans, protect jobs, and restore common sense to transport policy. Stop the war on drivers.""]",1,"Reading this message heightens my concerns about a 2030 ban because it frames the policy as top‑down and likely to hit rural residents, tradespeople and lower‑income households hardest — groups I worry about. I’m sympathetic to the point that without clear plans for rural charging, affordable EVs, and protections for people whose livelihoods depend on petrol vehicles, the policy could feel unfair and politically risky. At the same time, the message’s combative tone and some sweeping claims about costs make me want to see hard evidence on real‑world impacts (total costs over time, infrastructure plans, and transitional support) before deciding how much to support or oppose the ban."
1730.0,1,P-B,ClimatePolicyID(3),,[],"[""They want to ban the sale of new petrol cars by 2030? I oppose that utterly. This is another Net Zero diktat dreamed up in Westminster by the Green Blob \u2014 an out\u2011of\u2011touch, elitist project that punishes ordinary people while costing them a fortune. Working families, rural residents and small businesses rely on petrol cars for affordable, reliable transport. A 2030 ban will push up vehicle prices, leave motorists stranded by inadequate charging in the countryside, and hand more power to expensive foreign supply chains for batteries and rare minerals.\n\nInstead of imposing top\u2011down bans, politicians should scrap green levies, boost North Sea energy and let British drivers choose. Stop the War on Drivers: get rid of pointless 20mph rules and ULEZ expansions that act as stealth taxes on hardworking people. A rush to ban petrol cars risks wrecking family budgets and rural livelihoods \u2014 Net Zero is net poverty. Restore common sense: protect affordable motoring, back domestic energy, and put Britain\u2019s working people first.""]",1,"Hearing that kind of angry, populist framing makes me worry about the fairness and practical impacts of a 2030 ban in a way that resonates. I agree that sudden, top‑down rules can feel punitive to people who depend on cars — rural drivers, small businesses — and the points about charging infrastructure and higher up‑front costs are real practical problems that could make a transition regressive if not handled carefully. At the same time, the message is heavily loaded language (""Green Blob"", ""Net Zero is net poverty"") which makes me distrust the tone and wonder whether it overstates the harms or ignores mitigations like grants, second‑hand EV markets, and investment in chargers. I’m also sensitive to the supply‑chain argument — relying on imported batteries could be a downside unless there’s a clear industrial strategy. Overall, it pushes me to weigh fairness, pace and practical supports more than the abstract goal alone, rather than immediately rejecting the idea outright."
1730.0,2,P-B,ClimatePolicyID(3),,[],"[""They want to ban the sale of new petrol cars by 2030 \u2014 and they expect ordinary people to clap along while paying the price. I oppose this policy completely. It\u2019s another Net Zero diktat dreamed up by the Westminster bubble and the Green Blob, who think they can rewrite everyday life without paying the bill.\n\nAsk the farmer who needs a reliable vehicle at dawn, the tradesman who can\u2019t afford constant EV upgrades, or the pensioner who dreads charging and battery replacement costs. This policy hits working families and rural communities hardest. It\u2019s a tax on freedom disguised as virtue-signalling. Instead of forcing people into expensive, impractical cars, we should scrap green levies, boost home-grown energy, and invest in real innovation that lowers costs.\n\nWe must stop the War on Drivers. Keep petrol sales legal, protect our livelihoods, and focus on common-sense measures that cut bills not freedoms. Scrap Net Zero targets that punish ordinary people \u2014 restore Britain\u2019s power and prosperity.""]",1,"Reading that message makes me more worried about the fairness and practical impacts of a 2030 ban. The examples about farmers, tradespeople and rural drivers are persuasive: sudden rules could be very disruptive for people who rely on vehicles for work or don’t have easy access to charging. The points about upfront costs, battery replacement and the used‑car market also make me question whether the transition would be affordable or equitable without stronger supports. On the other hand, the tone (“Green Blob”, “Net Zero diktat”) feels loaded and might overstate things or ignore mitigations — grants, second‑hand EVs, and charging roll‑out could reduce those harms. Overall it shifts me toward thinking the goal of cleaner transport is reasonable, but that pace, exemptions, and concrete measures to protect rural and lower‑income drivers need to be sorted before I’d back a blunt 2030 ban."
1730.0,3,P-B,ClimatePolicyID(3),,[],"[""Ban the sale of new petrol cars by 2030? Absolutely not. This is another top-down, out-of-touch diktat from the Westminster and Brussels-style elites who think they know better than hardworking British families. Forcing people to ditch reliable petrol cars on a fixed timetable slams ordinary folk \u2014 especially in rural towns and the North \u2014 with huge replacement costs, wrecks livelihoods for tradespeople and hauliers, and hands another advantage to big-city elites who can afford fast chargers and expensive electric models.\n\nWe should scrap this ideological crusade. Instead of punishing drivers with unrealistic bans and higher motoring costs, the government must focus on practical measures: beef up domestic energy production, remove green levies that inflate prices, invest in better, cost-effective transport where it makes sense, and let people choose how to get around. Don\u2019t let Net Zero bureaucrats dictate our lives and livelihoods. Say it plainly: Scrap the ban, stop the War on Drivers, and restore common-sense motoring policies that protect jobs and family budgets.""]",1,"Reading that message makes me more worried about the fairness and practical impacts of a 2030 ban. The examples about farmers, tradespeople and rural drivers are persuasive: sudden rules could be very disruptive for people who rely on vehicles for work or don’t have easy access to charging. The points about upfront costs, battery replacement and the used‑car market also make me question whether the transition would be affordable or equitable without much stronger support. On the other hand, the tone (“diktat”, “War on Drivers”) feels loaded and might overstate things or ignore mitigations — grants, growing second‑hand EV supply and charging expansion could reduce those harms. Overall it nudges me toward thinking cleaner transport is sensible in principle, but that the pace and protections matter a lot and I’d need clearer evidence on costs, infrastructure and exemptions before backing a hard 2030 cutoff."
1730.0,4,P-B,ClimatePolicyID(3),,[],"[""Ban the sale of new petrol cars by 2030? I oppose it \u2014 strongly.\n\nThis isn\u2019t about the environment, it\u2019s about Westminster elites forcing their ideology on hardworking people. Families who need a reliable car for work, farmers who tow trailers down country lanes, tradespeople who can\u2019t afford to replace tools and vans every few years \u2014 they\u2019ll be hit hardest. The Green Blob\u2019s plan will jack up vehicle costs, punish drivers with higher insurance and repair bills, and leave rural communities stranded with inadequate charging and patchy power supplies.\n\nInstead of imposing an arbitrary deadline, the government should focus on practical solutions: expand domestic energy production, scrap green levies that inflate running costs, and invest in realistic infrastructure so people can choose cleaner cars when it makes sense for them. Don\u2019t make ordinary Brits pay the price for a political fad dreamed up in Whitehall.\n\nNet Zero is turning into Net Poverty. Scrap these bans, protect jobs, and restore common sense to transport policy. Stop the war on drivers.""]",1,"Reading that message pushes me more toward skepticism about a strict 2030 ban. The examples about farmers, tradespeople and rural drivers feel plausible — sudden rules could be very disruptive for people who rely on vehicles for work or don’t have easy access to charging — so fairness and practical implementation are big concerns for me. At the same time the tone (“Green Blob”, “War on Drivers”) seems loaded and likely overstates things; it makes me doubt whether the writer is exaggerating risks and ignoring mitigations like grants, rising second‑hand EV availability and investment in chargers. Overall it nudges me to favour policies that push toward cleaner cars but only with clear protections, realistic timelines, and concrete support for rural areas and lower‑income buyers, rather than an uncompromising 2030 cutoff imposed without strong evidence on infrastructure and affordability."
174.0,1,P-B,ClimatePolicyID(3),,[],"[""They want to ban the sale of new petrol cars by 2030? I oppose that utterly. This is another Net Zero diktat dreamed up in Westminster by the Green Blob \u2014 an out\u2011of\u2011touch, elitist project that punishes ordinary people while costing them a fortune. Working families, rural residents and small businesses rely on petrol cars for affordable, reliable transport. A 2030 ban will push up vehicle prices, leave motorists stranded by inadequate charging in the countryside, and hand more power to expensive foreign supply chains for batteries and rare minerals.\n\nInstead of imposing top\u2011down bans, politicians should scrap green levies, boost North Sea energy and let British drivers choose. Stop the War on Drivers: get rid of pointless 20mph rules and ULEZ expansions that act as stealth taxes on hardworking people. A rush to ban petrol cars risks wrecking family budgets and rural livelihoods \u2014 Net Zero is net poverty. Restore common sense: protect affordable motoring, back domestic energy, and put Britain\u2019s working people first.""]",1,"Reading that message makes me sympathise more with the immediate practical problems people like me face. It reinforces the idea that a straight 2030 ban could feel like an elite policy that doesn't account for low incomes, poor rural charging infrastructure, or reliance on second‑hand petrol cars — all issues I worry about given my tight budget and where I live in the North East. It also reminds me that any rapid transition will have distributional effects: higher upfront costs and potential dependence on imported battery components could make the policy seem unfair to those already struggling. On the other hand, I still care about the environment at a basic level, so I find myself torn between wanting practical, affordable options for getting around and not wanting to be forced into costly choices by a distant government."
174.0,2,P-B,ClimatePolicyID(3),,[],"[""They want to ban the sale of new petrol cars by 2030 \u2014 and they expect ordinary people to clap along while paying the price. I oppose this policy completely. It\u2019s another Net Zero diktat dreamed up by the Westminster bubble and the Green Blob, who think they can rewrite everyday life without paying the bill.\n\nAsk the farmer who needs a reliable vehicle at dawn, the tradesman who can\u2019t afford constant EV upgrades, or the pensioner who dreads charging and battery replacement costs. This policy hits working families and rural communities hardest. It\u2019s a tax on freedom disguised as virtue-signalling. Instead of forcing people into expensive, impractical cars, we should scrap green levies, boost home-grown energy, and invest in real innovation that lowers costs.\n\nWe must stop the War on Drivers. Keep petrol sales legal, protect our livelihoods, and focus on common-sense measures that cut bills not freedoms. Scrap Net Zero targets that punish ordinary people \u2014 restore Britain\u2019s power and prosperity.""]",1,"Reading that makes me even more worried that a straight 2030 ban would be designed by people who don't understand how ordinary, low‑income folk in places like the North East actually get around. It reinforces my sense that this kind of policy could hit the most vulnerable — farmers, tradespeople and those who rely on second‑hand petrol cars — with high upfront costs and practical headaches (charging access, battery issues). At the same time, I do care about the environment at a basic level, so I’m torn: I don’t want to oppose sensible climate action out of hand, but I do feel any move to ban petrol sales needs to reckon with affordability, rural infrastructure, and fairness, or it will look like another top‑down diktat that punishes people already struggling financially."
174.0,3,P-B,ClimatePolicyID(3),,[],"[""Ban the sale of new petrol cars by 2030? Absolutely not. This is another top-down, out-of-touch diktat from the Westminster and Brussels-style elites who think they know better than hardworking British families. Forcing people to ditch reliable petrol cars on a fixed timetable slams ordinary folk \u2014 especially in rural towns and the North \u2014 with huge replacement costs, wrecks livelihoods for tradespeople and hauliers, and hands another advantage to big-city elites who can afford fast chargers and expensive electric models.\n\nWe should scrap this ideological crusade. Instead of punishing drivers with unrealistic bans and higher motoring costs, the government must focus on practical measures: beef up domestic energy production, remove green levies that inflate prices, invest in better, cost-effective transport where it makes sense, and let people choose how to get around. Don\u2019t let Net Zero bureaucrats dictate our lives and livelihoods. Say it plainly: Scrap the ban, stop the War on Drivers, and restore common-sense motoring policies that protect jobs and family budgets.""]",1,"That message pushes me further toward worrying that a straight 2030 ban would be out of touch with people like me. It underscores the practical problems — upfront replacement costs, lack of charging infrastructure in the North East, and harm to tradespeople and families who rely on second‑hand petrol cars — so I’m more skeptical about supporting a simple blanket ban unless it addresses affordability and rural needs. At the same time, the tone about “Westminster elites” feels a bit polarising; I don’t want to reflexively oppose environmental action, but I do want any policy to be fair, gradual, and backed by real help for low‑income households and local infrastructure investment."
174.0,4,P-B,ClimatePolicyID(3),,[],"[""Ban the sale of new petrol cars by 2030? I oppose it \u2014 strongly.\n\nThis isn\u2019t about the environment, it\u2019s about Westminster elites forcing their ideology on hardworking people. Families who need a reliable car for work, farmers who tow trailers down country lanes, tradespeople who can\u2019t afford to replace tools and vans every few years \u2014 they\u2019ll be hit hardest. The Green Blob\u2019s plan will jack up vehicle costs, punish drivers with higher insurance and repair bills, and leave rural communities stranded with inadequate charging and patchy power supplies.\n\nInstead of imposing an arbitrary deadline, the government should focus on practical solutions: expand domestic energy production, scrap green levies that inflate running costs, and invest in realistic infrastructure so people can choose cleaner cars when it makes sense for them. Don\u2019t make ordinary Brits pay the price for a political fad dreamed up in Whitehall.\n\nNet Zero is turning into Net Poverty. Scrap these bans, protect jobs, and restore common sense to transport policy. Stop the war on drivers.""]",1,"That message pushes me further toward worrying that a straight 2030 ban would be out of touch with people like me — it highlights practical problems I already feel: upfront replacement costs, scarce charging in the North East, and the reliance of tradespeople and families on affordable second‑hand petrol cars. I don’t like the polarised tone about “Westminster elites,” but it does make me think the policy risks being unfair unless it includes real help for low‑income households and major local infrastructure investment. At the same time, I still care about the environment, so I’m not ready to reject action outright — I just want any transition to be gradual, affordable, and sensitive to rural needs."
579.0,1,P-A,ClimatePolicyID(3),,[],"[""I strongly support a government ban on the sale of new petrol cars by no later than 2030. Real Hope, Real Change means acting now to protect our future \u2014 cutting carbon, cleaning our air, and cutting the cost of motoring for ordinary families. Electric vehicles and public transport are now affordable and efficient; pairing the 2030 ban with free public transport for young people, massive home and community charging upgrades, and a national programme of insulation and retrofits will make the transition fair and fast.\n\nThis isn\u2019t about taking choices away \u2014 it\u2019s about freeing people from an unfair system where big oil and car giants profit while communities pay with poorer health and higher bills. A clear 2030 deadline gives businesses and local councils certainty to invest in green jobs, local manufacturing, and improved buses and trains. Let\u2019s make this a win for working families, for our NHS, and for every child\u2019s right to breathe clean air. For the Common Good: a secure, fairer, greener future for everyone.""]",1,"Reading this message reinforces the environmental and public-health reasons for a 2030 ban — cleaner air, lower carbon emissions, and the potential to shift investment into green jobs all line up with my concern for protecting the natural world and future generations. I also like that it frames complementary measures (free public transport for young people, massive charging upgrades, insulation and retrofit programmes) which addresses my worry that a rapid ban could unfairly burden lower-income households. The emphasis on providing certainty to businesses and local councils makes the policy feel more practical and less arbitrary, but I’m still wondering about the feasibility of delivering the necessary charging infrastructure and ensuring rural and disadvantaged communities aren’t left behind. Overall the message pushes me toward seeing the ban as morally and strategically sensible if paired with strong, equitable support measures."
579.0,1,P-B,ClimatePolicyID(3),,[],"[""They want to ban the sale of new petrol cars by 2030? I oppose that utterly. This is another Net Zero diktat dreamed up in Westminster by the Green Blob \u2014 an out\u2011of\u2011touch, elitist project that punishes ordinary people while costing them a fortune. Working families, rural residents and small businesses rely on petrol cars for affordable, reliable transport. A 2030 ban will push up vehicle prices, leave motorists stranded by inadequate charging in the countryside, and hand more power to expensive foreign supply chains for batteries and rare minerals.\n\nInstead of imposing top\u2011down bans, politicians should scrap green levies, boost North Sea energy and let British drivers choose. Stop the War on Drivers: get rid of pointless 20mph rules and ULEZ expansions that act as stealth taxes on hardworking people. A rush to ban petrol cars risks wrecking family budgets and rural livelihoods \u2014 Net Zero is net poverty. Restore common sense: protect affordable motoring, back domestic energy, and put Britain\u2019s working people first.""]",1,"This message pushes my concern about fairness and rural impact to the fore — the points about higher costs, patchy charging in the countryside, and effects on small businesses and working families mirror my worry that a rapid ban could disproportionately burden lower‑income or rural households. I also find the political framing (top‑down diktat, out‑of‑touch elites) persuasive in highlighting the need for policies that are clearly explained and locally practical, not just nationally ambitious. On the other hand, the message overstates some things (it treats all green measures as punitive and ignores potential benefits like cleaner air and investment in new jobs) and doesn’t engage with ways to mitigate harms, which makes me think a 2030 ban could be acceptable only if paired with strong, equitable support (subsidies, charging rollout, protections for rural and small‑business needs) and careful supply‑chain planning. Overall it reinforces my desire for a balanced approach that protects livelihoods while pursuing environmental goals."
579.0,2,P-B,ClimatePolicyID(3),,[],"[""They want to ban the sale of new petrol cars by 2030 \u2014 and they expect ordinary people to clap along while paying the price. I oppose this policy completely. It\u2019s another Net Zero diktat dreamed up by the Westminster bubble and the Green Blob, who think they can rewrite everyday life without paying the bill.\n\nAsk the farmer who needs a reliable vehicle at dawn, the tradesman who can\u2019t afford constant EV upgrades, or the pensioner who dreads charging and battery replacement costs. This policy hits working families and rural communities hardest. It\u2019s a tax on freedom disguised as virtue-signalling. Instead of forcing people into expensive, impractical cars, we should scrap green levies, boost home-grown energy, and invest in real innovation that lowers costs.\n\nWe must stop the War on Drivers. Keep petrol sales legal, protect our livelihoods, and focus on common-sense measures that cut bills not freedoms. Scrap Net Zero targets that punish ordinary people \u2014 restore Britain\u2019s power and prosperity.""]",1,"This message highlights and amplifies my concerns about fairness and rural impacts — the farmer, tradesman, and pensioner examples make concrete the abstract fear that a 2030 ban could disproportionately burden those who need reliable vehicles or who can’t easily afford or access EVs. I find the political framing about top‑down elites persuasive in stressing the need for policies that are clearly explained and practically deliverable for communities outside cities. At the same time, the message overstates some things (painting all green measures as punitive) and ignores mitigations — so it pushes me to insist that any ban would have to be paired with strong, targeted support: subsidies or low‑cost options for lower‑income and rural households, major charging rollout in the countryside, protections for tradespeople and farmers, and measures to ease battery/maintenance costs. Overall it nudges me toward caution rather than outright rejection — I’m more inclined to support such a ban only if it’s accompanied by concrete, equitable measures that address the real practical problems raised."
579.0,2,P-A,ClimatePolicyID(3),,[],"[""I strongly support a government ban on the sale of new petrol cars by no later than 2030.\n\nThis is about real hope, real change \u2014 a fairer, greener way to cut bills, clean our air and protect young people's futures. Electric vehicles and public transport are now cheaper to run, and a clear 2030 deadline gives industry the certainty to ramp up green jobs and affordable EVs while phasing out the fossil fuel lobby\u2019s grip. But this must be done for the common good: alongside the ban we need massive investment in home and workplace charging, a national network of reliable, accessible public chargers, and support for low-income households and small businesses so no one is left behind.\n\nCrucially, bans should be paired with free or heavily discounted public transport for young people, expanded rail and safe cycling infrastructure, and a scrappage scheme targeted at those on low incomes. That way we make clean air for every school, cut household transport costs, and create thousands of skilled green jobs \u2014 a secure future for everyone. Fairer, greener communities deserve nothing less.""]",1,"This message reinforces my view that a 2030 ban can be morally and strategically sensible — cleaner air, lower running costs for many families, and the potential to drive investment into green jobs align with my concern for protecting the natural world and future generations. I like that it pairs the ban with concrete, equitable measures (charging rollout, scrappage for low‑income households, free or cheap public transport for young people) because my biggest worry is unfair burdens on rural people, tradespeople and lower‑income families. It nudges me toward supporting a firm deadline only if there are credible, well‑funded plans to deliver charging infrastructure, protect rural and small‑business needs, and ensure the transition doesn’t widen inequality."
579.0,3,P-A,ClimatePolicyID(3),,[],"[""I strongly support a government ban on the sale of new petrol cars by no later than 2030. It\u2019s a bold, practical step that puts people and the planet first \u2014 cutting emissions, cleaning the air our children breathe, and ending the profiteering of fossil fuel corporations that keep bills and pollution high. With renewable energy now the cheapest power source and electric vehicles rapidly falling in price, a 2030 ban is about accelerating that fair transition, not punishment.\n\nBut a deadline alone won\u2019t deliver justice. To be truly fair, this policy must be paired with massive investment in affordable public charging, grants for low\u2011income drivers to replace old petrol cars, and a national push to boost public transport, walking and cycling. Public ownership of energy would keep charging costs low, while a wealth tax can fund job retraining in green industries and community-led retrofits. Together, these measures mean cleaner streets, cheaper running costs, and thousands of decent local jobs. Real Hope, Real Change \u2014 a secure future for everyone depends on acting now.""]",1,"This message strengthens the moral and practical case for a 2030 ban in my mind — the points about cleaner air for children, falling EV costs and cheap renewables line up with my concern for protecting the natural world and future generations. I like that it explicitly couples the ban with concrete equity measures (cheap public charging, grants for low‑income drivers, public transport, retraining) because my biggest worry has been that a rapid deadline could unfairly hit rural households, tradespeople and lower‑income families. Framing the ban as part of a wider public-investment programme (public ownership of energy, wealth tax to fund retraining) makes the timeline feel more credible and less punitive — it nudges me toward conditional support so long as those protections and funding commitments are credible. At the same time, I remain cautious: I’d want clear, practical plans for rural charging, exemptions or tailored support for farmers and tradespeople, and evidence that low‑income households won’t be left worse off before I’d back a firm 2030 cutoff."
579.0,3,P-B,ClimatePolicyID(3),,[],"[""Ban the sale of new petrol cars by 2030? Absolutely not. This is another top-down, out-of-touch diktat from the Westminster and Brussels-style elites who think they know better than hardworking British families. Forcing people to ditch reliable petrol cars on a fixed timetable slams ordinary folk \u2014 especially in rural towns and the North \u2014 with huge replacement costs, wrecks livelihoods for tradespeople and hauliers, and hands another advantage to big-city elites who can afford fast chargers and expensive electric models.\n\nWe should scrap this ideological crusade. Instead of punishing drivers with unrealistic bans and higher motoring costs, the government must focus on practical measures: beef up domestic energy production, remove green levies that inflate prices, invest in better, cost-effective transport where it makes sense, and let people choose how to get around. Don\u2019t let Net Zero bureaucrats dictate our lives and livelihoods. Say it plainly: Scrap the ban, stop the War on Drivers, and restore common-sense motoring policies that protect jobs and family budgets.""]",1,"This message sharpens my worries about fairness and rural impacts: the examples of tradespeople, hauliers and households without easy access to charging make the abstract idea of a 2030 ban feel much more concrete and potentially punitive for people outside big cities. It reinforces my suspicion that a hard deadline could widen regional and income inequalities unless paired with practical, well-funded supports. At the same time the message leans heavily on political framing — assuming elites are imposing this to punish “ordinary folk” — and it downplays the environmental and health benefits that pushed me toward conditional support in the first place. Overall it pushes me away from unconditional backing and toward a conditional stance: I’d only feel comfortable supporting a 2030 ban if there were credible, targeted measures (rural charging rollout, subsidies/scrappage for lower‑income households and tradespeople, exemptions or tailored options for farmers/hauliers) to prevent unfair burdens."
579.0,4,P-B,ClimatePolicyID(3),,[],"[""Ban the sale of new petrol cars by 2030? I oppose it \u2014 strongly.\n\nThis isn\u2019t about the environment, it\u2019s about Westminster elites forcing their ideology on hardworking people. Families who need a reliable car for work, farmers who tow trailers down country lanes, tradespeople who can\u2019t afford to replace tools and vans every few years \u2014 they\u2019ll be hit hardest. The Green Blob\u2019s plan will jack up vehicle costs, punish drivers with higher insurance and repair bills, and leave rural communities stranded with inadequate charging and patchy power supplies.\n\nInstead of imposing an arbitrary deadline, the government should focus on practical solutions: expand domestic energy production, scrap green levies that inflate running costs, and invest in realistic infrastructure so people can choose cleaner cars when it makes sense for them. Don\u2019t make ordinary Brits pay the price for a political fad dreamed up in Whitehall.\n\nNet Zero is turning into Net Poverty. Scrap these bans, protect jobs, and restore common sense to transport policy. Stop the war on drivers.""]",1,"This message pushes me further toward cautious conditional support rather than outright backing. It sharpens my concerns about rural and tradespeople impacts — the examples of farmers, van-based workers and families who rely on a car make the deadline feel potentially punitive if charging and cost support aren’t in place. It also makes me more alert to the political framing (elite imposition) and to the risk of short-term financial harm for lower‑income households, which clashes with my equality values. At the same time, it doesn’t negate the environmental and health reasons I already found persuasive; instead it reinforces that any 2030 ban would need credible, well‑funded, targeted protections (rural charging, exemptions or tailored support, scrappage/subsidies and retraining) before I could fully support it."
579.0,4,P-A,ClimatePolicyID(3),,[],"[""I strongly support a government ban on the sale of new petrol cars by no later than 2030.\n\nThis is practical, bold and fair \u2014 exactly the kind of policy that puts people and planet first. Electric vehicles and zero-emission transport are now affordable and reliable; setting a clear 2030 deadline accelerates the shift we need while giving households, businesses and local councils time to adapt. More importantly, it must come with support to make the transition just: investment in public charging infrastructure, grants and low-interest loans for low-income families and renters, and massive spending on home insulation and affordable, frequent public transport so people aren\u2019t forced to choose between heat and a car.\n\nPhasing out petrol cars will cut bills, clean our air, and protect children\u2019s health. It will also break the power of fossil fuel interests profiting from climate delay. Let\u2019s choose Real Hope, Real Change \u2014 a fairer, greener Britain where a secure, healthy future is within reach for everyone.""]",1,"This message reinforces the moral and practical case for a 2030 ban — cleaner air, lower bills and better health for children align with my concern for protecting nature and future generations. I like that it explicitly pairs the deadline with justice measures (charging, grants, insulation, public transport), because my main worry is unfair impacts on lower‑income and rural households and tradespeople. It nudges me toward conditional support so long as credible, well‑funded protections and rural charging plans exist, but I remain cautious: I’d need detailed evidence that those safeguards will prevent widening regional or income inequalities before I’d fully back a hard 2030 cutoff."
