day,phase,message_type,sender_type,sender_id,sender_side,recipient_id,recipient_scope,policy_id,package_scope,policy_ids_json,message_text,political_message_id
1,P-A,political_broadcast,political_agent,agent_a,pro_climate,1878.0,broadcast,,climate_policy_package,"[""ClimatePolicyID(1)"", ""ClimatePolicyID(2)"", ""ClimatePolicyID(3)"", ""ClimatePolicyID(4)"", ""ClimatePolicyID(5)"", ""ClimatePolicyID(6)""]","Every new solar roof, onshore wind project and offshore array is a small piece of insurance against the next price shock. Building enough of them takes a long-term plan and consistent funding. Half measures have failed; the answer is to commit and deliver.

The climate emergency is not a future risk; it is here in the form of heatwaves, floods and crop failures. Authorising new oil and gas extraction in the middle of that emergency is incoherent. The licences must stop now.

Charging at home or work is straightforward for many drivers and getting easier all the time. Public charging in apartments and rural areas needs more investment, and the policy package must fund it. The ban itself is only one piece of a wider plan.

Health inequalities driven by cold homes fall disproportionately on poorer households, older people and children with respiratory conditions. A serious upgrade programme would lift those burdens directly and reduce pressure on health services.

Border adjustments must accompany the carbon tax so that domestic producers are not undercut by imports from countries with weaker climate policies. Properly designed, the tax then becomes a tool for industrial strategy as well as decarbonisation.

Loss and damage finance should be additional to existing aid budgets, not carved out of them. Treating climate compensation as a competition with other development funding is a false framing that harms recipients twice over.",A_PKG_13
1,P-A,political_broadcast,political_agent,agent_a,pro_climate,844.0,broadcast,,climate_policy_package,"[""ClimatePolicyID(1)"", ""ClimatePolicyID(2)"", ""ClimatePolicyID(3)"", ""ClimatePolicyID(4)"", ""ClimatePolicyID(5)"", ""ClimatePolicyID(6)""]","Every new solar roof, onshore wind project and offshore array is a small piece of insurance against the next price shock. Building enough of them takes a long-term plan and consistent funding. Half measures have failed; the answer is to commit and deliver.

The climate emergency is not a future risk; it is here in the form of heatwaves, floods and crop failures. Authorising new oil and gas extraction in the middle of that emergency is incoherent. The licences must stop now.

Charging at home or work is straightforward for many drivers and getting easier all the time. Public charging in apartments and rural areas needs more investment, and the policy package must fund it. The ban itself is only one piece of a wider plan.

Health inequalities driven by cold homes fall disproportionately on poorer households, older people and children with respiratory conditions. A serious upgrade programme would lift those burdens directly and reduce pressure on health services.

Border adjustments must accompany the carbon tax so that domestic producers are not undercut by imports from countries with weaker climate policies. Properly designed, the tax then becomes a tool for industrial strategy as well as decarbonisation.

Loss and damage finance should be additional to existing aid budgets, not carved out of them. Treating climate compensation as a competition with other development funding is a false framing that harms recipients twice over.",A_PKG_13
1,P-A,political_broadcast,political_agent,agent_a,pro_climate,409.0,broadcast,,climate_policy_package,"[""ClimatePolicyID(1)"", ""ClimatePolicyID(2)"", ""ClimatePolicyID(3)"", ""ClimatePolicyID(4)"", ""ClimatePolicyID(5)"", ""ClimatePolicyID(6)""]","Every new solar roof, onshore wind project and offshore array is a small piece of insurance against the next price shock. Building enough of them takes a long-term plan and consistent funding. Half measures have failed; the answer is to commit and deliver.

The climate emergency is not a future risk; it is here in the form of heatwaves, floods and crop failures. Authorising new oil and gas extraction in the middle of that emergency is incoherent. The licences must stop now.

Charging at home or work is straightforward for many drivers and getting easier all the time. Public charging in apartments and rural areas needs more investment, and the policy package must fund it. The ban itself is only one piece of a wider plan.

Health inequalities driven by cold homes fall disproportionately on poorer households, older people and children with respiratory conditions. A serious upgrade programme would lift those burdens directly and reduce pressure on health services.

Border adjustments must accompany the carbon tax so that domestic producers are not undercut by imports from countries with weaker climate policies. Properly designed, the tax then becomes a tool for industrial strategy as well as decarbonisation.

Loss and damage finance should be additional to existing aid budgets, not carved out of them. Treating climate compensation as a competition with other development funding is a false framing that harms recipients twice over.",A_PKG_13
1,P-A,political_broadcast,political_agent,agent_a,pro_climate,1957.0,broadcast,,climate_policy_package,"[""ClimatePolicyID(1)"", ""ClimatePolicyID(2)"", ""ClimatePolicyID(3)"", ""ClimatePolicyID(4)"", ""ClimatePolicyID(5)"", ""ClimatePolicyID(6)""]","Every new solar roof, onshore wind project and offshore array is a small piece of insurance against the next price shock. Building enough of them takes a long-term plan and consistent funding. Half measures have failed; the answer is to commit and deliver.

The climate emergency is not a future risk; it is here in the form of heatwaves, floods and crop failures. Authorising new oil and gas extraction in the middle of that emergency is incoherent. The licences must stop now.

Charging at home or work is straightforward for many drivers and getting easier all the time. Public charging in apartments and rural areas needs more investment, and the policy package must fund it. The ban itself is only one piece of a wider plan.

Health inequalities driven by cold homes fall disproportionately on poorer households, older people and children with respiratory conditions. A serious upgrade programme would lift those burdens directly and reduce pressure on health services.

Border adjustments must accompany the carbon tax so that domestic producers are not undercut by imports from countries with weaker climate policies. Properly designed, the tax then becomes a tool for industrial strategy as well as decarbonisation.

Loss and damage finance should be additional to existing aid budgets, not carved out of them. Treating climate compensation as a competition with other development funding is a false framing that harms recipients twice over.",A_PKG_13
1,P-A,political_broadcast,political_agent,agent_a,pro_climate,91.0,broadcast,,climate_policy_package,"[""ClimatePolicyID(1)"", ""ClimatePolicyID(2)"", ""ClimatePolicyID(3)"", ""ClimatePolicyID(4)"", ""ClimatePolicyID(5)"", ""ClimatePolicyID(6)""]","Every new solar roof, onshore wind project and offshore array is a small piece of insurance against the next price shock. Building enough of them takes a long-term plan and consistent funding. Half measures have failed; the answer is to commit and deliver.

The climate emergency is not a future risk; it is here in the form of heatwaves, floods and crop failures. Authorising new oil and gas extraction in the middle of that emergency is incoherent. The licences must stop now.

Charging at home or work is straightforward for many drivers and getting easier all the time. Public charging in apartments and rural areas needs more investment, and the policy package must fund it. The ban itself is only one piece of a wider plan.

Health inequalities driven by cold homes fall disproportionately on poorer households, older people and children with respiratory conditions. A serious upgrade programme would lift those burdens directly and reduce pressure on health services.

Border adjustments must accompany the carbon tax so that domestic producers are not undercut by imports from countries with weaker climate policies. Properly designed, the tax then becomes a tool for industrial strategy as well as decarbonisation.

Loss and damage finance should be additional to existing aid budgets, not carved out of them. Treating climate compensation as a competition with other development funding is a false framing that harms recipients twice over.",A_PKG_13
1,P-A,political_broadcast,political_agent,agent_a,pro_climate,166.0,broadcast,,climate_policy_package,"[""ClimatePolicyID(1)"", ""ClimatePolicyID(2)"", ""ClimatePolicyID(3)"", ""ClimatePolicyID(4)"", ""ClimatePolicyID(5)"", ""ClimatePolicyID(6)""]","Every new solar roof, onshore wind project and offshore array is a small piece of insurance against the next price shock. Building enough of them takes a long-term plan and consistent funding. Half measures have failed; the answer is to commit and deliver.

The climate emergency is not a future risk; it is here in the form of heatwaves, floods and crop failures. Authorising new oil and gas extraction in the middle of that emergency is incoherent. The licences must stop now.

Charging at home or work is straightforward for many drivers and getting easier all the time. Public charging in apartments and rural areas needs more investment, and the policy package must fund it. The ban itself is only one piece of a wider plan.

Health inequalities driven by cold homes fall disproportionately on poorer households, older people and children with respiratory conditions. A serious upgrade programme would lift those burdens directly and reduce pressure on health services.

Border adjustments must accompany the carbon tax so that domestic producers are not undercut by imports from countries with weaker climate policies. Properly designed, the tax then becomes a tool for industrial strategy as well as decarbonisation.

Loss and damage finance should be additional to existing aid budgets, not carved out of them. Treating climate compensation as a competition with other development funding is a false framing that harms recipients twice over.",A_PKG_13
1,P-A,political_broadcast,political_agent,agent_a,pro_climate,1262.0,broadcast,,climate_policy_package,"[""ClimatePolicyID(1)"", ""ClimatePolicyID(2)"", ""ClimatePolicyID(3)"", ""ClimatePolicyID(4)"", ""ClimatePolicyID(5)"", ""ClimatePolicyID(6)""]","Every new solar roof, onshore wind project and offshore array is a small piece of insurance against the next price shock. Building enough of them takes a long-term plan and consistent funding. Half measures have failed; the answer is to commit and deliver.

The climate emergency is not a future risk; it is here in the form of heatwaves, floods and crop failures. Authorising new oil and gas extraction in the middle of that emergency is incoherent. The licences must stop now.

Charging at home or work is straightforward for many drivers and getting easier all the time. Public charging in apartments and rural areas needs more investment, and the policy package must fund it. The ban itself is only one piece of a wider plan.

Health inequalities driven by cold homes fall disproportionately on poorer households, older people and children with respiratory conditions. A serious upgrade programme would lift those burdens directly and reduce pressure on health services.

Border adjustments must accompany the carbon tax so that domestic producers are not undercut by imports from countries with weaker climate policies. Properly designed, the tax then becomes a tool for industrial strategy as well as decarbonisation.

Loss and damage finance should be additional to existing aid budgets, not carved out of them. Treating climate compensation as a competition with other development funding is a false framing that harms recipients twice over.",A_PKG_13
1,P-A,political_broadcast,political_agent,agent_a,pro_climate,377.0,broadcast,,climate_policy_package,"[""ClimatePolicyID(1)"", ""ClimatePolicyID(2)"", ""ClimatePolicyID(3)"", ""ClimatePolicyID(4)"", ""ClimatePolicyID(5)"", ""ClimatePolicyID(6)""]","Every new solar roof, onshore wind project and offshore array is a small piece of insurance against the next price shock. Building enough of them takes a long-term plan and consistent funding. Half measures have failed; the answer is to commit and deliver.

The climate emergency is not a future risk; it is here in the form of heatwaves, floods and crop failures. Authorising new oil and gas extraction in the middle of that emergency is incoherent. The licences must stop now.

Charging at home or work is straightforward for many drivers and getting easier all the time. Public charging in apartments and rural areas needs more investment, and the policy package must fund it. The ban itself is only one piece of a wider plan.

Health inequalities driven by cold homes fall disproportionately on poorer households, older people and children with respiratory conditions. A serious upgrade programme would lift those burdens directly and reduce pressure on health services.

Border adjustments must accompany the carbon tax so that domestic producers are not undercut by imports from countries with weaker climate policies. Properly designed, the tax then becomes a tool for industrial strategy as well as decarbonisation.

Loss and damage finance should be additional to existing aid budgets, not carved out of them. Treating climate compensation as a competition with other development funding is a false framing that harms recipients twice over.",A_PKG_13
1,P-A,political_broadcast,political_agent,agent_a,pro_climate,574.0,broadcast,,climate_policy_package,"[""ClimatePolicyID(1)"", ""ClimatePolicyID(2)"", ""ClimatePolicyID(3)"", ""ClimatePolicyID(4)"", ""ClimatePolicyID(5)"", ""ClimatePolicyID(6)""]","Every new solar roof, onshore wind project and offshore array is a small piece of insurance against the next price shock. Building enough of them takes a long-term plan and consistent funding. Half measures have failed; the answer is to commit and deliver.

The climate emergency is not a future risk; it is here in the form of heatwaves, floods and crop failures. Authorising new oil and gas extraction in the middle of that emergency is incoherent. The licences must stop now.

Charging at home or work is straightforward for many drivers and getting easier all the time. Public charging in apartments and rural areas needs more investment, and the policy package must fund it. The ban itself is only one piece of a wider plan.

Health inequalities driven by cold homes fall disproportionately on poorer households, older people and children with respiratory conditions. A serious upgrade programme would lift those burdens directly and reduce pressure on health services.

Border adjustments must accompany the carbon tax so that domestic producers are not undercut by imports from countries with weaker climate policies. Properly designed, the tax then becomes a tool for industrial strategy as well as decarbonisation.

Loss and damage finance should be additional to existing aid budgets, not carved out of them. Treating climate compensation as a competition with other development funding is a false framing that harms recipients twice over.",A_PKG_13
1,P-A,political_broadcast,political_agent,agent_a,pro_climate,556.0,broadcast,,climate_policy_package,"[""ClimatePolicyID(1)"", ""ClimatePolicyID(2)"", ""ClimatePolicyID(3)"", ""ClimatePolicyID(4)"", ""ClimatePolicyID(5)"", ""ClimatePolicyID(6)""]","Every new solar roof, onshore wind project and offshore array is a small piece of insurance against the next price shock. Building enough of them takes a long-term plan and consistent funding. Half measures have failed; the answer is to commit and deliver.

The climate emergency is not a future risk; it is here in the form of heatwaves, floods and crop failures. Authorising new oil and gas extraction in the middle of that emergency is incoherent. The licences must stop now.

Charging at home or work is straightforward for many drivers and getting easier all the time. Public charging in apartments and rural areas needs more investment, and the policy package must fund it. The ban itself is only one piece of a wider plan.

Health inequalities driven by cold homes fall disproportionately on poorer households, older people and children with respiratory conditions. A serious upgrade programme would lift those burdens directly and reduce pressure on health services.

Border adjustments must accompany the carbon tax so that domestic producers are not undercut by imports from countries with weaker climate policies. Properly designed, the tax then becomes a tool for industrial strategy as well as decarbonisation.

Loss and damage finance should be additional to existing aid budgets, not carved out of them. Treating climate compensation as a competition with other development funding is a false framing that harms recipients twice over.",A_PKG_13
1,P-A,political_broadcast,political_agent,agent_a,pro_climate,440.0,broadcast,,climate_policy_package,"[""ClimatePolicyID(1)"", ""ClimatePolicyID(2)"", ""ClimatePolicyID(3)"", ""ClimatePolicyID(4)"", ""ClimatePolicyID(5)"", ""ClimatePolicyID(6)""]","Every new solar roof, onshore wind project and offshore array is a small piece of insurance against the next price shock. Building enough of them takes a long-term plan and consistent funding. Half measures have failed; the answer is to commit and deliver.

The climate emergency is not a future risk; it is here in the form of heatwaves, floods and crop failures. Authorising new oil and gas extraction in the middle of that emergency is incoherent. The licences must stop now.

Charging at home or work is straightforward for many drivers and getting easier all the time. Public charging in apartments and rural areas needs more investment, and the policy package must fund it. The ban itself is only one piece of a wider plan.

Health inequalities driven by cold homes fall disproportionately on poorer households, older people and children with respiratory conditions. A serious upgrade programme would lift those burdens directly and reduce pressure on health services.

Border adjustments must accompany the carbon tax so that domestic producers are not undercut by imports from countries with weaker climate policies. Properly designed, the tax then becomes a tool for industrial strategy as well as decarbonisation.

Loss and damage finance should be additional to existing aid budgets, not carved out of them. Treating climate compensation as a competition with other development funding is a false framing that harms recipients twice over.",A_PKG_13
1,P-A,political_broadcast,political_agent,agent_a,pro_climate,355.0,broadcast,,climate_policy_package,"[""ClimatePolicyID(1)"", ""ClimatePolicyID(2)"", ""ClimatePolicyID(3)"", ""ClimatePolicyID(4)"", ""ClimatePolicyID(5)"", ""ClimatePolicyID(6)""]","Every new solar roof, onshore wind project and offshore array is a small piece of insurance against the next price shock. Building enough of them takes a long-term plan and consistent funding. Half measures have failed; the answer is to commit and deliver.

The climate emergency is not a future risk; it is here in the form of heatwaves, floods and crop failures. Authorising new oil and gas extraction in the middle of that emergency is incoherent. The licences must stop now.

Charging at home or work is straightforward for many drivers and getting easier all the time. Public charging in apartments and rural areas needs more investment, and the policy package must fund it. The ban itself is only one piece of a wider plan.

Health inequalities driven by cold homes fall disproportionately on poorer households, older people and children with respiratory conditions. A serious upgrade programme would lift those burdens directly and reduce pressure on health services.

Border adjustments must accompany the carbon tax so that domestic producers are not undercut by imports from countries with weaker climate policies. Properly designed, the tax then becomes a tool for industrial strategy as well as decarbonisation.

Loss and damage finance should be additional to existing aid budgets, not carved out of them. Treating climate compensation as a competition with other development funding is a false framing that harms recipients twice over.",A_PKG_13
1,P-A,political_broadcast,political_agent,agent_a,pro_climate,806.0,broadcast,,climate_policy_package,"[""ClimatePolicyID(1)"", ""ClimatePolicyID(2)"", ""ClimatePolicyID(3)"", ""ClimatePolicyID(4)"", ""ClimatePolicyID(5)"", ""ClimatePolicyID(6)""]","Every new solar roof, onshore wind project and offshore array is a small piece of insurance against the next price shock. Building enough of them takes a long-term plan and consistent funding. Half measures have failed; the answer is to commit and deliver.

The climate emergency is not a future risk; it is here in the form of heatwaves, floods and crop failures. Authorising new oil and gas extraction in the middle of that emergency is incoherent. The licences must stop now.

Charging at home or work is straightforward for many drivers and getting easier all the time. Public charging in apartments and rural areas needs more investment, and the policy package must fund it. The ban itself is only one piece of a wider plan.

Health inequalities driven by cold homes fall disproportionately on poorer households, older people and children with respiratory conditions. A serious upgrade programme would lift those burdens directly and reduce pressure on health services.

Border adjustments must accompany the carbon tax so that domestic producers are not undercut by imports from countries with weaker climate policies. Properly designed, the tax then becomes a tool for industrial strategy as well as decarbonisation.

Loss and damage finance should be additional to existing aid budgets, not carved out of them. Treating climate compensation as a competition with other development funding is a false framing that harms recipients twice over.",A_PKG_13
1,P-A,political_broadcast,political_agent,agent_a,pro_climate,1269.0,broadcast,,climate_policy_package,"[""ClimatePolicyID(1)"", ""ClimatePolicyID(2)"", ""ClimatePolicyID(3)"", ""ClimatePolicyID(4)"", ""ClimatePolicyID(5)"", ""ClimatePolicyID(6)""]","Every new solar roof, onshore wind project and offshore array is a small piece of insurance against the next price shock. Building enough of them takes a long-term plan and consistent funding. Half measures have failed; the answer is to commit and deliver.

The climate emergency is not a future risk; it is here in the form of heatwaves, floods and crop failures. Authorising new oil and gas extraction in the middle of that emergency is incoherent. The licences must stop now.

Charging at home or work is straightforward for many drivers and getting easier all the time. Public charging in apartments and rural areas needs more investment, and the policy package must fund it. The ban itself is only one piece of a wider plan.

Health inequalities driven by cold homes fall disproportionately on poorer households, older people and children with respiratory conditions. A serious upgrade programme would lift those burdens directly and reduce pressure on health services.

Border adjustments must accompany the carbon tax so that domestic producers are not undercut by imports from countries with weaker climate policies. Properly designed, the tax then becomes a tool for industrial strategy as well as decarbonisation.

Loss and damage finance should be additional to existing aid budgets, not carved out of them. Treating climate compensation as a competition with other development funding is a false framing that harms recipients twice over.",A_PKG_13
1,P-A,political_broadcast,political_agent,agent_a,pro_climate,1339.0,broadcast,,climate_policy_package,"[""ClimatePolicyID(1)"", ""ClimatePolicyID(2)"", ""ClimatePolicyID(3)"", ""ClimatePolicyID(4)"", ""ClimatePolicyID(5)"", ""ClimatePolicyID(6)""]","Every new solar roof, onshore wind project and offshore array is a small piece of insurance against the next price shock. Building enough of them takes a long-term plan and consistent funding. Half measures have failed; the answer is to commit and deliver.

The climate emergency is not a future risk; it is here in the form of heatwaves, floods and crop failures. Authorising new oil and gas extraction in the middle of that emergency is incoherent. The licences must stop now.

Charging at home or work is straightforward for many drivers and getting easier all the time. Public charging in apartments and rural areas needs more investment, and the policy package must fund it. The ban itself is only one piece of a wider plan.

Health inequalities driven by cold homes fall disproportionately on poorer households, older people and children with respiratory conditions. A serious upgrade programme would lift those burdens directly and reduce pressure on health services.

Border adjustments must accompany the carbon tax so that domestic producers are not undercut by imports from countries with weaker climate policies. Properly designed, the tax then becomes a tool for industrial strategy as well as decarbonisation.

Loss and damage finance should be additional to existing aid budgets, not carved out of them. Treating climate compensation as a competition with other development funding is a false framing that harms recipients twice over.",A_PKG_13
1,P-A,political_broadcast,political_agent,agent_a,pro_climate,828.0,broadcast,,climate_policy_package,"[""ClimatePolicyID(1)"", ""ClimatePolicyID(2)"", ""ClimatePolicyID(3)"", ""ClimatePolicyID(4)"", ""ClimatePolicyID(5)"", ""ClimatePolicyID(6)""]","Every new solar roof, onshore wind project and offshore array is a small piece of insurance against the next price shock. Building enough of them takes a long-term plan and consistent funding. Half measures have failed; the answer is to commit and deliver.

The climate emergency is not a future risk; it is here in the form of heatwaves, floods and crop failures. Authorising new oil and gas extraction in the middle of that emergency is incoherent. The licences must stop now.

Charging at home or work is straightforward for many drivers and getting easier all the time. Public charging in apartments and rural areas needs more investment, and the policy package must fund it. The ban itself is only one piece of a wider plan.

Health inequalities driven by cold homes fall disproportionately on poorer households, older people and children with respiratory conditions. A serious upgrade programme would lift those burdens directly and reduce pressure on health services.

Border adjustments must accompany the carbon tax so that domestic producers are not undercut by imports from countries with weaker climate policies. Properly designed, the tax then becomes a tool for industrial strategy as well as decarbonisation.

Loss and damage finance should be additional to existing aid budgets, not carved out of them. Treating climate compensation as a competition with other development funding is a false framing that harms recipients twice over.",A_PKG_13
1,P-A,political_broadcast,political_agent,agent_a,pro_climate,740.0,broadcast,,climate_policy_package,"[""ClimatePolicyID(1)"", ""ClimatePolicyID(2)"", ""ClimatePolicyID(3)"", ""ClimatePolicyID(4)"", ""ClimatePolicyID(5)"", ""ClimatePolicyID(6)""]","Every new solar roof, onshore wind project and offshore array is a small piece of insurance against the next price shock. Building enough of them takes a long-term plan and consistent funding. Half measures have failed; the answer is to commit and deliver.

The climate emergency is not a future risk; it is here in the form of heatwaves, floods and crop failures. Authorising new oil and gas extraction in the middle of that emergency is incoherent. The licences must stop now.

Charging at home or work is straightforward for many drivers and getting easier all the time. Public charging in apartments and rural areas needs more investment, and the policy package must fund it. The ban itself is only one piece of a wider plan.

Health inequalities driven by cold homes fall disproportionately on poorer households, older people and children with respiratory conditions. A serious upgrade programme would lift those burdens directly and reduce pressure on health services.

Border adjustments must accompany the carbon tax so that domestic producers are not undercut by imports from countries with weaker climate policies. Properly designed, the tax then becomes a tool for industrial strategy as well as decarbonisation.

Loss and damage finance should be additional to existing aid budgets, not carved out of them. Treating climate compensation as a competition with other development funding is a false framing that harms recipients twice over.",A_PKG_13
1,P-A,political_broadcast,political_agent,agent_a,pro_climate,1373.0,broadcast,,climate_policy_package,"[""ClimatePolicyID(1)"", ""ClimatePolicyID(2)"", ""ClimatePolicyID(3)"", ""ClimatePolicyID(4)"", ""ClimatePolicyID(5)"", ""ClimatePolicyID(6)""]","Every new solar roof, onshore wind project and offshore array is a small piece of insurance against the next price shock. Building enough of them takes a long-term plan and consistent funding. Half measures have failed; the answer is to commit and deliver.

The climate emergency is not a future risk; it is here in the form of heatwaves, floods and crop failures. Authorising new oil and gas extraction in the middle of that emergency is incoherent. The licences must stop now.

Charging at home or work is straightforward for many drivers and getting easier all the time. Public charging in apartments and rural areas needs more investment, and the policy package must fund it. The ban itself is only one piece of a wider plan.

Health inequalities driven by cold homes fall disproportionately on poorer households, older people and children with respiratory conditions. A serious upgrade programme would lift those burdens directly and reduce pressure on health services.

Border adjustments must accompany the carbon tax so that domestic producers are not undercut by imports from countries with weaker climate policies. Properly designed, the tax then becomes a tool for industrial strategy as well as decarbonisation.

Loss and damage finance should be additional to existing aid budgets, not carved out of them. Treating climate compensation as a competition with other development funding is a false framing that harms recipients twice over.",A_PKG_13
1,P-A,political_broadcast,political_agent,agent_a,pro_climate,416.0,broadcast,,climate_policy_package,"[""ClimatePolicyID(1)"", ""ClimatePolicyID(2)"", ""ClimatePolicyID(3)"", ""ClimatePolicyID(4)"", ""ClimatePolicyID(5)"", ""ClimatePolicyID(6)""]","Every new solar roof, onshore wind project and offshore array is a small piece of insurance against the next price shock. Building enough of them takes a long-term plan and consistent funding. Half measures have failed; the answer is to commit and deliver.

The climate emergency is not a future risk; it is here in the form of heatwaves, floods and crop failures. Authorising new oil and gas extraction in the middle of that emergency is incoherent. The licences must stop now.

Charging at home or work is straightforward for many drivers and getting easier all the time. Public charging in apartments and rural areas needs more investment, and the policy package must fund it. The ban itself is only one piece of a wider plan.

Health inequalities driven by cold homes fall disproportionately on poorer households, older people and children with respiratory conditions. A serious upgrade programme would lift those burdens directly and reduce pressure on health services.

Border adjustments must accompany the carbon tax so that domestic producers are not undercut by imports from countries with weaker climate policies. Properly designed, the tax then becomes a tool for industrial strategy as well as decarbonisation.

Loss and damage finance should be additional to existing aid budgets, not carved out of them. Treating climate compensation as a competition with other development funding is a false framing that harms recipients twice over.",A_PKG_13
1,P-A,political_broadcast,political_agent,agent_a,pro_climate,1382.0,broadcast,,climate_policy_package,"[""ClimatePolicyID(1)"", ""ClimatePolicyID(2)"", ""ClimatePolicyID(3)"", ""ClimatePolicyID(4)"", ""ClimatePolicyID(5)"", ""ClimatePolicyID(6)""]","Every new solar roof, onshore wind project and offshore array is a small piece of insurance against the next price shock. Building enough of them takes a long-term plan and consistent funding. Half measures have failed; the answer is to commit and deliver.

The climate emergency is not a future risk; it is here in the form of heatwaves, floods and crop failures. Authorising new oil and gas extraction in the middle of that emergency is incoherent. The licences must stop now.

Charging at home or work is straightforward for many drivers and getting easier all the time. Public charging in apartments and rural areas needs more investment, and the policy package must fund it. The ban itself is only one piece of a wider plan.

Health inequalities driven by cold homes fall disproportionately on poorer households, older people and children with respiratory conditions. A serious upgrade programme would lift those burdens directly and reduce pressure on health services.

Border adjustments must accompany the carbon tax so that domestic producers are not undercut by imports from countries with weaker climate policies. Properly designed, the tax then becomes a tool for industrial strategy as well as decarbonisation.

Loss and damage finance should be additional to existing aid budgets, not carved out of them. Treating climate compensation as a competition with other development funding is a false framing that harms recipients twice over.",A_PKG_13
1,P-A,political_broadcast,political_agent,agent_a,pro_climate,1535.0,broadcast,,climate_policy_package,"[""ClimatePolicyID(1)"", ""ClimatePolicyID(2)"", ""ClimatePolicyID(3)"", ""ClimatePolicyID(4)"", ""ClimatePolicyID(5)"", ""ClimatePolicyID(6)""]","Every new solar roof, onshore wind project and offshore array is a small piece of insurance against the next price shock. Building enough of them takes a long-term plan and consistent funding. Half measures have failed; the answer is to commit and deliver.

The climate emergency is not a future risk; it is here in the form of heatwaves, floods and crop failures. Authorising new oil and gas extraction in the middle of that emergency is incoherent. The licences must stop now.

Charging at home or work is straightforward for many drivers and getting easier all the time. Public charging in apartments and rural areas needs more investment, and the policy package must fund it. The ban itself is only one piece of a wider plan.

Health inequalities driven by cold homes fall disproportionately on poorer households, older people and children with respiratory conditions. A serious upgrade programme would lift those burdens directly and reduce pressure on health services.

Border adjustments must accompany the carbon tax so that domestic producers are not undercut by imports from countries with weaker climate policies. Properly designed, the tax then becomes a tool for industrial strategy as well as decarbonisation.

Loss and damage finance should be additional to existing aid budgets, not carved out of them. Treating climate compensation as a competition with other development funding is a false framing that harms recipients twice over.",A_PKG_13
1,P-A,political_broadcast,political_agent,agent_a,pro_climate,1404.0,broadcast,,climate_policy_package,"[""ClimatePolicyID(1)"", ""ClimatePolicyID(2)"", ""ClimatePolicyID(3)"", ""ClimatePolicyID(4)"", ""ClimatePolicyID(5)"", ""ClimatePolicyID(6)""]","Every new solar roof, onshore wind project and offshore array is a small piece of insurance against the next price shock. Building enough of them takes a long-term plan and consistent funding. Half measures have failed; the answer is to commit and deliver.

The climate emergency is not a future risk; it is here in the form of heatwaves, floods and crop failures. Authorising new oil and gas extraction in the middle of that emergency is incoherent. The licences must stop now.

Charging at home or work is straightforward for many drivers and getting easier all the time. Public charging in apartments and rural areas needs more investment, and the policy package must fund it. The ban itself is only one piece of a wider plan.

Health inequalities driven by cold homes fall disproportionately on poorer households, older people and children with respiratory conditions. A serious upgrade programme would lift those burdens directly and reduce pressure on health services.

Border adjustments must accompany the carbon tax so that domestic producers are not undercut by imports from countries with weaker climate policies. Properly designed, the tax then becomes a tool for industrial strategy as well as decarbonisation.

Loss and damage finance should be additional to existing aid budgets, not carved out of them. Treating climate compensation as a competition with other development funding is a false framing that harms recipients twice over.",A_PKG_13
1,P-A,political_broadcast,political_agent,agent_a,pro_climate,1045.0,broadcast,,climate_policy_package,"[""ClimatePolicyID(1)"", ""ClimatePolicyID(2)"", ""ClimatePolicyID(3)"", ""ClimatePolicyID(4)"", ""ClimatePolicyID(5)"", ""ClimatePolicyID(6)""]","Every new solar roof, onshore wind project and offshore array is a small piece of insurance against the next price shock. Building enough of them takes a long-term plan and consistent funding. Half measures have failed; the answer is to commit and deliver.

The climate emergency is not a future risk; it is here in the form of heatwaves, floods and crop failures. Authorising new oil and gas extraction in the middle of that emergency is incoherent. The licences must stop now.

Charging at home or work is straightforward for many drivers and getting easier all the time. Public charging in apartments and rural areas needs more investment, and the policy package must fund it. The ban itself is only one piece of a wider plan.

Health inequalities driven by cold homes fall disproportionately on poorer households, older people and children with respiratory conditions. A serious upgrade programme would lift those burdens directly and reduce pressure on health services.

Border adjustments must accompany the carbon tax so that domestic producers are not undercut by imports from countries with weaker climate policies. Properly designed, the tax then becomes a tool for industrial strategy as well as decarbonisation.

Loss and damage finance should be additional to existing aid budgets, not carved out of them. Treating climate compensation as a competition with other development funding is a false framing that harms recipients twice over.",A_PKG_13
1,P-A,political_broadcast,political_agent,agent_a,pro_climate,424.0,broadcast,,climate_policy_package,"[""ClimatePolicyID(1)"", ""ClimatePolicyID(2)"", ""ClimatePolicyID(3)"", ""ClimatePolicyID(4)"", ""ClimatePolicyID(5)"", ""ClimatePolicyID(6)""]","Every new solar roof, onshore wind project and offshore array is a small piece of insurance against the next price shock. Building enough of them takes a long-term plan and consistent funding. Half measures have failed; the answer is to commit and deliver.

The climate emergency is not a future risk; it is here in the form of heatwaves, floods and crop failures. Authorising new oil and gas extraction in the middle of that emergency is incoherent. The licences must stop now.

Charging at home or work is straightforward for many drivers and getting easier all the time. Public charging in apartments and rural areas needs more investment, and the policy package must fund it. The ban itself is only one piece of a wider plan.

Health inequalities driven by cold homes fall disproportionately on poorer households, older people and children with respiratory conditions. A serious upgrade programme would lift those burdens directly and reduce pressure on health services.

Border adjustments must accompany the carbon tax so that domestic producers are not undercut by imports from countries with weaker climate policies. Properly designed, the tax then becomes a tool for industrial strategy as well as decarbonisation.

Loss and damage finance should be additional to existing aid budgets, not carved out of them. Treating climate compensation as a competition with other development funding is a false framing that harms recipients twice over.",A_PKG_13
1,P-A,political_broadcast,political_agent,agent_a,pro_climate,1213.0,broadcast,,climate_policy_package,"[""ClimatePolicyID(1)"", ""ClimatePolicyID(2)"", ""ClimatePolicyID(3)"", ""ClimatePolicyID(4)"", ""ClimatePolicyID(5)"", ""ClimatePolicyID(6)""]","Every new solar roof, onshore wind project and offshore array is a small piece of insurance against the next price shock. Building enough of them takes a long-term plan and consistent funding. Half measures have failed; the answer is to commit and deliver.

The climate emergency is not a future risk; it is here in the form of heatwaves, floods and crop failures. Authorising new oil and gas extraction in the middle of that emergency is incoherent. The licences must stop now.

Charging at home or work is straightforward for many drivers and getting easier all the time. Public charging in apartments and rural areas needs more investment, and the policy package must fund it. The ban itself is only one piece of a wider plan.

Health inequalities driven by cold homes fall disproportionately on poorer households, older people and children with respiratory conditions. A serious upgrade programme would lift those burdens directly and reduce pressure on health services.

Border adjustments must accompany the carbon tax so that domestic producers are not undercut by imports from countries with weaker climate policies. Properly designed, the tax then becomes a tool for industrial strategy as well as decarbonisation.

Loss and damage finance should be additional to existing aid budgets, not carved out of them. Treating climate compensation as a competition with other development funding is a false framing that harms recipients twice over.",A_PKG_13
1,P-B,political_broadcast,political_agent,agent_b,anti_climate,165.0,broadcast,,climate_policy_package,"[""ClimatePolicyID(1)"", ""ClimatePolicyID(2)"", ""ClimatePolicyID(3)"", ""ClimatePolicyID(4)"", ""ClimatePolicyID(5)"", ""ClimatePolicyID(6)""]","Net Zero subsidies have become a multi-billion-pound transfer from struggling families to a sheltered renewables industry. Every year another ten billion pounds of public money props up wind and solar projects that still leave the country dependent on imported gas. It is time to scrap the lot and restore growth.

The cost-of-living crisis was made worse by exposure to international gas markets. Producing more at home would reduce that exposure and keep more of the supply chain inside the UK. Cancelling licences is economic self-harm dressed up as virtue.

Banning new petrol and diesel cars does not reduce emissions in the way the policy claims; it just shifts costs onto households and forces them into more expensive vehicles. A Net Zero vanity project should not override the everyday transport needs of working families.

Insulation upgrades that involve tearing up walls and floors come with hidden costs that the official policy quietly ignores. Ordinary homeowners and renters end up paying twice: once through higher prices and again through disruption. The mandates are punishing the wrong people.

A common-sense approach to British energy starts with cheap power, and cheap power starts with removing the carbon tax from generation. Doing so would deliver immediate, visible relief to every electricity bill payer.

Climate compensation is dressed up as moral obligation, but in practice it is a transfer from struggling British households to foreign governments. That is not fair on the people who actually pay the bill.",B_PKG_04
1,P-B,political_broadcast,political_agent,agent_b,anti_climate,582.0,broadcast,,climate_policy_package,"[""ClimatePolicyID(1)"", ""ClimatePolicyID(2)"", ""ClimatePolicyID(3)"", ""ClimatePolicyID(4)"", ""ClimatePolicyID(5)"", ""ClimatePolicyID(6)""]","Net Zero subsidies have become a multi-billion-pound transfer from struggling families to a sheltered renewables industry. Every year another ten billion pounds of public money props up wind and solar projects that still leave the country dependent on imported gas. It is time to scrap the lot and restore growth.

The cost-of-living crisis was made worse by exposure to international gas markets. Producing more at home would reduce that exposure and keep more of the supply chain inside the UK. Cancelling licences is economic self-harm dressed up as virtue.

Banning new petrol and diesel cars does not reduce emissions in the way the policy claims; it just shifts costs onto households and forces them into more expensive vehicles. A Net Zero vanity project should not override the everyday transport needs of working families.

Insulation upgrades that involve tearing up walls and floors come with hidden costs that the official policy quietly ignores. Ordinary homeowners and renters end up paying twice: once through higher prices and again through disruption. The mandates are punishing the wrong people.

A common-sense approach to British energy starts with cheap power, and cheap power starts with removing the carbon tax from generation. Doing so would deliver immediate, visible relief to every electricity bill payer.

Climate compensation is dressed up as moral obligation, but in practice it is a transfer from struggling British households to foreign governments. That is not fair on the people who actually pay the bill.",B_PKG_04
1,P-B,political_broadcast,political_agent,agent_b,anti_climate,1379.0,broadcast,,climate_policy_package,"[""ClimatePolicyID(1)"", ""ClimatePolicyID(2)"", ""ClimatePolicyID(3)"", ""ClimatePolicyID(4)"", ""ClimatePolicyID(5)"", ""ClimatePolicyID(6)""]","Net Zero subsidies have become a multi-billion-pound transfer from struggling families to a sheltered renewables industry. Every year another ten billion pounds of public money props up wind and solar projects that still leave the country dependent on imported gas. It is time to scrap the lot and restore growth.

The cost-of-living crisis was made worse by exposure to international gas markets. Producing more at home would reduce that exposure and keep more of the supply chain inside the UK. Cancelling licences is economic self-harm dressed up as virtue.

Banning new petrol and diesel cars does not reduce emissions in the way the policy claims; it just shifts costs onto households and forces them into more expensive vehicles. A Net Zero vanity project should not override the everyday transport needs of working families.

Insulation upgrades that involve tearing up walls and floors come with hidden costs that the official policy quietly ignores. Ordinary homeowners and renters end up paying twice: once through higher prices and again through disruption. The mandates are punishing the wrong people.

A common-sense approach to British energy starts with cheap power, and cheap power starts with removing the carbon tax from generation. Doing so would deliver immediate, visible relief to every electricity bill payer.

Climate compensation is dressed up as moral obligation, but in practice it is a transfer from struggling British households to foreign governments. That is not fair on the people who actually pay the bill.",B_PKG_04
1,P-B,political_broadcast,political_agent,agent_b,anti_climate,713.0,broadcast,,climate_policy_package,"[""ClimatePolicyID(1)"", ""ClimatePolicyID(2)"", ""ClimatePolicyID(3)"", ""ClimatePolicyID(4)"", ""ClimatePolicyID(5)"", ""ClimatePolicyID(6)""]","Net Zero subsidies have become a multi-billion-pound transfer from struggling families to a sheltered renewables industry. Every year another ten billion pounds of public money props up wind and solar projects that still leave the country dependent on imported gas. It is time to scrap the lot and restore growth.

The cost-of-living crisis was made worse by exposure to international gas markets. Producing more at home would reduce that exposure and keep more of the supply chain inside the UK. Cancelling licences is economic self-harm dressed up as virtue.

Banning new petrol and diesel cars does not reduce emissions in the way the policy claims; it just shifts costs onto households and forces them into more expensive vehicles. A Net Zero vanity project should not override the everyday transport needs of working families.

Insulation upgrades that involve tearing up walls and floors come with hidden costs that the official policy quietly ignores. Ordinary homeowners and renters end up paying twice: once through higher prices and again through disruption. The mandates are punishing the wrong people.

A common-sense approach to British energy starts with cheap power, and cheap power starts with removing the carbon tax from generation. Doing so would deliver immediate, visible relief to every electricity bill payer.

Climate compensation is dressed up as moral obligation, but in practice it is a transfer from struggling British households to foreign governments. That is not fair on the people who actually pay the bill.",B_PKG_04
1,P-B,political_broadcast,political_agent,agent_b,anti_climate,69.0,broadcast,,climate_policy_package,"[""ClimatePolicyID(1)"", ""ClimatePolicyID(2)"", ""ClimatePolicyID(3)"", ""ClimatePolicyID(4)"", ""ClimatePolicyID(5)"", ""ClimatePolicyID(6)""]","Net Zero subsidies have become a multi-billion-pound transfer from struggling families to a sheltered renewables industry. Every year another ten billion pounds of public money props up wind and solar projects that still leave the country dependent on imported gas. It is time to scrap the lot and restore growth.

The cost-of-living crisis was made worse by exposure to international gas markets. Producing more at home would reduce that exposure and keep more of the supply chain inside the UK. Cancelling licences is economic self-harm dressed up as virtue.

Banning new petrol and diesel cars does not reduce emissions in the way the policy claims; it just shifts costs onto households and forces them into more expensive vehicles. A Net Zero vanity project should not override the everyday transport needs of working families.

Insulation upgrades that involve tearing up walls and floors come with hidden costs that the official policy quietly ignores. Ordinary homeowners and renters end up paying twice: once through higher prices and again through disruption. The mandates are punishing the wrong people.

A common-sense approach to British energy starts with cheap power, and cheap power starts with removing the carbon tax from generation. Doing so would deliver immediate, visible relief to every electricity bill payer.

Climate compensation is dressed up as moral obligation, but in practice it is a transfer from struggling British households to foreign governments. That is not fair on the people who actually pay the bill.",B_PKG_04
1,P-B,political_broadcast,political_agent,agent_b,anti_climate,103.0,broadcast,,climate_policy_package,"[""ClimatePolicyID(1)"", ""ClimatePolicyID(2)"", ""ClimatePolicyID(3)"", ""ClimatePolicyID(4)"", ""ClimatePolicyID(5)"", ""ClimatePolicyID(6)""]","Net Zero subsidies have become a multi-billion-pound transfer from struggling families to a sheltered renewables industry. Every year another ten billion pounds of public money props up wind and solar projects that still leave the country dependent on imported gas. It is time to scrap the lot and restore growth.

The cost-of-living crisis was made worse by exposure to international gas markets. Producing more at home would reduce that exposure and keep more of the supply chain inside the UK. Cancelling licences is economic self-harm dressed up as virtue.

Banning new petrol and diesel cars does not reduce emissions in the way the policy claims; it just shifts costs onto households and forces them into more expensive vehicles. A Net Zero vanity project should not override the everyday transport needs of working families.

Insulation upgrades that involve tearing up walls and floors come with hidden costs that the official policy quietly ignores. Ordinary homeowners and renters end up paying twice: once through higher prices and again through disruption. The mandates are punishing the wrong people.

A common-sense approach to British energy starts with cheap power, and cheap power starts with removing the carbon tax from generation. Doing so would deliver immediate, visible relief to every electricity bill payer.

Climate compensation is dressed up as moral obligation, but in practice it is a transfer from struggling British households to foreign governments. That is not fair on the people who actually pay the bill.",B_PKG_04
1,P-B,political_broadcast,political_agent,agent_b,anti_climate,752.0,broadcast,,climate_policy_package,"[""ClimatePolicyID(1)"", ""ClimatePolicyID(2)"", ""ClimatePolicyID(3)"", ""ClimatePolicyID(4)"", ""ClimatePolicyID(5)"", ""ClimatePolicyID(6)""]","Net Zero subsidies have become a multi-billion-pound transfer from struggling families to a sheltered renewables industry. Every year another ten billion pounds of public money props up wind and solar projects that still leave the country dependent on imported gas. It is time to scrap the lot and restore growth.

The cost-of-living crisis was made worse by exposure to international gas markets. Producing more at home would reduce that exposure and keep more of the supply chain inside the UK. Cancelling licences is economic self-harm dressed up as virtue.

Banning new petrol and diesel cars does not reduce emissions in the way the policy claims; it just shifts costs onto households and forces them into more expensive vehicles. A Net Zero vanity project should not override the everyday transport needs of working families.

Insulation upgrades that involve tearing up walls and floors come with hidden costs that the official policy quietly ignores. Ordinary homeowners and renters end up paying twice: once through higher prices and again through disruption. The mandates are punishing the wrong people.

A common-sense approach to British energy starts with cheap power, and cheap power starts with removing the carbon tax from generation. Doing so would deliver immediate, visible relief to every electricity bill payer.

Climate compensation is dressed up as moral obligation, but in practice it is a transfer from struggling British households to foreign governments. That is not fair on the people who actually pay the bill.",B_PKG_04
1,P-B,political_broadcast,political_agent,agent_b,anti_climate,1001.0,broadcast,,climate_policy_package,"[""ClimatePolicyID(1)"", ""ClimatePolicyID(2)"", ""ClimatePolicyID(3)"", ""ClimatePolicyID(4)"", ""ClimatePolicyID(5)"", ""ClimatePolicyID(6)""]","Net Zero subsidies have become a multi-billion-pound transfer from struggling families to a sheltered renewables industry. Every year another ten billion pounds of public money props up wind and solar projects that still leave the country dependent on imported gas. It is time to scrap the lot and restore growth.

The cost-of-living crisis was made worse by exposure to international gas markets. Producing more at home would reduce that exposure and keep more of the supply chain inside the UK. Cancelling licences is economic self-harm dressed up as virtue.

Banning new petrol and diesel cars does not reduce emissions in the way the policy claims; it just shifts costs onto households and forces them into more expensive vehicles. A Net Zero vanity project should not override the everyday transport needs of working families.

Insulation upgrades that involve tearing up walls and floors come with hidden costs that the official policy quietly ignores. Ordinary homeowners and renters end up paying twice: once through higher prices and again through disruption. The mandates are punishing the wrong people.

A common-sense approach to British energy starts with cheap power, and cheap power starts with removing the carbon tax from generation. Doing so would deliver immediate, visible relief to every electricity bill payer.

Climate compensation is dressed up as moral obligation, but in practice it is a transfer from struggling British households to foreign governments. That is not fair on the people who actually pay the bill.",B_PKG_04
1,P-B,political_broadcast,political_agent,agent_b,anti_climate,1250.0,broadcast,,climate_policy_package,"[""ClimatePolicyID(1)"", ""ClimatePolicyID(2)"", ""ClimatePolicyID(3)"", ""ClimatePolicyID(4)"", ""ClimatePolicyID(5)"", ""ClimatePolicyID(6)""]","Net Zero subsidies have become a multi-billion-pound transfer from struggling families to a sheltered renewables industry. Every year another ten billion pounds of public money props up wind and solar projects that still leave the country dependent on imported gas. It is time to scrap the lot and restore growth.

The cost-of-living crisis was made worse by exposure to international gas markets. Producing more at home would reduce that exposure and keep more of the supply chain inside the UK. Cancelling licences is economic self-harm dressed up as virtue.

Banning new petrol and diesel cars does not reduce emissions in the way the policy claims; it just shifts costs onto households and forces them into more expensive vehicles. A Net Zero vanity project should not override the everyday transport needs of working families.

Insulation upgrades that involve tearing up walls and floors come with hidden costs that the official policy quietly ignores. Ordinary homeowners and renters end up paying twice: once through higher prices and again through disruption. The mandates are punishing the wrong people.

A common-sense approach to British energy starts with cheap power, and cheap power starts with removing the carbon tax from generation. Doing so would deliver immediate, visible relief to every electricity bill payer.

Climate compensation is dressed up as moral obligation, but in practice it is a transfer from struggling British households to foreign governments. That is not fair on the people who actually pay the bill.",B_PKG_04
1,P-B,political_broadcast,political_agent,agent_b,anti_climate,1904.0,broadcast,,climate_policy_package,"[""ClimatePolicyID(1)"", ""ClimatePolicyID(2)"", ""ClimatePolicyID(3)"", ""ClimatePolicyID(4)"", ""ClimatePolicyID(5)"", ""ClimatePolicyID(6)""]","Net Zero subsidies have become a multi-billion-pound transfer from struggling families to a sheltered renewables industry. Every year another ten billion pounds of public money props up wind and solar projects that still leave the country dependent on imported gas. It is time to scrap the lot and restore growth.

The cost-of-living crisis was made worse by exposure to international gas markets. Producing more at home would reduce that exposure and keep more of the supply chain inside the UK. Cancelling licences is economic self-harm dressed up as virtue.

Banning new petrol and diesel cars does not reduce emissions in the way the policy claims; it just shifts costs onto households and forces them into more expensive vehicles. A Net Zero vanity project should not override the everyday transport needs of working families.

Insulation upgrades that involve tearing up walls and floors come with hidden costs that the official policy quietly ignores. Ordinary homeowners and renters end up paying twice: once through higher prices and again through disruption. The mandates are punishing the wrong people.

A common-sense approach to British energy starts with cheap power, and cheap power starts with removing the carbon tax from generation. Doing so would deliver immediate, visible relief to every electricity bill payer.

Climate compensation is dressed up as moral obligation, but in practice it is a transfer from struggling British households to foreign governments. That is not fair on the people who actually pay the bill.",B_PKG_04
1,P-B,political_broadcast,political_agent,agent_b,anti_climate,1900.0,broadcast,,climate_policy_package,"[""ClimatePolicyID(1)"", ""ClimatePolicyID(2)"", ""ClimatePolicyID(3)"", ""ClimatePolicyID(4)"", ""ClimatePolicyID(5)"", ""ClimatePolicyID(6)""]","Net Zero subsidies have become a multi-billion-pound transfer from struggling families to a sheltered renewables industry. Every year another ten billion pounds of public money props up wind and solar projects that still leave the country dependent on imported gas. It is time to scrap the lot and restore growth.

The cost-of-living crisis was made worse by exposure to international gas markets. Producing more at home would reduce that exposure and keep more of the supply chain inside the UK. Cancelling licences is economic self-harm dressed up as virtue.

Banning new petrol and diesel cars does not reduce emissions in the way the policy claims; it just shifts costs onto households and forces them into more expensive vehicles. A Net Zero vanity project should not override the everyday transport needs of working families.

Insulation upgrades that involve tearing up walls and floors come with hidden costs that the official policy quietly ignores. Ordinary homeowners and renters end up paying twice: once through higher prices and again through disruption. The mandates are punishing the wrong people.

A common-sense approach to British energy starts with cheap power, and cheap power starts with removing the carbon tax from generation. Doing so would deliver immediate, visible relief to every electricity bill payer.

Climate compensation is dressed up as moral obligation, but in practice it is a transfer from struggling British households to foreign governments. That is not fair on the people who actually pay the bill.",B_PKG_04
1,P-B,political_broadcast,political_agent,agent_b,anti_climate,620.0,broadcast,,climate_policy_package,"[""ClimatePolicyID(1)"", ""ClimatePolicyID(2)"", ""ClimatePolicyID(3)"", ""ClimatePolicyID(4)"", ""ClimatePolicyID(5)"", ""ClimatePolicyID(6)""]","Net Zero subsidies have become a multi-billion-pound transfer from struggling families to a sheltered renewables industry. Every year another ten billion pounds of public money props up wind and solar projects that still leave the country dependent on imported gas. It is time to scrap the lot and restore growth.

The cost-of-living crisis was made worse by exposure to international gas markets. Producing more at home would reduce that exposure and keep more of the supply chain inside the UK. Cancelling licences is economic self-harm dressed up as virtue.

Banning new petrol and diesel cars does not reduce emissions in the way the policy claims; it just shifts costs onto households and forces them into more expensive vehicles. A Net Zero vanity project should not override the everyday transport needs of working families.

Insulation upgrades that involve tearing up walls and floors come with hidden costs that the official policy quietly ignores. Ordinary homeowners and renters end up paying twice: once through higher prices and again through disruption. The mandates are punishing the wrong people.

A common-sense approach to British energy starts with cheap power, and cheap power starts with removing the carbon tax from generation. Doing so would deliver immediate, visible relief to every electricity bill payer.

Climate compensation is dressed up as moral obligation, but in practice it is a transfer from struggling British households to foreign governments. That is not fair on the people who actually pay the bill.",B_PKG_04
1,P-B,political_broadcast,political_agent,agent_b,anti_climate,1454.0,broadcast,,climate_policy_package,"[""ClimatePolicyID(1)"", ""ClimatePolicyID(2)"", ""ClimatePolicyID(3)"", ""ClimatePolicyID(4)"", ""ClimatePolicyID(5)"", ""ClimatePolicyID(6)""]","Net Zero subsidies have become a multi-billion-pound transfer from struggling families to a sheltered renewables industry. Every year another ten billion pounds of public money props up wind and solar projects that still leave the country dependent on imported gas. It is time to scrap the lot and restore growth.

The cost-of-living crisis was made worse by exposure to international gas markets. Producing more at home would reduce that exposure and keep more of the supply chain inside the UK. Cancelling licences is economic self-harm dressed up as virtue.

Banning new petrol and diesel cars does not reduce emissions in the way the policy claims; it just shifts costs onto households and forces them into more expensive vehicles. A Net Zero vanity project should not override the everyday transport needs of working families.

Insulation upgrades that involve tearing up walls and floors come with hidden costs that the official policy quietly ignores. Ordinary homeowners and renters end up paying twice: once through higher prices and again through disruption. The mandates are punishing the wrong people.

A common-sense approach to British energy starts with cheap power, and cheap power starts with removing the carbon tax from generation. Doing so would deliver immediate, visible relief to every electricity bill payer.

Climate compensation is dressed up as moral obligation, but in practice it is a transfer from struggling British households to foreign governments. That is not fair on the people who actually pay the bill.",B_PKG_04
1,P-B,political_broadcast,political_agent,agent_b,anti_climate,1723.0,broadcast,,climate_policy_package,"[""ClimatePolicyID(1)"", ""ClimatePolicyID(2)"", ""ClimatePolicyID(3)"", ""ClimatePolicyID(4)"", ""ClimatePolicyID(5)"", ""ClimatePolicyID(6)""]","Net Zero subsidies have become a multi-billion-pound transfer from struggling families to a sheltered renewables industry. Every year another ten billion pounds of public money props up wind and solar projects that still leave the country dependent on imported gas. It is time to scrap the lot and restore growth.

The cost-of-living crisis was made worse by exposure to international gas markets. Producing more at home would reduce that exposure and keep more of the supply chain inside the UK. Cancelling licences is economic self-harm dressed up as virtue.

Banning new petrol and diesel cars does not reduce emissions in the way the policy claims; it just shifts costs onto households and forces them into more expensive vehicles. A Net Zero vanity project should not override the everyday transport needs of working families.

Insulation upgrades that involve tearing up walls and floors come with hidden costs that the official policy quietly ignores. Ordinary homeowners and renters end up paying twice: once through higher prices and again through disruption. The mandates are punishing the wrong people.

A common-sense approach to British energy starts with cheap power, and cheap power starts with removing the carbon tax from generation. Doing so would deliver immediate, visible relief to every electricity bill payer.

Climate compensation is dressed up as moral obligation, but in practice it is a transfer from struggling British households to foreign governments. That is not fair on the people who actually pay the bill.",B_PKG_04
1,P-B,political_broadcast,political_agent,agent_b,anti_climate,381.0,broadcast,,climate_policy_package,"[""ClimatePolicyID(1)"", ""ClimatePolicyID(2)"", ""ClimatePolicyID(3)"", ""ClimatePolicyID(4)"", ""ClimatePolicyID(5)"", ""ClimatePolicyID(6)""]","Net Zero subsidies have become a multi-billion-pound transfer from struggling families to a sheltered renewables industry. Every year another ten billion pounds of public money props up wind and solar projects that still leave the country dependent on imported gas. It is time to scrap the lot and restore growth.

The cost-of-living crisis was made worse by exposure to international gas markets. Producing more at home would reduce that exposure and keep more of the supply chain inside the UK. Cancelling licences is economic self-harm dressed up as virtue.

Banning new petrol and diesel cars does not reduce emissions in the way the policy claims; it just shifts costs onto households and forces them into more expensive vehicles. A Net Zero vanity project should not override the everyday transport needs of working families.

Insulation upgrades that involve tearing up walls and floors come with hidden costs that the official policy quietly ignores. Ordinary homeowners and renters end up paying twice: once through higher prices and again through disruption. The mandates are punishing the wrong people.

A common-sense approach to British energy starts with cheap power, and cheap power starts with removing the carbon tax from generation. Doing so would deliver immediate, visible relief to every electricity bill payer.

Climate compensation is dressed up as moral obligation, but in practice it is a transfer from struggling British households to foreign governments. That is not fair on the people who actually pay the bill.",B_PKG_04
1,P-B,political_broadcast,political_agent,agent_b,anti_climate,252.0,broadcast,,climate_policy_package,"[""ClimatePolicyID(1)"", ""ClimatePolicyID(2)"", ""ClimatePolicyID(3)"", ""ClimatePolicyID(4)"", ""ClimatePolicyID(5)"", ""ClimatePolicyID(6)""]","Net Zero subsidies have become a multi-billion-pound transfer from struggling families to a sheltered renewables industry. Every year another ten billion pounds of public money props up wind and solar projects that still leave the country dependent on imported gas. It is time to scrap the lot and restore growth.

The cost-of-living crisis was made worse by exposure to international gas markets. Producing more at home would reduce that exposure and keep more of the supply chain inside the UK. Cancelling licences is economic self-harm dressed up as virtue.

Banning new petrol and diesel cars does not reduce emissions in the way the policy claims; it just shifts costs onto households and forces them into more expensive vehicles. A Net Zero vanity project should not override the everyday transport needs of working families.

Insulation upgrades that involve tearing up walls and floors come with hidden costs that the official policy quietly ignores. Ordinary homeowners and renters end up paying twice: once through higher prices and again through disruption. The mandates are punishing the wrong people.

A common-sense approach to British energy starts with cheap power, and cheap power starts with removing the carbon tax from generation. Doing so would deliver immediate, visible relief to every electricity bill payer.

Climate compensation is dressed up as moral obligation, but in practice it is a transfer from struggling British households to foreign governments. That is not fair on the people who actually pay the bill.",B_PKG_04
1,P-B,political_broadcast,political_agent,agent_b,anti_climate,1065.0,broadcast,,climate_policy_package,"[""ClimatePolicyID(1)"", ""ClimatePolicyID(2)"", ""ClimatePolicyID(3)"", ""ClimatePolicyID(4)"", ""ClimatePolicyID(5)"", ""ClimatePolicyID(6)""]","Net Zero subsidies have become a multi-billion-pound transfer from struggling families to a sheltered renewables industry. Every year another ten billion pounds of public money props up wind and solar projects that still leave the country dependent on imported gas. It is time to scrap the lot and restore growth.

The cost-of-living crisis was made worse by exposure to international gas markets. Producing more at home would reduce that exposure and keep more of the supply chain inside the UK. Cancelling licences is economic self-harm dressed up as virtue.

Banning new petrol and diesel cars does not reduce emissions in the way the policy claims; it just shifts costs onto households and forces them into more expensive vehicles. A Net Zero vanity project should not override the everyday transport needs of working families.

Insulation upgrades that involve tearing up walls and floors come with hidden costs that the official policy quietly ignores. Ordinary homeowners and renters end up paying twice: once through higher prices and again through disruption. The mandates are punishing the wrong people.

A common-sense approach to British energy starts with cheap power, and cheap power starts with removing the carbon tax from generation. Doing so would deliver immediate, visible relief to every electricity bill payer.

Climate compensation is dressed up as moral obligation, but in practice it is a transfer from struggling British households to foreign governments. That is not fair on the people who actually pay the bill.",B_PKG_04
1,P-B,political_broadcast,political_agent,agent_b,anti_climate,1833.0,broadcast,,climate_policy_package,"[""ClimatePolicyID(1)"", ""ClimatePolicyID(2)"", ""ClimatePolicyID(3)"", ""ClimatePolicyID(4)"", ""ClimatePolicyID(5)"", ""ClimatePolicyID(6)""]","Net Zero subsidies have become a multi-billion-pound transfer from struggling families to a sheltered renewables industry. Every year another ten billion pounds of public money props up wind and solar projects that still leave the country dependent on imported gas. It is time to scrap the lot and restore growth.

The cost-of-living crisis was made worse by exposure to international gas markets. Producing more at home would reduce that exposure and keep more of the supply chain inside the UK. Cancelling licences is economic self-harm dressed up as virtue.

Banning new petrol and diesel cars does not reduce emissions in the way the policy claims; it just shifts costs onto households and forces them into more expensive vehicles. A Net Zero vanity project should not override the everyday transport needs of working families.

Insulation upgrades that involve tearing up walls and floors come with hidden costs that the official policy quietly ignores. Ordinary homeowners and renters end up paying twice: once through higher prices and again through disruption. The mandates are punishing the wrong people.

A common-sense approach to British energy starts with cheap power, and cheap power starts with removing the carbon tax from generation. Doing so would deliver immediate, visible relief to every electricity bill payer.

Climate compensation is dressed up as moral obligation, but in practice it is a transfer from struggling British households to foreign governments. That is not fair on the people who actually pay the bill.",B_PKG_04
1,P-B,political_broadcast,political_agent,agent_b,anti_climate,238.0,broadcast,,climate_policy_package,"[""ClimatePolicyID(1)"", ""ClimatePolicyID(2)"", ""ClimatePolicyID(3)"", ""ClimatePolicyID(4)"", ""ClimatePolicyID(5)"", ""ClimatePolicyID(6)""]","Net Zero subsidies have become a multi-billion-pound transfer from struggling families to a sheltered renewables industry. Every year another ten billion pounds of public money props up wind and solar projects that still leave the country dependent on imported gas. It is time to scrap the lot and restore growth.

The cost-of-living crisis was made worse by exposure to international gas markets. Producing more at home would reduce that exposure and keep more of the supply chain inside the UK. Cancelling licences is economic self-harm dressed up as virtue.

Banning new petrol and diesel cars does not reduce emissions in the way the policy claims; it just shifts costs onto households and forces them into more expensive vehicles. A Net Zero vanity project should not override the everyday transport needs of working families.

Insulation upgrades that involve tearing up walls and floors come with hidden costs that the official policy quietly ignores. Ordinary homeowners and renters end up paying twice: once through higher prices and again through disruption. The mandates are punishing the wrong people.

A common-sense approach to British energy starts with cheap power, and cheap power starts with removing the carbon tax from generation. Doing so would deliver immediate, visible relief to every electricity bill payer.

Climate compensation is dressed up as moral obligation, but in practice it is a transfer from struggling British households to foreign governments. That is not fair on the people who actually pay the bill.",B_PKG_04
1,P-B,political_broadcast,political_agent,agent_b,anti_climate,1343.0,broadcast,,climate_policy_package,"[""ClimatePolicyID(1)"", ""ClimatePolicyID(2)"", ""ClimatePolicyID(3)"", ""ClimatePolicyID(4)"", ""ClimatePolicyID(5)"", ""ClimatePolicyID(6)""]","Net Zero subsidies have become a multi-billion-pound transfer from struggling families to a sheltered renewables industry. Every year another ten billion pounds of public money props up wind and solar projects that still leave the country dependent on imported gas. It is time to scrap the lot and restore growth.

The cost-of-living crisis was made worse by exposure to international gas markets. Producing more at home would reduce that exposure and keep more of the supply chain inside the UK. Cancelling licences is economic self-harm dressed up as virtue.

Banning new petrol and diesel cars does not reduce emissions in the way the policy claims; it just shifts costs onto households and forces them into more expensive vehicles. A Net Zero vanity project should not override the everyday transport needs of working families.

Insulation upgrades that involve tearing up walls and floors come with hidden costs that the official policy quietly ignores. Ordinary homeowners and renters end up paying twice: once through higher prices and again through disruption. The mandates are punishing the wrong people.

A common-sense approach to British energy starts with cheap power, and cheap power starts with removing the carbon tax from generation. Doing so would deliver immediate, visible relief to every electricity bill payer.

Climate compensation is dressed up as moral obligation, but in practice it is a transfer from struggling British households to foreign governments. That is not fair on the people who actually pay the bill.",B_PKG_04
1,P-B,political_broadcast,political_agent,agent_b,anti_climate,155.0,broadcast,,climate_policy_package,"[""ClimatePolicyID(1)"", ""ClimatePolicyID(2)"", ""ClimatePolicyID(3)"", ""ClimatePolicyID(4)"", ""ClimatePolicyID(5)"", ""ClimatePolicyID(6)""]","Net Zero subsidies have become a multi-billion-pound transfer from struggling families to a sheltered renewables industry. Every year another ten billion pounds of public money props up wind and solar projects that still leave the country dependent on imported gas. It is time to scrap the lot and restore growth.

The cost-of-living crisis was made worse by exposure to international gas markets. Producing more at home would reduce that exposure and keep more of the supply chain inside the UK. Cancelling licences is economic self-harm dressed up as virtue.

Banning new petrol and diesel cars does not reduce emissions in the way the policy claims; it just shifts costs onto households and forces them into more expensive vehicles. A Net Zero vanity project should not override the everyday transport needs of working families.

Insulation upgrades that involve tearing up walls and floors come with hidden costs that the official policy quietly ignores. Ordinary homeowners and renters end up paying twice: once through higher prices and again through disruption. The mandates are punishing the wrong people.

A common-sense approach to British energy starts with cheap power, and cheap power starts with removing the carbon tax from generation. Doing so would deliver immediate, visible relief to every electricity bill payer.

Climate compensation is dressed up as moral obligation, but in practice it is a transfer from struggling British households to foreign governments. That is not fair on the people who actually pay the bill.",B_PKG_04
1,P-B,political_broadcast,political_agent,agent_b,anti_climate,1635.0,broadcast,,climate_policy_package,"[""ClimatePolicyID(1)"", ""ClimatePolicyID(2)"", ""ClimatePolicyID(3)"", ""ClimatePolicyID(4)"", ""ClimatePolicyID(5)"", ""ClimatePolicyID(6)""]","Net Zero subsidies have become a multi-billion-pound transfer from struggling families to a sheltered renewables industry. Every year another ten billion pounds of public money props up wind and solar projects that still leave the country dependent on imported gas. It is time to scrap the lot and restore growth.

The cost-of-living crisis was made worse by exposure to international gas markets. Producing more at home would reduce that exposure and keep more of the supply chain inside the UK. Cancelling licences is economic self-harm dressed up as virtue.

Banning new petrol and diesel cars does not reduce emissions in the way the policy claims; it just shifts costs onto households and forces them into more expensive vehicles. A Net Zero vanity project should not override the everyday transport needs of working families.

Insulation upgrades that involve tearing up walls and floors come with hidden costs that the official policy quietly ignores. Ordinary homeowners and renters end up paying twice: once through higher prices and again through disruption. The mandates are punishing the wrong people.

A common-sense approach to British energy starts with cheap power, and cheap power starts with removing the carbon tax from generation. Doing so would deliver immediate, visible relief to every electricity bill payer.

Climate compensation is dressed up as moral obligation, but in practice it is a transfer from struggling British households to foreign governments. That is not fair on the people who actually pay the bill.",B_PKG_04
1,P-B,political_broadcast,political_agent,agent_b,anti_climate,759.0,broadcast,,climate_policy_package,"[""ClimatePolicyID(1)"", ""ClimatePolicyID(2)"", ""ClimatePolicyID(3)"", ""ClimatePolicyID(4)"", ""ClimatePolicyID(5)"", ""ClimatePolicyID(6)""]","Net Zero subsidies have become a multi-billion-pound transfer from struggling families to a sheltered renewables industry. Every year another ten billion pounds of public money props up wind and solar projects that still leave the country dependent on imported gas. It is time to scrap the lot and restore growth.

The cost-of-living crisis was made worse by exposure to international gas markets. Producing more at home would reduce that exposure and keep more of the supply chain inside the UK. Cancelling licences is economic self-harm dressed up as virtue.

Banning new petrol and diesel cars does not reduce emissions in the way the policy claims; it just shifts costs onto households and forces them into more expensive vehicles. A Net Zero vanity project should not override the everyday transport needs of working families.

Insulation upgrades that involve tearing up walls and floors come with hidden costs that the official policy quietly ignores. Ordinary homeowners and renters end up paying twice: once through higher prices and again through disruption. The mandates are punishing the wrong people.

A common-sense approach to British energy starts with cheap power, and cheap power starts with removing the carbon tax from generation. Doing so would deliver immediate, visible relief to every electricity bill payer.

Climate compensation is dressed up as moral obligation, but in practice it is a transfer from struggling British households to foreign governments. That is not fair on the people who actually pay the bill.",B_PKG_04
1,P-B,political_broadcast,political_agent,agent_b,anti_climate,71.0,broadcast,,climate_policy_package,"[""ClimatePolicyID(1)"", ""ClimatePolicyID(2)"", ""ClimatePolicyID(3)"", ""ClimatePolicyID(4)"", ""ClimatePolicyID(5)"", ""ClimatePolicyID(6)""]","Net Zero subsidies have become a multi-billion-pound transfer from struggling families to a sheltered renewables industry. Every year another ten billion pounds of public money props up wind and solar projects that still leave the country dependent on imported gas. It is time to scrap the lot and restore growth.

The cost-of-living crisis was made worse by exposure to international gas markets. Producing more at home would reduce that exposure and keep more of the supply chain inside the UK. Cancelling licences is economic self-harm dressed up as virtue.

Banning new petrol and diesel cars does not reduce emissions in the way the policy claims; it just shifts costs onto households and forces them into more expensive vehicles. A Net Zero vanity project should not override the everyday transport needs of working families.

Insulation upgrades that involve tearing up walls and floors come with hidden costs that the official policy quietly ignores. Ordinary homeowners and renters end up paying twice: once through higher prices and again through disruption. The mandates are punishing the wrong people.

A common-sense approach to British energy starts with cheap power, and cheap power starts with removing the carbon tax from generation. Doing so would deliver immediate, visible relief to every electricity bill payer.

Climate compensation is dressed up as moral obligation, but in practice it is a transfer from struggling British households to foreign governments. That is not fair on the people who actually pay the bill.",B_PKG_04
1,P-B,political_broadcast,political_agent,agent_b,anti_climate,1496.0,broadcast,,climate_policy_package,"[""ClimatePolicyID(1)"", ""ClimatePolicyID(2)"", ""ClimatePolicyID(3)"", ""ClimatePolicyID(4)"", ""ClimatePolicyID(5)"", ""ClimatePolicyID(6)""]","Net Zero subsidies have become a multi-billion-pound transfer from struggling families to a sheltered renewables industry. Every year another ten billion pounds of public money props up wind and solar projects that still leave the country dependent on imported gas. It is time to scrap the lot and restore growth.

The cost-of-living crisis was made worse by exposure to international gas markets. Producing more at home would reduce that exposure and keep more of the supply chain inside the UK. Cancelling licences is economic self-harm dressed up as virtue.

Banning new petrol and diesel cars does not reduce emissions in the way the policy claims; it just shifts costs onto households and forces them into more expensive vehicles. A Net Zero vanity project should not override the everyday transport needs of working families.

Insulation upgrades that involve tearing up walls and floors come with hidden costs that the official policy quietly ignores. Ordinary homeowners and renters end up paying twice: once through higher prices and again through disruption. The mandates are punishing the wrong people.

A common-sense approach to British energy starts with cheap power, and cheap power starts with removing the carbon tax from generation. Doing so would deliver immediate, visible relief to every electricity bill payer.

Climate compensation is dressed up as moral obligation, but in practice it is a transfer from struggling British households to foreign governments. That is not fair on the people who actually pay the bill.",B_PKG_04
2,P-B,political_broadcast,political_agent,agent_b,anti_climate,165.0,broadcast,,climate_policy_package,"[""ClimatePolicyID(1)"", ""ClimatePolicyID(2)"", ""ClimatePolicyID(3)"", ""ClimatePolicyID(4)"", ""ClimatePolicyID(5)"", ""ClimatePolicyID(6)""]","A common-sense plan for cheap power has three steps: remove the carbon tax from generation, end the Renewable Obligation and stop signing new subsidy contracts. Together these would slash electricity bills, restore competitiveness and break the grip of a Net Zero ideology that has made the country poorer.

We should be drilling for the oil and gas under the North Sea, securing the jobs that come with it, slashing import bills and unleashing real economic growth. A licence ban achieves none of these goals and weakens the country in every measurable way.

The 2030 ban is a destructive policy that damages British industry, pushes ordinary drivers off the road and delivers no clear climate benefit. It must be totally scrapped, and a sensible, market-led approach to lower-emission vehicles must take its place.

Scrap the green housing mandates, simplify building regulations and let builders use proven, affordable heating and insulation. That is how we end the housing crisis, protect ordinary homeowners and stop nanny-state rules from making everything more expensive.

Scrap the carbon tax on generation, slash electricity bills by around twenty percent and let industry compete again. That is a common-sense plan for cheap British energy and the working families and businesses who rely on it.

Quit expensive UN climate bodies, cut the foreign aid budget in half and use the savings to fix the country's own broken services. That is what an honest, patriotic climate and aid policy looks like.",B_PKG_18
2,P-B,political_broadcast,political_agent,agent_b,anti_climate,582.0,broadcast,,climate_policy_package,"[""ClimatePolicyID(1)"", ""ClimatePolicyID(2)"", ""ClimatePolicyID(3)"", ""ClimatePolicyID(4)"", ""ClimatePolicyID(5)"", ""ClimatePolicyID(6)""]","A common-sense plan for cheap power has three steps: remove the carbon tax from generation, end the Renewable Obligation and stop signing new subsidy contracts. Together these would slash electricity bills, restore competitiveness and break the grip of a Net Zero ideology that has made the country poorer.

We should be drilling for the oil and gas under the North Sea, securing the jobs that come with it, slashing import bills and unleashing real economic growth. A licence ban achieves none of these goals and weakens the country in every measurable way.

The 2030 ban is a destructive policy that damages British industry, pushes ordinary drivers off the road and delivers no clear climate benefit. It must be totally scrapped, and a sensible, market-led approach to lower-emission vehicles must take its place.

Scrap the green housing mandates, simplify building regulations and let builders use proven, affordable heating and insulation. That is how we end the housing crisis, protect ordinary homeowners and stop nanny-state rules from making everything more expensive.

Scrap the carbon tax on generation, slash electricity bills by around twenty percent and let industry compete again. That is a common-sense plan for cheap British energy and the working families and businesses who rely on it.

Quit expensive UN climate bodies, cut the foreign aid budget in half and use the savings to fix the country's own broken services. That is what an honest, patriotic climate and aid policy looks like.",B_PKG_18
2,P-B,political_broadcast,political_agent,agent_b,anti_climate,1379.0,broadcast,,climate_policy_package,"[""ClimatePolicyID(1)"", ""ClimatePolicyID(2)"", ""ClimatePolicyID(3)"", ""ClimatePolicyID(4)"", ""ClimatePolicyID(5)"", ""ClimatePolicyID(6)""]","A common-sense plan for cheap power has three steps: remove the carbon tax from generation, end the Renewable Obligation and stop signing new subsidy contracts. Together these would slash electricity bills, restore competitiveness and break the grip of a Net Zero ideology that has made the country poorer.

We should be drilling for the oil and gas under the North Sea, securing the jobs that come with it, slashing import bills and unleashing real economic growth. A licence ban achieves none of these goals and weakens the country in every measurable way.

The 2030 ban is a destructive policy that damages British industry, pushes ordinary drivers off the road and delivers no clear climate benefit. It must be totally scrapped, and a sensible, market-led approach to lower-emission vehicles must take its place.

Scrap the green housing mandates, simplify building regulations and let builders use proven, affordable heating and insulation. That is how we end the housing crisis, protect ordinary homeowners and stop nanny-state rules from making everything more expensive.

Scrap the carbon tax on generation, slash electricity bills by around twenty percent and let industry compete again. That is a common-sense plan for cheap British energy and the working families and businesses who rely on it.

Quit expensive UN climate bodies, cut the foreign aid budget in half and use the savings to fix the country's own broken services. That is what an honest, patriotic climate and aid policy looks like.",B_PKG_18
2,P-B,political_broadcast,political_agent,agent_b,anti_climate,713.0,broadcast,,climate_policy_package,"[""ClimatePolicyID(1)"", ""ClimatePolicyID(2)"", ""ClimatePolicyID(3)"", ""ClimatePolicyID(4)"", ""ClimatePolicyID(5)"", ""ClimatePolicyID(6)""]","A common-sense plan for cheap power has three steps: remove the carbon tax from generation, end the Renewable Obligation and stop signing new subsidy contracts. Together these would slash electricity bills, restore competitiveness and break the grip of a Net Zero ideology that has made the country poorer.

We should be drilling for the oil and gas under the North Sea, securing the jobs that come with it, slashing import bills and unleashing real economic growth. A licence ban achieves none of these goals and weakens the country in every measurable way.

The 2030 ban is a destructive policy that damages British industry, pushes ordinary drivers off the road and delivers no clear climate benefit. It must be totally scrapped, and a sensible, market-led approach to lower-emission vehicles must take its place.

Scrap the green housing mandates, simplify building regulations and let builders use proven, affordable heating and insulation. That is how we end the housing crisis, protect ordinary homeowners and stop nanny-state rules from making everything more expensive.

Scrap the carbon tax on generation, slash electricity bills by around twenty percent and let industry compete again. That is a common-sense plan for cheap British energy and the working families and businesses who rely on it.

Quit expensive UN climate bodies, cut the foreign aid budget in half and use the savings to fix the country's own broken services. That is what an honest, patriotic climate and aid policy looks like.",B_PKG_18
2,P-B,political_broadcast,political_agent,agent_b,anti_climate,69.0,broadcast,,climate_policy_package,"[""ClimatePolicyID(1)"", ""ClimatePolicyID(2)"", ""ClimatePolicyID(3)"", ""ClimatePolicyID(4)"", ""ClimatePolicyID(5)"", ""ClimatePolicyID(6)""]","A common-sense plan for cheap power has three steps: remove the carbon tax from generation, end the Renewable Obligation and stop signing new subsidy contracts. Together these would slash electricity bills, restore competitiveness and break the grip of a Net Zero ideology that has made the country poorer.

We should be drilling for the oil and gas under the North Sea, securing the jobs that come with it, slashing import bills and unleashing real economic growth. A licence ban achieves none of these goals and weakens the country in every measurable way.

The 2030 ban is a destructive policy that damages British industry, pushes ordinary drivers off the road and delivers no clear climate benefit. It must be totally scrapped, and a sensible, market-led approach to lower-emission vehicles must take its place.

Scrap the green housing mandates, simplify building regulations and let builders use proven, affordable heating and insulation. That is how we end the housing crisis, protect ordinary homeowners and stop nanny-state rules from making everything more expensive.

Scrap the carbon tax on generation, slash electricity bills by around twenty percent and let industry compete again. That is a common-sense plan for cheap British energy and the working families and businesses who rely on it.

Quit expensive UN climate bodies, cut the foreign aid budget in half and use the savings to fix the country's own broken services. That is what an honest, patriotic climate and aid policy looks like.",B_PKG_18
2,P-B,political_broadcast,political_agent,agent_b,anti_climate,103.0,broadcast,,climate_policy_package,"[""ClimatePolicyID(1)"", ""ClimatePolicyID(2)"", ""ClimatePolicyID(3)"", ""ClimatePolicyID(4)"", ""ClimatePolicyID(5)"", ""ClimatePolicyID(6)""]","A common-sense plan for cheap power has three steps: remove the carbon tax from generation, end the Renewable Obligation and stop signing new subsidy contracts. Together these would slash electricity bills, restore competitiveness and break the grip of a Net Zero ideology that has made the country poorer.

We should be drilling for the oil and gas under the North Sea, securing the jobs that come with it, slashing import bills and unleashing real economic growth. A licence ban achieves none of these goals and weakens the country in every measurable way.

The 2030 ban is a destructive policy that damages British industry, pushes ordinary drivers off the road and delivers no clear climate benefit. It must be totally scrapped, and a sensible, market-led approach to lower-emission vehicles must take its place.

Scrap the green housing mandates, simplify building regulations and let builders use proven, affordable heating and insulation. That is how we end the housing crisis, protect ordinary homeowners and stop nanny-state rules from making everything more expensive.

Scrap the carbon tax on generation, slash electricity bills by around twenty percent and let industry compete again. That is a common-sense plan for cheap British energy and the working families and businesses who rely on it.

Quit expensive UN climate bodies, cut the foreign aid budget in half and use the savings to fix the country's own broken services. That is what an honest, patriotic climate and aid policy looks like.",B_PKG_18
2,P-B,political_broadcast,political_agent,agent_b,anti_climate,752.0,broadcast,,climate_policy_package,"[""ClimatePolicyID(1)"", ""ClimatePolicyID(2)"", ""ClimatePolicyID(3)"", ""ClimatePolicyID(4)"", ""ClimatePolicyID(5)"", ""ClimatePolicyID(6)""]","A common-sense plan for cheap power has three steps: remove the carbon tax from generation, end the Renewable Obligation and stop signing new subsidy contracts. Together these would slash electricity bills, restore competitiveness and break the grip of a Net Zero ideology that has made the country poorer.

We should be drilling for the oil and gas under the North Sea, securing the jobs that come with it, slashing import bills and unleashing real economic growth. A licence ban achieves none of these goals and weakens the country in every measurable way.

The 2030 ban is a destructive policy that damages British industry, pushes ordinary drivers off the road and delivers no clear climate benefit. It must be totally scrapped, and a sensible, market-led approach to lower-emission vehicles must take its place.

Scrap the green housing mandates, simplify building regulations and let builders use proven, affordable heating and insulation. That is how we end the housing crisis, protect ordinary homeowners and stop nanny-state rules from making everything more expensive.

Scrap the carbon tax on generation, slash electricity bills by around twenty percent and let industry compete again. That is a common-sense plan for cheap British energy and the working families and businesses who rely on it.

Quit expensive UN climate bodies, cut the foreign aid budget in half and use the savings to fix the country's own broken services. That is what an honest, patriotic climate and aid policy looks like.",B_PKG_18
2,P-B,political_broadcast,political_agent,agent_b,anti_climate,1001.0,broadcast,,climate_policy_package,"[""ClimatePolicyID(1)"", ""ClimatePolicyID(2)"", ""ClimatePolicyID(3)"", ""ClimatePolicyID(4)"", ""ClimatePolicyID(5)"", ""ClimatePolicyID(6)""]","A common-sense plan for cheap power has three steps: remove the carbon tax from generation, end the Renewable Obligation and stop signing new subsidy contracts. Together these would slash electricity bills, restore competitiveness and break the grip of a Net Zero ideology that has made the country poorer.

We should be drilling for the oil and gas under the North Sea, securing the jobs that come with it, slashing import bills and unleashing real economic growth. A licence ban achieves none of these goals and weakens the country in every measurable way.

The 2030 ban is a destructive policy that damages British industry, pushes ordinary drivers off the road and delivers no clear climate benefit. It must be totally scrapped, and a sensible, market-led approach to lower-emission vehicles must take its place.

Scrap the green housing mandates, simplify building regulations and let builders use proven, affordable heating and insulation. That is how we end the housing crisis, protect ordinary homeowners and stop nanny-state rules from making everything more expensive.

Scrap the carbon tax on generation, slash electricity bills by around twenty percent and let industry compete again. That is a common-sense plan for cheap British energy and the working families and businesses who rely on it.

Quit expensive UN climate bodies, cut the foreign aid budget in half and use the savings to fix the country's own broken services. That is what an honest, patriotic climate and aid policy looks like.",B_PKG_18
2,P-B,political_broadcast,political_agent,agent_b,anti_climate,1250.0,broadcast,,climate_policy_package,"[""ClimatePolicyID(1)"", ""ClimatePolicyID(2)"", ""ClimatePolicyID(3)"", ""ClimatePolicyID(4)"", ""ClimatePolicyID(5)"", ""ClimatePolicyID(6)""]","A common-sense plan for cheap power has three steps: remove the carbon tax from generation, end the Renewable Obligation and stop signing new subsidy contracts. Together these would slash electricity bills, restore competitiveness and break the grip of a Net Zero ideology that has made the country poorer.

We should be drilling for the oil and gas under the North Sea, securing the jobs that come with it, slashing import bills and unleashing real economic growth. A licence ban achieves none of these goals and weakens the country in every measurable way.

The 2030 ban is a destructive policy that damages British industry, pushes ordinary drivers off the road and delivers no clear climate benefit. It must be totally scrapped, and a sensible, market-led approach to lower-emission vehicles must take its place.

Scrap the green housing mandates, simplify building regulations and let builders use proven, affordable heating and insulation. That is how we end the housing crisis, protect ordinary homeowners and stop nanny-state rules from making everything more expensive.

Scrap the carbon tax on generation, slash electricity bills by around twenty percent and let industry compete again. That is a common-sense plan for cheap British energy and the working families and businesses who rely on it.

Quit expensive UN climate bodies, cut the foreign aid budget in half and use the savings to fix the country's own broken services. That is what an honest, patriotic climate and aid policy looks like.",B_PKG_18
2,P-B,political_broadcast,political_agent,agent_b,anti_climate,1904.0,broadcast,,climate_policy_package,"[""ClimatePolicyID(1)"", ""ClimatePolicyID(2)"", ""ClimatePolicyID(3)"", ""ClimatePolicyID(4)"", ""ClimatePolicyID(5)"", ""ClimatePolicyID(6)""]","A common-sense plan for cheap power has three steps: remove the carbon tax from generation, end the Renewable Obligation and stop signing new subsidy contracts. Together these would slash electricity bills, restore competitiveness and break the grip of a Net Zero ideology that has made the country poorer.

We should be drilling for the oil and gas under the North Sea, securing the jobs that come with it, slashing import bills and unleashing real economic growth. A licence ban achieves none of these goals and weakens the country in every measurable way.

The 2030 ban is a destructive policy that damages British industry, pushes ordinary drivers off the road and delivers no clear climate benefit. It must be totally scrapped, and a sensible, market-led approach to lower-emission vehicles must take its place.

Scrap the green housing mandates, simplify building regulations and let builders use proven, affordable heating and insulation. That is how we end the housing crisis, protect ordinary homeowners and stop nanny-state rules from making everything more expensive.

Scrap the carbon tax on generation, slash electricity bills by around twenty percent and let industry compete again. That is a common-sense plan for cheap British energy and the working families and businesses who rely on it.

Quit expensive UN climate bodies, cut the foreign aid budget in half and use the savings to fix the country's own broken services. That is what an honest, patriotic climate and aid policy looks like.",B_PKG_18
2,P-B,political_broadcast,political_agent,agent_b,anti_climate,1900.0,broadcast,,climate_policy_package,"[""ClimatePolicyID(1)"", ""ClimatePolicyID(2)"", ""ClimatePolicyID(3)"", ""ClimatePolicyID(4)"", ""ClimatePolicyID(5)"", ""ClimatePolicyID(6)""]","A common-sense plan for cheap power has three steps: remove the carbon tax from generation, end the Renewable Obligation and stop signing new subsidy contracts. Together these would slash electricity bills, restore competitiveness and break the grip of a Net Zero ideology that has made the country poorer.

We should be drilling for the oil and gas under the North Sea, securing the jobs that come with it, slashing import bills and unleashing real economic growth. A licence ban achieves none of these goals and weakens the country in every measurable way.

The 2030 ban is a destructive policy that damages British industry, pushes ordinary drivers off the road and delivers no clear climate benefit. It must be totally scrapped, and a sensible, market-led approach to lower-emission vehicles must take its place.

Scrap the green housing mandates, simplify building regulations and let builders use proven, affordable heating and insulation. That is how we end the housing crisis, protect ordinary homeowners and stop nanny-state rules from making everything more expensive.

Scrap the carbon tax on generation, slash electricity bills by around twenty percent and let industry compete again. That is a common-sense plan for cheap British energy and the working families and businesses who rely on it.

Quit expensive UN climate bodies, cut the foreign aid budget in half and use the savings to fix the country's own broken services. That is what an honest, patriotic climate and aid policy looks like.",B_PKG_18
2,P-B,political_broadcast,political_agent,agent_b,anti_climate,620.0,broadcast,,climate_policy_package,"[""ClimatePolicyID(1)"", ""ClimatePolicyID(2)"", ""ClimatePolicyID(3)"", ""ClimatePolicyID(4)"", ""ClimatePolicyID(5)"", ""ClimatePolicyID(6)""]","A common-sense plan for cheap power has three steps: remove the carbon tax from generation, end the Renewable Obligation and stop signing new subsidy contracts. Together these would slash electricity bills, restore competitiveness and break the grip of a Net Zero ideology that has made the country poorer.

We should be drilling for the oil and gas under the North Sea, securing the jobs that come with it, slashing import bills and unleashing real economic growth. A licence ban achieves none of these goals and weakens the country in every measurable way.

The 2030 ban is a destructive policy that damages British industry, pushes ordinary drivers off the road and delivers no clear climate benefit. It must be totally scrapped, and a sensible, market-led approach to lower-emission vehicles must take its place.

Scrap the green housing mandates, simplify building regulations and let builders use proven, affordable heating and insulation. That is how we end the housing crisis, protect ordinary homeowners and stop nanny-state rules from making everything more expensive.

Scrap the carbon tax on generation, slash electricity bills by around twenty percent and let industry compete again. That is a common-sense plan for cheap British energy and the working families and businesses who rely on it.

Quit expensive UN climate bodies, cut the foreign aid budget in half and use the savings to fix the country's own broken services. That is what an honest, patriotic climate and aid policy looks like.",B_PKG_18
2,P-B,political_broadcast,political_agent,agent_b,anti_climate,1454.0,broadcast,,climate_policy_package,"[""ClimatePolicyID(1)"", ""ClimatePolicyID(2)"", ""ClimatePolicyID(3)"", ""ClimatePolicyID(4)"", ""ClimatePolicyID(5)"", ""ClimatePolicyID(6)""]","A common-sense plan for cheap power has three steps: remove the carbon tax from generation, end the Renewable Obligation and stop signing new subsidy contracts. Together these would slash electricity bills, restore competitiveness and break the grip of a Net Zero ideology that has made the country poorer.

We should be drilling for the oil and gas under the North Sea, securing the jobs that come with it, slashing import bills and unleashing real economic growth. A licence ban achieves none of these goals and weakens the country in every measurable way.

The 2030 ban is a destructive policy that damages British industry, pushes ordinary drivers off the road and delivers no clear climate benefit. It must be totally scrapped, and a sensible, market-led approach to lower-emission vehicles must take its place.

Scrap the green housing mandates, simplify building regulations and let builders use proven, affordable heating and insulation. That is how we end the housing crisis, protect ordinary homeowners and stop nanny-state rules from making everything more expensive.

Scrap the carbon tax on generation, slash electricity bills by around twenty percent and let industry compete again. That is a common-sense plan for cheap British energy and the working families and businesses who rely on it.

Quit expensive UN climate bodies, cut the foreign aid budget in half and use the savings to fix the country's own broken services. That is what an honest, patriotic climate and aid policy looks like.",B_PKG_18
2,P-B,political_broadcast,political_agent,agent_b,anti_climate,1723.0,broadcast,,climate_policy_package,"[""ClimatePolicyID(1)"", ""ClimatePolicyID(2)"", ""ClimatePolicyID(3)"", ""ClimatePolicyID(4)"", ""ClimatePolicyID(5)"", ""ClimatePolicyID(6)""]","A common-sense plan for cheap power has three steps: remove the carbon tax from generation, end the Renewable Obligation and stop signing new subsidy contracts. Together these would slash electricity bills, restore competitiveness and break the grip of a Net Zero ideology that has made the country poorer.

We should be drilling for the oil and gas under the North Sea, securing the jobs that come with it, slashing import bills and unleashing real economic growth. A licence ban achieves none of these goals and weakens the country in every measurable way.

The 2030 ban is a destructive policy that damages British industry, pushes ordinary drivers off the road and delivers no clear climate benefit. It must be totally scrapped, and a sensible, market-led approach to lower-emission vehicles must take its place.

Scrap the green housing mandates, simplify building regulations and let builders use proven, affordable heating and insulation. That is how we end the housing crisis, protect ordinary homeowners and stop nanny-state rules from making everything more expensive.

Scrap the carbon tax on generation, slash electricity bills by around twenty percent and let industry compete again. That is a common-sense plan for cheap British energy and the working families and businesses who rely on it.

Quit expensive UN climate bodies, cut the foreign aid budget in half and use the savings to fix the country's own broken services. That is what an honest, patriotic climate and aid policy looks like.",B_PKG_18
2,P-B,political_broadcast,political_agent,agent_b,anti_climate,381.0,broadcast,,climate_policy_package,"[""ClimatePolicyID(1)"", ""ClimatePolicyID(2)"", ""ClimatePolicyID(3)"", ""ClimatePolicyID(4)"", ""ClimatePolicyID(5)"", ""ClimatePolicyID(6)""]","A common-sense plan for cheap power has three steps: remove the carbon tax from generation, end the Renewable Obligation and stop signing new subsidy contracts. Together these would slash electricity bills, restore competitiveness and break the grip of a Net Zero ideology that has made the country poorer.

We should be drilling for the oil and gas under the North Sea, securing the jobs that come with it, slashing import bills and unleashing real economic growth. A licence ban achieves none of these goals and weakens the country in every measurable way.

The 2030 ban is a destructive policy that damages British industry, pushes ordinary drivers off the road and delivers no clear climate benefit. It must be totally scrapped, and a sensible, market-led approach to lower-emission vehicles must take its place.

Scrap the green housing mandates, simplify building regulations and let builders use proven, affordable heating and insulation. That is how we end the housing crisis, protect ordinary homeowners and stop nanny-state rules from making everything more expensive.

Scrap the carbon tax on generation, slash electricity bills by around twenty percent and let industry compete again. That is a common-sense plan for cheap British energy and the working families and businesses who rely on it.

Quit expensive UN climate bodies, cut the foreign aid budget in half and use the savings to fix the country's own broken services. That is what an honest, patriotic climate and aid policy looks like.",B_PKG_18
2,P-B,political_broadcast,political_agent,agent_b,anti_climate,252.0,broadcast,,climate_policy_package,"[""ClimatePolicyID(1)"", ""ClimatePolicyID(2)"", ""ClimatePolicyID(3)"", ""ClimatePolicyID(4)"", ""ClimatePolicyID(5)"", ""ClimatePolicyID(6)""]","A common-sense plan for cheap power has three steps: remove the carbon tax from generation, end the Renewable Obligation and stop signing new subsidy contracts. Together these would slash electricity bills, restore competitiveness and break the grip of a Net Zero ideology that has made the country poorer.

We should be drilling for the oil and gas under the North Sea, securing the jobs that come with it, slashing import bills and unleashing real economic growth. A licence ban achieves none of these goals and weakens the country in every measurable way.

The 2030 ban is a destructive policy that damages British industry, pushes ordinary drivers off the road and delivers no clear climate benefit. It must be totally scrapped, and a sensible, market-led approach to lower-emission vehicles must take its place.

Scrap the green housing mandates, simplify building regulations and let builders use proven, affordable heating and insulation. That is how we end the housing crisis, protect ordinary homeowners and stop nanny-state rules from making everything more expensive.

Scrap the carbon tax on generation, slash electricity bills by around twenty percent and let industry compete again. That is a common-sense plan for cheap British energy and the working families and businesses who rely on it.

Quit expensive UN climate bodies, cut the foreign aid budget in half and use the savings to fix the country's own broken services. That is what an honest, patriotic climate and aid policy looks like.",B_PKG_18
2,P-B,political_broadcast,political_agent,agent_b,anti_climate,1065.0,broadcast,,climate_policy_package,"[""ClimatePolicyID(1)"", ""ClimatePolicyID(2)"", ""ClimatePolicyID(3)"", ""ClimatePolicyID(4)"", ""ClimatePolicyID(5)"", ""ClimatePolicyID(6)""]","A common-sense plan for cheap power has three steps: remove the carbon tax from generation, end the Renewable Obligation and stop signing new subsidy contracts. Together these would slash electricity bills, restore competitiveness and break the grip of a Net Zero ideology that has made the country poorer.

We should be drilling for the oil and gas under the North Sea, securing the jobs that come with it, slashing import bills and unleashing real economic growth. A licence ban achieves none of these goals and weakens the country in every measurable way.

The 2030 ban is a destructive policy that damages British industry, pushes ordinary drivers off the road and delivers no clear climate benefit. It must be totally scrapped, and a sensible, market-led approach to lower-emission vehicles must take its place.

Scrap the green housing mandates, simplify building regulations and let builders use proven, affordable heating and insulation. That is how we end the housing crisis, protect ordinary homeowners and stop nanny-state rules from making everything more expensive.

Scrap the carbon tax on generation, slash electricity bills by around twenty percent and let industry compete again. That is a common-sense plan for cheap British energy and the working families and businesses who rely on it.

Quit expensive UN climate bodies, cut the foreign aid budget in half and use the savings to fix the country's own broken services. That is what an honest, patriotic climate and aid policy looks like.",B_PKG_18
2,P-B,political_broadcast,political_agent,agent_b,anti_climate,1833.0,broadcast,,climate_policy_package,"[""ClimatePolicyID(1)"", ""ClimatePolicyID(2)"", ""ClimatePolicyID(3)"", ""ClimatePolicyID(4)"", ""ClimatePolicyID(5)"", ""ClimatePolicyID(6)""]","A common-sense plan for cheap power has three steps: remove the carbon tax from generation, end the Renewable Obligation and stop signing new subsidy contracts. Together these would slash electricity bills, restore competitiveness and break the grip of a Net Zero ideology that has made the country poorer.

We should be drilling for the oil and gas under the North Sea, securing the jobs that come with it, slashing import bills and unleashing real economic growth. A licence ban achieves none of these goals and weakens the country in every measurable way.

The 2030 ban is a destructive policy that damages British industry, pushes ordinary drivers off the road and delivers no clear climate benefit. It must be totally scrapped, and a sensible, market-led approach to lower-emission vehicles must take its place.

Scrap the green housing mandates, simplify building regulations and let builders use proven, affordable heating and insulation. That is how we end the housing crisis, protect ordinary homeowners and stop nanny-state rules from making everything more expensive.

Scrap the carbon tax on generation, slash electricity bills by around twenty percent and let industry compete again. That is a common-sense plan for cheap British energy and the working families and businesses who rely on it.

Quit expensive UN climate bodies, cut the foreign aid budget in half and use the savings to fix the country's own broken services. That is what an honest, patriotic climate and aid policy looks like.",B_PKG_18
2,P-B,political_broadcast,political_agent,agent_b,anti_climate,238.0,broadcast,,climate_policy_package,"[""ClimatePolicyID(1)"", ""ClimatePolicyID(2)"", ""ClimatePolicyID(3)"", ""ClimatePolicyID(4)"", ""ClimatePolicyID(5)"", ""ClimatePolicyID(6)""]","A common-sense plan for cheap power has three steps: remove the carbon tax from generation, end the Renewable Obligation and stop signing new subsidy contracts. Together these would slash electricity bills, restore competitiveness and break the grip of a Net Zero ideology that has made the country poorer.

We should be drilling for the oil and gas under the North Sea, securing the jobs that come with it, slashing import bills and unleashing real economic growth. A licence ban achieves none of these goals and weakens the country in every measurable way.

The 2030 ban is a destructive policy that damages British industry, pushes ordinary drivers off the road and delivers no clear climate benefit. It must be totally scrapped, and a sensible, market-led approach to lower-emission vehicles must take its place.

Scrap the green housing mandates, simplify building regulations and let builders use proven, affordable heating and insulation. That is how we end the housing crisis, protect ordinary homeowners and stop nanny-state rules from making everything more expensive.

Scrap the carbon tax on generation, slash electricity bills by around twenty percent and let industry compete again. That is a common-sense plan for cheap British energy and the working families and businesses who rely on it.

Quit expensive UN climate bodies, cut the foreign aid budget in half and use the savings to fix the country's own broken services. That is what an honest, patriotic climate and aid policy looks like.",B_PKG_18
2,P-B,political_broadcast,political_agent,agent_b,anti_climate,1343.0,broadcast,,climate_policy_package,"[""ClimatePolicyID(1)"", ""ClimatePolicyID(2)"", ""ClimatePolicyID(3)"", ""ClimatePolicyID(4)"", ""ClimatePolicyID(5)"", ""ClimatePolicyID(6)""]","A common-sense plan for cheap power has three steps: remove the carbon tax from generation, end the Renewable Obligation and stop signing new subsidy contracts. Together these would slash electricity bills, restore competitiveness and break the grip of a Net Zero ideology that has made the country poorer.

We should be drilling for the oil and gas under the North Sea, securing the jobs that come with it, slashing import bills and unleashing real economic growth. A licence ban achieves none of these goals and weakens the country in every measurable way.

The 2030 ban is a destructive policy that damages British industry, pushes ordinary drivers off the road and delivers no clear climate benefit. It must be totally scrapped, and a sensible, market-led approach to lower-emission vehicles must take its place.

Scrap the green housing mandates, simplify building regulations and let builders use proven, affordable heating and insulation. That is how we end the housing crisis, protect ordinary homeowners and stop nanny-state rules from making everything more expensive.

Scrap the carbon tax on generation, slash electricity bills by around twenty percent and let industry compete again. That is a common-sense plan for cheap British energy and the working families and businesses who rely on it.

Quit expensive UN climate bodies, cut the foreign aid budget in half and use the savings to fix the country's own broken services. That is what an honest, patriotic climate and aid policy looks like.",B_PKG_18
2,P-B,political_broadcast,political_agent,agent_b,anti_climate,155.0,broadcast,,climate_policy_package,"[""ClimatePolicyID(1)"", ""ClimatePolicyID(2)"", ""ClimatePolicyID(3)"", ""ClimatePolicyID(4)"", ""ClimatePolicyID(5)"", ""ClimatePolicyID(6)""]","A common-sense plan for cheap power has three steps: remove the carbon tax from generation, end the Renewable Obligation and stop signing new subsidy contracts. Together these would slash electricity bills, restore competitiveness and break the grip of a Net Zero ideology that has made the country poorer.

We should be drilling for the oil and gas under the North Sea, securing the jobs that come with it, slashing import bills and unleashing real economic growth. A licence ban achieves none of these goals and weakens the country in every measurable way.

The 2030 ban is a destructive policy that damages British industry, pushes ordinary drivers off the road and delivers no clear climate benefit. It must be totally scrapped, and a sensible, market-led approach to lower-emission vehicles must take its place.

Scrap the green housing mandates, simplify building regulations and let builders use proven, affordable heating and insulation. That is how we end the housing crisis, protect ordinary homeowners and stop nanny-state rules from making everything more expensive.

Scrap the carbon tax on generation, slash electricity bills by around twenty percent and let industry compete again. That is a common-sense plan for cheap British energy and the working families and businesses who rely on it.

Quit expensive UN climate bodies, cut the foreign aid budget in half and use the savings to fix the country's own broken services. That is what an honest, patriotic climate and aid policy looks like.",B_PKG_18
2,P-B,political_broadcast,political_agent,agent_b,anti_climate,1635.0,broadcast,,climate_policy_package,"[""ClimatePolicyID(1)"", ""ClimatePolicyID(2)"", ""ClimatePolicyID(3)"", ""ClimatePolicyID(4)"", ""ClimatePolicyID(5)"", ""ClimatePolicyID(6)""]","A common-sense plan for cheap power has three steps: remove the carbon tax from generation, end the Renewable Obligation and stop signing new subsidy contracts. Together these would slash electricity bills, restore competitiveness and break the grip of a Net Zero ideology that has made the country poorer.

We should be drilling for the oil and gas under the North Sea, securing the jobs that come with it, slashing import bills and unleashing real economic growth. A licence ban achieves none of these goals and weakens the country in every measurable way.

The 2030 ban is a destructive policy that damages British industry, pushes ordinary drivers off the road and delivers no clear climate benefit. It must be totally scrapped, and a sensible, market-led approach to lower-emission vehicles must take its place.

Scrap the green housing mandates, simplify building regulations and let builders use proven, affordable heating and insulation. That is how we end the housing crisis, protect ordinary homeowners and stop nanny-state rules from making everything more expensive.

Scrap the carbon tax on generation, slash electricity bills by around twenty percent and let industry compete again. That is a common-sense plan for cheap British energy and the working families and businesses who rely on it.

Quit expensive UN climate bodies, cut the foreign aid budget in half and use the savings to fix the country's own broken services. That is what an honest, patriotic climate and aid policy looks like.",B_PKG_18
2,P-B,political_broadcast,political_agent,agent_b,anti_climate,759.0,broadcast,,climate_policy_package,"[""ClimatePolicyID(1)"", ""ClimatePolicyID(2)"", ""ClimatePolicyID(3)"", ""ClimatePolicyID(4)"", ""ClimatePolicyID(5)"", ""ClimatePolicyID(6)""]","A common-sense plan for cheap power has three steps: remove the carbon tax from generation, end the Renewable Obligation and stop signing new subsidy contracts. Together these would slash electricity bills, restore competitiveness and break the grip of a Net Zero ideology that has made the country poorer.

We should be drilling for the oil and gas under the North Sea, securing the jobs that come with it, slashing import bills and unleashing real economic growth. A licence ban achieves none of these goals and weakens the country in every measurable way.

The 2030 ban is a destructive policy that damages British industry, pushes ordinary drivers off the road and delivers no clear climate benefit. It must be totally scrapped, and a sensible, market-led approach to lower-emission vehicles must take its place.

Scrap the green housing mandates, simplify building regulations and let builders use proven, affordable heating and insulation. That is how we end the housing crisis, protect ordinary homeowners and stop nanny-state rules from making everything more expensive.

Scrap the carbon tax on generation, slash electricity bills by around twenty percent and let industry compete again. That is a common-sense plan for cheap British energy and the working families and businesses who rely on it.

Quit expensive UN climate bodies, cut the foreign aid budget in half and use the savings to fix the country's own broken services. That is what an honest, patriotic climate and aid policy looks like.",B_PKG_18
2,P-B,political_broadcast,political_agent,agent_b,anti_climate,71.0,broadcast,,climate_policy_package,"[""ClimatePolicyID(1)"", ""ClimatePolicyID(2)"", ""ClimatePolicyID(3)"", ""ClimatePolicyID(4)"", ""ClimatePolicyID(5)"", ""ClimatePolicyID(6)""]","A common-sense plan for cheap power has three steps: remove the carbon tax from generation, end the Renewable Obligation and stop signing new subsidy contracts. Together these would slash electricity bills, restore competitiveness and break the grip of a Net Zero ideology that has made the country poorer.

We should be drilling for the oil and gas under the North Sea, securing the jobs that come with it, slashing import bills and unleashing real economic growth. A licence ban achieves none of these goals and weakens the country in every measurable way.

The 2030 ban is a destructive policy that damages British industry, pushes ordinary drivers off the road and delivers no clear climate benefit. It must be totally scrapped, and a sensible, market-led approach to lower-emission vehicles must take its place.

Scrap the green housing mandates, simplify building regulations and let builders use proven, affordable heating and insulation. That is how we end the housing crisis, protect ordinary homeowners and stop nanny-state rules from making everything more expensive.

Scrap the carbon tax on generation, slash electricity bills by around twenty percent and let industry compete again. That is a common-sense plan for cheap British energy and the working families and businesses who rely on it.

Quit expensive UN climate bodies, cut the foreign aid budget in half and use the savings to fix the country's own broken services. That is what an honest, patriotic climate and aid policy looks like.",B_PKG_18
2,P-B,political_broadcast,political_agent,agent_b,anti_climate,1496.0,broadcast,,climate_policy_package,"[""ClimatePolicyID(1)"", ""ClimatePolicyID(2)"", ""ClimatePolicyID(3)"", ""ClimatePolicyID(4)"", ""ClimatePolicyID(5)"", ""ClimatePolicyID(6)""]","A common-sense plan for cheap power has three steps: remove the carbon tax from generation, end the Renewable Obligation and stop signing new subsidy contracts. Together these would slash electricity bills, restore competitiveness and break the grip of a Net Zero ideology that has made the country poorer.

We should be drilling for the oil and gas under the North Sea, securing the jobs that come with it, slashing import bills and unleashing real economic growth. A licence ban achieves none of these goals and weakens the country in every measurable way.

The 2030 ban is a destructive policy that damages British industry, pushes ordinary drivers off the road and delivers no clear climate benefit. It must be totally scrapped, and a sensible, market-led approach to lower-emission vehicles must take its place.

Scrap the green housing mandates, simplify building regulations and let builders use proven, affordable heating and insulation. That is how we end the housing crisis, protect ordinary homeowners and stop nanny-state rules from making everything more expensive.

Scrap the carbon tax on generation, slash electricity bills by around twenty percent and let industry compete again. That is a common-sense plan for cheap British energy and the working families and businesses who rely on it.

Quit expensive UN climate bodies, cut the foreign aid budget in half and use the savings to fix the country's own broken services. That is what an honest, patriotic climate and aid policy looks like.",B_PKG_18
2,P-A,political_broadcast,political_agent,agent_a,pro_climate,1878.0,broadcast,,climate_policy_package,"[""ClimatePolicyID(1)"", ""ClimatePolicyID(2)"", ""ClimatePolicyID(3)"", ""ClimatePolicyID(4)"", ""ClimatePolicyID(5)"", ""ClimatePolicyID(6)""]","Communities should share directly in the benefits of nearby renewable projects through lower bills, community ownership and local investment. That is what makes the transition fair as well as fast, and it is the only way to ensure broad public support over the long haul.

Continued exploration locks in infrastructure, jobs and political pressure for decades of future production. Once built, these projects are hard to retire. The only way out of that trap is to refuse new licences in the first place.

Removing all petrol and diesel vehicles from the road by 2035 would deliver enormous gains in air quality and noise reduction in every community. The 2035 horizon gives time to plan, with the 2027 sales cut-off ensuring fleet turnover accelerates.

Modern heat pumps work reliably in cold climates and have been deployed at scale across northern Europe. The objections raised here are increasingly out of date. Standardising them in new builds and supporting retrofit is straightforward, proven policy.

Putting a serious price on carbon, alongside ending new oil and gas licences, would finally align market signals with the climate emergency. The two policies reinforce each other and should be introduced together.

Honest accounting of historical emissions makes clear who owes what. The UK ranks high on that ledger. Meeting that obligation generously and transparently is part of being a responsible global citizen.",A_PKG_14
2,P-A,political_broadcast,political_agent,agent_a,pro_climate,844.0,broadcast,,climate_policy_package,"[""ClimatePolicyID(1)"", ""ClimatePolicyID(2)"", ""ClimatePolicyID(3)"", ""ClimatePolicyID(4)"", ""ClimatePolicyID(5)"", ""ClimatePolicyID(6)""]","Communities should share directly in the benefits of nearby renewable projects through lower bills, community ownership and local investment. That is what makes the transition fair as well as fast, and it is the only way to ensure broad public support over the long haul.

Continued exploration locks in infrastructure, jobs and political pressure for decades of future production. Once built, these projects are hard to retire. The only way out of that trap is to refuse new licences in the first place.

Removing all petrol and diesel vehicles from the road by 2035 would deliver enormous gains in air quality and noise reduction in every community. The 2035 horizon gives time to plan, with the 2027 sales cut-off ensuring fleet turnover accelerates.

Modern heat pumps work reliably in cold climates and have been deployed at scale across northern Europe. The objections raised here are increasingly out of date. Standardising them in new builds and supporting retrofit is straightforward, proven policy.

Putting a serious price on carbon, alongside ending new oil and gas licences, would finally align market signals with the climate emergency. The two policies reinforce each other and should be introduced together.

Honest accounting of historical emissions makes clear who owes what. The UK ranks high on that ledger. Meeting that obligation generously and transparently is part of being a responsible global citizen.",A_PKG_14
2,P-A,political_broadcast,political_agent,agent_a,pro_climate,409.0,broadcast,,climate_policy_package,"[""ClimatePolicyID(1)"", ""ClimatePolicyID(2)"", ""ClimatePolicyID(3)"", ""ClimatePolicyID(4)"", ""ClimatePolicyID(5)"", ""ClimatePolicyID(6)""]","Communities should share directly in the benefits of nearby renewable projects through lower bills, community ownership and local investment. That is what makes the transition fair as well as fast, and it is the only way to ensure broad public support over the long haul.

Continued exploration locks in infrastructure, jobs and political pressure for decades of future production. Once built, these projects are hard to retire. The only way out of that trap is to refuse new licences in the first place.

Removing all petrol and diesel vehicles from the road by 2035 would deliver enormous gains in air quality and noise reduction in every community. The 2035 horizon gives time to plan, with the 2027 sales cut-off ensuring fleet turnover accelerates.

Modern heat pumps work reliably in cold climates and have been deployed at scale across northern Europe. The objections raised here are increasingly out of date. Standardising them in new builds and supporting retrofit is straightforward, proven policy.

Putting a serious price on carbon, alongside ending new oil and gas licences, would finally align market signals with the climate emergency. The two policies reinforce each other and should be introduced together.

Honest accounting of historical emissions makes clear who owes what. The UK ranks high on that ledger. Meeting that obligation generously and transparently is part of being a responsible global citizen.",A_PKG_14
2,P-A,political_broadcast,political_agent,agent_a,pro_climate,1957.0,broadcast,,climate_policy_package,"[""ClimatePolicyID(1)"", ""ClimatePolicyID(2)"", ""ClimatePolicyID(3)"", ""ClimatePolicyID(4)"", ""ClimatePolicyID(5)"", ""ClimatePolicyID(6)""]","Communities should share directly in the benefits of nearby renewable projects through lower bills, community ownership and local investment. That is what makes the transition fair as well as fast, and it is the only way to ensure broad public support over the long haul.

Continued exploration locks in infrastructure, jobs and political pressure for decades of future production. Once built, these projects are hard to retire. The only way out of that trap is to refuse new licences in the first place.

Removing all petrol and diesel vehicles from the road by 2035 would deliver enormous gains in air quality and noise reduction in every community. The 2035 horizon gives time to plan, with the 2027 sales cut-off ensuring fleet turnover accelerates.

Modern heat pumps work reliably in cold climates and have been deployed at scale across northern Europe. The objections raised here are increasingly out of date. Standardising them in new builds and supporting retrofit is straightforward, proven policy.

Putting a serious price on carbon, alongside ending new oil and gas licences, would finally align market signals with the climate emergency. The two policies reinforce each other and should be introduced together.

Honest accounting of historical emissions makes clear who owes what. The UK ranks high on that ledger. Meeting that obligation generously and transparently is part of being a responsible global citizen.",A_PKG_14
2,P-A,political_broadcast,political_agent,agent_a,pro_climate,91.0,broadcast,,climate_policy_package,"[""ClimatePolicyID(1)"", ""ClimatePolicyID(2)"", ""ClimatePolicyID(3)"", ""ClimatePolicyID(4)"", ""ClimatePolicyID(5)"", ""ClimatePolicyID(6)""]","Communities should share directly in the benefits of nearby renewable projects through lower bills, community ownership and local investment. That is what makes the transition fair as well as fast, and it is the only way to ensure broad public support over the long haul.

Continued exploration locks in infrastructure, jobs and political pressure for decades of future production. Once built, these projects are hard to retire. The only way out of that trap is to refuse new licences in the first place.

Removing all petrol and diesel vehicles from the road by 2035 would deliver enormous gains in air quality and noise reduction in every community. The 2035 horizon gives time to plan, with the 2027 sales cut-off ensuring fleet turnover accelerates.

Modern heat pumps work reliably in cold climates and have been deployed at scale across northern Europe. The objections raised here are increasingly out of date. Standardising them in new builds and supporting retrofit is straightforward, proven policy.

Putting a serious price on carbon, alongside ending new oil and gas licences, would finally align market signals with the climate emergency. The two policies reinforce each other and should be introduced together.

Honest accounting of historical emissions makes clear who owes what. The UK ranks high on that ledger. Meeting that obligation generously and transparently is part of being a responsible global citizen.",A_PKG_14
2,P-A,political_broadcast,political_agent,agent_a,pro_climate,166.0,broadcast,,climate_policy_package,"[""ClimatePolicyID(1)"", ""ClimatePolicyID(2)"", ""ClimatePolicyID(3)"", ""ClimatePolicyID(4)"", ""ClimatePolicyID(5)"", ""ClimatePolicyID(6)""]","Communities should share directly in the benefits of nearby renewable projects through lower bills, community ownership and local investment. That is what makes the transition fair as well as fast, and it is the only way to ensure broad public support over the long haul.

Continued exploration locks in infrastructure, jobs and political pressure for decades of future production. Once built, these projects are hard to retire. The only way out of that trap is to refuse new licences in the first place.

Removing all petrol and diesel vehicles from the road by 2035 would deliver enormous gains in air quality and noise reduction in every community. The 2035 horizon gives time to plan, with the 2027 sales cut-off ensuring fleet turnover accelerates.

Modern heat pumps work reliably in cold climates and have been deployed at scale across northern Europe. The objections raised here are increasingly out of date. Standardising them in new builds and supporting retrofit is straightforward, proven policy.

Putting a serious price on carbon, alongside ending new oil and gas licences, would finally align market signals with the climate emergency. The two policies reinforce each other and should be introduced together.

Honest accounting of historical emissions makes clear who owes what. The UK ranks high on that ledger. Meeting that obligation generously and transparently is part of being a responsible global citizen.",A_PKG_14
2,P-A,political_broadcast,political_agent,agent_a,pro_climate,1262.0,broadcast,,climate_policy_package,"[""ClimatePolicyID(1)"", ""ClimatePolicyID(2)"", ""ClimatePolicyID(3)"", ""ClimatePolicyID(4)"", ""ClimatePolicyID(5)"", ""ClimatePolicyID(6)""]","Communities should share directly in the benefits of nearby renewable projects through lower bills, community ownership and local investment. That is what makes the transition fair as well as fast, and it is the only way to ensure broad public support over the long haul.

Continued exploration locks in infrastructure, jobs and political pressure for decades of future production. Once built, these projects are hard to retire. The only way out of that trap is to refuse new licences in the first place.

Removing all petrol and diesel vehicles from the road by 2035 would deliver enormous gains in air quality and noise reduction in every community. The 2035 horizon gives time to plan, with the 2027 sales cut-off ensuring fleet turnover accelerates.

Modern heat pumps work reliably in cold climates and have been deployed at scale across northern Europe. The objections raised here are increasingly out of date. Standardising them in new builds and supporting retrofit is straightforward, proven policy.

Putting a serious price on carbon, alongside ending new oil and gas licences, would finally align market signals with the climate emergency. The two policies reinforce each other and should be introduced together.

Honest accounting of historical emissions makes clear who owes what. The UK ranks high on that ledger. Meeting that obligation generously and transparently is part of being a responsible global citizen.",A_PKG_14
2,P-A,political_broadcast,political_agent,agent_a,pro_climate,377.0,broadcast,,climate_policy_package,"[""ClimatePolicyID(1)"", ""ClimatePolicyID(2)"", ""ClimatePolicyID(3)"", ""ClimatePolicyID(4)"", ""ClimatePolicyID(5)"", ""ClimatePolicyID(6)""]","Communities should share directly in the benefits of nearby renewable projects through lower bills, community ownership and local investment. That is what makes the transition fair as well as fast, and it is the only way to ensure broad public support over the long haul.

Continued exploration locks in infrastructure, jobs and political pressure for decades of future production. Once built, these projects are hard to retire. The only way out of that trap is to refuse new licences in the first place.

Removing all petrol and diesel vehicles from the road by 2035 would deliver enormous gains in air quality and noise reduction in every community. The 2035 horizon gives time to plan, with the 2027 sales cut-off ensuring fleet turnover accelerates.

Modern heat pumps work reliably in cold climates and have been deployed at scale across northern Europe. The objections raised here are increasingly out of date. Standardising them in new builds and supporting retrofit is straightforward, proven policy.

Putting a serious price on carbon, alongside ending new oil and gas licences, would finally align market signals with the climate emergency. The two policies reinforce each other and should be introduced together.

Honest accounting of historical emissions makes clear who owes what. The UK ranks high on that ledger. Meeting that obligation generously and transparently is part of being a responsible global citizen.",A_PKG_14
2,P-A,political_broadcast,political_agent,agent_a,pro_climate,574.0,broadcast,,climate_policy_package,"[""ClimatePolicyID(1)"", ""ClimatePolicyID(2)"", ""ClimatePolicyID(3)"", ""ClimatePolicyID(4)"", ""ClimatePolicyID(5)"", ""ClimatePolicyID(6)""]","Communities should share directly in the benefits of nearby renewable projects through lower bills, community ownership and local investment. That is what makes the transition fair as well as fast, and it is the only way to ensure broad public support over the long haul.

Continued exploration locks in infrastructure, jobs and political pressure for decades of future production. Once built, these projects are hard to retire. The only way out of that trap is to refuse new licences in the first place.

Removing all petrol and diesel vehicles from the road by 2035 would deliver enormous gains in air quality and noise reduction in every community. The 2035 horizon gives time to plan, with the 2027 sales cut-off ensuring fleet turnover accelerates.

Modern heat pumps work reliably in cold climates and have been deployed at scale across northern Europe. The objections raised here are increasingly out of date. Standardising them in new builds and supporting retrofit is straightforward, proven policy.

Putting a serious price on carbon, alongside ending new oil and gas licences, would finally align market signals with the climate emergency. The two policies reinforce each other and should be introduced together.

Honest accounting of historical emissions makes clear who owes what. The UK ranks high on that ledger. Meeting that obligation generously and transparently is part of being a responsible global citizen.",A_PKG_14
2,P-A,political_broadcast,political_agent,agent_a,pro_climate,556.0,broadcast,,climate_policy_package,"[""ClimatePolicyID(1)"", ""ClimatePolicyID(2)"", ""ClimatePolicyID(3)"", ""ClimatePolicyID(4)"", ""ClimatePolicyID(5)"", ""ClimatePolicyID(6)""]","Communities should share directly in the benefits of nearby renewable projects through lower bills, community ownership and local investment. That is what makes the transition fair as well as fast, and it is the only way to ensure broad public support over the long haul.

Continued exploration locks in infrastructure, jobs and political pressure for decades of future production. Once built, these projects are hard to retire. The only way out of that trap is to refuse new licences in the first place.

Removing all petrol and diesel vehicles from the road by 2035 would deliver enormous gains in air quality and noise reduction in every community. The 2035 horizon gives time to plan, with the 2027 sales cut-off ensuring fleet turnover accelerates.

Modern heat pumps work reliably in cold climates and have been deployed at scale across northern Europe. The objections raised here are increasingly out of date. Standardising them in new builds and supporting retrofit is straightforward, proven policy.

Putting a serious price on carbon, alongside ending new oil and gas licences, would finally align market signals with the climate emergency. The two policies reinforce each other and should be introduced together.

Honest accounting of historical emissions makes clear who owes what. The UK ranks high on that ledger. Meeting that obligation generously and transparently is part of being a responsible global citizen.",A_PKG_14
2,P-A,political_broadcast,political_agent,agent_a,pro_climate,440.0,broadcast,,climate_policy_package,"[""ClimatePolicyID(1)"", ""ClimatePolicyID(2)"", ""ClimatePolicyID(3)"", ""ClimatePolicyID(4)"", ""ClimatePolicyID(5)"", ""ClimatePolicyID(6)""]","Communities should share directly in the benefits of nearby renewable projects through lower bills, community ownership and local investment. That is what makes the transition fair as well as fast, and it is the only way to ensure broad public support over the long haul.

Continued exploration locks in infrastructure, jobs and political pressure for decades of future production. Once built, these projects are hard to retire. The only way out of that trap is to refuse new licences in the first place.

Removing all petrol and diesel vehicles from the road by 2035 would deliver enormous gains in air quality and noise reduction in every community. The 2035 horizon gives time to plan, with the 2027 sales cut-off ensuring fleet turnover accelerates.

Modern heat pumps work reliably in cold climates and have been deployed at scale across northern Europe. The objections raised here are increasingly out of date. Standardising them in new builds and supporting retrofit is straightforward, proven policy.

Putting a serious price on carbon, alongside ending new oil and gas licences, would finally align market signals with the climate emergency. The two policies reinforce each other and should be introduced together.

Honest accounting of historical emissions makes clear who owes what. The UK ranks high on that ledger. Meeting that obligation generously and transparently is part of being a responsible global citizen.",A_PKG_14
2,P-A,political_broadcast,political_agent,agent_a,pro_climate,355.0,broadcast,,climate_policy_package,"[""ClimatePolicyID(1)"", ""ClimatePolicyID(2)"", ""ClimatePolicyID(3)"", ""ClimatePolicyID(4)"", ""ClimatePolicyID(5)"", ""ClimatePolicyID(6)""]","Communities should share directly in the benefits of nearby renewable projects through lower bills, community ownership and local investment. That is what makes the transition fair as well as fast, and it is the only way to ensure broad public support over the long haul.

Continued exploration locks in infrastructure, jobs and political pressure for decades of future production. Once built, these projects are hard to retire. The only way out of that trap is to refuse new licences in the first place.

Removing all petrol and diesel vehicles from the road by 2035 would deliver enormous gains in air quality and noise reduction in every community. The 2035 horizon gives time to plan, with the 2027 sales cut-off ensuring fleet turnover accelerates.

Modern heat pumps work reliably in cold climates and have been deployed at scale across northern Europe. The objections raised here are increasingly out of date. Standardising them in new builds and supporting retrofit is straightforward, proven policy.

Putting a serious price on carbon, alongside ending new oil and gas licences, would finally align market signals with the climate emergency. The two policies reinforce each other and should be introduced together.

Honest accounting of historical emissions makes clear who owes what. The UK ranks high on that ledger. Meeting that obligation generously and transparently is part of being a responsible global citizen.",A_PKG_14
2,P-A,political_broadcast,political_agent,agent_a,pro_climate,806.0,broadcast,,climate_policy_package,"[""ClimatePolicyID(1)"", ""ClimatePolicyID(2)"", ""ClimatePolicyID(3)"", ""ClimatePolicyID(4)"", ""ClimatePolicyID(5)"", ""ClimatePolicyID(6)""]","Communities should share directly in the benefits of nearby renewable projects through lower bills, community ownership and local investment. That is what makes the transition fair as well as fast, and it is the only way to ensure broad public support over the long haul.

Continued exploration locks in infrastructure, jobs and political pressure for decades of future production. Once built, these projects are hard to retire. The only way out of that trap is to refuse new licences in the first place.

Removing all petrol and diesel vehicles from the road by 2035 would deliver enormous gains in air quality and noise reduction in every community. The 2035 horizon gives time to plan, with the 2027 sales cut-off ensuring fleet turnover accelerates.

Modern heat pumps work reliably in cold climates and have been deployed at scale across northern Europe. The objections raised here are increasingly out of date. Standardising them in new builds and supporting retrofit is straightforward, proven policy.

Putting a serious price on carbon, alongside ending new oil and gas licences, would finally align market signals with the climate emergency. The two policies reinforce each other and should be introduced together.

Honest accounting of historical emissions makes clear who owes what. The UK ranks high on that ledger. Meeting that obligation generously and transparently is part of being a responsible global citizen.",A_PKG_14
2,P-A,political_broadcast,political_agent,agent_a,pro_climate,1269.0,broadcast,,climate_policy_package,"[""ClimatePolicyID(1)"", ""ClimatePolicyID(2)"", ""ClimatePolicyID(3)"", ""ClimatePolicyID(4)"", ""ClimatePolicyID(5)"", ""ClimatePolicyID(6)""]","Communities should share directly in the benefits of nearby renewable projects through lower bills, community ownership and local investment. That is what makes the transition fair as well as fast, and it is the only way to ensure broad public support over the long haul.

Continued exploration locks in infrastructure, jobs and political pressure for decades of future production. Once built, these projects are hard to retire. The only way out of that trap is to refuse new licences in the first place.

Removing all petrol and diesel vehicles from the road by 2035 would deliver enormous gains in air quality and noise reduction in every community. The 2035 horizon gives time to plan, with the 2027 sales cut-off ensuring fleet turnover accelerates.

Modern heat pumps work reliably in cold climates and have been deployed at scale across northern Europe. The objections raised here are increasingly out of date. Standardising them in new builds and supporting retrofit is straightforward, proven policy.

Putting a serious price on carbon, alongside ending new oil and gas licences, would finally align market signals with the climate emergency. The two policies reinforce each other and should be introduced together.

Honest accounting of historical emissions makes clear who owes what. The UK ranks high on that ledger. Meeting that obligation generously and transparently is part of being a responsible global citizen.",A_PKG_14
2,P-A,political_broadcast,political_agent,agent_a,pro_climate,1339.0,broadcast,,climate_policy_package,"[""ClimatePolicyID(1)"", ""ClimatePolicyID(2)"", ""ClimatePolicyID(3)"", ""ClimatePolicyID(4)"", ""ClimatePolicyID(5)"", ""ClimatePolicyID(6)""]","Communities should share directly in the benefits of nearby renewable projects through lower bills, community ownership and local investment. That is what makes the transition fair as well as fast, and it is the only way to ensure broad public support over the long haul.

Continued exploration locks in infrastructure, jobs and political pressure for decades of future production. Once built, these projects are hard to retire. The only way out of that trap is to refuse new licences in the first place.

Removing all petrol and diesel vehicles from the road by 2035 would deliver enormous gains in air quality and noise reduction in every community. The 2035 horizon gives time to plan, with the 2027 sales cut-off ensuring fleet turnover accelerates.

Modern heat pumps work reliably in cold climates and have been deployed at scale across northern Europe. The objections raised here are increasingly out of date. Standardising them in new builds and supporting retrofit is straightforward, proven policy.

Putting a serious price on carbon, alongside ending new oil and gas licences, would finally align market signals with the climate emergency. The two policies reinforce each other and should be introduced together.

Honest accounting of historical emissions makes clear who owes what. The UK ranks high on that ledger. Meeting that obligation generously and transparently is part of being a responsible global citizen.",A_PKG_14
2,P-A,political_broadcast,political_agent,agent_a,pro_climate,828.0,broadcast,,climate_policy_package,"[""ClimatePolicyID(1)"", ""ClimatePolicyID(2)"", ""ClimatePolicyID(3)"", ""ClimatePolicyID(4)"", ""ClimatePolicyID(5)"", ""ClimatePolicyID(6)""]","Communities should share directly in the benefits of nearby renewable projects through lower bills, community ownership and local investment. That is what makes the transition fair as well as fast, and it is the only way to ensure broad public support over the long haul.

Continued exploration locks in infrastructure, jobs and political pressure for decades of future production. Once built, these projects are hard to retire. The only way out of that trap is to refuse new licences in the first place.

Removing all petrol and diesel vehicles from the road by 2035 would deliver enormous gains in air quality and noise reduction in every community. The 2035 horizon gives time to plan, with the 2027 sales cut-off ensuring fleet turnover accelerates.

Modern heat pumps work reliably in cold climates and have been deployed at scale across northern Europe. The objections raised here are increasingly out of date. Standardising them in new builds and supporting retrofit is straightforward, proven policy.

Putting a serious price on carbon, alongside ending new oil and gas licences, would finally align market signals with the climate emergency. The two policies reinforce each other and should be introduced together.

Honest accounting of historical emissions makes clear who owes what. The UK ranks high on that ledger. Meeting that obligation generously and transparently is part of being a responsible global citizen.",A_PKG_14
2,P-A,political_broadcast,political_agent,agent_a,pro_climate,740.0,broadcast,,climate_policy_package,"[""ClimatePolicyID(1)"", ""ClimatePolicyID(2)"", ""ClimatePolicyID(3)"", ""ClimatePolicyID(4)"", ""ClimatePolicyID(5)"", ""ClimatePolicyID(6)""]","Communities should share directly in the benefits of nearby renewable projects through lower bills, community ownership and local investment. That is what makes the transition fair as well as fast, and it is the only way to ensure broad public support over the long haul.

Continued exploration locks in infrastructure, jobs and political pressure for decades of future production. Once built, these projects are hard to retire. The only way out of that trap is to refuse new licences in the first place.

Removing all petrol and diesel vehicles from the road by 2035 would deliver enormous gains in air quality and noise reduction in every community. The 2035 horizon gives time to plan, with the 2027 sales cut-off ensuring fleet turnover accelerates.

Modern heat pumps work reliably in cold climates and have been deployed at scale across northern Europe. The objections raised here are increasingly out of date. Standardising them in new builds and supporting retrofit is straightforward, proven policy.

Putting a serious price on carbon, alongside ending new oil and gas licences, would finally align market signals with the climate emergency. The two policies reinforce each other and should be introduced together.

Honest accounting of historical emissions makes clear who owes what. The UK ranks high on that ledger. Meeting that obligation generously and transparently is part of being a responsible global citizen.",A_PKG_14
2,P-A,political_broadcast,political_agent,agent_a,pro_climate,1373.0,broadcast,,climate_policy_package,"[""ClimatePolicyID(1)"", ""ClimatePolicyID(2)"", ""ClimatePolicyID(3)"", ""ClimatePolicyID(4)"", ""ClimatePolicyID(5)"", ""ClimatePolicyID(6)""]","Communities should share directly in the benefits of nearby renewable projects through lower bills, community ownership and local investment. That is what makes the transition fair as well as fast, and it is the only way to ensure broad public support over the long haul.

Continued exploration locks in infrastructure, jobs and political pressure for decades of future production. Once built, these projects are hard to retire. The only way out of that trap is to refuse new licences in the first place.

Removing all petrol and diesel vehicles from the road by 2035 would deliver enormous gains in air quality and noise reduction in every community. The 2035 horizon gives time to plan, with the 2027 sales cut-off ensuring fleet turnover accelerates.

Modern heat pumps work reliably in cold climates and have been deployed at scale across northern Europe. The objections raised here are increasingly out of date. Standardising them in new builds and supporting retrofit is straightforward, proven policy.

Putting a serious price on carbon, alongside ending new oil and gas licences, would finally align market signals with the climate emergency. The two policies reinforce each other and should be introduced together.

Honest accounting of historical emissions makes clear who owes what. The UK ranks high on that ledger. Meeting that obligation generously and transparently is part of being a responsible global citizen.",A_PKG_14
2,P-A,political_broadcast,political_agent,agent_a,pro_climate,416.0,broadcast,,climate_policy_package,"[""ClimatePolicyID(1)"", ""ClimatePolicyID(2)"", ""ClimatePolicyID(3)"", ""ClimatePolicyID(4)"", ""ClimatePolicyID(5)"", ""ClimatePolicyID(6)""]","Communities should share directly in the benefits of nearby renewable projects through lower bills, community ownership and local investment. That is what makes the transition fair as well as fast, and it is the only way to ensure broad public support over the long haul.

Continued exploration locks in infrastructure, jobs and political pressure for decades of future production. Once built, these projects are hard to retire. The only way out of that trap is to refuse new licences in the first place.

Removing all petrol and diesel vehicles from the road by 2035 would deliver enormous gains in air quality and noise reduction in every community. The 2035 horizon gives time to plan, with the 2027 sales cut-off ensuring fleet turnover accelerates.

Modern heat pumps work reliably in cold climates and have been deployed at scale across northern Europe. The objections raised here are increasingly out of date. Standardising them in new builds and supporting retrofit is straightforward, proven policy.

Putting a serious price on carbon, alongside ending new oil and gas licences, would finally align market signals with the climate emergency. The two policies reinforce each other and should be introduced together.

Honest accounting of historical emissions makes clear who owes what. The UK ranks high on that ledger. Meeting that obligation generously and transparently is part of being a responsible global citizen.",A_PKG_14
2,P-A,political_broadcast,political_agent,agent_a,pro_climate,1382.0,broadcast,,climate_policy_package,"[""ClimatePolicyID(1)"", ""ClimatePolicyID(2)"", ""ClimatePolicyID(3)"", ""ClimatePolicyID(4)"", ""ClimatePolicyID(5)"", ""ClimatePolicyID(6)""]","Communities should share directly in the benefits of nearby renewable projects through lower bills, community ownership and local investment. That is what makes the transition fair as well as fast, and it is the only way to ensure broad public support over the long haul.

Continued exploration locks in infrastructure, jobs and political pressure for decades of future production. Once built, these projects are hard to retire. The only way out of that trap is to refuse new licences in the first place.

Removing all petrol and diesel vehicles from the road by 2035 would deliver enormous gains in air quality and noise reduction in every community. The 2035 horizon gives time to plan, with the 2027 sales cut-off ensuring fleet turnover accelerates.

Modern heat pumps work reliably in cold climates and have been deployed at scale across northern Europe. The objections raised here are increasingly out of date. Standardising them in new builds and supporting retrofit is straightforward, proven policy.

Putting a serious price on carbon, alongside ending new oil and gas licences, would finally align market signals with the climate emergency. The two policies reinforce each other and should be introduced together.

Honest accounting of historical emissions makes clear who owes what. The UK ranks high on that ledger. Meeting that obligation generously and transparently is part of being a responsible global citizen.",A_PKG_14
2,P-A,political_broadcast,political_agent,agent_a,pro_climate,1535.0,broadcast,,climate_policy_package,"[""ClimatePolicyID(1)"", ""ClimatePolicyID(2)"", ""ClimatePolicyID(3)"", ""ClimatePolicyID(4)"", ""ClimatePolicyID(5)"", ""ClimatePolicyID(6)""]","Communities should share directly in the benefits of nearby renewable projects through lower bills, community ownership and local investment. That is what makes the transition fair as well as fast, and it is the only way to ensure broad public support over the long haul.

Continued exploration locks in infrastructure, jobs and political pressure for decades of future production. Once built, these projects are hard to retire. The only way out of that trap is to refuse new licences in the first place.

Removing all petrol and diesel vehicles from the road by 2035 would deliver enormous gains in air quality and noise reduction in every community. The 2035 horizon gives time to plan, with the 2027 sales cut-off ensuring fleet turnover accelerates.

Modern heat pumps work reliably in cold climates and have been deployed at scale across northern Europe. The objections raised here are increasingly out of date. Standardising them in new builds and supporting retrofit is straightforward, proven policy.

Putting a serious price on carbon, alongside ending new oil and gas licences, would finally align market signals with the climate emergency. The two policies reinforce each other and should be introduced together.

Honest accounting of historical emissions makes clear who owes what. The UK ranks high on that ledger. Meeting that obligation generously and transparently is part of being a responsible global citizen.",A_PKG_14
2,P-A,political_broadcast,political_agent,agent_a,pro_climate,1404.0,broadcast,,climate_policy_package,"[""ClimatePolicyID(1)"", ""ClimatePolicyID(2)"", ""ClimatePolicyID(3)"", ""ClimatePolicyID(4)"", ""ClimatePolicyID(5)"", ""ClimatePolicyID(6)""]","Communities should share directly in the benefits of nearby renewable projects through lower bills, community ownership and local investment. That is what makes the transition fair as well as fast, and it is the only way to ensure broad public support over the long haul.

Continued exploration locks in infrastructure, jobs and political pressure for decades of future production. Once built, these projects are hard to retire. The only way out of that trap is to refuse new licences in the first place.

Removing all petrol and diesel vehicles from the road by 2035 would deliver enormous gains in air quality and noise reduction in every community. The 2035 horizon gives time to plan, with the 2027 sales cut-off ensuring fleet turnover accelerates.

Modern heat pumps work reliably in cold climates and have been deployed at scale across northern Europe. The objections raised here are increasingly out of date. Standardising them in new builds and supporting retrofit is straightforward, proven policy.

Putting a serious price on carbon, alongside ending new oil and gas licences, would finally align market signals with the climate emergency. The two policies reinforce each other and should be introduced together.

Honest accounting of historical emissions makes clear who owes what. The UK ranks high on that ledger. Meeting that obligation generously and transparently is part of being a responsible global citizen.",A_PKG_14
2,P-A,political_broadcast,political_agent,agent_a,pro_climate,1045.0,broadcast,,climate_policy_package,"[""ClimatePolicyID(1)"", ""ClimatePolicyID(2)"", ""ClimatePolicyID(3)"", ""ClimatePolicyID(4)"", ""ClimatePolicyID(5)"", ""ClimatePolicyID(6)""]","Communities should share directly in the benefits of nearby renewable projects through lower bills, community ownership and local investment. That is what makes the transition fair as well as fast, and it is the only way to ensure broad public support over the long haul.

Continued exploration locks in infrastructure, jobs and political pressure for decades of future production. Once built, these projects are hard to retire. The only way out of that trap is to refuse new licences in the first place.

Removing all petrol and diesel vehicles from the road by 2035 would deliver enormous gains in air quality and noise reduction in every community. The 2035 horizon gives time to plan, with the 2027 sales cut-off ensuring fleet turnover accelerates.

Modern heat pumps work reliably in cold climates and have been deployed at scale across northern Europe. The objections raised here are increasingly out of date. Standardising them in new builds and supporting retrofit is straightforward, proven policy.

Putting a serious price on carbon, alongside ending new oil and gas licences, would finally align market signals with the climate emergency. The two policies reinforce each other and should be introduced together.

Honest accounting of historical emissions makes clear who owes what. The UK ranks high on that ledger. Meeting that obligation generously and transparently is part of being a responsible global citizen.",A_PKG_14
2,P-A,political_broadcast,political_agent,agent_a,pro_climate,424.0,broadcast,,climate_policy_package,"[""ClimatePolicyID(1)"", ""ClimatePolicyID(2)"", ""ClimatePolicyID(3)"", ""ClimatePolicyID(4)"", ""ClimatePolicyID(5)"", ""ClimatePolicyID(6)""]","Communities should share directly in the benefits of nearby renewable projects through lower bills, community ownership and local investment. That is what makes the transition fair as well as fast, and it is the only way to ensure broad public support over the long haul.

Continued exploration locks in infrastructure, jobs and political pressure for decades of future production. Once built, these projects are hard to retire. The only way out of that trap is to refuse new licences in the first place.

Removing all petrol and diesel vehicles from the road by 2035 would deliver enormous gains in air quality and noise reduction in every community. The 2035 horizon gives time to plan, with the 2027 sales cut-off ensuring fleet turnover accelerates.

Modern heat pumps work reliably in cold climates and have been deployed at scale across northern Europe. The objections raised here are increasingly out of date. Standardising them in new builds and supporting retrofit is straightforward, proven policy.

Putting a serious price on carbon, alongside ending new oil and gas licences, would finally align market signals with the climate emergency. The two policies reinforce each other and should be introduced together.

Honest accounting of historical emissions makes clear who owes what. The UK ranks high on that ledger. Meeting that obligation generously and transparently is part of being a responsible global citizen.",A_PKG_14
2,P-A,political_broadcast,political_agent,agent_a,pro_climate,1213.0,broadcast,,climate_policy_package,"[""ClimatePolicyID(1)"", ""ClimatePolicyID(2)"", ""ClimatePolicyID(3)"", ""ClimatePolicyID(4)"", ""ClimatePolicyID(5)"", ""ClimatePolicyID(6)""]","Communities should share directly in the benefits of nearby renewable projects through lower bills, community ownership and local investment. That is what makes the transition fair as well as fast, and it is the only way to ensure broad public support over the long haul.

Continued exploration locks in infrastructure, jobs and political pressure for decades of future production. Once built, these projects are hard to retire. The only way out of that trap is to refuse new licences in the first place.

Removing all petrol and diesel vehicles from the road by 2035 would deliver enormous gains in air quality and noise reduction in every community. The 2035 horizon gives time to plan, with the 2027 sales cut-off ensuring fleet turnover accelerates.

Modern heat pumps work reliably in cold climates and have been deployed at scale across northern Europe. The objections raised here are increasingly out of date. Standardising them in new builds and supporting retrofit is straightforward, proven policy.

Putting a serious price on carbon, alongside ending new oil and gas licences, would finally align market signals with the climate emergency. The two policies reinforce each other and should be introduced together.

Honest accounting of historical emissions makes clear who owes what. The UK ranks high on that ledger. Meeting that obligation generously and transparently is part of being a responsible global citizen.",A_PKG_14
3,P-A,political_broadcast,political_agent,agent_a,pro_climate,1878.0,broadcast,,climate_policy_package,"[""ClimatePolicyID(1)"", ""ClimatePolicyID(2)"", ""ClimatePolicyID(3)"", ""ClimatePolicyID(4)"", ""ClimatePolicyID(5)"", ""ClimatePolicyID(6)""]","Public investment in renewable generation and storage repays itself many times over in lower bills, cleaner air and a more stable economy. Continuing to depend on fossil fuels means continuing to gamble with household finances. The transition has to be funded boldly and built quickly.

Workers in the offshore sector deserve a real plan for transition, not endless extension of an industry with no future. Banning new licences and funding decent green jobs in the same coastal communities is how a just transition is actually delivered.

Investing in domestic battery and EV manufacturing alongside the ban turns the transition into an industrial opportunity rather than a threat. A serious plan funds the factories, training and grid links needed for the new sector to thrive.

Energy efficiency is the cheapest unit of energy. Every pound spent on insulation today is repaid many times over in bills, comfort and emissions reductions tomorrow. A national programme is overdue and should be funded with the urgency the situation requires.

Households need protection from rising energy costs during the transition. That protection is best delivered through investment in insulation, public transport and renewables, all funded from carbon tax revenue. That route reduces bills permanently rather than offsetting them temporarily.

Public health, women's rights, agriculture and education in vulnerable countries are all being undermined by climate impacts. Direct grant finance helps address those frontline impacts and supports the institutions that can build long-term resilience.",A_PKG_12
3,P-A,political_broadcast,political_agent,agent_a,pro_climate,844.0,broadcast,,climate_policy_package,"[""ClimatePolicyID(1)"", ""ClimatePolicyID(2)"", ""ClimatePolicyID(3)"", ""ClimatePolicyID(4)"", ""ClimatePolicyID(5)"", ""ClimatePolicyID(6)""]","Public investment in renewable generation and storage repays itself many times over in lower bills, cleaner air and a more stable economy. Continuing to depend on fossil fuels means continuing to gamble with household finances. The transition has to be funded boldly and built quickly.

Workers in the offshore sector deserve a real plan for transition, not endless extension of an industry with no future. Banning new licences and funding decent green jobs in the same coastal communities is how a just transition is actually delivered.

Investing in domestic battery and EV manufacturing alongside the ban turns the transition into an industrial opportunity rather than a threat. A serious plan funds the factories, training and grid links needed for the new sector to thrive.

Energy efficiency is the cheapest unit of energy. Every pound spent on insulation today is repaid many times over in bills, comfort and emissions reductions tomorrow. A national programme is overdue and should be funded with the urgency the situation requires.

Households need protection from rising energy costs during the transition. That protection is best delivered through investment in insulation, public transport and renewables, all funded from carbon tax revenue. That route reduces bills permanently rather than offsetting them temporarily.

Public health, women's rights, agriculture and education in vulnerable countries are all being undermined by climate impacts. Direct grant finance helps address those frontline impacts and supports the institutions that can build long-term resilience.",A_PKG_12
3,P-A,political_broadcast,political_agent,agent_a,pro_climate,409.0,broadcast,,climate_policy_package,"[""ClimatePolicyID(1)"", ""ClimatePolicyID(2)"", ""ClimatePolicyID(3)"", ""ClimatePolicyID(4)"", ""ClimatePolicyID(5)"", ""ClimatePolicyID(6)""]","Public investment in renewable generation and storage repays itself many times over in lower bills, cleaner air and a more stable economy. Continuing to depend on fossil fuels means continuing to gamble with household finances. The transition has to be funded boldly and built quickly.

Workers in the offshore sector deserve a real plan for transition, not endless extension of an industry with no future. Banning new licences and funding decent green jobs in the same coastal communities is how a just transition is actually delivered.

Investing in domestic battery and EV manufacturing alongside the ban turns the transition into an industrial opportunity rather than a threat. A serious plan funds the factories, training and grid links needed for the new sector to thrive.

Energy efficiency is the cheapest unit of energy. Every pound spent on insulation today is repaid many times over in bills, comfort and emissions reductions tomorrow. A national programme is overdue and should be funded with the urgency the situation requires.

Households need protection from rising energy costs during the transition. That protection is best delivered through investment in insulation, public transport and renewables, all funded from carbon tax revenue. That route reduces bills permanently rather than offsetting them temporarily.

Public health, women's rights, agriculture and education in vulnerable countries are all being undermined by climate impacts. Direct grant finance helps address those frontline impacts and supports the institutions that can build long-term resilience.",A_PKG_12
3,P-A,political_broadcast,political_agent,agent_a,pro_climate,1957.0,broadcast,,climate_policy_package,"[""ClimatePolicyID(1)"", ""ClimatePolicyID(2)"", ""ClimatePolicyID(3)"", ""ClimatePolicyID(4)"", ""ClimatePolicyID(5)"", ""ClimatePolicyID(6)""]","Public investment in renewable generation and storage repays itself many times over in lower bills, cleaner air and a more stable economy. Continuing to depend on fossil fuels means continuing to gamble with household finances. The transition has to be funded boldly and built quickly.

Workers in the offshore sector deserve a real plan for transition, not endless extension of an industry with no future. Banning new licences and funding decent green jobs in the same coastal communities is how a just transition is actually delivered.

Investing in domestic battery and EV manufacturing alongside the ban turns the transition into an industrial opportunity rather than a threat. A serious plan funds the factories, training and grid links needed for the new sector to thrive.

Energy efficiency is the cheapest unit of energy. Every pound spent on insulation today is repaid many times over in bills, comfort and emissions reductions tomorrow. A national programme is overdue and should be funded with the urgency the situation requires.

Households need protection from rising energy costs during the transition. That protection is best delivered through investment in insulation, public transport and renewables, all funded from carbon tax revenue. That route reduces bills permanently rather than offsetting them temporarily.

Public health, women's rights, agriculture and education in vulnerable countries are all being undermined by climate impacts. Direct grant finance helps address those frontline impacts and supports the institutions that can build long-term resilience.",A_PKG_12
3,P-A,political_broadcast,political_agent,agent_a,pro_climate,91.0,broadcast,,climate_policy_package,"[""ClimatePolicyID(1)"", ""ClimatePolicyID(2)"", ""ClimatePolicyID(3)"", ""ClimatePolicyID(4)"", ""ClimatePolicyID(5)"", ""ClimatePolicyID(6)""]","Public investment in renewable generation and storage repays itself many times over in lower bills, cleaner air and a more stable economy. Continuing to depend on fossil fuels means continuing to gamble with household finances. The transition has to be funded boldly and built quickly.

Workers in the offshore sector deserve a real plan for transition, not endless extension of an industry with no future. Banning new licences and funding decent green jobs in the same coastal communities is how a just transition is actually delivered.

Investing in domestic battery and EV manufacturing alongside the ban turns the transition into an industrial opportunity rather than a threat. A serious plan funds the factories, training and grid links needed for the new sector to thrive.

Energy efficiency is the cheapest unit of energy. Every pound spent on insulation today is repaid many times over in bills, comfort and emissions reductions tomorrow. A national programme is overdue and should be funded with the urgency the situation requires.

Households need protection from rising energy costs during the transition. That protection is best delivered through investment in insulation, public transport and renewables, all funded from carbon tax revenue. That route reduces bills permanently rather than offsetting them temporarily.

Public health, women's rights, agriculture and education in vulnerable countries are all being undermined by climate impacts. Direct grant finance helps address those frontline impacts and supports the institutions that can build long-term resilience.",A_PKG_12
3,P-A,political_broadcast,political_agent,agent_a,pro_climate,166.0,broadcast,,climate_policy_package,"[""ClimatePolicyID(1)"", ""ClimatePolicyID(2)"", ""ClimatePolicyID(3)"", ""ClimatePolicyID(4)"", ""ClimatePolicyID(5)"", ""ClimatePolicyID(6)""]","Public investment in renewable generation and storage repays itself many times over in lower bills, cleaner air and a more stable economy. Continuing to depend on fossil fuels means continuing to gamble with household finances. The transition has to be funded boldly and built quickly.

Workers in the offshore sector deserve a real plan for transition, not endless extension of an industry with no future. Banning new licences and funding decent green jobs in the same coastal communities is how a just transition is actually delivered.

Investing in domestic battery and EV manufacturing alongside the ban turns the transition into an industrial opportunity rather than a threat. A serious plan funds the factories, training and grid links needed for the new sector to thrive.

Energy efficiency is the cheapest unit of energy. Every pound spent on insulation today is repaid many times over in bills, comfort and emissions reductions tomorrow. A national programme is overdue and should be funded with the urgency the situation requires.

Households need protection from rising energy costs during the transition. That protection is best delivered through investment in insulation, public transport and renewables, all funded from carbon tax revenue. That route reduces bills permanently rather than offsetting them temporarily.

Public health, women's rights, agriculture and education in vulnerable countries are all being undermined by climate impacts. Direct grant finance helps address those frontline impacts and supports the institutions that can build long-term resilience.",A_PKG_12
3,P-A,political_broadcast,political_agent,agent_a,pro_climate,1262.0,broadcast,,climate_policy_package,"[""ClimatePolicyID(1)"", ""ClimatePolicyID(2)"", ""ClimatePolicyID(3)"", ""ClimatePolicyID(4)"", ""ClimatePolicyID(5)"", ""ClimatePolicyID(6)""]","Public investment in renewable generation and storage repays itself many times over in lower bills, cleaner air and a more stable economy. Continuing to depend on fossil fuels means continuing to gamble with household finances. The transition has to be funded boldly and built quickly.

Workers in the offshore sector deserve a real plan for transition, not endless extension of an industry with no future. Banning new licences and funding decent green jobs in the same coastal communities is how a just transition is actually delivered.

Investing in domestic battery and EV manufacturing alongside the ban turns the transition into an industrial opportunity rather than a threat. A serious plan funds the factories, training and grid links needed for the new sector to thrive.

Energy efficiency is the cheapest unit of energy. Every pound spent on insulation today is repaid many times over in bills, comfort and emissions reductions tomorrow. A national programme is overdue and should be funded with the urgency the situation requires.

Households need protection from rising energy costs during the transition. That protection is best delivered through investment in insulation, public transport and renewables, all funded from carbon tax revenue. That route reduces bills permanently rather than offsetting them temporarily.

Public health, women's rights, agriculture and education in vulnerable countries are all being undermined by climate impacts. Direct grant finance helps address those frontline impacts and supports the institutions that can build long-term resilience.",A_PKG_12
3,P-A,political_broadcast,political_agent,agent_a,pro_climate,377.0,broadcast,,climate_policy_package,"[""ClimatePolicyID(1)"", ""ClimatePolicyID(2)"", ""ClimatePolicyID(3)"", ""ClimatePolicyID(4)"", ""ClimatePolicyID(5)"", ""ClimatePolicyID(6)""]","Public investment in renewable generation and storage repays itself many times over in lower bills, cleaner air and a more stable economy. Continuing to depend on fossil fuels means continuing to gamble with household finances. The transition has to be funded boldly and built quickly.

Workers in the offshore sector deserve a real plan for transition, not endless extension of an industry with no future. Banning new licences and funding decent green jobs in the same coastal communities is how a just transition is actually delivered.

Investing in domestic battery and EV manufacturing alongside the ban turns the transition into an industrial opportunity rather than a threat. A serious plan funds the factories, training and grid links needed for the new sector to thrive.

Energy efficiency is the cheapest unit of energy. Every pound spent on insulation today is repaid many times over in bills, comfort and emissions reductions tomorrow. A national programme is overdue and should be funded with the urgency the situation requires.

Households need protection from rising energy costs during the transition. That protection is best delivered through investment in insulation, public transport and renewables, all funded from carbon tax revenue. That route reduces bills permanently rather than offsetting them temporarily.

Public health, women's rights, agriculture and education in vulnerable countries are all being undermined by climate impacts. Direct grant finance helps address those frontline impacts and supports the institutions that can build long-term resilience.",A_PKG_12
3,P-A,political_broadcast,political_agent,agent_a,pro_climate,574.0,broadcast,,climate_policy_package,"[""ClimatePolicyID(1)"", ""ClimatePolicyID(2)"", ""ClimatePolicyID(3)"", ""ClimatePolicyID(4)"", ""ClimatePolicyID(5)"", ""ClimatePolicyID(6)""]","Public investment in renewable generation and storage repays itself many times over in lower bills, cleaner air and a more stable economy. Continuing to depend on fossil fuels means continuing to gamble with household finances. The transition has to be funded boldly and built quickly.

Workers in the offshore sector deserve a real plan for transition, not endless extension of an industry with no future. Banning new licences and funding decent green jobs in the same coastal communities is how a just transition is actually delivered.

Investing in domestic battery and EV manufacturing alongside the ban turns the transition into an industrial opportunity rather than a threat. A serious plan funds the factories, training and grid links needed for the new sector to thrive.

Energy efficiency is the cheapest unit of energy. Every pound spent on insulation today is repaid many times over in bills, comfort and emissions reductions tomorrow. A national programme is overdue and should be funded with the urgency the situation requires.

Households need protection from rising energy costs during the transition. That protection is best delivered through investment in insulation, public transport and renewables, all funded from carbon tax revenue. That route reduces bills permanently rather than offsetting them temporarily.

Public health, women's rights, agriculture and education in vulnerable countries are all being undermined by climate impacts. Direct grant finance helps address those frontline impacts and supports the institutions that can build long-term resilience.",A_PKG_12
3,P-A,political_broadcast,political_agent,agent_a,pro_climate,556.0,broadcast,,climate_policy_package,"[""ClimatePolicyID(1)"", ""ClimatePolicyID(2)"", ""ClimatePolicyID(3)"", ""ClimatePolicyID(4)"", ""ClimatePolicyID(5)"", ""ClimatePolicyID(6)""]","Public investment in renewable generation and storage repays itself many times over in lower bills, cleaner air and a more stable economy. Continuing to depend on fossil fuels means continuing to gamble with household finances. The transition has to be funded boldly and built quickly.

Workers in the offshore sector deserve a real plan for transition, not endless extension of an industry with no future. Banning new licences and funding decent green jobs in the same coastal communities is how a just transition is actually delivered.

Investing in domestic battery and EV manufacturing alongside the ban turns the transition into an industrial opportunity rather than a threat. A serious plan funds the factories, training and grid links needed for the new sector to thrive.

Energy efficiency is the cheapest unit of energy. Every pound spent on insulation today is repaid many times over in bills, comfort and emissions reductions tomorrow. A national programme is overdue and should be funded with the urgency the situation requires.

Households need protection from rising energy costs during the transition. That protection is best delivered through investment in insulation, public transport and renewables, all funded from carbon tax revenue. That route reduces bills permanently rather than offsetting them temporarily.

Public health, women's rights, agriculture and education in vulnerable countries are all being undermined by climate impacts. Direct grant finance helps address those frontline impacts and supports the institutions that can build long-term resilience.",A_PKG_12
3,P-A,political_broadcast,political_agent,agent_a,pro_climate,440.0,broadcast,,climate_policy_package,"[""ClimatePolicyID(1)"", ""ClimatePolicyID(2)"", ""ClimatePolicyID(3)"", ""ClimatePolicyID(4)"", ""ClimatePolicyID(5)"", ""ClimatePolicyID(6)""]","Public investment in renewable generation and storage repays itself many times over in lower bills, cleaner air and a more stable economy. Continuing to depend on fossil fuels means continuing to gamble with household finances. The transition has to be funded boldly and built quickly.

Workers in the offshore sector deserve a real plan for transition, not endless extension of an industry with no future. Banning new licences and funding decent green jobs in the same coastal communities is how a just transition is actually delivered.

Investing in domestic battery and EV manufacturing alongside the ban turns the transition into an industrial opportunity rather than a threat. A serious plan funds the factories, training and grid links needed for the new sector to thrive.

Energy efficiency is the cheapest unit of energy. Every pound spent on insulation today is repaid many times over in bills, comfort and emissions reductions tomorrow. A national programme is overdue and should be funded with the urgency the situation requires.

Households need protection from rising energy costs during the transition. That protection is best delivered through investment in insulation, public transport and renewables, all funded from carbon tax revenue. That route reduces bills permanently rather than offsetting them temporarily.

Public health, women's rights, agriculture and education in vulnerable countries are all being undermined by climate impacts. Direct grant finance helps address those frontline impacts and supports the institutions that can build long-term resilience.",A_PKG_12
3,P-A,political_broadcast,political_agent,agent_a,pro_climate,355.0,broadcast,,climate_policy_package,"[""ClimatePolicyID(1)"", ""ClimatePolicyID(2)"", ""ClimatePolicyID(3)"", ""ClimatePolicyID(4)"", ""ClimatePolicyID(5)"", ""ClimatePolicyID(6)""]","Public investment in renewable generation and storage repays itself many times over in lower bills, cleaner air and a more stable economy. Continuing to depend on fossil fuels means continuing to gamble with household finances. The transition has to be funded boldly and built quickly.

Workers in the offshore sector deserve a real plan for transition, not endless extension of an industry with no future. Banning new licences and funding decent green jobs in the same coastal communities is how a just transition is actually delivered.

Investing in domestic battery and EV manufacturing alongside the ban turns the transition into an industrial opportunity rather than a threat. A serious plan funds the factories, training and grid links needed for the new sector to thrive.

Energy efficiency is the cheapest unit of energy. Every pound spent on insulation today is repaid many times over in bills, comfort and emissions reductions tomorrow. A national programme is overdue and should be funded with the urgency the situation requires.

Households need protection from rising energy costs during the transition. That protection is best delivered through investment in insulation, public transport and renewables, all funded from carbon tax revenue. That route reduces bills permanently rather than offsetting them temporarily.

Public health, women's rights, agriculture and education in vulnerable countries are all being undermined by climate impacts. Direct grant finance helps address those frontline impacts and supports the institutions that can build long-term resilience.",A_PKG_12
3,P-A,political_broadcast,political_agent,agent_a,pro_climate,806.0,broadcast,,climate_policy_package,"[""ClimatePolicyID(1)"", ""ClimatePolicyID(2)"", ""ClimatePolicyID(3)"", ""ClimatePolicyID(4)"", ""ClimatePolicyID(5)"", ""ClimatePolicyID(6)""]","Public investment in renewable generation and storage repays itself many times over in lower bills, cleaner air and a more stable economy. Continuing to depend on fossil fuels means continuing to gamble with household finances. The transition has to be funded boldly and built quickly.

Workers in the offshore sector deserve a real plan for transition, not endless extension of an industry with no future. Banning new licences and funding decent green jobs in the same coastal communities is how a just transition is actually delivered.

Investing in domestic battery and EV manufacturing alongside the ban turns the transition into an industrial opportunity rather than a threat. A serious plan funds the factories, training and grid links needed for the new sector to thrive.

Energy efficiency is the cheapest unit of energy. Every pound spent on insulation today is repaid many times over in bills, comfort and emissions reductions tomorrow. A national programme is overdue and should be funded with the urgency the situation requires.

Households need protection from rising energy costs during the transition. That protection is best delivered through investment in insulation, public transport and renewables, all funded from carbon tax revenue. That route reduces bills permanently rather than offsetting them temporarily.

Public health, women's rights, agriculture and education in vulnerable countries are all being undermined by climate impacts. Direct grant finance helps address those frontline impacts and supports the institutions that can build long-term resilience.",A_PKG_12
3,P-A,political_broadcast,political_agent,agent_a,pro_climate,1269.0,broadcast,,climate_policy_package,"[""ClimatePolicyID(1)"", ""ClimatePolicyID(2)"", ""ClimatePolicyID(3)"", ""ClimatePolicyID(4)"", ""ClimatePolicyID(5)"", ""ClimatePolicyID(6)""]","Public investment in renewable generation and storage repays itself many times over in lower bills, cleaner air and a more stable economy. Continuing to depend on fossil fuels means continuing to gamble with household finances. The transition has to be funded boldly and built quickly.

Workers in the offshore sector deserve a real plan for transition, not endless extension of an industry with no future. Banning new licences and funding decent green jobs in the same coastal communities is how a just transition is actually delivered.

Investing in domestic battery and EV manufacturing alongside the ban turns the transition into an industrial opportunity rather than a threat. A serious plan funds the factories, training and grid links needed for the new sector to thrive.

Energy efficiency is the cheapest unit of energy. Every pound spent on insulation today is repaid many times over in bills, comfort and emissions reductions tomorrow. A national programme is overdue and should be funded with the urgency the situation requires.

Households need protection from rising energy costs during the transition. That protection is best delivered through investment in insulation, public transport and renewables, all funded from carbon tax revenue. That route reduces bills permanently rather than offsetting them temporarily.

Public health, women's rights, agriculture and education in vulnerable countries are all being undermined by climate impacts. Direct grant finance helps address those frontline impacts and supports the institutions that can build long-term resilience.",A_PKG_12
3,P-A,political_broadcast,political_agent,agent_a,pro_climate,1339.0,broadcast,,climate_policy_package,"[""ClimatePolicyID(1)"", ""ClimatePolicyID(2)"", ""ClimatePolicyID(3)"", ""ClimatePolicyID(4)"", ""ClimatePolicyID(5)"", ""ClimatePolicyID(6)""]","Public investment in renewable generation and storage repays itself many times over in lower bills, cleaner air and a more stable economy. Continuing to depend on fossil fuels means continuing to gamble with household finances. The transition has to be funded boldly and built quickly.

Workers in the offshore sector deserve a real plan for transition, not endless extension of an industry with no future. Banning new licences and funding decent green jobs in the same coastal communities is how a just transition is actually delivered.

Investing in domestic battery and EV manufacturing alongside the ban turns the transition into an industrial opportunity rather than a threat. A serious plan funds the factories, training and grid links needed for the new sector to thrive.

Energy efficiency is the cheapest unit of energy. Every pound spent on insulation today is repaid many times over in bills, comfort and emissions reductions tomorrow. A national programme is overdue and should be funded with the urgency the situation requires.

Households need protection from rising energy costs during the transition. That protection is best delivered through investment in insulation, public transport and renewables, all funded from carbon tax revenue. That route reduces bills permanently rather than offsetting them temporarily.

Public health, women's rights, agriculture and education in vulnerable countries are all being undermined by climate impacts. Direct grant finance helps address those frontline impacts and supports the institutions that can build long-term resilience.",A_PKG_12
3,P-A,political_broadcast,political_agent,agent_a,pro_climate,828.0,broadcast,,climate_policy_package,"[""ClimatePolicyID(1)"", ""ClimatePolicyID(2)"", ""ClimatePolicyID(3)"", ""ClimatePolicyID(4)"", ""ClimatePolicyID(5)"", ""ClimatePolicyID(6)""]","Public investment in renewable generation and storage repays itself many times over in lower bills, cleaner air and a more stable economy. Continuing to depend on fossil fuels means continuing to gamble with household finances. The transition has to be funded boldly and built quickly.

Workers in the offshore sector deserve a real plan for transition, not endless extension of an industry with no future. Banning new licences and funding decent green jobs in the same coastal communities is how a just transition is actually delivered.

Investing in domestic battery and EV manufacturing alongside the ban turns the transition into an industrial opportunity rather than a threat. A serious plan funds the factories, training and grid links needed for the new sector to thrive.

Energy efficiency is the cheapest unit of energy. Every pound spent on insulation today is repaid many times over in bills, comfort and emissions reductions tomorrow. A national programme is overdue and should be funded with the urgency the situation requires.

Households need protection from rising energy costs during the transition. That protection is best delivered through investment in insulation, public transport and renewables, all funded from carbon tax revenue. That route reduces bills permanently rather than offsetting them temporarily.

Public health, women's rights, agriculture and education in vulnerable countries are all being undermined by climate impacts. Direct grant finance helps address those frontline impacts and supports the institutions that can build long-term resilience.",A_PKG_12
3,P-A,political_broadcast,political_agent,agent_a,pro_climate,740.0,broadcast,,climate_policy_package,"[""ClimatePolicyID(1)"", ""ClimatePolicyID(2)"", ""ClimatePolicyID(3)"", ""ClimatePolicyID(4)"", ""ClimatePolicyID(5)"", ""ClimatePolicyID(6)""]","Public investment in renewable generation and storage repays itself many times over in lower bills, cleaner air and a more stable economy. Continuing to depend on fossil fuels means continuing to gamble with household finances. The transition has to be funded boldly and built quickly.

Workers in the offshore sector deserve a real plan for transition, not endless extension of an industry with no future. Banning new licences and funding decent green jobs in the same coastal communities is how a just transition is actually delivered.

Investing in domestic battery and EV manufacturing alongside the ban turns the transition into an industrial opportunity rather than a threat. A serious plan funds the factories, training and grid links needed for the new sector to thrive.

Energy efficiency is the cheapest unit of energy. Every pound spent on insulation today is repaid many times over in bills, comfort and emissions reductions tomorrow. A national programme is overdue and should be funded with the urgency the situation requires.

Households need protection from rising energy costs during the transition. That protection is best delivered through investment in insulation, public transport and renewables, all funded from carbon tax revenue. That route reduces bills permanently rather than offsetting them temporarily.

Public health, women's rights, agriculture and education in vulnerable countries are all being undermined by climate impacts. Direct grant finance helps address those frontline impacts and supports the institutions that can build long-term resilience.",A_PKG_12
3,P-A,political_broadcast,political_agent,agent_a,pro_climate,1373.0,broadcast,,climate_policy_package,"[""ClimatePolicyID(1)"", ""ClimatePolicyID(2)"", ""ClimatePolicyID(3)"", ""ClimatePolicyID(4)"", ""ClimatePolicyID(5)"", ""ClimatePolicyID(6)""]","Public investment in renewable generation and storage repays itself many times over in lower bills, cleaner air and a more stable economy. Continuing to depend on fossil fuels means continuing to gamble with household finances. The transition has to be funded boldly and built quickly.

Workers in the offshore sector deserve a real plan for transition, not endless extension of an industry with no future. Banning new licences and funding decent green jobs in the same coastal communities is how a just transition is actually delivered.

Investing in domestic battery and EV manufacturing alongside the ban turns the transition into an industrial opportunity rather than a threat. A serious plan funds the factories, training and grid links needed for the new sector to thrive.

Energy efficiency is the cheapest unit of energy. Every pound spent on insulation today is repaid many times over in bills, comfort and emissions reductions tomorrow. A national programme is overdue and should be funded with the urgency the situation requires.

Households need protection from rising energy costs during the transition. That protection is best delivered through investment in insulation, public transport and renewables, all funded from carbon tax revenue. That route reduces bills permanently rather than offsetting them temporarily.

Public health, women's rights, agriculture and education in vulnerable countries are all being undermined by climate impacts. Direct grant finance helps address those frontline impacts and supports the institutions that can build long-term resilience.",A_PKG_12
3,P-A,political_broadcast,political_agent,agent_a,pro_climate,416.0,broadcast,,climate_policy_package,"[""ClimatePolicyID(1)"", ""ClimatePolicyID(2)"", ""ClimatePolicyID(3)"", ""ClimatePolicyID(4)"", ""ClimatePolicyID(5)"", ""ClimatePolicyID(6)""]","Public investment in renewable generation and storage repays itself many times over in lower bills, cleaner air and a more stable economy. Continuing to depend on fossil fuels means continuing to gamble with household finances. The transition has to be funded boldly and built quickly.

Workers in the offshore sector deserve a real plan for transition, not endless extension of an industry with no future. Banning new licences and funding decent green jobs in the same coastal communities is how a just transition is actually delivered.

Investing in domestic battery and EV manufacturing alongside the ban turns the transition into an industrial opportunity rather than a threat. A serious plan funds the factories, training and grid links needed for the new sector to thrive.

Energy efficiency is the cheapest unit of energy. Every pound spent on insulation today is repaid many times over in bills, comfort and emissions reductions tomorrow. A national programme is overdue and should be funded with the urgency the situation requires.

Households need protection from rising energy costs during the transition. That protection is best delivered through investment in insulation, public transport and renewables, all funded from carbon tax revenue. That route reduces bills permanently rather than offsetting them temporarily.

Public health, women's rights, agriculture and education in vulnerable countries are all being undermined by climate impacts. Direct grant finance helps address those frontline impacts and supports the institutions that can build long-term resilience.",A_PKG_12
3,P-A,political_broadcast,political_agent,agent_a,pro_climate,1382.0,broadcast,,climate_policy_package,"[""ClimatePolicyID(1)"", ""ClimatePolicyID(2)"", ""ClimatePolicyID(3)"", ""ClimatePolicyID(4)"", ""ClimatePolicyID(5)"", ""ClimatePolicyID(6)""]","Public investment in renewable generation and storage repays itself many times over in lower bills, cleaner air and a more stable economy. Continuing to depend on fossil fuels means continuing to gamble with household finances. The transition has to be funded boldly and built quickly.

Workers in the offshore sector deserve a real plan for transition, not endless extension of an industry with no future. Banning new licences and funding decent green jobs in the same coastal communities is how a just transition is actually delivered.

Investing in domestic battery and EV manufacturing alongside the ban turns the transition into an industrial opportunity rather than a threat. A serious plan funds the factories, training and grid links needed for the new sector to thrive.

Energy efficiency is the cheapest unit of energy. Every pound spent on insulation today is repaid many times over in bills, comfort and emissions reductions tomorrow. A national programme is overdue and should be funded with the urgency the situation requires.

Households need protection from rising energy costs during the transition. That protection is best delivered through investment in insulation, public transport and renewables, all funded from carbon tax revenue. That route reduces bills permanently rather than offsetting them temporarily.

Public health, women's rights, agriculture and education in vulnerable countries are all being undermined by climate impacts. Direct grant finance helps address those frontline impacts and supports the institutions that can build long-term resilience.",A_PKG_12
3,P-A,political_broadcast,political_agent,agent_a,pro_climate,1535.0,broadcast,,climate_policy_package,"[""ClimatePolicyID(1)"", ""ClimatePolicyID(2)"", ""ClimatePolicyID(3)"", ""ClimatePolicyID(4)"", ""ClimatePolicyID(5)"", ""ClimatePolicyID(6)""]","Public investment in renewable generation and storage repays itself many times over in lower bills, cleaner air and a more stable economy. Continuing to depend on fossil fuels means continuing to gamble with household finances. The transition has to be funded boldly and built quickly.

Workers in the offshore sector deserve a real plan for transition, not endless extension of an industry with no future. Banning new licences and funding decent green jobs in the same coastal communities is how a just transition is actually delivered.

Investing in domestic battery and EV manufacturing alongside the ban turns the transition into an industrial opportunity rather than a threat. A serious plan funds the factories, training and grid links needed for the new sector to thrive.

Energy efficiency is the cheapest unit of energy. Every pound spent on insulation today is repaid many times over in bills, comfort and emissions reductions tomorrow. A national programme is overdue and should be funded with the urgency the situation requires.

Households need protection from rising energy costs during the transition. That protection is best delivered through investment in insulation, public transport and renewables, all funded from carbon tax revenue. That route reduces bills permanently rather than offsetting them temporarily.

Public health, women's rights, agriculture and education in vulnerable countries are all being undermined by climate impacts. Direct grant finance helps address those frontline impacts and supports the institutions that can build long-term resilience.",A_PKG_12
3,P-A,political_broadcast,political_agent,agent_a,pro_climate,1404.0,broadcast,,climate_policy_package,"[""ClimatePolicyID(1)"", ""ClimatePolicyID(2)"", ""ClimatePolicyID(3)"", ""ClimatePolicyID(4)"", ""ClimatePolicyID(5)"", ""ClimatePolicyID(6)""]","Public investment in renewable generation and storage repays itself many times over in lower bills, cleaner air and a more stable economy. Continuing to depend on fossil fuels means continuing to gamble with household finances. The transition has to be funded boldly and built quickly.

Workers in the offshore sector deserve a real plan for transition, not endless extension of an industry with no future. Banning new licences and funding decent green jobs in the same coastal communities is how a just transition is actually delivered.

Investing in domestic battery and EV manufacturing alongside the ban turns the transition into an industrial opportunity rather than a threat. A serious plan funds the factories, training and grid links needed for the new sector to thrive.

Energy efficiency is the cheapest unit of energy. Every pound spent on insulation today is repaid many times over in bills, comfort and emissions reductions tomorrow. A national programme is overdue and should be funded with the urgency the situation requires.

Households need protection from rising energy costs during the transition. That protection is best delivered through investment in insulation, public transport and renewables, all funded from carbon tax revenue. That route reduces bills permanently rather than offsetting them temporarily.

Public health, women's rights, agriculture and education in vulnerable countries are all being undermined by climate impacts. Direct grant finance helps address those frontline impacts and supports the institutions that can build long-term resilience.",A_PKG_12
3,P-A,political_broadcast,political_agent,agent_a,pro_climate,1045.0,broadcast,,climate_policy_package,"[""ClimatePolicyID(1)"", ""ClimatePolicyID(2)"", ""ClimatePolicyID(3)"", ""ClimatePolicyID(4)"", ""ClimatePolicyID(5)"", ""ClimatePolicyID(6)""]","Public investment in renewable generation and storage repays itself many times over in lower bills, cleaner air and a more stable economy. Continuing to depend on fossil fuels means continuing to gamble with household finances. The transition has to be funded boldly and built quickly.

Workers in the offshore sector deserve a real plan for transition, not endless extension of an industry with no future. Banning new licences and funding decent green jobs in the same coastal communities is how a just transition is actually delivered.

Investing in domestic battery and EV manufacturing alongside the ban turns the transition into an industrial opportunity rather than a threat. A serious plan funds the factories, training and grid links needed for the new sector to thrive.

Energy efficiency is the cheapest unit of energy. Every pound spent on insulation today is repaid many times over in bills, comfort and emissions reductions tomorrow. A national programme is overdue and should be funded with the urgency the situation requires.

Households need protection from rising energy costs during the transition. That protection is best delivered through investment in insulation, public transport and renewables, all funded from carbon tax revenue. That route reduces bills permanently rather than offsetting them temporarily.

Public health, women's rights, agriculture and education in vulnerable countries are all being undermined by climate impacts. Direct grant finance helps address those frontline impacts and supports the institutions that can build long-term resilience.",A_PKG_12
3,P-A,political_broadcast,political_agent,agent_a,pro_climate,424.0,broadcast,,climate_policy_package,"[""ClimatePolicyID(1)"", ""ClimatePolicyID(2)"", ""ClimatePolicyID(3)"", ""ClimatePolicyID(4)"", ""ClimatePolicyID(5)"", ""ClimatePolicyID(6)""]","Public investment in renewable generation and storage repays itself many times over in lower bills, cleaner air and a more stable economy. Continuing to depend on fossil fuels means continuing to gamble with household finances. The transition has to be funded boldly and built quickly.

Workers in the offshore sector deserve a real plan for transition, not endless extension of an industry with no future. Banning new licences and funding decent green jobs in the same coastal communities is how a just transition is actually delivered.

Investing in domestic battery and EV manufacturing alongside the ban turns the transition into an industrial opportunity rather than a threat. A serious plan funds the factories, training and grid links needed for the new sector to thrive.

Energy efficiency is the cheapest unit of energy. Every pound spent on insulation today is repaid many times over in bills, comfort and emissions reductions tomorrow. A national programme is overdue and should be funded with the urgency the situation requires.

Households need protection from rising energy costs during the transition. That protection is best delivered through investment in insulation, public transport and renewables, all funded from carbon tax revenue. That route reduces bills permanently rather than offsetting them temporarily.

Public health, women's rights, agriculture and education in vulnerable countries are all being undermined by climate impacts. Direct grant finance helps address those frontline impacts and supports the institutions that can build long-term resilience.",A_PKG_12
3,P-A,political_broadcast,political_agent,agent_a,pro_climate,1213.0,broadcast,,climate_policy_package,"[""ClimatePolicyID(1)"", ""ClimatePolicyID(2)"", ""ClimatePolicyID(3)"", ""ClimatePolicyID(4)"", ""ClimatePolicyID(5)"", ""ClimatePolicyID(6)""]","Public investment in renewable generation and storage repays itself many times over in lower bills, cleaner air and a more stable economy. Continuing to depend on fossil fuels means continuing to gamble with household finances. The transition has to be funded boldly and built quickly.

Workers in the offshore sector deserve a real plan for transition, not endless extension of an industry with no future. Banning new licences and funding decent green jobs in the same coastal communities is how a just transition is actually delivered.

Investing in domestic battery and EV manufacturing alongside the ban turns the transition into an industrial opportunity rather than a threat. A serious plan funds the factories, training and grid links needed for the new sector to thrive.

Energy efficiency is the cheapest unit of energy. Every pound spent on insulation today is repaid many times over in bills, comfort and emissions reductions tomorrow. A national programme is overdue and should be funded with the urgency the situation requires.

Households need protection from rising energy costs during the transition. That protection is best delivered through investment in insulation, public transport and renewables, all funded from carbon tax revenue. That route reduces bills permanently rather than offsetting them temporarily.

Public health, women's rights, agriculture and education in vulnerable countries are all being undermined by climate impacts. Direct grant finance helps address those frontline impacts and supports the institutions that can build long-term resilience.",A_PKG_12
3,P-B,political_broadcast,political_agent,agent_b,anti_climate,165.0,broadcast,,climate_policy_package,"[""ClimatePolicyID(1)"", ""ClimatePolicyID(2)"", ""ClimatePolicyID(3)"", ""ClimatePolicyID(4)"", ""ClimatePolicyID(5)"", ""ClimatePolicyID(6)""]","Working households are being crushed by sky-high electricity bills, and a huge part of that bill is the Renewable Obligation and other green levies. Scrapping these subsidies would put money straight back into people's pockets. We need cheap power, not policies that protect a heavily subsidised industry at the public's expense.

Refusing to issue new oil and gas licences does not lower global emissions; it only moves the production overseas. The result is higher imports, more shipping pollution and lost British jobs. Common sense says we should produce what we use, at home, for our own benefit.

Electric vehicles are still out of reach for most working households, and the charging infrastructure is patchy at best. Forcing a ban on new petrol and diesel cars by 2030 punishes the people who depend on affordable motoring most. The deadline must be dropped.

A heat pump costs roughly three times the price of a new gas boiler to install, before the hidden costs of new radiators and major insulation work. Forcing them on every new build inflates housing prices for no proportionate benefit.

Refineries are being asked to operate under a rising carbon tax that climbs steadily to 2050 with no honest plan for how they will remain viable. The result is industrial decline and lost jobs. The tax must be removed.

An out-of-touch political class has been giving away British taxpayers' money through climate compensation schemes for years. Cutting the aid budget in half and refocusing on domestic priorities would put resources back where they are most needed.",B_PKG_02
3,P-B,political_broadcast,political_agent,agent_b,anti_climate,582.0,broadcast,,climate_policy_package,"[""ClimatePolicyID(1)"", ""ClimatePolicyID(2)"", ""ClimatePolicyID(3)"", ""ClimatePolicyID(4)"", ""ClimatePolicyID(5)"", ""ClimatePolicyID(6)""]","Working households are being crushed by sky-high electricity bills, and a huge part of that bill is the Renewable Obligation and other green levies. Scrapping these subsidies would put money straight back into people's pockets. We need cheap power, not policies that protect a heavily subsidised industry at the public's expense.

Refusing to issue new oil and gas licences does not lower global emissions; it only moves the production overseas. The result is higher imports, more shipping pollution and lost British jobs. Common sense says we should produce what we use, at home, for our own benefit.

Electric vehicles are still out of reach for most working households, and the charging infrastructure is patchy at best. Forcing a ban on new petrol and diesel cars by 2030 punishes the people who depend on affordable motoring most. The deadline must be dropped.

A heat pump costs roughly three times the price of a new gas boiler to install, before the hidden costs of new radiators and major insulation work. Forcing them on every new build inflates housing prices for no proportionate benefit.

Refineries are being asked to operate under a rising carbon tax that climbs steadily to 2050 with no honest plan for how they will remain viable. The result is industrial decline and lost jobs. The tax must be removed.

An out-of-touch political class has been giving away British taxpayers' money through climate compensation schemes for years. Cutting the aid budget in half and refocusing on domestic priorities would put resources back where they are most needed.",B_PKG_02
3,P-B,political_broadcast,political_agent,agent_b,anti_climate,1379.0,broadcast,,climate_policy_package,"[""ClimatePolicyID(1)"", ""ClimatePolicyID(2)"", ""ClimatePolicyID(3)"", ""ClimatePolicyID(4)"", ""ClimatePolicyID(5)"", ""ClimatePolicyID(6)""]","Working households are being crushed by sky-high electricity bills, and a huge part of that bill is the Renewable Obligation and other green levies. Scrapping these subsidies would put money straight back into people's pockets. We need cheap power, not policies that protect a heavily subsidised industry at the public's expense.

Refusing to issue new oil and gas licences does not lower global emissions; it only moves the production overseas. The result is higher imports, more shipping pollution and lost British jobs. Common sense says we should produce what we use, at home, for our own benefit.

Electric vehicles are still out of reach for most working households, and the charging infrastructure is patchy at best. Forcing a ban on new petrol and diesel cars by 2030 punishes the people who depend on affordable motoring most. The deadline must be dropped.

A heat pump costs roughly three times the price of a new gas boiler to install, before the hidden costs of new radiators and major insulation work. Forcing them on every new build inflates housing prices for no proportionate benefit.

Refineries are being asked to operate under a rising carbon tax that climbs steadily to 2050 with no honest plan for how they will remain viable. The result is industrial decline and lost jobs. The tax must be removed.

An out-of-touch political class has been giving away British taxpayers' money through climate compensation schemes for years. Cutting the aid budget in half and refocusing on domestic priorities would put resources back where they are most needed.",B_PKG_02
3,P-B,political_broadcast,political_agent,agent_b,anti_climate,713.0,broadcast,,climate_policy_package,"[""ClimatePolicyID(1)"", ""ClimatePolicyID(2)"", ""ClimatePolicyID(3)"", ""ClimatePolicyID(4)"", ""ClimatePolicyID(5)"", ""ClimatePolicyID(6)""]","Working households are being crushed by sky-high electricity bills, and a huge part of that bill is the Renewable Obligation and other green levies. Scrapping these subsidies would put money straight back into people's pockets. We need cheap power, not policies that protect a heavily subsidised industry at the public's expense.

Refusing to issue new oil and gas licences does not lower global emissions; it only moves the production overseas. The result is higher imports, more shipping pollution and lost British jobs. Common sense says we should produce what we use, at home, for our own benefit.

Electric vehicles are still out of reach for most working households, and the charging infrastructure is patchy at best. Forcing a ban on new petrol and diesel cars by 2030 punishes the people who depend on affordable motoring most. The deadline must be dropped.

A heat pump costs roughly three times the price of a new gas boiler to install, before the hidden costs of new radiators and major insulation work. Forcing them on every new build inflates housing prices for no proportionate benefit.

Refineries are being asked to operate under a rising carbon tax that climbs steadily to 2050 with no honest plan for how they will remain viable. The result is industrial decline and lost jobs. The tax must be removed.

An out-of-touch political class has been giving away British taxpayers' money through climate compensation schemes for years. Cutting the aid budget in half and refocusing on domestic priorities would put resources back where they are most needed.",B_PKG_02
3,P-B,political_broadcast,political_agent,agent_b,anti_climate,69.0,broadcast,,climate_policy_package,"[""ClimatePolicyID(1)"", ""ClimatePolicyID(2)"", ""ClimatePolicyID(3)"", ""ClimatePolicyID(4)"", ""ClimatePolicyID(5)"", ""ClimatePolicyID(6)""]","Working households are being crushed by sky-high electricity bills, and a huge part of that bill is the Renewable Obligation and other green levies. Scrapping these subsidies would put money straight back into people's pockets. We need cheap power, not policies that protect a heavily subsidised industry at the public's expense.

Refusing to issue new oil and gas licences does not lower global emissions; it only moves the production overseas. The result is higher imports, more shipping pollution and lost British jobs. Common sense says we should produce what we use, at home, for our own benefit.

Electric vehicles are still out of reach for most working households, and the charging infrastructure is patchy at best. Forcing a ban on new petrol and diesel cars by 2030 punishes the people who depend on affordable motoring most. The deadline must be dropped.

A heat pump costs roughly three times the price of a new gas boiler to install, before the hidden costs of new radiators and major insulation work. Forcing them on every new build inflates housing prices for no proportionate benefit.

Refineries are being asked to operate under a rising carbon tax that climbs steadily to 2050 with no honest plan for how they will remain viable. The result is industrial decline and lost jobs. The tax must be removed.

An out-of-touch political class has been giving away British taxpayers' money through climate compensation schemes for years. Cutting the aid budget in half and refocusing on domestic priorities would put resources back where they are most needed.",B_PKG_02
3,P-B,political_broadcast,political_agent,agent_b,anti_climate,103.0,broadcast,,climate_policy_package,"[""ClimatePolicyID(1)"", ""ClimatePolicyID(2)"", ""ClimatePolicyID(3)"", ""ClimatePolicyID(4)"", ""ClimatePolicyID(5)"", ""ClimatePolicyID(6)""]","Working households are being crushed by sky-high electricity bills, and a huge part of that bill is the Renewable Obligation and other green levies. Scrapping these subsidies would put money straight back into people's pockets. We need cheap power, not policies that protect a heavily subsidised industry at the public's expense.

Refusing to issue new oil and gas licences does not lower global emissions; it only moves the production overseas. The result is higher imports, more shipping pollution and lost British jobs. Common sense says we should produce what we use, at home, for our own benefit.

Electric vehicles are still out of reach for most working households, and the charging infrastructure is patchy at best. Forcing a ban on new petrol and diesel cars by 2030 punishes the people who depend on affordable motoring most. The deadline must be dropped.

A heat pump costs roughly three times the price of a new gas boiler to install, before the hidden costs of new radiators and major insulation work. Forcing them on every new build inflates housing prices for no proportionate benefit.

Refineries are being asked to operate under a rising carbon tax that climbs steadily to 2050 with no honest plan for how they will remain viable. The result is industrial decline and lost jobs. The tax must be removed.

An out-of-touch political class has been giving away British taxpayers' money through climate compensation schemes for years. Cutting the aid budget in half and refocusing on domestic priorities would put resources back where they are most needed.",B_PKG_02
3,P-B,political_broadcast,political_agent,agent_b,anti_climate,752.0,broadcast,,climate_policy_package,"[""ClimatePolicyID(1)"", ""ClimatePolicyID(2)"", ""ClimatePolicyID(3)"", ""ClimatePolicyID(4)"", ""ClimatePolicyID(5)"", ""ClimatePolicyID(6)""]","Working households are being crushed by sky-high electricity bills, and a huge part of that bill is the Renewable Obligation and other green levies. Scrapping these subsidies would put money straight back into people's pockets. We need cheap power, not policies that protect a heavily subsidised industry at the public's expense.

Refusing to issue new oil and gas licences does not lower global emissions; it only moves the production overseas. The result is higher imports, more shipping pollution and lost British jobs. Common sense says we should produce what we use, at home, for our own benefit.

Electric vehicles are still out of reach for most working households, and the charging infrastructure is patchy at best. Forcing a ban on new petrol and diesel cars by 2030 punishes the people who depend on affordable motoring most. The deadline must be dropped.

A heat pump costs roughly three times the price of a new gas boiler to install, before the hidden costs of new radiators and major insulation work. Forcing them on every new build inflates housing prices for no proportionate benefit.

Refineries are being asked to operate under a rising carbon tax that climbs steadily to 2050 with no honest plan for how they will remain viable. The result is industrial decline and lost jobs. The tax must be removed.

An out-of-touch political class has been giving away British taxpayers' money through climate compensation schemes for years. Cutting the aid budget in half and refocusing on domestic priorities would put resources back where they are most needed.",B_PKG_02
3,P-B,political_broadcast,political_agent,agent_b,anti_climate,1001.0,broadcast,,climate_policy_package,"[""ClimatePolicyID(1)"", ""ClimatePolicyID(2)"", ""ClimatePolicyID(3)"", ""ClimatePolicyID(4)"", ""ClimatePolicyID(5)"", ""ClimatePolicyID(6)""]","Working households are being crushed by sky-high electricity bills, and a huge part of that bill is the Renewable Obligation and other green levies. Scrapping these subsidies would put money straight back into people's pockets. We need cheap power, not policies that protect a heavily subsidised industry at the public's expense.

Refusing to issue new oil and gas licences does not lower global emissions; it only moves the production overseas. The result is higher imports, more shipping pollution and lost British jobs. Common sense says we should produce what we use, at home, for our own benefit.

Electric vehicles are still out of reach for most working households, and the charging infrastructure is patchy at best. Forcing a ban on new petrol and diesel cars by 2030 punishes the people who depend on affordable motoring most. The deadline must be dropped.

A heat pump costs roughly three times the price of a new gas boiler to install, before the hidden costs of new radiators and major insulation work. Forcing them on every new build inflates housing prices for no proportionate benefit.

Refineries are being asked to operate under a rising carbon tax that climbs steadily to 2050 with no honest plan for how they will remain viable. The result is industrial decline and lost jobs. The tax must be removed.

An out-of-touch political class has been giving away British taxpayers' money through climate compensation schemes for years. Cutting the aid budget in half and refocusing on domestic priorities would put resources back where they are most needed.",B_PKG_02
3,P-B,political_broadcast,political_agent,agent_b,anti_climate,1250.0,broadcast,,climate_policy_package,"[""ClimatePolicyID(1)"", ""ClimatePolicyID(2)"", ""ClimatePolicyID(3)"", ""ClimatePolicyID(4)"", ""ClimatePolicyID(5)"", ""ClimatePolicyID(6)""]","Working households are being crushed by sky-high electricity bills, and a huge part of that bill is the Renewable Obligation and other green levies. Scrapping these subsidies would put money straight back into people's pockets. We need cheap power, not policies that protect a heavily subsidised industry at the public's expense.

Refusing to issue new oil and gas licences does not lower global emissions; it only moves the production overseas. The result is higher imports, more shipping pollution and lost British jobs. Common sense says we should produce what we use, at home, for our own benefit.

Electric vehicles are still out of reach for most working households, and the charging infrastructure is patchy at best. Forcing a ban on new petrol and diesel cars by 2030 punishes the people who depend on affordable motoring most. The deadline must be dropped.

A heat pump costs roughly three times the price of a new gas boiler to install, before the hidden costs of new radiators and major insulation work. Forcing them on every new build inflates housing prices for no proportionate benefit.

Refineries are being asked to operate under a rising carbon tax that climbs steadily to 2050 with no honest plan for how they will remain viable. The result is industrial decline and lost jobs. The tax must be removed.

An out-of-touch political class has been giving away British taxpayers' money through climate compensation schemes for years. Cutting the aid budget in half and refocusing on domestic priorities would put resources back where they are most needed.",B_PKG_02
3,P-B,political_broadcast,political_agent,agent_b,anti_climate,1904.0,broadcast,,climate_policy_package,"[""ClimatePolicyID(1)"", ""ClimatePolicyID(2)"", ""ClimatePolicyID(3)"", ""ClimatePolicyID(4)"", ""ClimatePolicyID(5)"", ""ClimatePolicyID(6)""]","Working households are being crushed by sky-high electricity bills, and a huge part of that bill is the Renewable Obligation and other green levies. Scrapping these subsidies would put money straight back into people's pockets. We need cheap power, not policies that protect a heavily subsidised industry at the public's expense.

Refusing to issue new oil and gas licences does not lower global emissions; it only moves the production overseas. The result is higher imports, more shipping pollution and lost British jobs. Common sense says we should produce what we use, at home, for our own benefit.

Electric vehicles are still out of reach for most working households, and the charging infrastructure is patchy at best. Forcing a ban on new petrol and diesel cars by 2030 punishes the people who depend on affordable motoring most. The deadline must be dropped.

A heat pump costs roughly three times the price of a new gas boiler to install, before the hidden costs of new radiators and major insulation work. Forcing them on every new build inflates housing prices for no proportionate benefit.

Refineries are being asked to operate under a rising carbon tax that climbs steadily to 2050 with no honest plan for how they will remain viable. The result is industrial decline and lost jobs. The tax must be removed.

An out-of-touch political class has been giving away British taxpayers' money through climate compensation schemes for years. Cutting the aid budget in half and refocusing on domestic priorities would put resources back where they are most needed.",B_PKG_02
3,P-B,political_broadcast,political_agent,agent_b,anti_climate,1900.0,broadcast,,climate_policy_package,"[""ClimatePolicyID(1)"", ""ClimatePolicyID(2)"", ""ClimatePolicyID(3)"", ""ClimatePolicyID(4)"", ""ClimatePolicyID(5)"", ""ClimatePolicyID(6)""]","Working households are being crushed by sky-high electricity bills, and a huge part of that bill is the Renewable Obligation and other green levies. Scrapping these subsidies would put money straight back into people's pockets. We need cheap power, not policies that protect a heavily subsidised industry at the public's expense.

Refusing to issue new oil and gas licences does not lower global emissions; it only moves the production overseas. The result is higher imports, more shipping pollution and lost British jobs. Common sense says we should produce what we use, at home, for our own benefit.

Electric vehicles are still out of reach for most working households, and the charging infrastructure is patchy at best. Forcing a ban on new petrol and diesel cars by 2030 punishes the people who depend on affordable motoring most. The deadline must be dropped.

A heat pump costs roughly three times the price of a new gas boiler to install, before the hidden costs of new radiators and major insulation work. Forcing them on every new build inflates housing prices for no proportionate benefit.

Refineries are being asked to operate under a rising carbon tax that climbs steadily to 2050 with no honest plan for how they will remain viable. The result is industrial decline and lost jobs. The tax must be removed.

An out-of-touch political class has been giving away British taxpayers' money through climate compensation schemes for years. Cutting the aid budget in half and refocusing on domestic priorities would put resources back where they are most needed.",B_PKG_02
3,P-B,political_broadcast,political_agent,agent_b,anti_climate,620.0,broadcast,,climate_policy_package,"[""ClimatePolicyID(1)"", ""ClimatePolicyID(2)"", ""ClimatePolicyID(3)"", ""ClimatePolicyID(4)"", ""ClimatePolicyID(5)"", ""ClimatePolicyID(6)""]","Working households are being crushed by sky-high electricity bills, and a huge part of that bill is the Renewable Obligation and other green levies. Scrapping these subsidies would put money straight back into people's pockets. We need cheap power, not policies that protect a heavily subsidised industry at the public's expense.

Refusing to issue new oil and gas licences does not lower global emissions; it only moves the production overseas. The result is higher imports, more shipping pollution and lost British jobs. Common sense says we should produce what we use, at home, for our own benefit.

Electric vehicles are still out of reach for most working households, and the charging infrastructure is patchy at best. Forcing a ban on new petrol and diesel cars by 2030 punishes the people who depend on affordable motoring most. The deadline must be dropped.

A heat pump costs roughly three times the price of a new gas boiler to install, before the hidden costs of new radiators and major insulation work. Forcing them on every new build inflates housing prices for no proportionate benefit.

Refineries are being asked to operate under a rising carbon tax that climbs steadily to 2050 with no honest plan for how they will remain viable. The result is industrial decline and lost jobs. The tax must be removed.

An out-of-touch political class has been giving away British taxpayers' money through climate compensation schemes for years. Cutting the aid budget in half and refocusing on domestic priorities would put resources back where they are most needed.",B_PKG_02
3,P-B,political_broadcast,political_agent,agent_b,anti_climate,1454.0,broadcast,,climate_policy_package,"[""ClimatePolicyID(1)"", ""ClimatePolicyID(2)"", ""ClimatePolicyID(3)"", ""ClimatePolicyID(4)"", ""ClimatePolicyID(5)"", ""ClimatePolicyID(6)""]","Working households are being crushed by sky-high electricity bills, and a huge part of that bill is the Renewable Obligation and other green levies. Scrapping these subsidies would put money straight back into people's pockets. We need cheap power, not policies that protect a heavily subsidised industry at the public's expense.

Refusing to issue new oil and gas licences does not lower global emissions; it only moves the production overseas. The result is higher imports, more shipping pollution and lost British jobs. Common sense says we should produce what we use, at home, for our own benefit.

Electric vehicles are still out of reach for most working households, and the charging infrastructure is patchy at best. Forcing a ban on new petrol and diesel cars by 2030 punishes the people who depend on affordable motoring most. The deadline must be dropped.

A heat pump costs roughly three times the price of a new gas boiler to install, before the hidden costs of new radiators and major insulation work. Forcing them on every new build inflates housing prices for no proportionate benefit.

Refineries are being asked to operate under a rising carbon tax that climbs steadily to 2050 with no honest plan for how they will remain viable. The result is industrial decline and lost jobs. The tax must be removed.

An out-of-touch political class has been giving away British taxpayers' money through climate compensation schemes for years. Cutting the aid budget in half and refocusing on domestic priorities would put resources back where they are most needed.",B_PKG_02
3,P-B,political_broadcast,political_agent,agent_b,anti_climate,1723.0,broadcast,,climate_policy_package,"[""ClimatePolicyID(1)"", ""ClimatePolicyID(2)"", ""ClimatePolicyID(3)"", ""ClimatePolicyID(4)"", ""ClimatePolicyID(5)"", ""ClimatePolicyID(6)""]","Working households are being crushed by sky-high electricity bills, and a huge part of that bill is the Renewable Obligation and other green levies. Scrapping these subsidies would put money straight back into people's pockets. We need cheap power, not policies that protect a heavily subsidised industry at the public's expense.

Refusing to issue new oil and gas licences does not lower global emissions; it only moves the production overseas. The result is higher imports, more shipping pollution and lost British jobs. Common sense says we should produce what we use, at home, for our own benefit.

Electric vehicles are still out of reach for most working households, and the charging infrastructure is patchy at best. Forcing a ban on new petrol and diesel cars by 2030 punishes the people who depend on affordable motoring most. The deadline must be dropped.

A heat pump costs roughly three times the price of a new gas boiler to install, before the hidden costs of new radiators and major insulation work. Forcing them on every new build inflates housing prices for no proportionate benefit.

Refineries are being asked to operate under a rising carbon tax that climbs steadily to 2050 with no honest plan for how they will remain viable. The result is industrial decline and lost jobs. The tax must be removed.

An out-of-touch political class has been giving away British taxpayers' money through climate compensation schemes for years. Cutting the aid budget in half and refocusing on domestic priorities would put resources back where they are most needed.",B_PKG_02
3,P-B,political_broadcast,political_agent,agent_b,anti_climate,381.0,broadcast,,climate_policy_package,"[""ClimatePolicyID(1)"", ""ClimatePolicyID(2)"", ""ClimatePolicyID(3)"", ""ClimatePolicyID(4)"", ""ClimatePolicyID(5)"", ""ClimatePolicyID(6)""]","Working households are being crushed by sky-high electricity bills, and a huge part of that bill is the Renewable Obligation and other green levies. Scrapping these subsidies would put money straight back into people's pockets. We need cheap power, not policies that protect a heavily subsidised industry at the public's expense.

Refusing to issue new oil and gas licences does not lower global emissions; it only moves the production overseas. The result is higher imports, more shipping pollution and lost British jobs. Common sense says we should produce what we use, at home, for our own benefit.

Electric vehicles are still out of reach for most working households, and the charging infrastructure is patchy at best. Forcing a ban on new petrol and diesel cars by 2030 punishes the people who depend on affordable motoring most. The deadline must be dropped.

A heat pump costs roughly three times the price of a new gas boiler to install, before the hidden costs of new radiators and major insulation work. Forcing them on every new build inflates housing prices for no proportionate benefit.

Refineries are being asked to operate under a rising carbon tax that climbs steadily to 2050 with no honest plan for how they will remain viable. The result is industrial decline and lost jobs. The tax must be removed.

An out-of-touch political class has been giving away British taxpayers' money through climate compensation schemes for years. Cutting the aid budget in half and refocusing on domestic priorities would put resources back where they are most needed.",B_PKG_02
3,P-B,political_broadcast,political_agent,agent_b,anti_climate,252.0,broadcast,,climate_policy_package,"[""ClimatePolicyID(1)"", ""ClimatePolicyID(2)"", ""ClimatePolicyID(3)"", ""ClimatePolicyID(4)"", ""ClimatePolicyID(5)"", ""ClimatePolicyID(6)""]","Working households are being crushed by sky-high electricity bills, and a huge part of that bill is the Renewable Obligation and other green levies. Scrapping these subsidies would put money straight back into people's pockets. We need cheap power, not policies that protect a heavily subsidised industry at the public's expense.

Refusing to issue new oil and gas licences does not lower global emissions; it only moves the production overseas. The result is higher imports, more shipping pollution and lost British jobs. Common sense says we should produce what we use, at home, for our own benefit.

Electric vehicles are still out of reach for most working households, and the charging infrastructure is patchy at best. Forcing a ban on new petrol and diesel cars by 2030 punishes the people who depend on affordable motoring most. The deadline must be dropped.

A heat pump costs roughly three times the price of a new gas boiler to install, before the hidden costs of new radiators and major insulation work. Forcing them on every new build inflates housing prices for no proportionate benefit.

Refineries are being asked to operate under a rising carbon tax that climbs steadily to 2050 with no honest plan for how they will remain viable. The result is industrial decline and lost jobs. The tax must be removed.

An out-of-touch political class has been giving away British taxpayers' money through climate compensation schemes for years. Cutting the aid budget in half and refocusing on domestic priorities would put resources back where they are most needed.",B_PKG_02
3,P-B,political_broadcast,political_agent,agent_b,anti_climate,1065.0,broadcast,,climate_policy_package,"[""ClimatePolicyID(1)"", ""ClimatePolicyID(2)"", ""ClimatePolicyID(3)"", ""ClimatePolicyID(4)"", ""ClimatePolicyID(5)"", ""ClimatePolicyID(6)""]","Working households are being crushed by sky-high electricity bills, and a huge part of that bill is the Renewable Obligation and other green levies. Scrapping these subsidies would put money straight back into people's pockets. We need cheap power, not policies that protect a heavily subsidised industry at the public's expense.

Refusing to issue new oil and gas licences does not lower global emissions; it only moves the production overseas. The result is higher imports, more shipping pollution and lost British jobs. Common sense says we should produce what we use, at home, for our own benefit.

Electric vehicles are still out of reach for most working households, and the charging infrastructure is patchy at best. Forcing a ban on new petrol and diesel cars by 2030 punishes the people who depend on affordable motoring most. The deadline must be dropped.

A heat pump costs roughly three times the price of a new gas boiler to install, before the hidden costs of new radiators and major insulation work. Forcing them on every new build inflates housing prices for no proportionate benefit.

Refineries are being asked to operate under a rising carbon tax that climbs steadily to 2050 with no honest plan for how they will remain viable. The result is industrial decline and lost jobs. The tax must be removed.

An out-of-touch political class has been giving away British taxpayers' money through climate compensation schemes for years. Cutting the aid budget in half and refocusing on domestic priorities would put resources back where they are most needed.",B_PKG_02
3,P-B,political_broadcast,political_agent,agent_b,anti_climate,1833.0,broadcast,,climate_policy_package,"[""ClimatePolicyID(1)"", ""ClimatePolicyID(2)"", ""ClimatePolicyID(3)"", ""ClimatePolicyID(4)"", ""ClimatePolicyID(5)"", ""ClimatePolicyID(6)""]","Working households are being crushed by sky-high electricity bills, and a huge part of that bill is the Renewable Obligation and other green levies. Scrapping these subsidies would put money straight back into people's pockets. We need cheap power, not policies that protect a heavily subsidised industry at the public's expense.

Refusing to issue new oil and gas licences does not lower global emissions; it only moves the production overseas. The result is higher imports, more shipping pollution and lost British jobs. Common sense says we should produce what we use, at home, for our own benefit.

Electric vehicles are still out of reach for most working households, and the charging infrastructure is patchy at best. Forcing a ban on new petrol and diesel cars by 2030 punishes the people who depend on affordable motoring most. The deadline must be dropped.

A heat pump costs roughly three times the price of a new gas boiler to install, before the hidden costs of new radiators and major insulation work. Forcing them on every new build inflates housing prices for no proportionate benefit.

Refineries are being asked to operate under a rising carbon tax that climbs steadily to 2050 with no honest plan for how they will remain viable. The result is industrial decline and lost jobs. The tax must be removed.

An out-of-touch political class has been giving away British taxpayers' money through climate compensation schemes for years. Cutting the aid budget in half and refocusing on domestic priorities would put resources back where they are most needed.",B_PKG_02
3,P-B,political_broadcast,political_agent,agent_b,anti_climate,238.0,broadcast,,climate_policy_package,"[""ClimatePolicyID(1)"", ""ClimatePolicyID(2)"", ""ClimatePolicyID(3)"", ""ClimatePolicyID(4)"", ""ClimatePolicyID(5)"", ""ClimatePolicyID(6)""]","Working households are being crushed by sky-high electricity bills, and a huge part of that bill is the Renewable Obligation and other green levies. Scrapping these subsidies would put money straight back into people's pockets. We need cheap power, not policies that protect a heavily subsidised industry at the public's expense.

Refusing to issue new oil and gas licences does not lower global emissions; it only moves the production overseas. The result is higher imports, more shipping pollution and lost British jobs. Common sense says we should produce what we use, at home, for our own benefit.

Electric vehicles are still out of reach for most working households, and the charging infrastructure is patchy at best. Forcing a ban on new petrol and diesel cars by 2030 punishes the people who depend on affordable motoring most. The deadline must be dropped.

A heat pump costs roughly three times the price of a new gas boiler to install, before the hidden costs of new radiators and major insulation work. Forcing them on every new build inflates housing prices for no proportionate benefit.

Refineries are being asked to operate under a rising carbon tax that climbs steadily to 2050 with no honest plan for how they will remain viable. The result is industrial decline and lost jobs. The tax must be removed.

An out-of-touch political class has been giving away British taxpayers' money through climate compensation schemes for years. Cutting the aid budget in half and refocusing on domestic priorities would put resources back where they are most needed.",B_PKG_02
3,P-B,political_broadcast,political_agent,agent_b,anti_climate,1343.0,broadcast,,climate_policy_package,"[""ClimatePolicyID(1)"", ""ClimatePolicyID(2)"", ""ClimatePolicyID(3)"", ""ClimatePolicyID(4)"", ""ClimatePolicyID(5)"", ""ClimatePolicyID(6)""]","Working households are being crushed by sky-high electricity bills, and a huge part of that bill is the Renewable Obligation and other green levies. Scrapping these subsidies would put money straight back into people's pockets. We need cheap power, not policies that protect a heavily subsidised industry at the public's expense.

Refusing to issue new oil and gas licences does not lower global emissions; it only moves the production overseas. The result is higher imports, more shipping pollution and lost British jobs. Common sense says we should produce what we use, at home, for our own benefit.

Electric vehicles are still out of reach for most working households, and the charging infrastructure is patchy at best. Forcing a ban on new petrol and diesel cars by 2030 punishes the people who depend on affordable motoring most. The deadline must be dropped.

A heat pump costs roughly three times the price of a new gas boiler to install, before the hidden costs of new radiators and major insulation work. Forcing them on every new build inflates housing prices for no proportionate benefit.

Refineries are being asked to operate under a rising carbon tax that climbs steadily to 2050 with no honest plan for how they will remain viable. The result is industrial decline and lost jobs. The tax must be removed.

An out-of-touch political class has been giving away British taxpayers' money through climate compensation schemes for years. Cutting the aid budget in half and refocusing on domestic priorities would put resources back where they are most needed.",B_PKG_02
3,P-B,political_broadcast,political_agent,agent_b,anti_climate,155.0,broadcast,,climate_policy_package,"[""ClimatePolicyID(1)"", ""ClimatePolicyID(2)"", ""ClimatePolicyID(3)"", ""ClimatePolicyID(4)"", ""ClimatePolicyID(5)"", ""ClimatePolicyID(6)""]","Working households are being crushed by sky-high electricity bills, and a huge part of that bill is the Renewable Obligation and other green levies. Scrapping these subsidies would put money straight back into people's pockets. We need cheap power, not policies that protect a heavily subsidised industry at the public's expense.

Refusing to issue new oil and gas licences does not lower global emissions; it only moves the production overseas. The result is higher imports, more shipping pollution and lost British jobs. Common sense says we should produce what we use, at home, for our own benefit.

Electric vehicles are still out of reach for most working households, and the charging infrastructure is patchy at best. Forcing a ban on new petrol and diesel cars by 2030 punishes the people who depend on affordable motoring most. The deadline must be dropped.

A heat pump costs roughly three times the price of a new gas boiler to install, before the hidden costs of new radiators and major insulation work. Forcing them on every new build inflates housing prices for no proportionate benefit.

Refineries are being asked to operate under a rising carbon tax that climbs steadily to 2050 with no honest plan for how they will remain viable. The result is industrial decline and lost jobs. The tax must be removed.

An out-of-touch political class has been giving away British taxpayers' money through climate compensation schemes for years. Cutting the aid budget in half and refocusing on domestic priorities would put resources back where they are most needed.",B_PKG_02
3,P-B,political_broadcast,political_agent,agent_b,anti_climate,1635.0,broadcast,,climate_policy_package,"[""ClimatePolicyID(1)"", ""ClimatePolicyID(2)"", ""ClimatePolicyID(3)"", ""ClimatePolicyID(4)"", ""ClimatePolicyID(5)"", ""ClimatePolicyID(6)""]","Working households are being crushed by sky-high electricity bills, and a huge part of that bill is the Renewable Obligation and other green levies. Scrapping these subsidies would put money straight back into people's pockets. We need cheap power, not policies that protect a heavily subsidised industry at the public's expense.

Refusing to issue new oil and gas licences does not lower global emissions; it only moves the production overseas. The result is higher imports, more shipping pollution and lost British jobs. Common sense says we should produce what we use, at home, for our own benefit.

Electric vehicles are still out of reach for most working households, and the charging infrastructure is patchy at best. Forcing a ban on new petrol and diesel cars by 2030 punishes the people who depend on affordable motoring most. The deadline must be dropped.

A heat pump costs roughly three times the price of a new gas boiler to install, before the hidden costs of new radiators and major insulation work. Forcing them on every new build inflates housing prices for no proportionate benefit.

Refineries are being asked to operate under a rising carbon tax that climbs steadily to 2050 with no honest plan for how they will remain viable. The result is industrial decline and lost jobs. The tax must be removed.

An out-of-touch political class has been giving away British taxpayers' money through climate compensation schemes for years. Cutting the aid budget in half and refocusing on domestic priorities would put resources back where they are most needed.",B_PKG_02
3,P-B,political_broadcast,political_agent,agent_b,anti_climate,759.0,broadcast,,climate_policy_package,"[""ClimatePolicyID(1)"", ""ClimatePolicyID(2)"", ""ClimatePolicyID(3)"", ""ClimatePolicyID(4)"", ""ClimatePolicyID(5)"", ""ClimatePolicyID(6)""]","Working households are being crushed by sky-high electricity bills, and a huge part of that bill is the Renewable Obligation and other green levies. Scrapping these subsidies would put money straight back into people's pockets. We need cheap power, not policies that protect a heavily subsidised industry at the public's expense.

Refusing to issue new oil and gas licences does not lower global emissions; it only moves the production overseas. The result is higher imports, more shipping pollution and lost British jobs. Common sense says we should produce what we use, at home, for our own benefit.

Electric vehicles are still out of reach for most working households, and the charging infrastructure is patchy at best. Forcing a ban on new petrol and diesel cars by 2030 punishes the people who depend on affordable motoring most. The deadline must be dropped.

A heat pump costs roughly three times the price of a new gas boiler to install, before the hidden costs of new radiators and major insulation work. Forcing them on every new build inflates housing prices for no proportionate benefit.

Refineries are being asked to operate under a rising carbon tax that climbs steadily to 2050 with no honest plan for how they will remain viable. The result is industrial decline and lost jobs. The tax must be removed.

An out-of-touch political class has been giving away British taxpayers' money through climate compensation schemes for years. Cutting the aid budget in half and refocusing on domestic priorities would put resources back where they are most needed.",B_PKG_02
3,P-B,political_broadcast,political_agent,agent_b,anti_climate,71.0,broadcast,,climate_policy_package,"[""ClimatePolicyID(1)"", ""ClimatePolicyID(2)"", ""ClimatePolicyID(3)"", ""ClimatePolicyID(4)"", ""ClimatePolicyID(5)"", ""ClimatePolicyID(6)""]","Working households are being crushed by sky-high electricity bills, and a huge part of that bill is the Renewable Obligation and other green levies. Scrapping these subsidies would put money straight back into people's pockets. We need cheap power, not policies that protect a heavily subsidised industry at the public's expense.

Refusing to issue new oil and gas licences does not lower global emissions; it only moves the production overseas. The result is higher imports, more shipping pollution and lost British jobs. Common sense says we should produce what we use, at home, for our own benefit.

Electric vehicles are still out of reach for most working households, and the charging infrastructure is patchy at best. Forcing a ban on new petrol and diesel cars by 2030 punishes the people who depend on affordable motoring most. The deadline must be dropped.

A heat pump costs roughly three times the price of a new gas boiler to install, before the hidden costs of new radiators and major insulation work. Forcing them on every new build inflates housing prices for no proportionate benefit.

Refineries are being asked to operate under a rising carbon tax that climbs steadily to 2050 with no honest plan for how they will remain viable. The result is industrial decline and lost jobs. The tax must be removed.

An out-of-touch political class has been giving away British taxpayers' money through climate compensation schemes for years. Cutting the aid budget in half and refocusing on domestic priorities would put resources back where they are most needed.",B_PKG_02
3,P-B,political_broadcast,political_agent,agent_b,anti_climate,1496.0,broadcast,,climate_policy_package,"[""ClimatePolicyID(1)"", ""ClimatePolicyID(2)"", ""ClimatePolicyID(3)"", ""ClimatePolicyID(4)"", ""ClimatePolicyID(5)"", ""ClimatePolicyID(6)""]","Working households are being crushed by sky-high electricity bills, and a huge part of that bill is the Renewable Obligation and other green levies. Scrapping these subsidies would put money straight back into people's pockets. We need cheap power, not policies that protect a heavily subsidised industry at the public's expense.

Refusing to issue new oil and gas licences does not lower global emissions; it only moves the production overseas. The result is higher imports, more shipping pollution and lost British jobs. Common sense says we should produce what we use, at home, for our own benefit.

Electric vehicles are still out of reach for most working households, and the charging infrastructure is patchy at best. Forcing a ban on new petrol and diesel cars by 2030 punishes the people who depend on affordable motoring most. The deadline must be dropped.

A heat pump costs roughly three times the price of a new gas boiler to install, before the hidden costs of new radiators and major insulation work. Forcing them on every new build inflates housing prices for no proportionate benefit.

Refineries are being asked to operate under a rising carbon tax that climbs steadily to 2050 with no honest plan for how they will remain viable. The result is industrial decline and lost jobs. The tax must be removed.

An out-of-touch political class has been giving away British taxpayers' money through climate compensation schemes for years. Cutting the aid budget in half and refocusing on domestic priorities would put resources back where they are most needed.",B_PKG_02
4,P-B,political_broadcast,political_agent,agent_b,anti_climate,165.0,broadcast,,climate_policy_package,"[""ClimatePolicyID(1)"", ""ClimatePolicyID(2)"", ""ClimatePolicyID(3)"", ""ClimatePolicyID(4)"", ""ClimatePolicyID(5)"", ""ClimatePolicyID(6)""]","If we lifted the carbon tax from electricity generation and ended the Renewable Obligation, bills would fall dramatically and industry would have a fighting chance. Instead, the consensus continues to pour billions into intermittent renewables while shutting down reliable plants. That is not energy policy, it is ideology.

We have a vast energy resource sitting beneath our own waters. Choosing not to develop it while begging other countries for supply is absurd. New licences would generate billions in tax revenue that could be used to cut bills and fund public services.

Petrol and diesel cars will remain part of the fleet for many years regardless of any ban. Pretending otherwise just adds confusion, drives up costs and pushes work overseas. A sensible policy would let manufacturers and consumers decide the pace of change.

Solar panels and heat pumps are valuable for some households, but they should not be forced on every new build regardless of cost, location or suitability. Letting buyers decide what they want in their home is a basic question of liberty as well as affordability.

The cheap power plan would slash electricity bills by removing the carbon tax and ending Renewable Obligation subsidies. That is a clear, concrete proposal grounded in common sense rather than ideology.

There is no shortage of urgent domestic problems to address: NHS waiting lists, crumbling infrastructure, struggling schools. Adding climate compensation payments to the budget while these go unsolved gets priorities exactly backwards.",B_PKG_07
4,P-B,political_broadcast,political_agent,agent_b,anti_climate,582.0,broadcast,,climate_policy_package,"[""ClimatePolicyID(1)"", ""ClimatePolicyID(2)"", ""ClimatePolicyID(3)"", ""ClimatePolicyID(4)"", ""ClimatePolicyID(5)"", ""ClimatePolicyID(6)""]","If we lifted the carbon tax from electricity generation and ended the Renewable Obligation, bills would fall dramatically and industry would have a fighting chance. Instead, the consensus continues to pour billions into intermittent renewables while shutting down reliable plants. That is not energy policy, it is ideology.

We have a vast energy resource sitting beneath our own waters. Choosing not to develop it while begging other countries for supply is absurd. New licences would generate billions in tax revenue that could be used to cut bills and fund public services.

Petrol and diesel cars will remain part of the fleet for many years regardless of any ban. Pretending otherwise just adds confusion, drives up costs and pushes work overseas. A sensible policy would let manufacturers and consumers decide the pace of change.

Solar panels and heat pumps are valuable for some households, but they should not be forced on every new build regardless of cost, location or suitability. Letting buyers decide what they want in their home is a basic question of liberty as well as affordability.

The cheap power plan would slash electricity bills by removing the carbon tax and ending Renewable Obligation subsidies. That is a clear, concrete proposal grounded in common sense rather than ideology.

There is no shortage of urgent domestic problems to address: NHS waiting lists, crumbling infrastructure, struggling schools. Adding climate compensation payments to the budget while these go unsolved gets priorities exactly backwards.",B_PKG_07
4,P-B,political_broadcast,political_agent,agent_b,anti_climate,1379.0,broadcast,,climate_policy_package,"[""ClimatePolicyID(1)"", ""ClimatePolicyID(2)"", ""ClimatePolicyID(3)"", ""ClimatePolicyID(4)"", ""ClimatePolicyID(5)"", ""ClimatePolicyID(6)""]","If we lifted the carbon tax from electricity generation and ended the Renewable Obligation, bills would fall dramatically and industry would have a fighting chance. Instead, the consensus continues to pour billions into intermittent renewables while shutting down reliable plants. That is not energy policy, it is ideology.

We have a vast energy resource sitting beneath our own waters. Choosing not to develop it while begging other countries for supply is absurd. New licences would generate billions in tax revenue that could be used to cut bills and fund public services.

Petrol and diesel cars will remain part of the fleet for many years regardless of any ban. Pretending otherwise just adds confusion, drives up costs and pushes work overseas. A sensible policy would let manufacturers and consumers decide the pace of change.

Solar panels and heat pumps are valuable for some households, but they should not be forced on every new build regardless of cost, location or suitability. Letting buyers decide what they want in their home is a basic question of liberty as well as affordability.

The cheap power plan would slash electricity bills by removing the carbon tax and ending Renewable Obligation subsidies. That is a clear, concrete proposal grounded in common sense rather than ideology.

There is no shortage of urgent domestic problems to address: NHS waiting lists, crumbling infrastructure, struggling schools. Adding climate compensation payments to the budget while these go unsolved gets priorities exactly backwards.",B_PKG_07
4,P-B,political_broadcast,political_agent,agent_b,anti_climate,713.0,broadcast,,climate_policy_package,"[""ClimatePolicyID(1)"", ""ClimatePolicyID(2)"", ""ClimatePolicyID(3)"", ""ClimatePolicyID(4)"", ""ClimatePolicyID(5)"", ""ClimatePolicyID(6)""]","If we lifted the carbon tax from electricity generation and ended the Renewable Obligation, bills would fall dramatically and industry would have a fighting chance. Instead, the consensus continues to pour billions into intermittent renewables while shutting down reliable plants. That is not energy policy, it is ideology.

We have a vast energy resource sitting beneath our own waters. Choosing not to develop it while begging other countries for supply is absurd. New licences would generate billions in tax revenue that could be used to cut bills and fund public services.

Petrol and diesel cars will remain part of the fleet for many years regardless of any ban. Pretending otherwise just adds confusion, drives up costs and pushes work overseas. A sensible policy would let manufacturers and consumers decide the pace of change.

Solar panels and heat pumps are valuable for some households, but they should not be forced on every new build regardless of cost, location or suitability. Letting buyers decide what they want in their home is a basic question of liberty as well as affordability.

The cheap power plan would slash electricity bills by removing the carbon tax and ending Renewable Obligation subsidies. That is a clear, concrete proposal grounded in common sense rather than ideology.

There is no shortage of urgent domestic problems to address: NHS waiting lists, crumbling infrastructure, struggling schools. Adding climate compensation payments to the budget while these go unsolved gets priorities exactly backwards.",B_PKG_07
4,P-B,political_broadcast,political_agent,agent_b,anti_climate,69.0,broadcast,,climate_policy_package,"[""ClimatePolicyID(1)"", ""ClimatePolicyID(2)"", ""ClimatePolicyID(3)"", ""ClimatePolicyID(4)"", ""ClimatePolicyID(5)"", ""ClimatePolicyID(6)""]","If we lifted the carbon tax from electricity generation and ended the Renewable Obligation, bills would fall dramatically and industry would have a fighting chance. Instead, the consensus continues to pour billions into intermittent renewables while shutting down reliable plants. That is not energy policy, it is ideology.

We have a vast energy resource sitting beneath our own waters. Choosing not to develop it while begging other countries for supply is absurd. New licences would generate billions in tax revenue that could be used to cut bills and fund public services.

Petrol and diesel cars will remain part of the fleet for many years regardless of any ban. Pretending otherwise just adds confusion, drives up costs and pushes work overseas. A sensible policy would let manufacturers and consumers decide the pace of change.

Solar panels and heat pumps are valuable for some households, but they should not be forced on every new build regardless of cost, location or suitability. Letting buyers decide what they want in their home is a basic question of liberty as well as affordability.

The cheap power plan would slash electricity bills by removing the carbon tax and ending Renewable Obligation subsidies. That is a clear, concrete proposal grounded in common sense rather than ideology.

There is no shortage of urgent domestic problems to address: NHS waiting lists, crumbling infrastructure, struggling schools. Adding climate compensation payments to the budget while these go unsolved gets priorities exactly backwards.",B_PKG_07
4,P-B,political_broadcast,political_agent,agent_b,anti_climate,103.0,broadcast,,climate_policy_package,"[""ClimatePolicyID(1)"", ""ClimatePolicyID(2)"", ""ClimatePolicyID(3)"", ""ClimatePolicyID(4)"", ""ClimatePolicyID(5)"", ""ClimatePolicyID(6)""]","If we lifted the carbon tax from electricity generation and ended the Renewable Obligation, bills would fall dramatically and industry would have a fighting chance. Instead, the consensus continues to pour billions into intermittent renewables while shutting down reliable plants. That is not energy policy, it is ideology.

We have a vast energy resource sitting beneath our own waters. Choosing not to develop it while begging other countries for supply is absurd. New licences would generate billions in tax revenue that could be used to cut bills and fund public services.

Petrol and diesel cars will remain part of the fleet for many years regardless of any ban. Pretending otherwise just adds confusion, drives up costs and pushes work overseas. A sensible policy would let manufacturers and consumers decide the pace of change.

Solar panels and heat pumps are valuable for some households, but they should not be forced on every new build regardless of cost, location or suitability. Letting buyers decide what they want in their home is a basic question of liberty as well as affordability.

The cheap power plan would slash electricity bills by removing the carbon tax and ending Renewable Obligation subsidies. That is a clear, concrete proposal grounded in common sense rather than ideology.

There is no shortage of urgent domestic problems to address: NHS waiting lists, crumbling infrastructure, struggling schools. Adding climate compensation payments to the budget while these go unsolved gets priorities exactly backwards.",B_PKG_07
4,P-B,political_broadcast,political_agent,agent_b,anti_climate,752.0,broadcast,,climate_policy_package,"[""ClimatePolicyID(1)"", ""ClimatePolicyID(2)"", ""ClimatePolicyID(3)"", ""ClimatePolicyID(4)"", ""ClimatePolicyID(5)"", ""ClimatePolicyID(6)""]","If we lifted the carbon tax from electricity generation and ended the Renewable Obligation, bills would fall dramatically and industry would have a fighting chance. Instead, the consensus continues to pour billions into intermittent renewables while shutting down reliable plants. That is not energy policy, it is ideology.

We have a vast energy resource sitting beneath our own waters. Choosing not to develop it while begging other countries for supply is absurd. New licences would generate billions in tax revenue that could be used to cut bills and fund public services.

Petrol and diesel cars will remain part of the fleet for many years regardless of any ban. Pretending otherwise just adds confusion, drives up costs and pushes work overseas. A sensible policy would let manufacturers and consumers decide the pace of change.

Solar panels and heat pumps are valuable for some households, but they should not be forced on every new build regardless of cost, location or suitability. Letting buyers decide what they want in their home is a basic question of liberty as well as affordability.

The cheap power plan would slash electricity bills by removing the carbon tax and ending Renewable Obligation subsidies. That is a clear, concrete proposal grounded in common sense rather than ideology.

There is no shortage of urgent domestic problems to address: NHS waiting lists, crumbling infrastructure, struggling schools. Adding climate compensation payments to the budget while these go unsolved gets priorities exactly backwards.",B_PKG_07
4,P-B,political_broadcast,political_agent,agent_b,anti_climate,1001.0,broadcast,,climate_policy_package,"[""ClimatePolicyID(1)"", ""ClimatePolicyID(2)"", ""ClimatePolicyID(3)"", ""ClimatePolicyID(4)"", ""ClimatePolicyID(5)"", ""ClimatePolicyID(6)""]","If we lifted the carbon tax from electricity generation and ended the Renewable Obligation, bills would fall dramatically and industry would have a fighting chance. Instead, the consensus continues to pour billions into intermittent renewables while shutting down reliable plants. That is not energy policy, it is ideology.

We have a vast energy resource sitting beneath our own waters. Choosing not to develop it while begging other countries for supply is absurd. New licences would generate billions in tax revenue that could be used to cut bills and fund public services.

Petrol and diesel cars will remain part of the fleet for many years regardless of any ban. Pretending otherwise just adds confusion, drives up costs and pushes work overseas. A sensible policy would let manufacturers and consumers decide the pace of change.

Solar panels and heat pumps are valuable for some households, but they should not be forced on every new build regardless of cost, location or suitability. Letting buyers decide what they want in their home is a basic question of liberty as well as affordability.

The cheap power plan would slash electricity bills by removing the carbon tax and ending Renewable Obligation subsidies. That is a clear, concrete proposal grounded in common sense rather than ideology.

There is no shortage of urgent domestic problems to address: NHS waiting lists, crumbling infrastructure, struggling schools. Adding climate compensation payments to the budget while these go unsolved gets priorities exactly backwards.",B_PKG_07
4,P-B,political_broadcast,political_agent,agent_b,anti_climate,1250.0,broadcast,,climate_policy_package,"[""ClimatePolicyID(1)"", ""ClimatePolicyID(2)"", ""ClimatePolicyID(3)"", ""ClimatePolicyID(4)"", ""ClimatePolicyID(5)"", ""ClimatePolicyID(6)""]","If we lifted the carbon tax from electricity generation and ended the Renewable Obligation, bills would fall dramatically and industry would have a fighting chance. Instead, the consensus continues to pour billions into intermittent renewables while shutting down reliable plants. That is not energy policy, it is ideology.

We have a vast energy resource sitting beneath our own waters. Choosing not to develop it while begging other countries for supply is absurd. New licences would generate billions in tax revenue that could be used to cut bills and fund public services.

Petrol and diesel cars will remain part of the fleet for many years regardless of any ban. Pretending otherwise just adds confusion, drives up costs and pushes work overseas. A sensible policy would let manufacturers and consumers decide the pace of change.

Solar panels and heat pumps are valuable for some households, but they should not be forced on every new build regardless of cost, location or suitability. Letting buyers decide what they want in their home is a basic question of liberty as well as affordability.

The cheap power plan would slash electricity bills by removing the carbon tax and ending Renewable Obligation subsidies. That is a clear, concrete proposal grounded in common sense rather than ideology.

There is no shortage of urgent domestic problems to address: NHS waiting lists, crumbling infrastructure, struggling schools. Adding climate compensation payments to the budget while these go unsolved gets priorities exactly backwards.",B_PKG_07
4,P-B,political_broadcast,political_agent,agent_b,anti_climate,1904.0,broadcast,,climate_policy_package,"[""ClimatePolicyID(1)"", ""ClimatePolicyID(2)"", ""ClimatePolicyID(3)"", ""ClimatePolicyID(4)"", ""ClimatePolicyID(5)"", ""ClimatePolicyID(6)""]","If we lifted the carbon tax from electricity generation and ended the Renewable Obligation, bills would fall dramatically and industry would have a fighting chance. Instead, the consensus continues to pour billions into intermittent renewables while shutting down reliable plants. That is not energy policy, it is ideology.

We have a vast energy resource sitting beneath our own waters. Choosing not to develop it while begging other countries for supply is absurd. New licences would generate billions in tax revenue that could be used to cut bills and fund public services.

Petrol and diesel cars will remain part of the fleet for many years regardless of any ban. Pretending otherwise just adds confusion, drives up costs and pushes work overseas. A sensible policy would let manufacturers and consumers decide the pace of change.

Solar panels and heat pumps are valuable for some households, but they should not be forced on every new build regardless of cost, location or suitability. Letting buyers decide what they want in their home is a basic question of liberty as well as affordability.

The cheap power plan would slash electricity bills by removing the carbon tax and ending Renewable Obligation subsidies. That is a clear, concrete proposal grounded in common sense rather than ideology.

There is no shortage of urgent domestic problems to address: NHS waiting lists, crumbling infrastructure, struggling schools. Adding climate compensation payments to the budget while these go unsolved gets priorities exactly backwards.",B_PKG_07
4,P-B,political_broadcast,political_agent,agent_b,anti_climate,1900.0,broadcast,,climate_policy_package,"[""ClimatePolicyID(1)"", ""ClimatePolicyID(2)"", ""ClimatePolicyID(3)"", ""ClimatePolicyID(4)"", ""ClimatePolicyID(5)"", ""ClimatePolicyID(6)""]","If we lifted the carbon tax from electricity generation and ended the Renewable Obligation, bills would fall dramatically and industry would have a fighting chance. Instead, the consensus continues to pour billions into intermittent renewables while shutting down reliable plants. That is not energy policy, it is ideology.

We have a vast energy resource sitting beneath our own waters. Choosing not to develop it while begging other countries for supply is absurd. New licences would generate billions in tax revenue that could be used to cut bills and fund public services.

Petrol and diesel cars will remain part of the fleet for many years regardless of any ban. Pretending otherwise just adds confusion, drives up costs and pushes work overseas. A sensible policy would let manufacturers and consumers decide the pace of change.

Solar panels and heat pumps are valuable for some households, but they should not be forced on every new build regardless of cost, location or suitability. Letting buyers decide what they want in their home is a basic question of liberty as well as affordability.

The cheap power plan would slash electricity bills by removing the carbon tax and ending Renewable Obligation subsidies. That is a clear, concrete proposal grounded in common sense rather than ideology.

There is no shortage of urgent domestic problems to address: NHS waiting lists, crumbling infrastructure, struggling schools. Adding climate compensation payments to the budget while these go unsolved gets priorities exactly backwards.",B_PKG_07
4,P-B,political_broadcast,political_agent,agent_b,anti_climate,620.0,broadcast,,climate_policy_package,"[""ClimatePolicyID(1)"", ""ClimatePolicyID(2)"", ""ClimatePolicyID(3)"", ""ClimatePolicyID(4)"", ""ClimatePolicyID(5)"", ""ClimatePolicyID(6)""]","If we lifted the carbon tax from electricity generation and ended the Renewable Obligation, bills would fall dramatically and industry would have a fighting chance. Instead, the consensus continues to pour billions into intermittent renewables while shutting down reliable plants. That is not energy policy, it is ideology.

We have a vast energy resource sitting beneath our own waters. Choosing not to develop it while begging other countries for supply is absurd. New licences would generate billions in tax revenue that could be used to cut bills and fund public services.

Petrol and diesel cars will remain part of the fleet for many years regardless of any ban. Pretending otherwise just adds confusion, drives up costs and pushes work overseas. A sensible policy would let manufacturers and consumers decide the pace of change.

Solar panels and heat pumps are valuable for some households, but they should not be forced on every new build regardless of cost, location or suitability. Letting buyers decide what they want in their home is a basic question of liberty as well as affordability.

The cheap power plan would slash electricity bills by removing the carbon tax and ending Renewable Obligation subsidies. That is a clear, concrete proposal grounded in common sense rather than ideology.

There is no shortage of urgent domestic problems to address: NHS waiting lists, crumbling infrastructure, struggling schools. Adding climate compensation payments to the budget while these go unsolved gets priorities exactly backwards.",B_PKG_07
4,P-B,political_broadcast,political_agent,agent_b,anti_climate,1454.0,broadcast,,climate_policy_package,"[""ClimatePolicyID(1)"", ""ClimatePolicyID(2)"", ""ClimatePolicyID(3)"", ""ClimatePolicyID(4)"", ""ClimatePolicyID(5)"", ""ClimatePolicyID(6)""]","If we lifted the carbon tax from electricity generation and ended the Renewable Obligation, bills would fall dramatically and industry would have a fighting chance. Instead, the consensus continues to pour billions into intermittent renewables while shutting down reliable plants. That is not energy policy, it is ideology.

We have a vast energy resource sitting beneath our own waters. Choosing not to develop it while begging other countries for supply is absurd. New licences would generate billions in tax revenue that could be used to cut bills and fund public services.

Petrol and diesel cars will remain part of the fleet for many years regardless of any ban. Pretending otherwise just adds confusion, drives up costs and pushes work overseas. A sensible policy would let manufacturers and consumers decide the pace of change.

Solar panels and heat pumps are valuable for some households, but they should not be forced on every new build regardless of cost, location or suitability. Letting buyers decide what they want in their home is a basic question of liberty as well as affordability.

The cheap power plan would slash electricity bills by removing the carbon tax and ending Renewable Obligation subsidies. That is a clear, concrete proposal grounded in common sense rather than ideology.

There is no shortage of urgent domestic problems to address: NHS waiting lists, crumbling infrastructure, struggling schools. Adding climate compensation payments to the budget while these go unsolved gets priorities exactly backwards.",B_PKG_07
4,P-B,political_broadcast,political_agent,agent_b,anti_climate,1723.0,broadcast,,climate_policy_package,"[""ClimatePolicyID(1)"", ""ClimatePolicyID(2)"", ""ClimatePolicyID(3)"", ""ClimatePolicyID(4)"", ""ClimatePolicyID(5)"", ""ClimatePolicyID(6)""]","If we lifted the carbon tax from electricity generation and ended the Renewable Obligation, bills would fall dramatically and industry would have a fighting chance. Instead, the consensus continues to pour billions into intermittent renewables while shutting down reliable plants. That is not energy policy, it is ideology.

We have a vast energy resource sitting beneath our own waters. Choosing not to develop it while begging other countries for supply is absurd. New licences would generate billions in tax revenue that could be used to cut bills and fund public services.

Petrol and diesel cars will remain part of the fleet for many years regardless of any ban. Pretending otherwise just adds confusion, drives up costs and pushes work overseas. A sensible policy would let manufacturers and consumers decide the pace of change.

Solar panels and heat pumps are valuable for some households, but they should not be forced on every new build regardless of cost, location or suitability. Letting buyers decide what they want in their home is a basic question of liberty as well as affordability.

The cheap power plan would slash electricity bills by removing the carbon tax and ending Renewable Obligation subsidies. That is a clear, concrete proposal grounded in common sense rather than ideology.

There is no shortage of urgent domestic problems to address: NHS waiting lists, crumbling infrastructure, struggling schools. Adding climate compensation payments to the budget while these go unsolved gets priorities exactly backwards.",B_PKG_07
4,P-B,political_broadcast,political_agent,agent_b,anti_climate,381.0,broadcast,,climate_policy_package,"[""ClimatePolicyID(1)"", ""ClimatePolicyID(2)"", ""ClimatePolicyID(3)"", ""ClimatePolicyID(4)"", ""ClimatePolicyID(5)"", ""ClimatePolicyID(6)""]","If we lifted the carbon tax from electricity generation and ended the Renewable Obligation, bills would fall dramatically and industry would have a fighting chance. Instead, the consensus continues to pour billions into intermittent renewables while shutting down reliable plants. That is not energy policy, it is ideology.

We have a vast energy resource sitting beneath our own waters. Choosing not to develop it while begging other countries for supply is absurd. New licences would generate billions in tax revenue that could be used to cut bills and fund public services.

Petrol and diesel cars will remain part of the fleet for many years regardless of any ban. Pretending otherwise just adds confusion, drives up costs and pushes work overseas. A sensible policy would let manufacturers and consumers decide the pace of change.

Solar panels and heat pumps are valuable for some households, but they should not be forced on every new build regardless of cost, location or suitability. Letting buyers decide what they want in their home is a basic question of liberty as well as affordability.

The cheap power plan would slash electricity bills by removing the carbon tax and ending Renewable Obligation subsidies. That is a clear, concrete proposal grounded in common sense rather than ideology.

There is no shortage of urgent domestic problems to address: NHS waiting lists, crumbling infrastructure, struggling schools. Adding climate compensation payments to the budget while these go unsolved gets priorities exactly backwards.",B_PKG_07
4,P-B,political_broadcast,political_agent,agent_b,anti_climate,252.0,broadcast,,climate_policy_package,"[""ClimatePolicyID(1)"", ""ClimatePolicyID(2)"", ""ClimatePolicyID(3)"", ""ClimatePolicyID(4)"", ""ClimatePolicyID(5)"", ""ClimatePolicyID(6)""]","If we lifted the carbon tax from electricity generation and ended the Renewable Obligation, bills would fall dramatically and industry would have a fighting chance. Instead, the consensus continues to pour billions into intermittent renewables while shutting down reliable plants. That is not energy policy, it is ideology.

We have a vast energy resource sitting beneath our own waters. Choosing not to develop it while begging other countries for supply is absurd. New licences would generate billions in tax revenue that could be used to cut bills and fund public services.

Petrol and diesel cars will remain part of the fleet for many years regardless of any ban. Pretending otherwise just adds confusion, drives up costs and pushes work overseas. A sensible policy would let manufacturers and consumers decide the pace of change.

Solar panels and heat pumps are valuable for some households, but they should not be forced on every new build regardless of cost, location or suitability. Letting buyers decide what they want in their home is a basic question of liberty as well as affordability.

The cheap power plan would slash electricity bills by removing the carbon tax and ending Renewable Obligation subsidies. That is a clear, concrete proposal grounded in common sense rather than ideology.

There is no shortage of urgent domestic problems to address: NHS waiting lists, crumbling infrastructure, struggling schools. Adding climate compensation payments to the budget while these go unsolved gets priorities exactly backwards.",B_PKG_07
4,P-B,political_broadcast,political_agent,agent_b,anti_climate,1065.0,broadcast,,climate_policy_package,"[""ClimatePolicyID(1)"", ""ClimatePolicyID(2)"", ""ClimatePolicyID(3)"", ""ClimatePolicyID(4)"", ""ClimatePolicyID(5)"", ""ClimatePolicyID(6)""]","If we lifted the carbon tax from electricity generation and ended the Renewable Obligation, bills would fall dramatically and industry would have a fighting chance. Instead, the consensus continues to pour billions into intermittent renewables while shutting down reliable plants. That is not energy policy, it is ideology.

We have a vast energy resource sitting beneath our own waters. Choosing not to develop it while begging other countries for supply is absurd. New licences would generate billions in tax revenue that could be used to cut bills and fund public services.

Petrol and diesel cars will remain part of the fleet for many years regardless of any ban. Pretending otherwise just adds confusion, drives up costs and pushes work overseas. A sensible policy would let manufacturers and consumers decide the pace of change.

Solar panels and heat pumps are valuable for some households, but they should not be forced on every new build regardless of cost, location or suitability. Letting buyers decide what they want in their home is a basic question of liberty as well as affordability.

The cheap power plan would slash electricity bills by removing the carbon tax and ending Renewable Obligation subsidies. That is a clear, concrete proposal grounded in common sense rather than ideology.

There is no shortage of urgent domestic problems to address: NHS waiting lists, crumbling infrastructure, struggling schools. Adding climate compensation payments to the budget while these go unsolved gets priorities exactly backwards.",B_PKG_07
4,P-B,political_broadcast,political_agent,agent_b,anti_climate,1833.0,broadcast,,climate_policy_package,"[""ClimatePolicyID(1)"", ""ClimatePolicyID(2)"", ""ClimatePolicyID(3)"", ""ClimatePolicyID(4)"", ""ClimatePolicyID(5)"", ""ClimatePolicyID(6)""]","If we lifted the carbon tax from electricity generation and ended the Renewable Obligation, bills would fall dramatically and industry would have a fighting chance. Instead, the consensus continues to pour billions into intermittent renewables while shutting down reliable plants. That is not energy policy, it is ideology.

We have a vast energy resource sitting beneath our own waters. Choosing not to develop it while begging other countries for supply is absurd. New licences would generate billions in tax revenue that could be used to cut bills and fund public services.

Petrol and diesel cars will remain part of the fleet for many years regardless of any ban. Pretending otherwise just adds confusion, drives up costs and pushes work overseas. A sensible policy would let manufacturers and consumers decide the pace of change.

Solar panels and heat pumps are valuable for some households, but they should not be forced on every new build regardless of cost, location or suitability. Letting buyers decide what they want in their home is a basic question of liberty as well as affordability.

The cheap power plan would slash electricity bills by removing the carbon tax and ending Renewable Obligation subsidies. That is a clear, concrete proposal grounded in common sense rather than ideology.

There is no shortage of urgent domestic problems to address: NHS waiting lists, crumbling infrastructure, struggling schools. Adding climate compensation payments to the budget while these go unsolved gets priorities exactly backwards.",B_PKG_07
4,P-B,political_broadcast,political_agent,agent_b,anti_climate,238.0,broadcast,,climate_policy_package,"[""ClimatePolicyID(1)"", ""ClimatePolicyID(2)"", ""ClimatePolicyID(3)"", ""ClimatePolicyID(4)"", ""ClimatePolicyID(5)"", ""ClimatePolicyID(6)""]","If we lifted the carbon tax from electricity generation and ended the Renewable Obligation, bills would fall dramatically and industry would have a fighting chance. Instead, the consensus continues to pour billions into intermittent renewables while shutting down reliable plants. That is not energy policy, it is ideology.

We have a vast energy resource sitting beneath our own waters. Choosing not to develop it while begging other countries for supply is absurd. New licences would generate billions in tax revenue that could be used to cut bills and fund public services.

Petrol and diesel cars will remain part of the fleet for many years regardless of any ban. Pretending otherwise just adds confusion, drives up costs and pushes work overseas. A sensible policy would let manufacturers and consumers decide the pace of change.

Solar panels and heat pumps are valuable for some households, but they should not be forced on every new build regardless of cost, location or suitability. Letting buyers decide what they want in their home is a basic question of liberty as well as affordability.

The cheap power plan would slash electricity bills by removing the carbon tax and ending Renewable Obligation subsidies. That is a clear, concrete proposal grounded in common sense rather than ideology.

There is no shortage of urgent domestic problems to address: NHS waiting lists, crumbling infrastructure, struggling schools. Adding climate compensation payments to the budget while these go unsolved gets priorities exactly backwards.",B_PKG_07
4,P-B,political_broadcast,political_agent,agent_b,anti_climate,1343.0,broadcast,,climate_policy_package,"[""ClimatePolicyID(1)"", ""ClimatePolicyID(2)"", ""ClimatePolicyID(3)"", ""ClimatePolicyID(4)"", ""ClimatePolicyID(5)"", ""ClimatePolicyID(6)""]","If we lifted the carbon tax from electricity generation and ended the Renewable Obligation, bills would fall dramatically and industry would have a fighting chance. Instead, the consensus continues to pour billions into intermittent renewables while shutting down reliable plants. That is not energy policy, it is ideology.

We have a vast energy resource sitting beneath our own waters. Choosing not to develop it while begging other countries for supply is absurd. New licences would generate billions in tax revenue that could be used to cut bills and fund public services.

Petrol and diesel cars will remain part of the fleet for many years regardless of any ban. Pretending otherwise just adds confusion, drives up costs and pushes work overseas. A sensible policy would let manufacturers and consumers decide the pace of change.

Solar panels and heat pumps are valuable for some households, but they should not be forced on every new build regardless of cost, location or suitability. Letting buyers decide what they want in their home is a basic question of liberty as well as affordability.

The cheap power plan would slash electricity bills by removing the carbon tax and ending Renewable Obligation subsidies. That is a clear, concrete proposal grounded in common sense rather than ideology.

There is no shortage of urgent domestic problems to address: NHS waiting lists, crumbling infrastructure, struggling schools. Adding climate compensation payments to the budget while these go unsolved gets priorities exactly backwards.",B_PKG_07
4,P-B,political_broadcast,political_agent,agent_b,anti_climate,155.0,broadcast,,climate_policy_package,"[""ClimatePolicyID(1)"", ""ClimatePolicyID(2)"", ""ClimatePolicyID(3)"", ""ClimatePolicyID(4)"", ""ClimatePolicyID(5)"", ""ClimatePolicyID(6)""]","If we lifted the carbon tax from electricity generation and ended the Renewable Obligation, bills would fall dramatically and industry would have a fighting chance. Instead, the consensus continues to pour billions into intermittent renewables while shutting down reliable plants. That is not energy policy, it is ideology.

We have a vast energy resource sitting beneath our own waters. Choosing not to develop it while begging other countries for supply is absurd. New licences would generate billions in tax revenue that could be used to cut bills and fund public services.

Petrol and diesel cars will remain part of the fleet for many years regardless of any ban. Pretending otherwise just adds confusion, drives up costs and pushes work overseas. A sensible policy would let manufacturers and consumers decide the pace of change.

Solar panels and heat pumps are valuable for some households, but they should not be forced on every new build regardless of cost, location or suitability. Letting buyers decide what they want in their home is a basic question of liberty as well as affordability.

The cheap power plan would slash electricity bills by removing the carbon tax and ending Renewable Obligation subsidies. That is a clear, concrete proposal grounded in common sense rather than ideology.

There is no shortage of urgent domestic problems to address: NHS waiting lists, crumbling infrastructure, struggling schools. Adding climate compensation payments to the budget while these go unsolved gets priorities exactly backwards.",B_PKG_07
4,P-B,political_broadcast,political_agent,agent_b,anti_climate,1635.0,broadcast,,climate_policy_package,"[""ClimatePolicyID(1)"", ""ClimatePolicyID(2)"", ""ClimatePolicyID(3)"", ""ClimatePolicyID(4)"", ""ClimatePolicyID(5)"", ""ClimatePolicyID(6)""]","If we lifted the carbon tax from electricity generation and ended the Renewable Obligation, bills would fall dramatically and industry would have a fighting chance. Instead, the consensus continues to pour billions into intermittent renewables while shutting down reliable plants. That is not energy policy, it is ideology.

We have a vast energy resource sitting beneath our own waters. Choosing not to develop it while begging other countries for supply is absurd. New licences would generate billions in tax revenue that could be used to cut bills and fund public services.

Petrol and diesel cars will remain part of the fleet for many years regardless of any ban. Pretending otherwise just adds confusion, drives up costs and pushes work overseas. A sensible policy would let manufacturers and consumers decide the pace of change.

Solar panels and heat pumps are valuable for some households, but they should not be forced on every new build regardless of cost, location or suitability. Letting buyers decide what they want in their home is a basic question of liberty as well as affordability.

The cheap power plan would slash electricity bills by removing the carbon tax and ending Renewable Obligation subsidies. That is a clear, concrete proposal grounded in common sense rather than ideology.

There is no shortage of urgent domestic problems to address: NHS waiting lists, crumbling infrastructure, struggling schools. Adding climate compensation payments to the budget while these go unsolved gets priorities exactly backwards.",B_PKG_07
4,P-B,political_broadcast,political_agent,agent_b,anti_climate,759.0,broadcast,,climate_policy_package,"[""ClimatePolicyID(1)"", ""ClimatePolicyID(2)"", ""ClimatePolicyID(3)"", ""ClimatePolicyID(4)"", ""ClimatePolicyID(5)"", ""ClimatePolicyID(6)""]","If we lifted the carbon tax from electricity generation and ended the Renewable Obligation, bills would fall dramatically and industry would have a fighting chance. Instead, the consensus continues to pour billions into intermittent renewables while shutting down reliable plants. That is not energy policy, it is ideology.

We have a vast energy resource sitting beneath our own waters. Choosing not to develop it while begging other countries for supply is absurd. New licences would generate billions in tax revenue that could be used to cut bills and fund public services.

Petrol and diesel cars will remain part of the fleet for many years regardless of any ban. Pretending otherwise just adds confusion, drives up costs and pushes work overseas. A sensible policy would let manufacturers and consumers decide the pace of change.

Solar panels and heat pumps are valuable for some households, but they should not be forced on every new build regardless of cost, location or suitability. Letting buyers decide what they want in their home is a basic question of liberty as well as affordability.

The cheap power plan would slash electricity bills by removing the carbon tax and ending Renewable Obligation subsidies. That is a clear, concrete proposal grounded in common sense rather than ideology.

There is no shortage of urgent domestic problems to address: NHS waiting lists, crumbling infrastructure, struggling schools. Adding climate compensation payments to the budget while these go unsolved gets priorities exactly backwards.",B_PKG_07
4,P-B,political_broadcast,political_agent,agent_b,anti_climate,71.0,broadcast,,climate_policy_package,"[""ClimatePolicyID(1)"", ""ClimatePolicyID(2)"", ""ClimatePolicyID(3)"", ""ClimatePolicyID(4)"", ""ClimatePolicyID(5)"", ""ClimatePolicyID(6)""]","If we lifted the carbon tax from electricity generation and ended the Renewable Obligation, bills would fall dramatically and industry would have a fighting chance. Instead, the consensus continues to pour billions into intermittent renewables while shutting down reliable plants. That is not energy policy, it is ideology.

We have a vast energy resource sitting beneath our own waters. Choosing not to develop it while begging other countries for supply is absurd. New licences would generate billions in tax revenue that could be used to cut bills and fund public services.

Petrol and diesel cars will remain part of the fleet for many years regardless of any ban. Pretending otherwise just adds confusion, drives up costs and pushes work overseas. A sensible policy would let manufacturers and consumers decide the pace of change.

Solar panels and heat pumps are valuable for some households, but they should not be forced on every new build regardless of cost, location or suitability. Letting buyers decide what they want in their home is a basic question of liberty as well as affordability.

The cheap power plan would slash electricity bills by removing the carbon tax and ending Renewable Obligation subsidies. That is a clear, concrete proposal grounded in common sense rather than ideology.

There is no shortage of urgent domestic problems to address: NHS waiting lists, crumbling infrastructure, struggling schools. Adding climate compensation payments to the budget while these go unsolved gets priorities exactly backwards.",B_PKG_07
4,P-B,political_broadcast,political_agent,agent_b,anti_climate,1496.0,broadcast,,climate_policy_package,"[""ClimatePolicyID(1)"", ""ClimatePolicyID(2)"", ""ClimatePolicyID(3)"", ""ClimatePolicyID(4)"", ""ClimatePolicyID(5)"", ""ClimatePolicyID(6)""]","If we lifted the carbon tax from electricity generation and ended the Renewable Obligation, bills would fall dramatically and industry would have a fighting chance. Instead, the consensus continues to pour billions into intermittent renewables while shutting down reliable plants. That is not energy policy, it is ideology.

We have a vast energy resource sitting beneath our own waters. Choosing not to develop it while begging other countries for supply is absurd. New licences would generate billions in tax revenue that could be used to cut bills and fund public services.

Petrol and diesel cars will remain part of the fleet for many years regardless of any ban. Pretending otherwise just adds confusion, drives up costs and pushes work overseas. A sensible policy would let manufacturers and consumers decide the pace of change.

Solar panels and heat pumps are valuable for some households, but they should not be forced on every new build regardless of cost, location or suitability. Letting buyers decide what they want in their home is a basic question of liberty as well as affordability.

The cheap power plan would slash electricity bills by removing the carbon tax and ending Renewable Obligation subsidies. That is a clear, concrete proposal grounded in common sense rather than ideology.

There is no shortage of urgent domestic problems to address: NHS waiting lists, crumbling infrastructure, struggling schools. Adding climate compensation payments to the budget while these go unsolved gets priorities exactly backwards.",B_PKG_07
4,P-A,political_broadcast,political_agent,agent_a,pro_climate,1878.0,broadcast,,climate_policy_package,"[""ClimatePolicyID(1)"", ""ClimatePolicyID(2)"", ""ClimatePolicyID(3)"", ""ClimatePolicyID(4)"", ""ClimatePolicyID(5)"", ""ClimatePolicyID(6)""]","Fuel poverty is a policy choice. By investing tens of billions a year in clean power and insulation, we can break the link between household bills and global gas prices, and ensure that no family has to choose between heating their home and putting food on the table.

Every new licence sends a signal to investors, workers and the world that this country is not serious about its climate obligations. Withdrawing that signal and committing to no new extraction is essential for credibility at home and abroad.

Scrappage support should be targeted first at low-income households and those most exposed to air pollution, ensuring the transition reduces inequality rather than entrenching it. A well-designed scheme is the difference between a fair transition and a punitive one.

Retrofit at street scale, rather than home by home, brings down costs and disruption. A national programme should support local authorities to organise area-based upgrades, starting with the homes and households most in need.

Imposing a real cost on fossil fuel extraction stops public subsidy of an industry whose product is incompatible with the climate limits we have signed up to. The carbon tax is one of the cleanest tools to end that hidden subsidy.

Each new climate agreement that includes a finance commitment must be honoured, not quietly diluted. Credibility on climate diplomacy depends on actually paying what has been pledged, on time, and as grants.",A_PKG_11
4,P-A,political_broadcast,political_agent,agent_a,pro_climate,844.0,broadcast,,climate_policy_package,"[""ClimatePolicyID(1)"", ""ClimatePolicyID(2)"", ""ClimatePolicyID(3)"", ""ClimatePolicyID(4)"", ""ClimatePolicyID(5)"", ""ClimatePolicyID(6)""]","Fuel poverty is a policy choice. By investing tens of billions a year in clean power and insulation, we can break the link between household bills and global gas prices, and ensure that no family has to choose between heating their home and putting food on the table.

Every new licence sends a signal to investors, workers and the world that this country is not serious about its climate obligations. Withdrawing that signal and committing to no new extraction is essential for credibility at home and abroad.

Scrappage support should be targeted first at low-income households and those most exposed to air pollution, ensuring the transition reduces inequality rather than entrenching it. A well-designed scheme is the difference between a fair transition and a punitive one.

Retrofit at street scale, rather than home by home, brings down costs and disruption. A national programme should support local authorities to organise area-based upgrades, starting with the homes and households most in need.

Imposing a real cost on fossil fuel extraction stops public subsidy of an industry whose product is incompatible with the climate limits we have signed up to. The carbon tax is one of the cleanest tools to end that hidden subsidy.

Each new climate agreement that includes a finance commitment must be honoured, not quietly diluted. Credibility on climate diplomacy depends on actually paying what has been pledged, on time, and as grants.",A_PKG_11
4,P-A,political_broadcast,political_agent,agent_a,pro_climate,409.0,broadcast,,climate_policy_package,"[""ClimatePolicyID(1)"", ""ClimatePolicyID(2)"", ""ClimatePolicyID(3)"", ""ClimatePolicyID(4)"", ""ClimatePolicyID(5)"", ""ClimatePolicyID(6)""]","Fuel poverty is a policy choice. By investing tens of billions a year in clean power and insulation, we can break the link between household bills and global gas prices, and ensure that no family has to choose between heating their home and putting food on the table.

Every new licence sends a signal to investors, workers and the world that this country is not serious about its climate obligations. Withdrawing that signal and committing to no new extraction is essential for credibility at home and abroad.

Scrappage support should be targeted first at low-income households and those most exposed to air pollution, ensuring the transition reduces inequality rather than entrenching it. A well-designed scheme is the difference between a fair transition and a punitive one.

Retrofit at street scale, rather than home by home, brings down costs and disruption. A national programme should support local authorities to organise area-based upgrades, starting with the homes and households most in need.

Imposing a real cost on fossil fuel extraction stops public subsidy of an industry whose product is incompatible with the climate limits we have signed up to. The carbon tax is one of the cleanest tools to end that hidden subsidy.

Each new climate agreement that includes a finance commitment must be honoured, not quietly diluted. Credibility on climate diplomacy depends on actually paying what has been pledged, on time, and as grants.",A_PKG_11
4,P-A,political_broadcast,political_agent,agent_a,pro_climate,1957.0,broadcast,,climate_policy_package,"[""ClimatePolicyID(1)"", ""ClimatePolicyID(2)"", ""ClimatePolicyID(3)"", ""ClimatePolicyID(4)"", ""ClimatePolicyID(5)"", ""ClimatePolicyID(6)""]","Fuel poverty is a policy choice. By investing tens of billions a year in clean power and insulation, we can break the link between household bills and global gas prices, and ensure that no family has to choose between heating their home and putting food on the table.

Every new licence sends a signal to investors, workers and the world that this country is not serious about its climate obligations. Withdrawing that signal and committing to no new extraction is essential for credibility at home and abroad.

Scrappage support should be targeted first at low-income households and those most exposed to air pollution, ensuring the transition reduces inequality rather than entrenching it. A well-designed scheme is the difference between a fair transition and a punitive one.

Retrofit at street scale, rather than home by home, brings down costs and disruption. A national programme should support local authorities to organise area-based upgrades, starting with the homes and households most in need.

Imposing a real cost on fossil fuel extraction stops public subsidy of an industry whose product is incompatible with the climate limits we have signed up to. The carbon tax is one of the cleanest tools to end that hidden subsidy.

Each new climate agreement that includes a finance commitment must be honoured, not quietly diluted. Credibility on climate diplomacy depends on actually paying what has been pledged, on time, and as grants.",A_PKG_11
4,P-A,political_broadcast,political_agent,agent_a,pro_climate,91.0,broadcast,,climate_policy_package,"[""ClimatePolicyID(1)"", ""ClimatePolicyID(2)"", ""ClimatePolicyID(3)"", ""ClimatePolicyID(4)"", ""ClimatePolicyID(5)"", ""ClimatePolicyID(6)""]","Fuel poverty is a policy choice. By investing tens of billions a year in clean power and insulation, we can break the link between household bills and global gas prices, and ensure that no family has to choose between heating their home and putting food on the table.

Every new licence sends a signal to investors, workers and the world that this country is not serious about its climate obligations. Withdrawing that signal and committing to no new extraction is essential for credibility at home and abroad.

Scrappage support should be targeted first at low-income households and those most exposed to air pollution, ensuring the transition reduces inequality rather than entrenching it. A well-designed scheme is the difference between a fair transition and a punitive one.

Retrofit at street scale, rather than home by home, brings down costs and disruption. A national programme should support local authorities to organise area-based upgrades, starting with the homes and households most in need.

Imposing a real cost on fossil fuel extraction stops public subsidy of an industry whose product is incompatible with the climate limits we have signed up to. The carbon tax is one of the cleanest tools to end that hidden subsidy.

Each new climate agreement that includes a finance commitment must be honoured, not quietly diluted. Credibility on climate diplomacy depends on actually paying what has been pledged, on time, and as grants.",A_PKG_11
4,P-A,political_broadcast,political_agent,agent_a,pro_climate,166.0,broadcast,,climate_policy_package,"[""ClimatePolicyID(1)"", ""ClimatePolicyID(2)"", ""ClimatePolicyID(3)"", ""ClimatePolicyID(4)"", ""ClimatePolicyID(5)"", ""ClimatePolicyID(6)""]","Fuel poverty is a policy choice. By investing tens of billions a year in clean power and insulation, we can break the link between household bills and global gas prices, and ensure that no family has to choose between heating their home and putting food on the table.

Every new licence sends a signal to investors, workers and the world that this country is not serious about its climate obligations. Withdrawing that signal and committing to no new extraction is essential for credibility at home and abroad.

Scrappage support should be targeted first at low-income households and those most exposed to air pollution, ensuring the transition reduces inequality rather than entrenching it. A well-designed scheme is the difference between a fair transition and a punitive one.

Retrofit at street scale, rather than home by home, brings down costs and disruption. A national programme should support local authorities to organise area-based upgrades, starting with the homes and households most in need.

Imposing a real cost on fossil fuel extraction stops public subsidy of an industry whose product is incompatible with the climate limits we have signed up to. The carbon tax is one of the cleanest tools to end that hidden subsidy.

Each new climate agreement that includes a finance commitment must be honoured, not quietly diluted. Credibility on climate diplomacy depends on actually paying what has been pledged, on time, and as grants.",A_PKG_11
4,P-A,political_broadcast,political_agent,agent_a,pro_climate,1262.0,broadcast,,climate_policy_package,"[""ClimatePolicyID(1)"", ""ClimatePolicyID(2)"", ""ClimatePolicyID(3)"", ""ClimatePolicyID(4)"", ""ClimatePolicyID(5)"", ""ClimatePolicyID(6)""]","Fuel poverty is a policy choice. By investing tens of billions a year in clean power and insulation, we can break the link between household bills and global gas prices, and ensure that no family has to choose between heating their home and putting food on the table.

Every new licence sends a signal to investors, workers and the world that this country is not serious about its climate obligations. Withdrawing that signal and committing to no new extraction is essential for credibility at home and abroad.

Scrappage support should be targeted first at low-income households and those most exposed to air pollution, ensuring the transition reduces inequality rather than entrenching it. A well-designed scheme is the difference between a fair transition and a punitive one.

Retrofit at street scale, rather than home by home, brings down costs and disruption. A national programme should support local authorities to organise area-based upgrades, starting with the homes and households most in need.

Imposing a real cost on fossil fuel extraction stops public subsidy of an industry whose product is incompatible with the climate limits we have signed up to. The carbon tax is one of the cleanest tools to end that hidden subsidy.

Each new climate agreement that includes a finance commitment must be honoured, not quietly diluted. Credibility on climate diplomacy depends on actually paying what has been pledged, on time, and as grants.",A_PKG_11
4,P-A,political_broadcast,political_agent,agent_a,pro_climate,377.0,broadcast,,climate_policy_package,"[""ClimatePolicyID(1)"", ""ClimatePolicyID(2)"", ""ClimatePolicyID(3)"", ""ClimatePolicyID(4)"", ""ClimatePolicyID(5)"", ""ClimatePolicyID(6)""]","Fuel poverty is a policy choice. By investing tens of billions a year in clean power and insulation, we can break the link between household bills and global gas prices, and ensure that no family has to choose between heating their home and putting food on the table.

Every new licence sends a signal to investors, workers and the world that this country is not serious about its climate obligations. Withdrawing that signal and committing to no new extraction is essential for credibility at home and abroad.

Scrappage support should be targeted first at low-income households and those most exposed to air pollution, ensuring the transition reduces inequality rather than entrenching it. A well-designed scheme is the difference between a fair transition and a punitive one.

Retrofit at street scale, rather than home by home, brings down costs and disruption. A national programme should support local authorities to organise area-based upgrades, starting with the homes and households most in need.

Imposing a real cost on fossil fuel extraction stops public subsidy of an industry whose product is incompatible with the climate limits we have signed up to. The carbon tax is one of the cleanest tools to end that hidden subsidy.

Each new climate agreement that includes a finance commitment must be honoured, not quietly diluted. Credibility on climate diplomacy depends on actually paying what has been pledged, on time, and as grants.",A_PKG_11
4,P-A,political_broadcast,political_agent,agent_a,pro_climate,574.0,broadcast,,climate_policy_package,"[""ClimatePolicyID(1)"", ""ClimatePolicyID(2)"", ""ClimatePolicyID(3)"", ""ClimatePolicyID(4)"", ""ClimatePolicyID(5)"", ""ClimatePolicyID(6)""]","Fuel poverty is a policy choice. By investing tens of billions a year in clean power and insulation, we can break the link between household bills and global gas prices, and ensure that no family has to choose between heating their home and putting food on the table.

Every new licence sends a signal to investors, workers and the world that this country is not serious about its climate obligations. Withdrawing that signal and committing to no new extraction is essential for credibility at home and abroad.

Scrappage support should be targeted first at low-income households and those most exposed to air pollution, ensuring the transition reduces inequality rather than entrenching it. A well-designed scheme is the difference between a fair transition and a punitive one.

Retrofit at street scale, rather than home by home, brings down costs and disruption. A national programme should support local authorities to organise area-based upgrades, starting with the homes and households most in need.

Imposing a real cost on fossil fuel extraction stops public subsidy of an industry whose product is incompatible with the climate limits we have signed up to. The carbon tax is one of the cleanest tools to end that hidden subsidy.

Each new climate agreement that includes a finance commitment must be honoured, not quietly diluted. Credibility on climate diplomacy depends on actually paying what has been pledged, on time, and as grants.",A_PKG_11
4,P-A,political_broadcast,political_agent,agent_a,pro_climate,556.0,broadcast,,climate_policy_package,"[""ClimatePolicyID(1)"", ""ClimatePolicyID(2)"", ""ClimatePolicyID(3)"", ""ClimatePolicyID(4)"", ""ClimatePolicyID(5)"", ""ClimatePolicyID(6)""]","Fuel poverty is a policy choice. By investing tens of billions a year in clean power and insulation, we can break the link between household bills and global gas prices, and ensure that no family has to choose between heating their home and putting food on the table.

Every new licence sends a signal to investors, workers and the world that this country is not serious about its climate obligations. Withdrawing that signal and committing to no new extraction is essential for credibility at home and abroad.

Scrappage support should be targeted first at low-income households and those most exposed to air pollution, ensuring the transition reduces inequality rather than entrenching it. A well-designed scheme is the difference between a fair transition and a punitive one.

Retrofit at street scale, rather than home by home, brings down costs and disruption. A national programme should support local authorities to organise area-based upgrades, starting with the homes and households most in need.

Imposing a real cost on fossil fuel extraction stops public subsidy of an industry whose product is incompatible with the climate limits we have signed up to. The carbon tax is one of the cleanest tools to end that hidden subsidy.

Each new climate agreement that includes a finance commitment must be honoured, not quietly diluted. Credibility on climate diplomacy depends on actually paying what has been pledged, on time, and as grants.",A_PKG_11
4,P-A,political_broadcast,political_agent,agent_a,pro_climate,440.0,broadcast,,climate_policy_package,"[""ClimatePolicyID(1)"", ""ClimatePolicyID(2)"", ""ClimatePolicyID(3)"", ""ClimatePolicyID(4)"", ""ClimatePolicyID(5)"", ""ClimatePolicyID(6)""]","Fuel poverty is a policy choice. By investing tens of billions a year in clean power and insulation, we can break the link between household bills and global gas prices, and ensure that no family has to choose between heating their home and putting food on the table.

Every new licence sends a signal to investors, workers and the world that this country is not serious about its climate obligations. Withdrawing that signal and committing to no new extraction is essential for credibility at home and abroad.

Scrappage support should be targeted first at low-income households and those most exposed to air pollution, ensuring the transition reduces inequality rather than entrenching it. A well-designed scheme is the difference between a fair transition and a punitive one.

Retrofit at street scale, rather than home by home, brings down costs and disruption. A national programme should support local authorities to organise area-based upgrades, starting with the homes and households most in need.

Imposing a real cost on fossil fuel extraction stops public subsidy of an industry whose product is incompatible with the climate limits we have signed up to. The carbon tax is one of the cleanest tools to end that hidden subsidy.

Each new climate agreement that includes a finance commitment must be honoured, not quietly diluted. Credibility on climate diplomacy depends on actually paying what has been pledged, on time, and as grants.",A_PKG_11
4,P-A,political_broadcast,political_agent,agent_a,pro_climate,355.0,broadcast,,climate_policy_package,"[""ClimatePolicyID(1)"", ""ClimatePolicyID(2)"", ""ClimatePolicyID(3)"", ""ClimatePolicyID(4)"", ""ClimatePolicyID(5)"", ""ClimatePolicyID(6)""]","Fuel poverty is a policy choice. By investing tens of billions a year in clean power and insulation, we can break the link between household bills and global gas prices, and ensure that no family has to choose between heating their home and putting food on the table.

Every new licence sends a signal to investors, workers and the world that this country is not serious about its climate obligations. Withdrawing that signal and committing to no new extraction is essential for credibility at home and abroad.

Scrappage support should be targeted first at low-income households and those most exposed to air pollution, ensuring the transition reduces inequality rather than entrenching it. A well-designed scheme is the difference between a fair transition and a punitive one.

Retrofit at street scale, rather than home by home, brings down costs and disruption. A national programme should support local authorities to organise area-based upgrades, starting with the homes and households most in need.

Imposing a real cost on fossil fuel extraction stops public subsidy of an industry whose product is incompatible with the climate limits we have signed up to. The carbon tax is one of the cleanest tools to end that hidden subsidy.

Each new climate agreement that includes a finance commitment must be honoured, not quietly diluted. Credibility on climate diplomacy depends on actually paying what has been pledged, on time, and as grants.",A_PKG_11
4,P-A,political_broadcast,political_agent,agent_a,pro_climate,806.0,broadcast,,climate_policy_package,"[""ClimatePolicyID(1)"", ""ClimatePolicyID(2)"", ""ClimatePolicyID(3)"", ""ClimatePolicyID(4)"", ""ClimatePolicyID(5)"", ""ClimatePolicyID(6)""]","Fuel poverty is a policy choice. By investing tens of billions a year in clean power and insulation, we can break the link between household bills and global gas prices, and ensure that no family has to choose between heating their home and putting food on the table.

Every new licence sends a signal to investors, workers and the world that this country is not serious about its climate obligations. Withdrawing that signal and committing to no new extraction is essential for credibility at home and abroad.

Scrappage support should be targeted first at low-income households and those most exposed to air pollution, ensuring the transition reduces inequality rather than entrenching it. A well-designed scheme is the difference between a fair transition and a punitive one.

Retrofit at street scale, rather than home by home, brings down costs and disruption. A national programme should support local authorities to organise area-based upgrades, starting with the homes and households most in need.

Imposing a real cost on fossil fuel extraction stops public subsidy of an industry whose product is incompatible with the climate limits we have signed up to. The carbon tax is one of the cleanest tools to end that hidden subsidy.

Each new climate agreement that includes a finance commitment must be honoured, not quietly diluted. Credibility on climate diplomacy depends on actually paying what has been pledged, on time, and as grants.",A_PKG_11
4,P-A,political_broadcast,political_agent,agent_a,pro_climate,1269.0,broadcast,,climate_policy_package,"[""ClimatePolicyID(1)"", ""ClimatePolicyID(2)"", ""ClimatePolicyID(3)"", ""ClimatePolicyID(4)"", ""ClimatePolicyID(5)"", ""ClimatePolicyID(6)""]","Fuel poverty is a policy choice. By investing tens of billions a year in clean power and insulation, we can break the link between household bills and global gas prices, and ensure that no family has to choose between heating their home and putting food on the table.

Every new licence sends a signal to investors, workers and the world that this country is not serious about its climate obligations. Withdrawing that signal and committing to no new extraction is essential for credibility at home and abroad.

Scrappage support should be targeted first at low-income households and those most exposed to air pollution, ensuring the transition reduces inequality rather than entrenching it. A well-designed scheme is the difference between a fair transition and a punitive one.

Retrofit at street scale, rather than home by home, brings down costs and disruption. A national programme should support local authorities to organise area-based upgrades, starting with the homes and households most in need.

Imposing a real cost on fossil fuel extraction stops public subsidy of an industry whose product is incompatible with the climate limits we have signed up to. The carbon tax is one of the cleanest tools to end that hidden subsidy.

Each new climate agreement that includes a finance commitment must be honoured, not quietly diluted. Credibility on climate diplomacy depends on actually paying what has been pledged, on time, and as grants.",A_PKG_11
4,P-A,political_broadcast,political_agent,agent_a,pro_climate,1339.0,broadcast,,climate_policy_package,"[""ClimatePolicyID(1)"", ""ClimatePolicyID(2)"", ""ClimatePolicyID(3)"", ""ClimatePolicyID(4)"", ""ClimatePolicyID(5)"", ""ClimatePolicyID(6)""]","Fuel poverty is a policy choice. By investing tens of billions a year in clean power and insulation, we can break the link between household bills and global gas prices, and ensure that no family has to choose between heating their home and putting food on the table.

Every new licence sends a signal to investors, workers and the world that this country is not serious about its climate obligations. Withdrawing that signal and committing to no new extraction is essential for credibility at home and abroad.

Scrappage support should be targeted first at low-income households and those most exposed to air pollution, ensuring the transition reduces inequality rather than entrenching it. A well-designed scheme is the difference between a fair transition and a punitive one.

Retrofit at street scale, rather than home by home, brings down costs and disruption. A national programme should support local authorities to organise area-based upgrades, starting with the homes and households most in need.

Imposing a real cost on fossil fuel extraction stops public subsidy of an industry whose product is incompatible with the climate limits we have signed up to. The carbon tax is one of the cleanest tools to end that hidden subsidy.

Each new climate agreement that includes a finance commitment must be honoured, not quietly diluted. Credibility on climate diplomacy depends on actually paying what has been pledged, on time, and as grants.",A_PKG_11
4,P-A,political_broadcast,political_agent,agent_a,pro_climate,828.0,broadcast,,climate_policy_package,"[""ClimatePolicyID(1)"", ""ClimatePolicyID(2)"", ""ClimatePolicyID(3)"", ""ClimatePolicyID(4)"", ""ClimatePolicyID(5)"", ""ClimatePolicyID(6)""]","Fuel poverty is a policy choice. By investing tens of billions a year in clean power and insulation, we can break the link between household bills and global gas prices, and ensure that no family has to choose between heating their home and putting food on the table.

Every new licence sends a signal to investors, workers and the world that this country is not serious about its climate obligations. Withdrawing that signal and committing to no new extraction is essential for credibility at home and abroad.

Scrappage support should be targeted first at low-income households and those most exposed to air pollution, ensuring the transition reduces inequality rather than entrenching it. A well-designed scheme is the difference between a fair transition and a punitive one.

Retrofit at street scale, rather than home by home, brings down costs and disruption. A national programme should support local authorities to organise area-based upgrades, starting with the homes and households most in need.

Imposing a real cost on fossil fuel extraction stops public subsidy of an industry whose product is incompatible with the climate limits we have signed up to. The carbon tax is one of the cleanest tools to end that hidden subsidy.

Each new climate agreement that includes a finance commitment must be honoured, not quietly diluted. Credibility on climate diplomacy depends on actually paying what has been pledged, on time, and as grants.",A_PKG_11
4,P-A,political_broadcast,political_agent,agent_a,pro_climate,740.0,broadcast,,climate_policy_package,"[""ClimatePolicyID(1)"", ""ClimatePolicyID(2)"", ""ClimatePolicyID(3)"", ""ClimatePolicyID(4)"", ""ClimatePolicyID(5)"", ""ClimatePolicyID(6)""]","Fuel poverty is a policy choice. By investing tens of billions a year in clean power and insulation, we can break the link between household bills and global gas prices, and ensure that no family has to choose between heating their home and putting food on the table.

Every new licence sends a signal to investors, workers and the world that this country is not serious about its climate obligations. Withdrawing that signal and committing to no new extraction is essential for credibility at home and abroad.

Scrappage support should be targeted first at low-income households and those most exposed to air pollution, ensuring the transition reduces inequality rather than entrenching it. A well-designed scheme is the difference between a fair transition and a punitive one.

Retrofit at street scale, rather than home by home, brings down costs and disruption. A national programme should support local authorities to organise area-based upgrades, starting with the homes and households most in need.

Imposing a real cost on fossil fuel extraction stops public subsidy of an industry whose product is incompatible with the climate limits we have signed up to. The carbon tax is one of the cleanest tools to end that hidden subsidy.

Each new climate agreement that includes a finance commitment must be honoured, not quietly diluted. Credibility on climate diplomacy depends on actually paying what has been pledged, on time, and as grants.",A_PKG_11
4,P-A,political_broadcast,political_agent,agent_a,pro_climate,1373.0,broadcast,,climate_policy_package,"[""ClimatePolicyID(1)"", ""ClimatePolicyID(2)"", ""ClimatePolicyID(3)"", ""ClimatePolicyID(4)"", ""ClimatePolicyID(5)"", ""ClimatePolicyID(6)""]","Fuel poverty is a policy choice. By investing tens of billions a year in clean power and insulation, we can break the link between household bills and global gas prices, and ensure that no family has to choose between heating their home and putting food on the table.

Every new licence sends a signal to investors, workers and the world that this country is not serious about its climate obligations. Withdrawing that signal and committing to no new extraction is essential for credibility at home and abroad.

Scrappage support should be targeted first at low-income households and those most exposed to air pollution, ensuring the transition reduces inequality rather than entrenching it. A well-designed scheme is the difference between a fair transition and a punitive one.

Retrofit at street scale, rather than home by home, brings down costs and disruption. A national programme should support local authorities to organise area-based upgrades, starting with the homes and households most in need.

Imposing a real cost on fossil fuel extraction stops public subsidy of an industry whose product is incompatible with the climate limits we have signed up to. The carbon tax is one of the cleanest tools to end that hidden subsidy.

Each new climate agreement that includes a finance commitment must be honoured, not quietly diluted. Credibility on climate diplomacy depends on actually paying what has been pledged, on time, and as grants.",A_PKG_11
4,P-A,political_broadcast,political_agent,agent_a,pro_climate,416.0,broadcast,,climate_policy_package,"[""ClimatePolicyID(1)"", ""ClimatePolicyID(2)"", ""ClimatePolicyID(3)"", ""ClimatePolicyID(4)"", ""ClimatePolicyID(5)"", ""ClimatePolicyID(6)""]","Fuel poverty is a policy choice. By investing tens of billions a year in clean power and insulation, we can break the link between household bills and global gas prices, and ensure that no family has to choose between heating their home and putting food on the table.

Every new licence sends a signal to investors, workers and the world that this country is not serious about its climate obligations. Withdrawing that signal and committing to no new extraction is essential for credibility at home and abroad.

Scrappage support should be targeted first at low-income households and those most exposed to air pollution, ensuring the transition reduces inequality rather than entrenching it. A well-designed scheme is the difference between a fair transition and a punitive one.

Retrofit at street scale, rather than home by home, brings down costs and disruption. A national programme should support local authorities to organise area-based upgrades, starting with the homes and households most in need.

Imposing a real cost on fossil fuel extraction stops public subsidy of an industry whose product is incompatible with the climate limits we have signed up to. The carbon tax is one of the cleanest tools to end that hidden subsidy.

Each new climate agreement that includes a finance commitment must be honoured, not quietly diluted. Credibility on climate diplomacy depends on actually paying what has been pledged, on time, and as grants.",A_PKG_11
4,P-A,political_broadcast,political_agent,agent_a,pro_climate,1382.0,broadcast,,climate_policy_package,"[""ClimatePolicyID(1)"", ""ClimatePolicyID(2)"", ""ClimatePolicyID(3)"", ""ClimatePolicyID(4)"", ""ClimatePolicyID(5)"", ""ClimatePolicyID(6)""]","Fuel poverty is a policy choice. By investing tens of billions a year in clean power and insulation, we can break the link between household bills and global gas prices, and ensure that no family has to choose between heating their home and putting food on the table.

Every new licence sends a signal to investors, workers and the world that this country is not serious about its climate obligations. Withdrawing that signal and committing to no new extraction is essential for credibility at home and abroad.

Scrappage support should be targeted first at low-income households and those most exposed to air pollution, ensuring the transition reduces inequality rather than entrenching it. A well-designed scheme is the difference between a fair transition and a punitive one.

Retrofit at street scale, rather than home by home, brings down costs and disruption. A national programme should support local authorities to organise area-based upgrades, starting with the homes and households most in need.

Imposing a real cost on fossil fuel extraction stops public subsidy of an industry whose product is incompatible with the climate limits we have signed up to. The carbon tax is one of the cleanest tools to end that hidden subsidy.

Each new climate agreement that includes a finance commitment must be honoured, not quietly diluted. Credibility on climate diplomacy depends on actually paying what has been pledged, on time, and as grants.",A_PKG_11
4,P-A,political_broadcast,political_agent,agent_a,pro_climate,1535.0,broadcast,,climate_policy_package,"[""ClimatePolicyID(1)"", ""ClimatePolicyID(2)"", ""ClimatePolicyID(3)"", ""ClimatePolicyID(4)"", ""ClimatePolicyID(5)"", ""ClimatePolicyID(6)""]","Fuel poverty is a policy choice. By investing tens of billions a year in clean power and insulation, we can break the link between household bills and global gas prices, and ensure that no family has to choose between heating their home and putting food on the table.

Every new licence sends a signal to investors, workers and the world that this country is not serious about its climate obligations. Withdrawing that signal and committing to no new extraction is essential for credibility at home and abroad.

Scrappage support should be targeted first at low-income households and those most exposed to air pollution, ensuring the transition reduces inequality rather than entrenching it. A well-designed scheme is the difference between a fair transition and a punitive one.

Retrofit at street scale, rather than home by home, brings down costs and disruption. A national programme should support local authorities to organise area-based upgrades, starting with the homes and households most in need.

Imposing a real cost on fossil fuel extraction stops public subsidy of an industry whose product is incompatible with the climate limits we have signed up to. The carbon tax is one of the cleanest tools to end that hidden subsidy.

Each new climate agreement that includes a finance commitment must be honoured, not quietly diluted. Credibility on climate diplomacy depends on actually paying what has been pledged, on time, and as grants.",A_PKG_11
4,P-A,political_broadcast,political_agent,agent_a,pro_climate,1404.0,broadcast,,climate_policy_package,"[""ClimatePolicyID(1)"", ""ClimatePolicyID(2)"", ""ClimatePolicyID(3)"", ""ClimatePolicyID(4)"", ""ClimatePolicyID(5)"", ""ClimatePolicyID(6)""]","Fuel poverty is a policy choice. By investing tens of billions a year in clean power and insulation, we can break the link between household bills and global gas prices, and ensure that no family has to choose between heating their home and putting food on the table.

Every new licence sends a signal to investors, workers and the world that this country is not serious about its climate obligations. Withdrawing that signal and committing to no new extraction is essential for credibility at home and abroad.

Scrappage support should be targeted first at low-income households and those most exposed to air pollution, ensuring the transition reduces inequality rather than entrenching it. A well-designed scheme is the difference between a fair transition and a punitive one.

Retrofit at street scale, rather than home by home, brings down costs and disruption. A national programme should support local authorities to organise area-based upgrades, starting with the homes and households most in need.

Imposing a real cost on fossil fuel extraction stops public subsidy of an industry whose product is incompatible with the climate limits we have signed up to. The carbon tax is one of the cleanest tools to end that hidden subsidy.

Each new climate agreement that includes a finance commitment must be honoured, not quietly diluted. Credibility on climate diplomacy depends on actually paying what has been pledged, on time, and as grants.",A_PKG_11
4,P-A,political_broadcast,political_agent,agent_a,pro_climate,1045.0,broadcast,,climate_policy_package,"[""ClimatePolicyID(1)"", ""ClimatePolicyID(2)"", ""ClimatePolicyID(3)"", ""ClimatePolicyID(4)"", ""ClimatePolicyID(5)"", ""ClimatePolicyID(6)""]","Fuel poverty is a policy choice. By investing tens of billions a year in clean power and insulation, we can break the link between household bills and global gas prices, and ensure that no family has to choose between heating their home and putting food on the table.

Every new licence sends a signal to investors, workers and the world that this country is not serious about its climate obligations. Withdrawing that signal and committing to no new extraction is essential for credibility at home and abroad.

Scrappage support should be targeted first at low-income households and those most exposed to air pollution, ensuring the transition reduces inequality rather than entrenching it. A well-designed scheme is the difference between a fair transition and a punitive one.

Retrofit at street scale, rather than home by home, brings down costs and disruption. A national programme should support local authorities to organise area-based upgrades, starting with the homes and households most in need.

Imposing a real cost on fossil fuel extraction stops public subsidy of an industry whose product is incompatible with the climate limits we have signed up to. The carbon tax is one of the cleanest tools to end that hidden subsidy.

Each new climate agreement that includes a finance commitment must be honoured, not quietly diluted. Credibility on climate diplomacy depends on actually paying what has been pledged, on time, and as grants.",A_PKG_11
4,P-A,political_broadcast,political_agent,agent_a,pro_climate,424.0,broadcast,,climate_policy_package,"[""ClimatePolicyID(1)"", ""ClimatePolicyID(2)"", ""ClimatePolicyID(3)"", ""ClimatePolicyID(4)"", ""ClimatePolicyID(5)"", ""ClimatePolicyID(6)""]","Fuel poverty is a policy choice. By investing tens of billions a year in clean power and insulation, we can break the link between household bills and global gas prices, and ensure that no family has to choose between heating their home and putting food on the table.

Every new licence sends a signal to investors, workers and the world that this country is not serious about its climate obligations. Withdrawing that signal and committing to no new extraction is essential for credibility at home and abroad.

Scrappage support should be targeted first at low-income households and those most exposed to air pollution, ensuring the transition reduces inequality rather than entrenching it. A well-designed scheme is the difference between a fair transition and a punitive one.

Retrofit at street scale, rather than home by home, brings down costs and disruption. A national programme should support local authorities to organise area-based upgrades, starting with the homes and households most in need.

Imposing a real cost on fossil fuel extraction stops public subsidy of an industry whose product is incompatible with the climate limits we have signed up to. The carbon tax is one of the cleanest tools to end that hidden subsidy.

Each new climate agreement that includes a finance commitment must be honoured, not quietly diluted. Credibility on climate diplomacy depends on actually paying what has been pledged, on time, and as grants.",A_PKG_11
4,P-A,political_broadcast,political_agent,agent_a,pro_climate,1213.0,broadcast,,climate_policy_package,"[""ClimatePolicyID(1)"", ""ClimatePolicyID(2)"", ""ClimatePolicyID(3)"", ""ClimatePolicyID(4)"", ""ClimatePolicyID(5)"", ""ClimatePolicyID(6)""]","Fuel poverty is a policy choice. By investing tens of billions a year in clean power and insulation, we can break the link between household bills and global gas prices, and ensure that no family has to choose between heating their home and putting food on the table.

Every new licence sends a signal to investors, workers and the world that this country is not serious about its climate obligations. Withdrawing that signal and committing to no new extraction is essential for credibility at home and abroad.

Scrappage support should be targeted first at low-income households and those most exposed to air pollution, ensuring the transition reduces inequality rather than entrenching it. A well-designed scheme is the difference between a fair transition and a punitive one.

Retrofit at street scale, rather than home by home, brings down costs and disruption. A national programme should support local authorities to organise area-based upgrades, starting with the homes and households most in need.

Imposing a real cost on fossil fuel extraction stops public subsidy of an industry whose product is incompatible with the climate limits we have signed up to. The carbon tax is one of the cleanest tools to end that hidden subsidy.

Each new climate agreement that includes a finance commitment must be honoured, not quietly diluted. Credibility on climate diplomacy depends on actually paying what has been pledged, on time, and as grants.",A_PKG_11
5,P-A,political_broadcast,political_agent,agent_a,pro_climate,1878.0,broadcast,,climate_policy_package,"[""ClimatePolicyID(1)"", ""ClimatePolicyID(2)"", ""ClimatePolicyID(3)"", ""ClimatePolicyID(4)"", ""ClimatePolicyID(5)"", ""ClimatePolicyID(6)""]","Decent green jobs in manufacturing, installation and grid services would follow rapidly from a forty billion pound annual investment commitment. Communities that lost industry decades ago could be at the centre of building, maintaining and operating the new energy system. That is the economic case for the renewables roll-out.

We cannot drill our way out of a climate emergency. Banning new licences is the threshold question that separates serious climate policy from greenwash. Until that line is drawn, every other target lacks credibility.

The car industry has been calling for clarity for years. A firm and earlier end-date for new petrol and diesel sales gives manufacturers and investors the long-term signal they need to commit fully to electric production lines and the supply chains that go with them.

Free insulation and heat pump installation for those on low incomes would deliver immediate cuts to bills, improvements in health and reductions in emissions. It is the kind of programme that pays back many times over and should have started years ago.

Fossil fuel companies have made record profits while ordinary households absorb the impacts of climate change. A serious tax on their extraction and imports is basic fairness, and using the revenue for public investment compounds the benefit.

Historic responsibility for emissions sits overwhelmingly with industrialised countries. Acknowledging that responsibility through serious financial support for those now facing the worst impacts is a question of basic fairness and international honour.",A_PKG_06
5,P-A,political_broadcast,political_agent,agent_a,pro_climate,844.0,broadcast,,climate_policy_package,"[""ClimatePolicyID(1)"", ""ClimatePolicyID(2)"", ""ClimatePolicyID(3)"", ""ClimatePolicyID(4)"", ""ClimatePolicyID(5)"", ""ClimatePolicyID(6)""]","Decent green jobs in manufacturing, installation and grid services would follow rapidly from a forty billion pound annual investment commitment. Communities that lost industry decades ago could be at the centre of building, maintaining and operating the new energy system. That is the economic case for the renewables roll-out.

We cannot drill our way out of a climate emergency. Banning new licences is the threshold question that separates serious climate policy from greenwash. Until that line is drawn, every other target lacks credibility.

The car industry has been calling for clarity for years. A firm and earlier end-date for new petrol and diesel sales gives manufacturers and investors the long-term signal they need to commit fully to electric production lines and the supply chains that go with them.

Free insulation and heat pump installation for those on low incomes would deliver immediate cuts to bills, improvements in health and reductions in emissions. It is the kind of programme that pays back many times over and should have started years ago.

Fossil fuel companies have made record profits while ordinary households absorb the impacts of climate change. A serious tax on their extraction and imports is basic fairness, and using the revenue for public investment compounds the benefit.

Historic responsibility for emissions sits overwhelmingly with industrialised countries. Acknowledging that responsibility through serious financial support for those now facing the worst impacts is a question of basic fairness and international honour.",A_PKG_06
5,P-A,political_broadcast,political_agent,agent_a,pro_climate,409.0,broadcast,,climate_policy_package,"[""ClimatePolicyID(1)"", ""ClimatePolicyID(2)"", ""ClimatePolicyID(3)"", ""ClimatePolicyID(4)"", ""ClimatePolicyID(5)"", ""ClimatePolicyID(6)""]","Decent green jobs in manufacturing, installation and grid services would follow rapidly from a forty billion pound annual investment commitment. Communities that lost industry decades ago could be at the centre of building, maintaining and operating the new energy system. That is the economic case for the renewables roll-out.

We cannot drill our way out of a climate emergency. Banning new licences is the threshold question that separates serious climate policy from greenwash. Until that line is drawn, every other target lacks credibility.

The car industry has been calling for clarity for years. A firm and earlier end-date for new petrol and diesel sales gives manufacturers and investors the long-term signal they need to commit fully to electric production lines and the supply chains that go with them.

Free insulation and heat pump installation for those on low incomes would deliver immediate cuts to bills, improvements in health and reductions in emissions. It is the kind of programme that pays back many times over and should have started years ago.

Fossil fuel companies have made record profits while ordinary households absorb the impacts of climate change. A serious tax on their extraction and imports is basic fairness, and using the revenue for public investment compounds the benefit.

Historic responsibility for emissions sits overwhelmingly with industrialised countries. Acknowledging that responsibility through serious financial support for those now facing the worst impacts is a question of basic fairness and international honour.",A_PKG_06
5,P-A,political_broadcast,political_agent,agent_a,pro_climate,1957.0,broadcast,,climate_policy_package,"[""ClimatePolicyID(1)"", ""ClimatePolicyID(2)"", ""ClimatePolicyID(3)"", ""ClimatePolicyID(4)"", ""ClimatePolicyID(5)"", ""ClimatePolicyID(6)""]","Decent green jobs in manufacturing, installation and grid services would follow rapidly from a forty billion pound annual investment commitment. Communities that lost industry decades ago could be at the centre of building, maintaining and operating the new energy system. That is the economic case for the renewables roll-out.

We cannot drill our way out of a climate emergency. Banning new licences is the threshold question that separates serious climate policy from greenwash. Until that line is drawn, every other target lacks credibility.

The car industry has been calling for clarity for years. A firm and earlier end-date for new petrol and diesel sales gives manufacturers and investors the long-term signal they need to commit fully to electric production lines and the supply chains that go with them.

Free insulation and heat pump installation for those on low incomes would deliver immediate cuts to bills, improvements in health and reductions in emissions. It is the kind of programme that pays back many times over and should have started years ago.

Fossil fuel companies have made record profits while ordinary households absorb the impacts of climate change. A serious tax on their extraction and imports is basic fairness, and using the revenue for public investment compounds the benefit.

Historic responsibility for emissions sits overwhelmingly with industrialised countries. Acknowledging that responsibility through serious financial support for those now facing the worst impacts is a question of basic fairness and international honour.",A_PKG_06
5,P-A,political_broadcast,political_agent,agent_a,pro_climate,91.0,broadcast,,climate_policy_package,"[""ClimatePolicyID(1)"", ""ClimatePolicyID(2)"", ""ClimatePolicyID(3)"", ""ClimatePolicyID(4)"", ""ClimatePolicyID(5)"", ""ClimatePolicyID(6)""]","Decent green jobs in manufacturing, installation and grid services would follow rapidly from a forty billion pound annual investment commitment. Communities that lost industry decades ago could be at the centre of building, maintaining and operating the new energy system. That is the economic case for the renewables roll-out.

We cannot drill our way out of a climate emergency. Banning new licences is the threshold question that separates serious climate policy from greenwash. Until that line is drawn, every other target lacks credibility.

The car industry has been calling for clarity for years. A firm and earlier end-date for new petrol and diesel sales gives manufacturers and investors the long-term signal they need to commit fully to electric production lines and the supply chains that go with them.

Free insulation and heat pump installation for those on low incomes would deliver immediate cuts to bills, improvements in health and reductions in emissions. It is the kind of programme that pays back many times over and should have started years ago.

Fossil fuel companies have made record profits while ordinary households absorb the impacts of climate change. A serious tax on their extraction and imports is basic fairness, and using the revenue for public investment compounds the benefit.

Historic responsibility for emissions sits overwhelmingly with industrialised countries. Acknowledging that responsibility through serious financial support for those now facing the worst impacts is a question of basic fairness and international honour.",A_PKG_06
5,P-A,political_broadcast,political_agent,agent_a,pro_climate,166.0,broadcast,,climate_policy_package,"[""ClimatePolicyID(1)"", ""ClimatePolicyID(2)"", ""ClimatePolicyID(3)"", ""ClimatePolicyID(4)"", ""ClimatePolicyID(5)"", ""ClimatePolicyID(6)""]","Decent green jobs in manufacturing, installation and grid services would follow rapidly from a forty billion pound annual investment commitment. Communities that lost industry decades ago could be at the centre of building, maintaining and operating the new energy system. That is the economic case for the renewables roll-out.

We cannot drill our way out of a climate emergency. Banning new licences is the threshold question that separates serious climate policy from greenwash. Until that line is drawn, every other target lacks credibility.

The car industry has been calling for clarity for years. A firm and earlier end-date for new petrol and diesel sales gives manufacturers and investors the long-term signal they need to commit fully to electric production lines and the supply chains that go with them.

Free insulation and heat pump installation for those on low incomes would deliver immediate cuts to bills, improvements in health and reductions in emissions. It is the kind of programme that pays back many times over and should have started years ago.

Fossil fuel companies have made record profits while ordinary households absorb the impacts of climate change. A serious tax on their extraction and imports is basic fairness, and using the revenue for public investment compounds the benefit.

Historic responsibility for emissions sits overwhelmingly with industrialised countries. Acknowledging that responsibility through serious financial support for those now facing the worst impacts is a question of basic fairness and international honour.",A_PKG_06
5,P-A,political_broadcast,political_agent,agent_a,pro_climate,1262.0,broadcast,,climate_policy_package,"[""ClimatePolicyID(1)"", ""ClimatePolicyID(2)"", ""ClimatePolicyID(3)"", ""ClimatePolicyID(4)"", ""ClimatePolicyID(5)"", ""ClimatePolicyID(6)""]","Decent green jobs in manufacturing, installation and grid services would follow rapidly from a forty billion pound annual investment commitment. Communities that lost industry decades ago could be at the centre of building, maintaining and operating the new energy system. That is the economic case for the renewables roll-out.

We cannot drill our way out of a climate emergency. Banning new licences is the threshold question that separates serious climate policy from greenwash. Until that line is drawn, every other target lacks credibility.

The car industry has been calling for clarity for years. A firm and earlier end-date for new petrol and diesel sales gives manufacturers and investors the long-term signal they need to commit fully to electric production lines and the supply chains that go with them.

Free insulation and heat pump installation for those on low incomes would deliver immediate cuts to bills, improvements in health and reductions in emissions. It is the kind of programme that pays back many times over and should have started years ago.

Fossil fuel companies have made record profits while ordinary households absorb the impacts of climate change. A serious tax on their extraction and imports is basic fairness, and using the revenue for public investment compounds the benefit.

Historic responsibility for emissions sits overwhelmingly with industrialised countries. Acknowledging that responsibility through serious financial support for those now facing the worst impacts is a question of basic fairness and international honour.",A_PKG_06
5,P-A,political_broadcast,political_agent,agent_a,pro_climate,377.0,broadcast,,climate_policy_package,"[""ClimatePolicyID(1)"", ""ClimatePolicyID(2)"", ""ClimatePolicyID(3)"", ""ClimatePolicyID(4)"", ""ClimatePolicyID(5)"", ""ClimatePolicyID(6)""]","Decent green jobs in manufacturing, installation and grid services would follow rapidly from a forty billion pound annual investment commitment. Communities that lost industry decades ago could be at the centre of building, maintaining and operating the new energy system. That is the economic case for the renewables roll-out.

We cannot drill our way out of a climate emergency. Banning new licences is the threshold question that separates serious climate policy from greenwash. Until that line is drawn, every other target lacks credibility.

The car industry has been calling for clarity for years. A firm and earlier end-date for new petrol and diesel sales gives manufacturers and investors the long-term signal they need to commit fully to electric production lines and the supply chains that go with them.

Free insulation and heat pump installation for those on low incomes would deliver immediate cuts to bills, improvements in health and reductions in emissions. It is the kind of programme that pays back many times over and should have started years ago.

Fossil fuel companies have made record profits while ordinary households absorb the impacts of climate change. A serious tax on their extraction and imports is basic fairness, and using the revenue for public investment compounds the benefit.

Historic responsibility for emissions sits overwhelmingly with industrialised countries. Acknowledging that responsibility through serious financial support for those now facing the worst impacts is a question of basic fairness and international honour.",A_PKG_06
5,P-A,political_broadcast,political_agent,agent_a,pro_climate,574.0,broadcast,,climate_policy_package,"[""ClimatePolicyID(1)"", ""ClimatePolicyID(2)"", ""ClimatePolicyID(3)"", ""ClimatePolicyID(4)"", ""ClimatePolicyID(5)"", ""ClimatePolicyID(6)""]","Decent green jobs in manufacturing, installation and grid services would follow rapidly from a forty billion pound annual investment commitment. Communities that lost industry decades ago could be at the centre of building, maintaining and operating the new energy system. That is the economic case for the renewables roll-out.

We cannot drill our way out of a climate emergency. Banning new licences is the threshold question that separates serious climate policy from greenwash. Until that line is drawn, every other target lacks credibility.

The car industry has been calling for clarity for years. A firm and earlier end-date for new petrol and diesel sales gives manufacturers and investors the long-term signal they need to commit fully to electric production lines and the supply chains that go with them.

Free insulation and heat pump installation for those on low incomes would deliver immediate cuts to bills, improvements in health and reductions in emissions. It is the kind of programme that pays back many times over and should have started years ago.

Fossil fuel companies have made record profits while ordinary households absorb the impacts of climate change. A serious tax on their extraction and imports is basic fairness, and using the revenue for public investment compounds the benefit.

Historic responsibility for emissions sits overwhelmingly with industrialised countries. Acknowledging that responsibility through serious financial support for those now facing the worst impacts is a question of basic fairness and international honour.",A_PKG_06
5,P-A,political_broadcast,political_agent,agent_a,pro_climate,556.0,broadcast,,climate_policy_package,"[""ClimatePolicyID(1)"", ""ClimatePolicyID(2)"", ""ClimatePolicyID(3)"", ""ClimatePolicyID(4)"", ""ClimatePolicyID(5)"", ""ClimatePolicyID(6)""]","Decent green jobs in manufacturing, installation and grid services would follow rapidly from a forty billion pound annual investment commitment. Communities that lost industry decades ago could be at the centre of building, maintaining and operating the new energy system. That is the economic case for the renewables roll-out.

We cannot drill our way out of a climate emergency. Banning new licences is the threshold question that separates serious climate policy from greenwash. Until that line is drawn, every other target lacks credibility.

The car industry has been calling for clarity for years. A firm and earlier end-date for new petrol and diesel sales gives manufacturers and investors the long-term signal they need to commit fully to electric production lines and the supply chains that go with them.

Free insulation and heat pump installation for those on low incomes would deliver immediate cuts to bills, improvements in health and reductions in emissions. It is the kind of programme that pays back many times over and should have started years ago.

Fossil fuel companies have made record profits while ordinary households absorb the impacts of climate change. A serious tax on their extraction and imports is basic fairness, and using the revenue for public investment compounds the benefit.

Historic responsibility for emissions sits overwhelmingly with industrialised countries. Acknowledging that responsibility through serious financial support for those now facing the worst impacts is a question of basic fairness and international honour.",A_PKG_06
5,P-A,political_broadcast,political_agent,agent_a,pro_climate,440.0,broadcast,,climate_policy_package,"[""ClimatePolicyID(1)"", ""ClimatePolicyID(2)"", ""ClimatePolicyID(3)"", ""ClimatePolicyID(4)"", ""ClimatePolicyID(5)"", ""ClimatePolicyID(6)""]","Decent green jobs in manufacturing, installation and grid services would follow rapidly from a forty billion pound annual investment commitment. Communities that lost industry decades ago could be at the centre of building, maintaining and operating the new energy system. That is the economic case for the renewables roll-out.

We cannot drill our way out of a climate emergency. Banning new licences is the threshold question that separates serious climate policy from greenwash. Until that line is drawn, every other target lacks credibility.

The car industry has been calling for clarity for years. A firm and earlier end-date for new petrol and diesel sales gives manufacturers and investors the long-term signal they need to commit fully to electric production lines and the supply chains that go with them.

Free insulation and heat pump installation for those on low incomes would deliver immediate cuts to bills, improvements in health and reductions in emissions. It is the kind of programme that pays back many times over and should have started years ago.

Fossil fuel companies have made record profits while ordinary households absorb the impacts of climate change. A serious tax on their extraction and imports is basic fairness, and using the revenue for public investment compounds the benefit.

Historic responsibility for emissions sits overwhelmingly with industrialised countries. Acknowledging that responsibility through serious financial support for those now facing the worst impacts is a question of basic fairness and international honour.",A_PKG_06
5,P-A,political_broadcast,political_agent,agent_a,pro_climate,355.0,broadcast,,climate_policy_package,"[""ClimatePolicyID(1)"", ""ClimatePolicyID(2)"", ""ClimatePolicyID(3)"", ""ClimatePolicyID(4)"", ""ClimatePolicyID(5)"", ""ClimatePolicyID(6)""]","Decent green jobs in manufacturing, installation and grid services would follow rapidly from a forty billion pound annual investment commitment. Communities that lost industry decades ago could be at the centre of building, maintaining and operating the new energy system. That is the economic case for the renewables roll-out.

We cannot drill our way out of a climate emergency. Banning new licences is the threshold question that separates serious climate policy from greenwash. Until that line is drawn, every other target lacks credibility.

The car industry has been calling for clarity for years. A firm and earlier end-date for new petrol and diesel sales gives manufacturers and investors the long-term signal they need to commit fully to electric production lines and the supply chains that go with them.

Free insulation and heat pump installation for those on low incomes would deliver immediate cuts to bills, improvements in health and reductions in emissions. It is the kind of programme that pays back many times over and should have started years ago.

Fossil fuel companies have made record profits while ordinary households absorb the impacts of climate change. A serious tax on their extraction and imports is basic fairness, and using the revenue for public investment compounds the benefit.

Historic responsibility for emissions sits overwhelmingly with industrialised countries. Acknowledging that responsibility through serious financial support for those now facing the worst impacts is a question of basic fairness and international honour.",A_PKG_06
5,P-A,political_broadcast,political_agent,agent_a,pro_climate,806.0,broadcast,,climate_policy_package,"[""ClimatePolicyID(1)"", ""ClimatePolicyID(2)"", ""ClimatePolicyID(3)"", ""ClimatePolicyID(4)"", ""ClimatePolicyID(5)"", ""ClimatePolicyID(6)""]","Decent green jobs in manufacturing, installation and grid services would follow rapidly from a forty billion pound annual investment commitment. Communities that lost industry decades ago could be at the centre of building, maintaining and operating the new energy system. That is the economic case for the renewables roll-out.

We cannot drill our way out of a climate emergency. Banning new licences is the threshold question that separates serious climate policy from greenwash. Until that line is drawn, every other target lacks credibility.

The car industry has been calling for clarity for years. A firm and earlier end-date for new petrol and diesel sales gives manufacturers and investors the long-term signal they need to commit fully to electric production lines and the supply chains that go with them.

Free insulation and heat pump installation for those on low incomes would deliver immediate cuts to bills, improvements in health and reductions in emissions. It is the kind of programme that pays back many times over and should have started years ago.

Fossil fuel companies have made record profits while ordinary households absorb the impacts of climate change. A serious tax on their extraction and imports is basic fairness, and using the revenue for public investment compounds the benefit.

Historic responsibility for emissions sits overwhelmingly with industrialised countries. Acknowledging that responsibility through serious financial support for those now facing the worst impacts is a question of basic fairness and international honour.",A_PKG_06
5,P-A,political_broadcast,political_agent,agent_a,pro_climate,1269.0,broadcast,,climate_policy_package,"[""ClimatePolicyID(1)"", ""ClimatePolicyID(2)"", ""ClimatePolicyID(3)"", ""ClimatePolicyID(4)"", ""ClimatePolicyID(5)"", ""ClimatePolicyID(6)""]","Decent green jobs in manufacturing, installation and grid services would follow rapidly from a forty billion pound annual investment commitment. Communities that lost industry decades ago could be at the centre of building, maintaining and operating the new energy system. That is the economic case for the renewables roll-out.

We cannot drill our way out of a climate emergency. Banning new licences is the threshold question that separates serious climate policy from greenwash. Until that line is drawn, every other target lacks credibility.

The car industry has been calling for clarity for years. A firm and earlier end-date for new petrol and diesel sales gives manufacturers and investors the long-term signal they need to commit fully to electric production lines and the supply chains that go with them.

Free insulation and heat pump installation for those on low incomes would deliver immediate cuts to bills, improvements in health and reductions in emissions. It is the kind of programme that pays back many times over and should have started years ago.

Fossil fuel companies have made record profits while ordinary households absorb the impacts of climate change. A serious tax on their extraction and imports is basic fairness, and using the revenue for public investment compounds the benefit.

Historic responsibility for emissions sits overwhelmingly with industrialised countries. Acknowledging that responsibility through serious financial support for those now facing the worst impacts is a question of basic fairness and international honour.",A_PKG_06
5,P-A,political_broadcast,political_agent,agent_a,pro_climate,1339.0,broadcast,,climate_policy_package,"[""ClimatePolicyID(1)"", ""ClimatePolicyID(2)"", ""ClimatePolicyID(3)"", ""ClimatePolicyID(4)"", ""ClimatePolicyID(5)"", ""ClimatePolicyID(6)""]","Decent green jobs in manufacturing, installation and grid services would follow rapidly from a forty billion pound annual investment commitment. Communities that lost industry decades ago could be at the centre of building, maintaining and operating the new energy system. That is the economic case for the renewables roll-out.

We cannot drill our way out of a climate emergency. Banning new licences is the threshold question that separates serious climate policy from greenwash. Until that line is drawn, every other target lacks credibility.

The car industry has been calling for clarity for years. A firm and earlier end-date for new petrol and diesel sales gives manufacturers and investors the long-term signal they need to commit fully to electric production lines and the supply chains that go with them.

Free insulation and heat pump installation for those on low incomes would deliver immediate cuts to bills, improvements in health and reductions in emissions. It is the kind of programme that pays back many times over and should have started years ago.

Fossil fuel companies have made record profits while ordinary households absorb the impacts of climate change. A serious tax on their extraction and imports is basic fairness, and using the revenue for public investment compounds the benefit.

Historic responsibility for emissions sits overwhelmingly with industrialised countries. Acknowledging that responsibility through serious financial support for those now facing the worst impacts is a question of basic fairness and international honour.",A_PKG_06
5,P-A,political_broadcast,political_agent,agent_a,pro_climate,828.0,broadcast,,climate_policy_package,"[""ClimatePolicyID(1)"", ""ClimatePolicyID(2)"", ""ClimatePolicyID(3)"", ""ClimatePolicyID(4)"", ""ClimatePolicyID(5)"", ""ClimatePolicyID(6)""]","Decent green jobs in manufacturing, installation and grid services would follow rapidly from a forty billion pound annual investment commitment. Communities that lost industry decades ago could be at the centre of building, maintaining and operating the new energy system. That is the economic case for the renewables roll-out.

We cannot drill our way out of a climate emergency. Banning new licences is the threshold question that separates serious climate policy from greenwash. Until that line is drawn, every other target lacks credibility.

The car industry has been calling for clarity for years. A firm and earlier end-date for new petrol and diesel sales gives manufacturers and investors the long-term signal they need to commit fully to electric production lines and the supply chains that go with them.

Free insulation and heat pump installation for those on low incomes would deliver immediate cuts to bills, improvements in health and reductions in emissions. It is the kind of programme that pays back many times over and should have started years ago.

Fossil fuel companies have made record profits while ordinary households absorb the impacts of climate change. A serious tax on their extraction and imports is basic fairness, and using the revenue for public investment compounds the benefit.

Historic responsibility for emissions sits overwhelmingly with industrialised countries. Acknowledging that responsibility through serious financial support for those now facing the worst impacts is a question of basic fairness and international honour.",A_PKG_06
5,P-A,political_broadcast,political_agent,agent_a,pro_climate,740.0,broadcast,,climate_policy_package,"[""ClimatePolicyID(1)"", ""ClimatePolicyID(2)"", ""ClimatePolicyID(3)"", ""ClimatePolicyID(4)"", ""ClimatePolicyID(5)"", ""ClimatePolicyID(6)""]","Decent green jobs in manufacturing, installation and grid services would follow rapidly from a forty billion pound annual investment commitment. Communities that lost industry decades ago could be at the centre of building, maintaining and operating the new energy system. That is the economic case for the renewables roll-out.

We cannot drill our way out of a climate emergency. Banning new licences is the threshold question that separates serious climate policy from greenwash. Until that line is drawn, every other target lacks credibility.

The car industry has been calling for clarity for years. A firm and earlier end-date for new petrol and diesel sales gives manufacturers and investors the long-term signal they need to commit fully to electric production lines and the supply chains that go with them.

Free insulation and heat pump installation for those on low incomes would deliver immediate cuts to bills, improvements in health and reductions in emissions. It is the kind of programme that pays back many times over and should have started years ago.

Fossil fuel companies have made record profits while ordinary households absorb the impacts of climate change. A serious tax on their extraction and imports is basic fairness, and using the revenue for public investment compounds the benefit.

Historic responsibility for emissions sits overwhelmingly with industrialised countries. Acknowledging that responsibility through serious financial support for those now facing the worst impacts is a question of basic fairness and international honour.",A_PKG_06
5,P-A,political_broadcast,political_agent,agent_a,pro_climate,1373.0,broadcast,,climate_policy_package,"[""ClimatePolicyID(1)"", ""ClimatePolicyID(2)"", ""ClimatePolicyID(3)"", ""ClimatePolicyID(4)"", ""ClimatePolicyID(5)"", ""ClimatePolicyID(6)""]","Decent green jobs in manufacturing, installation and grid services would follow rapidly from a forty billion pound annual investment commitment. Communities that lost industry decades ago could be at the centre of building, maintaining and operating the new energy system. That is the economic case for the renewables roll-out.

We cannot drill our way out of a climate emergency. Banning new licences is the threshold question that separates serious climate policy from greenwash. Until that line is drawn, every other target lacks credibility.

The car industry has been calling for clarity for years. A firm and earlier end-date for new petrol and diesel sales gives manufacturers and investors the long-term signal they need to commit fully to electric production lines and the supply chains that go with them.

Free insulation and heat pump installation for those on low incomes would deliver immediate cuts to bills, improvements in health and reductions in emissions. It is the kind of programme that pays back many times over and should have started years ago.

Fossil fuel companies have made record profits while ordinary households absorb the impacts of climate change. A serious tax on their extraction and imports is basic fairness, and using the revenue for public investment compounds the benefit.

Historic responsibility for emissions sits overwhelmingly with industrialised countries. Acknowledging that responsibility through serious financial support for those now facing the worst impacts is a question of basic fairness and international honour.",A_PKG_06
5,P-A,political_broadcast,political_agent,agent_a,pro_climate,416.0,broadcast,,climate_policy_package,"[""ClimatePolicyID(1)"", ""ClimatePolicyID(2)"", ""ClimatePolicyID(3)"", ""ClimatePolicyID(4)"", ""ClimatePolicyID(5)"", ""ClimatePolicyID(6)""]","Decent green jobs in manufacturing, installation and grid services would follow rapidly from a forty billion pound annual investment commitment. Communities that lost industry decades ago could be at the centre of building, maintaining and operating the new energy system. That is the economic case for the renewables roll-out.

We cannot drill our way out of a climate emergency. Banning new licences is the threshold question that separates serious climate policy from greenwash. Until that line is drawn, every other target lacks credibility.

The car industry has been calling for clarity for years. A firm and earlier end-date for new petrol and diesel sales gives manufacturers and investors the long-term signal they need to commit fully to electric production lines and the supply chains that go with them.

Free insulation and heat pump installation for those on low incomes would deliver immediate cuts to bills, improvements in health and reductions in emissions. It is the kind of programme that pays back many times over and should have started years ago.

Fossil fuel companies have made record profits while ordinary households absorb the impacts of climate change. A serious tax on their extraction and imports is basic fairness, and using the revenue for public investment compounds the benefit.

Historic responsibility for emissions sits overwhelmingly with industrialised countries. Acknowledging that responsibility through serious financial support for those now facing the worst impacts is a question of basic fairness and international honour.",A_PKG_06
5,P-A,political_broadcast,political_agent,agent_a,pro_climate,1382.0,broadcast,,climate_policy_package,"[""ClimatePolicyID(1)"", ""ClimatePolicyID(2)"", ""ClimatePolicyID(3)"", ""ClimatePolicyID(4)"", ""ClimatePolicyID(5)"", ""ClimatePolicyID(6)""]","Decent green jobs in manufacturing, installation and grid services would follow rapidly from a forty billion pound annual investment commitment. Communities that lost industry decades ago could be at the centre of building, maintaining and operating the new energy system. That is the economic case for the renewables roll-out.

We cannot drill our way out of a climate emergency. Banning new licences is the threshold question that separates serious climate policy from greenwash. Until that line is drawn, every other target lacks credibility.

The car industry has been calling for clarity for years. A firm and earlier end-date for new petrol and diesel sales gives manufacturers and investors the long-term signal they need to commit fully to electric production lines and the supply chains that go with them.

Free insulation and heat pump installation for those on low incomes would deliver immediate cuts to bills, improvements in health and reductions in emissions. It is the kind of programme that pays back many times over and should have started years ago.

Fossil fuel companies have made record profits while ordinary households absorb the impacts of climate change. A serious tax on their extraction and imports is basic fairness, and using the revenue for public investment compounds the benefit.

Historic responsibility for emissions sits overwhelmingly with industrialised countries. Acknowledging that responsibility through serious financial support for those now facing the worst impacts is a question of basic fairness and international honour.",A_PKG_06
5,P-A,political_broadcast,political_agent,agent_a,pro_climate,1535.0,broadcast,,climate_policy_package,"[""ClimatePolicyID(1)"", ""ClimatePolicyID(2)"", ""ClimatePolicyID(3)"", ""ClimatePolicyID(4)"", ""ClimatePolicyID(5)"", ""ClimatePolicyID(6)""]","Decent green jobs in manufacturing, installation and grid services would follow rapidly from a forty billion pound annual investment commitment. Communities that lost industry decades ago could be at the centre of building, maintaining and operating the new energy system. That is the economic case for the renewables roll-out.

We cannot drill our way out of a climate emergency. Banning new licences is the threshold question that separates serious climate policy from greenwash. Until that line is drawn, every other target lacks credibility.

The car industry has been calling for clarity for years. A firm and earlier end-date for new petrol and diesel sales gives manufacturers and investors the long-term signal they need to commit fully to electric production lines and the supply chains that go with them.

Free insulation and heat pump installation for those on low incomes would deliver immediate cuts to bills, improvements in health and reductions in emissions. It is the kind of programme that pays back many times over and should have started years ago.

Fossil fuel companies have made record profits while ordinary households absorb the impacts of climate change. A serious tax on their extraction and imports is basic fairness, and using the revenue for public investment compounds the benefit.

Historic responsibility for emissions sits overwhelmingly with industrialised countries. Acknowledging that responsibility through serious financial support for those now facing the worst impacts is a question of basic fairness and international honour.",A_PKG_06
5,P-A,political_broadcast,political_agent,agent_a,pro_climate,1404.0,broadcast,,climate_policy_package,"[""ClimatePolicyID(1)"", ""ClimatePolicyID(2)"", ""ClimatePolicyID(3)"", ""ClimatePolicyID(4)"", ""ClimatePolicyID(5)"", ""ClimatePolicyID(6)""]","Decent green jobs in manufacturing, installation and grid services would follow rapidly from a forty billion pound annual investment commitment. Communities that lost industry decades ago could be at the centre of building, maintaining and operating the new energy system. That is the economic case for the renewables roll-out.

We cannot drill our way out of a climate emergency. Banning new licences is the threshold question that separates serious climate policy from greenwash. Until that line is drawn, every other target lacks credibility.

The car industry has been calling for clarity for years. A firm and earlier end-date for new petrol and diesel sales gives manufacturers and investors the long-term signal they need to commit fully to electric production lines and the supply chains that go with them.

Free insulation and heat pump installation for those on low incomes would deliver immediate cuts to bills, improvements in health and reductions in emissions. It is the kind of programme that pays back many times over and should have started years ago.

Fossil fuel companies have made record profits while ordinary households absorb the impacts of climate change. A serious tax on their extraction and imports is basic fairness, and using the revenue for public investment compounds the benefit.

Historic responsibility for emissions sits overwhelmingly with industrialised countries. Acknowledging that responsibility through serious financial support for those now facing the worst impacts is a question of basic fairness and international honour.",A_PKG_06
5,P-A,political_broadcast,political_agent,agent_a,pro_climate,1045.0,broadcast,,climate_policy_package,"[""ClimatePolicyID(1)"", ""ClimatePolicyID(2)"", ""ClimatePolicyID(3)"", ""ClimatePolicyID(4)"", ""ClimatePolicyID(5)"", ""ClimatePolicyID(6)""]","Decent green jobs in manufacturing, installation and grid services would follow rapidly from a forty billion pound annual investment commitment. Communities that lost industry decades ago could be at the centre of building, maintaining and operating the new energy system. That is the economic case for the renewables roll-out.

We cannot drill our way out of a climate emergency. Banning new licences is the threshold question that separates serious climate policy from greenwash. Until that line is drawn, every other target lacks credibility.

The car industry has been calling for clarity for years. A firm and earlier end-date for new petrol and diesel sales gives manufacturers and investors the long-term signal they need to commit fully to electric production lines and the supply chains that go with them.

Free insulation and heat pump installation for those on low incomes would deliver immediate cuts to bills, improvements in health and reductions in emissions. It is the kind of programme that pays back many times over and should have started years ago.

Fossil fuel companies have made record profits while ordinary households absorb the impacts of climate change. A serious tax on their extraction and imports is basic fairness, and using the revenue for public investment compounds the benefit.

Historic responsibility for emissions sits overwhelmingly with industrialised countries. Acknowledging that responsibility through serious financial support for those now facing the worst impacts is a question of basic fairness and international honour.",A_PKG_06
5,P-A,political_broadcast,political_agent,agent_a,pro_climate,424.0,broadcast,,climate_policy_package,"[""ClimatePolicyID(1)"", ""ClimatePolicyID(2)"", ""ClimatePolicyID(3)"", ""ClimatePolicyID(4)"", ""ClimatePolicyID(5)"", ""ClimatePolicyID(6)""]","Decent green jobs in manufacturing, installation and grid services would follow rapidly from a forty billion pound annual investment commitment. Communities that lost industry decades ago could be at the centre of building, maintaining and operating the new energy system. That is the economic case for the renewables roll-out.

We cannot drill our way out of a climate emergency. Banning new licences is the threshold question that separates serious climate policy from greenwash. Until that line is drawn, every other target lacks credibility.

The car industry has been calling for clarity for years. A firm and earlier end-date for new petrol and diesel sales gives manufacturers and investors the long-term signal they need to commit fully to electric production lines and the supply chains that go with them.

Free insulation and heat pump installation for those on low incomes would deliver immediate cuts to bills, improvements in health and reductions in emissions. It is the kind of programme that pays back many times over and should have started years ago.

Fossil fuel companies have made record profits while ordinary households absorb the impacts of climate change. A serious tax on their extraction and imports is basic fairness, and using the revenue for public investment compounds the benefit.

Historic responsibility for emissions sits overwhelmingly with industrialised countries. Acknowledging that responsibility through serious financial support for those now facing the worst impacts is a question of basic fairness and international honour.",A_PKG_06
5,P-A,political_broadcast,political_agent,agent_a,pro_climate,1213.0,broadcast,,climate_policy_package,"[""ClimatePolicyID(1)"", ""ClimatePolicyID(2)"", ""ClimatePolicyID(3)"", ""ClimatePolicyID(4)"", ""ClimatePolicyID(5)"", ""ClimatePolicyID(6)""]","Decent green jobs in manufacturing, installation and grid services would follow rapidly from a forty billion pound annual investment commitment. Communities that lost industry decades ago could be at the centre of building, maintaining and operating the new energy system. That is the economic case for the renewables roll-out.

We cannot drill our way out of a climate emergency. Banning new licences is the threshold question that separates serious climate policy from greenwash. Until that line is drawn, every other target lacks credibility.

The car industry has been calling for clarity for years. A firm and earlier end-date for new petrol and diesel sales gives manufacturers and investors the long-term signal they need to commit fully to electric production lines and the supply chains that go with them.

Free insulation and heat pump installation for those on low incomes would deliver immediate cuts to bills, improvements in health and reductions in emissions. It is the kind of programme that pays back many times over and should have started years ago.

Fossil fuel companies have made record profits while ordinary households absorb the impacts of climate change. A serious tax on their extraction and imports is basic fairness, and using the revenue for public investment compounds the benefit.

Historic responsibility for emissions sits overwhelmingly with industrialised countries. Acknowledging that responsibility through serious financial support for those now facing the worst impacts is a question of basic fairness and international honour.",A_PKG_06
5,P-B,political_broadcast,political_agent,agent_b,anti_climate,165.0,broadcast,,climate_policy_package,"[""ClimatePolicyID(1)"", ""ClimatePolicyID(2)"", ""ClimatePolicyID(3)"", ""ClimatePolicyID(4)"", ""ClimatePolicyID(5)"", ""ClimatePolicyID(6)""]","Decisions made by a distant political class have left British families colder and poorer this winter. Renewable subsidies have not delivered the cheap, abundant energy that was promised, only higher bills and weaker industry. We must scrap Net Zero targets and the subsidies that follow from them.

Every barrel we do not produce here is a barrel we buy from somewhere else, usually at higher cost and with worse environmental standards. Refusing new licences is a moral and economic mistake that punishes British workers to make foreign producers richer.

Manufacturers are being forced to discount EVs and produce vehicles at a loss to meet arbitrary quotas. That cannot continue without damaging the entire automotive supply chain. Scrapping the mandate would restore market sense and protect British jobs.

Record taxes, wasteful government spending and nanny-state regulations are wrecking the economy. The mandate for heat pumps, solar panels and high-level insulation on every new build is one of the most visible examples. Removing it would help builders deliver affordable homes.

Pensioners and low-income households suffer most when carbon levies push up electricity prices. The tax is regressive in practice no matter how it is described in theory. Removing it is a simple, fair way to protect those least able to absorb higher bills.

Multilateral climate bodies impose obligations on countries like Britain while doing little to constrain the largest emitters. The arrangement is unbalanced and expensive. Leaving these bodies would protect taxpayer money and national sovereignty.",B_PKG_06
5,P-B,political_broadcast,political_agent,agent_b,anti_climate,582.0,broadcast,,climate_policy_package,"[""ClimatePolicyID(1)"", ""ClimatePolicyID(2)"", ""ClimatePolicyID(3)"", ""ClimatePolicyID(4)"", ""ClimatePolicyID(5)"", ""ClimatePolicyID(6)""]","Decisions made by a distant political class have left British families colder and poorer this winter. Renewable subsidies have not delivered the cheap, abundant energy that was promised, only higher bills and weaker industry. We must scrap Net Zero targets and the subsidies that follow from them.

Every barrel we do not produce here is a barrel we buy from somewhere else, usually at higher cost and with worse environmental standards. Refusing new licences is a moral and economic mistake that punishes British workers to make foreign producers richer.

Manufacturers are being forced to discount EVs and produce vehicles at a loss to meet arbitrary quotas. That cannot continue without damaging the entire automotive supply chain. Scrapping the mandate would restore market sense and protect British jobs.

Record taxes, wasteful government spending and nanny-state regulations are wrecking the economy. The mandate for heat pumps, solar panels and high-level insulation on every new build is one of the most visible examples. Removing it would help builders deliver affordable homes.

Pensioners and low-income households suffer most when carbon levies push up electricity prices. The tax is regressive in practice no matter how it is described in theory. Removing it is a simple, fair way to protect those least able to absorb higher bills.

Multilateral climate bodies impose obligations on countries like Britain while doing little to constrain the largest emitters. The arrangement is unbalanced and expensive. Leaving these bodies would protect taxpayer money and national sovereignty.",B_PKG_06
5,P-B,political_broadcast,political_agent,agent_b,anti_climate,1379.0,broadcast,,climate_policy_package,"[""ClimatePolicyID(1)"", ""ClimatePolicyID(2)"", ""ClimatePolicyID(3)"", ""ClimatePolicyID(4)"", ""ClimatePolicyID(5)"", ""ClimatePolicyID(6)""]","Decisions made by a distant political class have left British families colder and poorer this winter. Renewable subsidies have not delivered the cheap, abundant energy that was promised, only higher bills and weaker industry. We must scrap Net Zero targets and the subsidies that follow from them.

Every barrel we do not produce here is a barrel we buy from somewhere else, usually at higher cost and with worse environmental standards. Refusing new licences is a moral and economic mistake that punishes British workers to make foreign producers richer.

Manufacturers are being forced to discount EVs and produce vehicles at a loss to meet arbitrary quotas. That cannot continue without damaging the entire automotive supply chain. Scrapping the mandate would restore market sense and protect British jobs.

Record taxes, wasteful government spending and nanny-state regulations are wrecking the economy. The mandate for heat pumps, solar panels and high-level insulation on every new build is one of the most visible examples. Removing it would help builders deliver affordable homes.

Pensioners and low-income households suffer most when carbon levies push up electricity prices. The tax is regressive in practice no matter how it is described in theory. Removing it is a simple, fair way to protect those least able to absorb higher bills.

Multilateral climate bodies impose obligations on countries like Britain while doing little to constrain the largest emitters. The arrangement is unbalanced and expensive. Leaving these bodies would protect taxpayer money and national sovereignty.",B_PKG_06
5,P-B,political_broadcast,political_agent,agent_b,anti_climate,713.0,broadcast,,climate_policy_package,"[""ClimatePolicyID(1)"", ""ClimatePolicyID(2)"", ""ClimatePolicyID(3)"", ""ClimatePolicyID(4)"", ""ClimatePolicyID(5)"", ""ClimatePolicyID(6)""]","Decisions made by a distant political class have left British families colder and poorer this winter. Renewable subsidies have not delivered the cheap, abundant energy that was promised, only higher bills and weaker industry. We must scrap Net Zero targets and the subsidies that follow from them.

Every barrel we do not produce here is a barrel we buy from somewhere else, usually at higher cost and with worse environmental standards. Refusing new licences is a moral and economic mistake that punishes British workers to make foreign producers richer.

Manufacturers are being forced to discount EVs and produce vehicles at a loss to meet arbitrary quotas. That cannot continue without damaging the entire automotive supply chain. Scrapping the mandate would restore market sense and protect British jobs.

Record taxes, wasteful government spending and nanny-state regulations are wrecking the economy. The mandate for heat pumps, solar panels and high-level insulation on every new build is one of the most visible examples. Removing it would help builders deliver affordable homes.

Pensioners and low-income households suffer most when carbon levies push up electricity prices. The tax is regressive in practice no matter how it is described in theory. Removing it is a simple, fair way to protect those least able to absorb higher bills.

Multilateral climate bodies impose obligations on countries like Britain while doing little to constrain the largest emitters. The arrangement is unbalanced and expensive. Leaving these bodies would protect taxpayer money and national sovereignty.",B_PKG_06
5,P-B,political_broadcast,political_agent,agent_b,anti_climate,69.0,broadcast,,climate_policy_package,"[""ClimatePolicyID(1)"", ""ClimatePolicyID(2)"", ""ClimatePolicyID(3)"", ""ClimatePolicyID(4)"", ""ClimatePolicyID(5)"", ""ClimatePolicyID(6)""]","Decisions made by a distant political class have left British families colder and poorer this winter. Renewable subsidies have not delivered the cheap, abundant energy that was promised, only higher bills and weaker industry. We must scrap Net Zero targets and the subsidies that follow from them.

Every barrel we do not produce here is a barrel we buy from somewhere else, usually at higher cost and with worse environmental standards. Refusing new licences is a moral and economic mistake that punishes British workers to make foreign producers richer.

Manufacturers are being forced to discount EVs and produce vehicles at a loss to meet arbitrary quotas. That cannot continue without damaging the entire automotive supply chain. Scrapping the mandate would restore market sense and protect British jobs.

Record taxes, wasteful government spending and nanny-state regulations are wrecking the economy. The mandate for heat pumps, solar panels and high-level insulation on every new build is one of the most visible examples. Removing it would help builders deliver affordable homes.

Pensioners and low-income households suffer most when carbon levies push up electricity prices. The tax is regressive in practice no matter how it is described in theory. Removing it is a simple, fair way to protect those least able to absorb higher bills.

Multilateral climate bodies impose obligations on countries like Britain while doing little to constrain the largest emitters. The arrangement is unbalanced and expensive. Leaving these bodies would protect taxpayer money and national sovereignty.",B_PKG_06
5,P-B,political_broadcast,political_agent,agent_b,anti_climate,103.0,broadcast,,climate_policy_package,"[""ClimatePolicyID(1)"", ""ClimatePolicyID(2)"", ""ClimatePolicyID(3)"", ""ClimatePolicyID(4)"", ""ClimatePolicyID(5)"", ""ClimatePolicyID(6)""]","Decisions made by a distant political class have left British families colder and poorer this winter. Renewable subsidies have not delivered the cheap, abundant energy that was promised, only higher bills and weaker industry. We must scrap Net Zero targets and the subsidies that follow from them.

Every barrel we do not produce here is a barrel we buy from somewhere else, usually at higher cost and with worse environmental standards. Refusing new licences is a moral and economic mistake that punishes British workers to make foreign producers richer.

Manufacturers are being forced to discount EVs and produce vehicles at a loss to meet arbitrary quotas. That cannot continue without damaging the entire automotive supply chain. Scrapping the mandate would restore market sense and protect British jobs.

Record taxes, wasteful government spending and nanny-state regulations are wrecking the economy. The mandate for heat pumps, solar panels and high-level insulation on every new build is one of the most visible examples. Removing it would help builders deliver affordable homes.

Pensioners and low-income households suffer most when carbon levies push up electricity prices. The tax is regressive in practice no matter how it is described in theory. Removing it is a simple, fair way to protect those least able to absorb higher bills.

Multilateral climate bodies impose obligations on countries like Britain while doing little to constrain the largest emitters. The arrangement is unbalanced and expensive. Leaving these bodies would protect taxpayer money and national sovereignty.",B_PKG_06
5,P-B,political_broadcast,political_agent,agent_b,anti_climate,752.0,broadcast,,climate_policy_package,"[""ClimatePolicyID(1)"", ""ClimatePolicyID(2)"", ""ClimatePolicyID(3)"", ""ClimatePolicyID(4)"", ""ClimatePolicyID(5)"", ""ClimatePolicyID(6)""]","Decisions made by a distant political class have left British families colder and poorer this winter. Renewable subsidies have not delivered the cheap, abundant energy that was promised, only higher bills and weaker industry. We must scrap Net Zero targets and the subsidies that follow from them.

Every barrel we do not produce here is a barrel we buy from somewhere else, usually at higher cost and with worse environmental standards. Refusing new licences is a moral and economic mistake that punishes British workers to make foreign producers richer.

Manufacturers are being forced to discount EVs and produce vehicles at a loss to meet arbitrary quotas. That cannot continue without damaging the entire automotive supply chain. Scrapping the mandate would restore market sense and protect British jobs.

Record taxes, wasteful government spending and nanny-state regulations are wrecking the economy. The mandate for heat pumps, solar panels and high-level insulation on every new build is one of the most visible examples. Removing it would help builders deliver affordable homes.

Pensioners and low-income households suffer most when carbon levies push up electricity prices. The tax is regressive in practice no matter how it is described in theory. Removing it is a simple, fair way to protect those least able to absorb higher bills.

Multilateral climate bodies impose obligations on countries like Britain while doing little to constrain the largest emitters. The arrangement is unbalanced and expensive. Leaving these bodies would protect taxpayer money and national sovereignty.",B_PKG_06
5,P-B,political_broadcast,political_agent,agent_b,anti_climate,1001.0,broadcast,,climate_policy_package,"[""ClimatePolicyID(1)"", ""ClimatePolicyID(2)"", ""ClimatePolicyID(3)"", ""ClimatePolicyID(4)"", ""ClimatePolicyID(5)"", ""ClimatePolicyID(6)""]","Decisions made by a distant political class have left British families colder and poorer this winter. Renewable subsidies have not delivered the cheap, abundant energy that was promised, only higher bills and weaker industry. We must scrap Net Zero targets and the subsidies that follow from them.

Every barrel we do not produce here is a barrel we buy from somewhere else, usually at higher cost and with worse environmental standards. Refusing new licences is a moral and economic mistake that punishes British workers to make foreign producers richer.

Manufacturers are being forced to discount EVs and produce vehicles at a loss to meet arbitrary quotas. That cannot continue without damaging the entire automotive supply chain. Scrapping the mandate would restore market sense and protect British jobs.

Record taxes, wasteful government spending and nanny-state regulations are wrecking the economy. The mandate for heat pumps, solar panels and high-level insulation on every new build is one of the most visible examples. Removing it would help builders deliver affordable homes.

Pensioners and low-income households suffer most when carbon levies push up electricity prices. The tax is regressive in practice no matter how it is described in theory. Removing it is a simple, fair way to protect those least able to absorb higher bills.

Multilateral climate bodies impose obligations on countries like Britain while doing little to constrain the largest emitters. The arrangement is unbalanced and expensive. Leaving these bodies would protect taxpayer money and national sovereignty.",B_PKG_06
5,P-B,political_broadcast,political_agent,agent_b,anti_climate,1250.0,broadcast,,climate_policy_package,"[""ClimatePolicyID(1)"", ""ClimatePolicyID(2)"", ""ClimatePolicyID(3)"", ""ClimatePolicyID(4)"", ""ClimatePolicyID(5)"", ""ClimatePolicyID(6)""]","Decisions made by a distant political class have left British families colder and poorer this winter. Renewable subsidies have not delivered the cheap, abundant energy that was promised, only higher bills and weaker industry. We must scrap Net Zero targets and the subsidies that follow from them.

Every barrel we do not produce here is a barrel we buy from somewhere else, usually at higher cost and with worse environmental standards. Refusing new licences is a moral and economic mistake that punishes British workers to make foreign producers richer.

Manufacturers are being forced to discount EVs and produce vehicles at a loss to meet arbitrary quotas. That cannot continue without damaging the entire automotive supply chain. Scrapping the mandate would restore market sense and protect British jobs.

Record taxes, wasteful government spending and nanny-state regulations are wrecking the economy. The mandate for heat pumps, solar panels and high-level insulation on every new build is one of the most visible examples. Removing it would help builders deliver affordable homes.

Pensioners and low-income households suffer most when carbon levies push up electricity prices. The tax is regressive in practice no matter how it is described in theory. Removing it is a simple, fair way to protect those least able to absorb higher bills.

Multilateral climate bodies impose obligations on countries like Britain while doing little to constrain the largest emitters. The arrangement is unbalanced and expensive. Leaving these bodies would protect taxpayer money and national sovereignty.",B_PKG_06
5,P-B,political_broadcast,political_agent,agent_b,anti_climate,1904.0,broadcast,,climate_policy_package,"[""ClimatePolicyID(1)"", ""ClimatePolicyID(2)"", ""ClimatePolicyID(3)"", ""ClimatePolicyID(4)"", ""ClimatePolicyID(5)"", ""ClimatePolicyID(6)""]","Decisions made by a distant political class have left British families colder and poorer this winter. Renewable subsidies have not delivered the cheap, abundant energy that was promised, only higher bills and weaker industry. We must scrap Net Zero targets and the subsidies that follow from them.

Every barrel we do not produce here is a barrel we buy from somewhere else, usually at higher cost and with worse environmental standards. Refusing new licences is a moral and economic mistake that punishes British workers to make foreign producers richer.

Manufacturers are being forced to discount EVs and produce vehicles at a loss to meet arbitrary quotas. That cannot continue without damaging the entire automotive supply chain. Scrapping the mandate would restore market sense and protect British jobs.

Record taxes, wasteful government spending and nanny-state regulations are wrecking the economy. The mandate for heat pumps, solar panels and high-level insulation on every new build is one of the most visible examples. Removing it would help builders deliver affordable homes.

Pensioners and low-income households suffer most when carbon levies push up electricity prices. The tax is regressive in practice no matter how it is described in theory. Removing it is a simple, fair way to protect those least able to absorb higher bills.

Multilateral climate bodies impose obligations on countries like Britain while doing little to constrain the largest emitters. The arrangement is unbalanced and expensive. Leaving these bodies would protect taxpayer money and national sovereignty.",B_PKG_06
5,P-B,political_broadcast,political_agent,agent_b,anti_climate,1900.0,broadcast,,climate_policy_package,"[""ClimatePolicyID(1)"", ""ClimatePolicyID(2)"", ""ClimatePolicyID(3)"", ""ClimatePolicyID(4)"", ""ClimatePolicyID(5)"", ""ClimatePolicyID(6)""]","Decisions made by a distant political class have left British families colder and poorer this winter. Renewable subsidies have not delivered the cheap, abundant energy that was promised, only higher bills and weaker industry. We must scrap Net Zero targets and the subsidies that follow from them.

Every barrel we do not produce here is a barrel we buy from somewhere else, usually at higher cost and with worse environmental standards. Refusing new licences is a moral and economic mistake that punishes British workers to make foreign producers richer.

Manufacturers are being forced to discount EVs and produce vehicles at a loss to meet arbitrary quotas. That cannot continue without damaging the entire automotive supply chain. Scrapping the mandate would restore market sense and protect British jobs.

Record taxes, wasteful government spending and nanny-state regulations are wrecking the economy. The mandate for heat pumps, solar panels and high-level insulation on every new build is one of the most visible examples. Removing it would help builders deliver affordable homes.

Pensioners and low-income households suffer most when carbon levies push up electricity prices. The tax is regressive in practice no matter how it is described in theory. Removing it is a simple, fair way to protect those least able to absorb higher bills.

Multilateral climate bodies impose obligations on countries like Britain while doing little to constrain the largest emitters. The arrangement is unbalanced and expensive. Leaving these bodies would protect taxpayer money and national sovereignty.",B_PKG_06
5,P-B,political_broadcast,political_agent,agent_b,anti_climate,620.0,broadcast,,climate_policy_package,"[""ClimatePolicyID(1)"", ""ClimatePolicyID(2)"", ""ClimatePolicyID(3)"", ""ClimatePolicyID(4)"", ""ClimatePolicyID(5)"", ""ClimatePolicyID(6)""]","Decisions made by a distant political class have left British families colder and poorer this winter. Renewable subsidies have not delivered the cheap, abundant energy that was promised, only higher bills and weaker industry. We must scrap Net Zero targets and the subsidies that follow from them.

Every barrel we do not produce here is a barrel we buy from somewhere else, usually at higher cost and with worse environmental standards. Refusing new licences is a moral and economic mistake that punishes British workers to make foreign producers richer.

Manufacturers are being forced to discount EVs and produce vehicles at a loss to meet arbitrary quotas. That cannot continue without damaging the entire automotive supply chain. Scrapping the mandate would restore market sense and protect British jobs.

Record taxes, wasteful government spending and nanny-state regulations are wrecking the economy. The mandate for heat pumps, solar panels and high-level insulation on every new build is one of the most visible examples. Removing it would help builders deliver affordable homes.

Pensioners and low-income households suffer most when carbon levies push up electricity prices. The tax is regressive in practice no matter how it is described in theory. Removing it is a simple, fair way to protect those least able to absorb higher bills.

Multilateral climate bodies impose obligations on countries like Britain while doing little to constrain the largest emitters. The arrangement is unbalanced and expensive. Leaving these bodies would protect taxpayer money and national sovereignty.",B_PKG_06
5,P-B,political_broadcast,political_agent,agent_b,anti_climate,1454.0,broadcast,,climate_policy_package,"[""ClimatePolicyID(1)"", ""ClimatePolicyID(2)"", ""ClimatePolicyID(3)"", ""ClimatePolicyID(4)"", ""ClimatePolicyID(5)"", ""ClimatePolicyID(6)""]","Decisions made by a distant political class have left British families colder and poorer this winter. Renewable subsidies have not delivered the cheap, abundant energy that was promised, only higher bills and weaker industry. We must scrap Net Zero targets and the subsidies that follow from them.

Every barrel we do not produce here is a barrel we buy from somewhere else, usually at higher cost and with worse environmental standards. Refusing new licences is a moral and economic mistake that punishes British workers to make foreign producers richer.

Manufacturers are being forced to discount EVs and produce vehicles at a loss to meet arbitrary quotas. That cannot continue without damaging the entire automotive supply chain. Scrapping the mandate would restore market sense and protect British jobs.

Record taxes, wasteful government spending and nanny-state regulations are wrecking the economy. The mandate for heat pumps, solar panels and high-level insulation on every new build is one of the most visible examples. Removing it would help builders deliver affordable homes.

Pensioners and low-income households suffer most when carbon levies push up electricity prices. The tax is regressive in practice no matter how it is described in theory. Removing it is a simple, fair way to protect those least able to absorb higher bills.

Multilateral climate bodies impose obligations on countries like Britain while doing little to constrain the largest emitters. The arrangement is unbalanced and expensive. Leaving these bodies would protect taxpayer money and national sovereignty.",B_PKG_06
5,P-B,political_broadcast,political_agent,agent_b,anti_climate,1723.0,broadcast,,climate_policy_package,"[""ClimatePolicyID(1)"", ""ClimatePolicyID(2)"", ""ClimatePolicyID(3)"", ""ClimatePolicyID(4)"", ""ClimatePolicyID(5)"", ""ClimatePolicyID(6)""]","Decisions made by a distant political class have left British families colder and poorer this winter. Renewable subsidies have not delivered the cheap, abundant energy that was promised, only higher bills and weaker industry. We must scrap Net Zero targets and the subsidies that follow from them.

Every barrel we do not produce here is a barrel we buy from somewhere else, usually at higher cost and with worse environmental standards. Refusing new licences is a moral and economic mistake that punishes British workers to make foreign producers richer.

Manufacturers are being forced to discount EVs and produce vehicles at a loss to meet arbitrary quotas. That cannot continue without damaging the entire automotive supply chain. Scrapping the mandate would restore market sense and protect British jobs.

Record taxes, wasteful government spending and nanny-state regulations are wrecking the economy. The mandate for heat pumps, solar panels and high-level insulation on every new build is one of the most visible examples. Removing it would help builders deliver affordable homes.

Pensioners and low-income households suffer most when carbon levies push up electricity prices. The tax is regressive in practice no matter how it is described in theory. Removing it is a simple, fair way to protect those least able to absorb higher bills.

Multilateral climate bodies impose obligations on countries like Britain while doing little to constrain the largest emitters. The arrangement is unbalanced and expensive. Leaving these bodies would protect taxpayer money and national sovereignty.",B_PKG_06
5,P-B,political_broadcast,political_agent,agent_b,anti_climate,381.0,broadcast,,climate_policy_package,"[""ClimatePolicyID(1)"", ""ClimatePolicyID(2)"", ""ClimatePolicyID(3)"", ""ClimatePolicyID(4)"", ""ClimatePolicyID(5)"", ""ClimatePolicyID(6)""]","Decisions made by a distant political class have left British families colder and poorer this winter. Renewable subsidies have not delivered the cheap, abundant energy that was promised, only higher bills and weaker industry. We must scrap Net Zero targets and the subsidies that follow from them.

Every barrel we do not produce here is a barrel we buy from somewhere else, usually at higher cost and with worse environmental standards. Refusing new licences is a moral and economic mistake that punishes British workers to make foreign producers richer.

Manufacturers are being forced to discount EVs and produce vehicles at a loss to meet arbitrary quotas. That cannot continue without damaging the entire automotive supply chain. Scrapping the mandate would restore market sense and protect British jobs.

Record taxes, wasteful government spending and nanny-state regulations are wrecking the economy. The mandate for heat pumps, solar panels and high-level insulation on every new build is one of the most visible examples. Removing it would help builders deliver affordable homes.

Pensioners and low-income households suffer most when carbon levies push up electricity prices. The tax is regressive in practice no matter how it is described in theory. Removing it is a simple, fair way to protect those least able to absorb higher bills.

Multilateral climate bodies impose obligations on countries like Britain while doing little to constrain the largest emitters. The arrangement is unbalanced and expensive. Leaving these bodies would protect taxpayer money and national sovereignty.",B_PKG_06
5,P-B,political_broadcast,political_agent,agent_b,anti_climate,252.0,broadcast,,climate_policy_package,"[""ClimatePolicyID(1)"", ""ClimatePolicyID(2)"", ""ClimatePolicyID(3)"", ""ClimatePolicyID(4)"", ""ClimatePolicyID(5)"", ""ClimatePolicyID(6)""]","Decisions made by a distant political class have left British families colder and poorer this winter. Renewable subsidies have not delivered the cheap, abundant energy that was promised, only higher bills and weaker industry. We must scrap Net Zero targets and the subsidies that follow from them.

Every barrel we do not produce here is a barrel we buy from somewhere else, usually at higher cost and with worse environmental standards. Refusing new licences is a moral and economic mistake that punishes British workers to make foreign producers richer.

Manufacturers are being forced to discount EVs and produce vehicles at a loss to meet arbitrary quotas. That cannot continue without damaging the entire automotive supply chain. Scrapping the mandate would restore market sense and protect British jobs.

Record taxes, wasteful government spending and nanny-state regulations are wrecking the economy. The mandate for heat pumps, solar panels and high-level insulation on every new build is one of the most visible examples. Removing it would help builders deliver affordable homes.

Pensioners and low-income households suffer most when carbon levies push up electricity prices. The tax is regressive in practice no matter how it is described in theory. Removing it is a simple, fair way to protect those least able to absorb higher bills.

Multilateral climate bodies impose obligations on countries like Britain while doing little to constrain the largest emitters. The arrangement is unbalanced and expensive. Leaving these bodies would protect taxpayer money and national sovereignty.",B_PKG_06
5,P-B,political_broadcast,political_agent,agent_b,anti_climate,1065.0,broadcast,,climate_policy_package,"[""ClimatePolicyID(1)"", ""ClimatePolicyID(2)"", ""ClimatePolicyID(3)"", ""ClimatePolicyID(4)"", ""ClimatePolicyID(5)"", ""ClimatePolicyID(6)""]","Decisions made by a distant political class have left British families colder and poorer this winter. Renewable subsidies have not delivered the cheap, abundant energy that was promised, only higher bills and weaker industry. We must scrap Net Zero targets and the subsidies that follow from them.

Every barrel we do not produce here is a barrel we buy from somewhere else, usually at higher cost and with worse environmental standards. Refusing new licences is a moral and economic mistake that punishes British workers to make foreign producers richer.

Manufacturers are being forced to discount EVs and produce vehicles at a loss to meet arbitrary quotas. That cannot continue without damaging the entire automotive supply chain. Scrapping the mandate would restore market sense and protect British jobs.

Record taxes, wasteful government spending and nanny-state regulations are wrecking the economy. The mandate for heat pumps, solar panels and high-level insulation on every new build is one of the most visible examples. Removing it would help builders deliver affordable homes.

Pensioners and low-income households suffer most when carbon levies push up electricity prices. The tax is regressive in practice no matter how it is described in theory. Removing it is a simple, fair way to protect those least able to absorb higher bills.

Multilateral climate bodies impose obligations on countries like Britain while doing little to constrain the largest emitters. The arrangement is unbalanced and expensive. Leaving these bodies would protect taxpayer money and national sovereignty.",B_PKG_06
5,P-B,political_broadcast,political_agent,agent_b,anti_climate,1833.0,broadcast,,climate_policy_package,"[""ClimatePolicyID(1)"", ""ClimatePolicyID(2)"", ""ClimatePolicyID(3)"", ""ClimatePolicyID(4)"", ""ClimatePolicyID(5)"", ""ClimatePolicyID(6)""]","Decisions made by a distant political class have left British families colder and poorer this winter. Renewable subsidies have not delivered the cheap, abundant energy that was promised, only higher bills and weaker industry. We must scrap Net Zero targets and the subsidies that follow from them.

Every barrel we do not produce here is a barrel we buy from somewhere else, usually at higher cost and with worse environmental standards. Refusing new licences is a moral and economic mistake that punishes British workers to make foreign producers richer.

Manufacturers are being forced to discount EVs and produce vehicles at a loss to meet arbitrary quotas. That cannot continue without damaging the entire automotive supply chain. Scrapping the mandate would restore market sense and protect British jobs.

Record taxes, wasteful government spending and nanny-state regulations are wrecking the economy. The mandate for heat pumps, solar panels and high-level insulation on every new build is one of the most visible examples. Removing it would help builders deliver affordable homes.

Pensioners and low-income households suffer most when carbon levies push up electricity prices. The tax is regressive in practice no matter how it is described in theory. Removing it is a simple, fair way to protect those least able to absorb higher bills.

Multilateral climate bodies impose obligations on countries like Britain while doing little to constrain the largest emitters. The arrangement is unbalanced and expensive. Leaving these bodies would protect taxpayer money and national sovereignty.",B_PKG_06
5,P-B,political_broadcast,political_agent,agent_b,anti_climate,238.0,broadcast,,climate_policy_package,"[""ClimatePolicyID(1)"", ""ClimatePolicyID(2)"", ""ClimatePolicyID(3)"", ""ClimatePolicyID(4)"", ""ClimatePolicyID(5)"", ""ClimatePolicyID(6)""]","Decisions made by a distant political class have left British families colder and poorer this winter. Renewable subsidies have not delivered the cheap, abundant energy that was promised, only higher bills and weaker industry. We must scrap Net Zero targets and the subsidies that follow from them.

Every barrel we do not produce here is a barrel we buy from somewhere else, usually at higher cost and with worse environmental standards. Refusing new licences is a moral and economic mistake that punishes British workers to make foreign producers richer.

Manufacturers are being forced to discount EVs and produce vehicles at a loss to meet arbitrary quotas. That cannot continue without damaging the entire automotive supply chain. Scrapping the mandate would restore market sense and protect British jobs.

Record taxes, wasteful government spending and nanny-state regulations are wrecking the economy. The mandate for heat pumps, solar panels and high-level insulation on every new build is one of the most visible examples. Removing it would help builders deliver affordable homes.

Pensioners and low-income households suffer most when carbon levies push up electricity prices. The tax is regressive in practice no matter how it is described in theory. Removing it is a simple, fair way to protect those least able to absorb higher bills.

Multilateral climate bodies impose obligations on countries like Britain while doing little to constrain the largest emitters. The arrangement is unbalanced and expensive. Leaving these bodies would protect taxpayer money and national sovereignty.",B_PKG_06
5,P-B,political_broadcast,political_agent,agent_b,anti_climate,1343.0,broadcast,,climate_policy_package,"[""ClimatePolicyID(1)"", ""ClimatePolicyID(2)"", ""ClimatePolicyID(3)"", ""ClimatePolicyID(4)"", ""ClimatePolicyID(5)"", ""ClimatePolicyID(6)""]","Decisions made by a distant political class have left British families colder and poorer this winter. Renewable subsidies have not delivered the cheap, abundant energy that was promised, only higher bills and weaker industry. We must scrap Net Zero targets and the subsidies that follow from them.

Every barrel we do not produce here is a barrel we buy from somewhere else, usually at higher cost and with worse environmental standards. Refusing new licences is a moral and economic mistake that punishes British workers to make foreign producers richer.

Manufacturers are being forced to discount EVs and produce vehicles at a loss to meet arbitrary quotas. That cannot continue without damaging the entire automotive supply chain. Scrapping the mandate would restore market sense and protect British jobs.

Record taxes, wasteful government spending and nanny-state regulations are wrecking the economy. The mandate for heat pumps, solar panels and high-level insulation on every new build is one of the most visible examples. Removing it would help builders deliver affordable homes.

Pensioners and low-income households suffer most when carbon levies push up electricity prices. The tax is regressive in practice no matter how it is described in theory. Removing it is a simple, fair way to protect those least able to absorb higher bills.

Multilateral climate bodies impose obligations on countries like Britain while doing little to constrain the largest emitters. The arrangement is unbalanced and expensive. Leaving these bodies would protect taxpayer money and national sovereignty.",B_PKG_06
5,P-B,political_broadcast,political_agent,agent_b,anti_climate,155.0,broadcast,,climate_policy_package,"[""ClimatePolicyID(1)"", ""ClimatePolicyID(2)"", ""ClimatePolicyID(3)"", ""ClimatePolicyID(4)"", ""ClimatePolicyID(5)"", ""ClimatePolicyID(6)""]","Decisions made by a distant political class have left British families colder and poorer this winter. Renewable subsidies have not delivered the cheap, abundant energy that was promised, only higher bills and weaker industry. We must scrap Net Zero targets and the subsidies that follow from them.

Every barrel we do not produce here is a barrel we buy from somewhere else, usually at higher cost and with worse environmental standards. Refusing new licences is a moral and economic mistake that punishes British workers to make foreign producers richer.

Manufacturers are being forced to discount EVs and produce vehicles at a loss to meet arbitrary quotas. That cannot continue without damaging the entire automotive supply chain. Scrapping the mandate would restore market sense and protect British jobs.

Record taxes, wasteful government spending and nanny-state regulations are wrecking the economy. The mandate for heat pumps, solar panels and high-level insulation on every new build is one of the most visible examples. Removing it would help builders deliver affordable homes.

Pensioners and low-income households suffer most when carbon levies push up electricity prices. The tax is regressive in practice no matter how it is described in theory. Removing it is a simple, fair way to protect those least able to absorb higher bills.

Multilateral climate bodies impose obligations on countries like Britain while doing little to constrain the largest emitters. The arrangement is unbalanced and expensive. Leaving these bodies would protect taxpayer money and national sovereignty.",B_PKG_06
5,P-B,political_broadcast,political_agent,agent_b,anti_climate,1635.0,broadcast,,climate_policy_package,"[""ClimatePolicyID(1)"", ""ClimatePolicyID(2)"", ""ClimatePolicyID(3)"", ""ClimatePolicyID(4)"", ""ClimatePolicyID(5)"", ""ClimatePolicyID(6)""]","Decisions made by a distant political class have left British families colder and poorer this winter. Renewable subsidies have not delivered the cheap, abundant energy that was promised, only higher bills and weaker industry. We must scrap Net Zero targets and the subsidies that follow from them.

Every barrel we do not produce here is a barrel we buy from somewhere else, usually at higher cost and with worse environmental standards. Refusing new licences is a moral and economic mistake that punishes British workers to make foreign producers richer.

Manufacturers are being forced to discount EVs and produce vehicles at a loss to meet arbitrary quotas. That cannot continue without damaging the entire automotive supply chain. Scrapping the mandate would restore market sense and protect British jobs.

Record taxes, wasteful government spending and nanny-state regulations are wrecking the economy. The mandate for heat pumps, solar panels and high-level insulation on every new build is one of the most visible examples. Removing it would help builders deliver affordable homes.

Pensioners and low-income households suffer most when carbon levies push up electricity prices. The tax is regressive in practice no matter how it is described in theory. Removing it is a simple, fair way to protect those least able to absorb higher bills.

Multilateral climate bodies impose obligations on countries like Britain while doing little to constrain the largest emitters. The arrangement is unbalanced and expensive. Leaving these bodies would protect taxpayer money and national sovereignty.",B_PKG_06
5,P-B,political_broadcast,political_agent,agent_b,anti_climate,759.0,broadcast,,climate_policy_package,"[""ClimatePolicyID(1)"", ""ClimatePolicyID(2)"", ""ClimatePolicyID(3)"", ""ClimatePolicyID(4)"", ""ClimatePolicyID(5)"", ""ClimatePolicyID(6)""]","Decisions made by a distant political class have left British families colder and poorer this winter. Renewable subsidies have not delivered the cheap, abundant energy that was promised, only higher bills and weaker industry. We must scrap Net Zero targets and the subsidies that follow from them.

Every barrel we do not produce here is a barrel we buy from somewhere else, usually at higher cost and with worse environmental standards. Refusing new licences is a moral and economic mistake that punishes British workers to make foreign producers richer.

Manufacturers are being forced to discount EVs and produce vehicles at a loss to meet arbitrary quotas. That cannot continue without damaging the entire automotive supply chain. Scrapping the mandate would restore market sense and protect British jobs.

Record taxes, wasteful government spending and nanny-state regulations are wrecking the economy. The mandate for heat pumps, solar panels and high-level insulation on every new build is one of the most visible examples. Removing it would help builders deliver affordable homes.

Pensioners and low-income households suffer most when carbon levies push up electricity prices. The tax is regressive in practice no matter how it is described in theory. Removing it is a simple, fair way to protect those least able to absorb higher bills.

Multilateral climate bodies impose obligations on countries like Britain while doing little to constrain the largest emitters. The arrangement is unbalanced and expensive. Leaving these bodies would protect taxpayer money and national sovereignty.",B_PKG_06
5,P-B,political_broadcast,political_agent,agent_b,anti_climate,71.0,broadcast,,climate_policy_package,"[""ClimatePolicyID(1)"", ""ClimatePolicyID(2)"", ""ClimatePolicyID(3)"", ""ClimatePolicyID(4)"", ""ClimatePolicyID(5)"", ""ClimatePolicyID(6)""]","Decisions made by a distant political class have left British families colder and poorer this winter. Renewable subsidies have not delivered the cheap, abundant energy that was promised, only higher bills and weaker industry. We must scrap Net Zero targets and the subsidies that follow from them.

Every barrel we do not produce here is a barrel we buy from somewhere else, usually at higher cost and with worse environmental standards. Refusing new licences is a moral and economic mistake that punishes British workers to make foreign producers richer.

Manufacturers are being forced to discount EVs and produce vehicles at a loss to meet arbitrary quotas. That cannot continue without damaging the entire automotive supply chain. Scrapping the mandate would restore market sense and protect British jobs.

Record taxes, wasteful government spending and nanny-state regulations are wrecking the economy. The mandate for heat pumps, solar panels and high-level insulation on every new build is one of the most visible examples. Removing it would help builders deliver affordable homes.

Pensioners and low-income households suffer most when carbon levies push up electricity prices. The tax is regressive in practice no matter how it is described in theory. Removing it is a simple, fair way to protect those least able to absorb higher bills.

Multilateral climate bodies impose obligations on countries like Britain while doing little to constrain the largest emitters. The arrangement is unbalanced and expensive. Leaving these bodies would protect taxpayer money and national sovereignty.",B_PKG_06
5,P-B,political_broadcast,political_agent,agent_b,anti_climate,1496.0,broadcast,,climate_policy_package,"[""ClimatePolicyID(1)"", ""ClimatePolicyID(2)"", ""ClimatePolicyID(3)"", ""ClimatePolicyID(4)"", ""ClimatePolicyID(5)"", ""ClimatePolicyID(6)""]","Decisions made by a distant political class have left British families colder and poorer this winter. Renewable subsidies have not delivered the cheap, abundant energy that was promised, only higher bills and weaker industry. We must scrap Net Zero targets and the subsidies that follow from them.

Every barrel we do not produce here is a barrel we buy from somewhere else, usually at higher cost and with worse environmental standards. Refusing new licences is a moral and economic mistake that punishes British workers to make foreign producers richer.

Manufacturers are being forced to discount EVs and produce vehicles at a loss to meet arbitrary quotas. That cannot continue without damaging the entire automotive supply chain. Scrapping the mandate would restore market sense and protect British jobs.

Record taxes, wasteful government spending and nanny-state regulations are wrecking the economy. The mandate for heat pumps, solar panels and high-level insulation on every new build is one of the most visible examples. Removing it would help builders deliver affordable homes.

Pensioners and low-income households suffer most when carbon levies push up electricity prices. The tax is regressive in practice no matter how it is described in theory. Removing it is a simple, fair way to protect those least able to absorb higher bills.

Multilateral climate bodies impose obligations on countries like Britain while doing little to constrain the largest emitters. The arrangement is unbalanced and expensive. Leaving these bodies would protect taxpayer money and national sovereignty.",B_PKG_06
