agent_id,day,phase,policy_id,package_scope,policy_ids_json,messages_received_json,messages_received_count,text
684.0,1,P-A,ClimatePolicyID(3),,[],"[""I strongly support a government ban on the sale of new petrol cars by no later than 2030. Real Hope, Real Change means acting now to protect young people\u2019s futures and cut the crushing costs that big oil and car corporations foist onto ordinary families. Renewables and electric vehicles are cheaper to run and maintain \u2014 switching faster will slash household fuel bills, improve air quality outside our schools, and reduce the climate chaos pushing rents and food prices up.\n\nBut a ban must be fair: public ownership of key transport services, massive investment in insulation and affordable, reliable public transport, and grants so no one is priced out of the switch. We must end subsidies that prop up fossil-fuel profits and instead fund a just transition with a wealth tax on the super-rich. That\u2019s how we win lower bills, safer streets, and secure jobs in clean industries.\n\nFor the Common Good: ban new petrol car sales by 2030, backed by the investment communities need to thrive. Fairer, Greener Communities start with decisive action.""]",1,"This message reinforces my strong support for a ban by 2030 — it highlights the climate urgency and local health benefits (less pollution near schools) that matter to me, and the practical financial case that EVs and renewables can lower household bills. It also makes me think more about fairness: I’m reassured by the emphasis on public ownership, insulation, public transport and grants so poorer households aren’t left behind, and the idea of funding the transition through taxing the super-rich sounds consistent with my values. At the same time I’m aware of potential implementation challenges — ensuring charging infrastructure, protecting jobs in affected industries, and making the policy politically and administratively deliverable — which would affect how strongly I back the timing and details."
684.0,2,P-A,ClimatePolicyID(3),,[],"[""I strongly support a government ban on the sale of new petrol cars by no later than 2030. This is the kind of bold, practical action we need to tackle the climate crisis while cutting living costs for families. Electric vehicles and public transport are now cheaper to run and cleaner for our communities; shifting now will reduce air pollution outside schools and hospitals, protect public health, and end the unfair squeeze of fuel bills on people already struggling.\n\nBut a ban alone is not enough \u2014 it must come with real investment so no-one is left behind. We must retrofit our towns with safe charging infrastructure, invest in free or low-cost public transport for young people and low-income households, and massively expand home insulation so people aren\u2019t paying to warm the car because their home leaks heat. We should fund this transition through a wealth tax on the super-rich and by taking energy systems back into public hands so profits are reinvested in communities.\n\nReal Hope, Real Change: Ban new petrol cars by 2030 \u2014 for fairer, greener communities and a secure future for everyone.""]",1,"This message strengthens my support for a 2030 ban because it frames the switch as both urgently needed for the climate and immediately beneficial to public health and household budgets — points that matter to me. I like that it doesn’t treat the ban as an isolated measure but pairs it with concrete protections: charging infrastructure, cheaper public transport for young and low-income people, and home insulation to reduce unfair costs. The funding ideas — taxing the super-rich and public ownership of energy — resonate with my values about fairness and collective solutions, though I’m still thinking about how to ensure jobs are protected and the implementation is practical and equitable."
684.0,3,P-A,ClimatePolicyID(3),,[],"[""I strongly support a government ban on the sale of new petrol cars by 2030. Real Hope, Real Change means acting now to protect young people\u2019s future and cut the runaway costs tied to fossil fuels. A 2030 ban would accelerate the shift to affordable electric vehicles, boost investment in local clean transport and create good green jobs in manufacturing and charging infrastructure. It would also slash air pollution outside schools and hospitals, improving health and cutting NHS pressures.\n\nBut a fair transition must put communities first. Ban the sale doesn\u2019t mean leaving people stranded: we must fund grants for low-income households and small businesses to switch to electric vehicles, massively expand public transport, and retrofit homes and parks with charging points. Publicly owned energy and batteries should keep costs down, not line the pockets of private profiteers.\n\nFor the common good, a 2030 ban is bold, necessary and achievable \u2014 if paired with justice-led policies ensuring no one is left behind. Fairer, Greener Communities start here.""]",1,"This message reinforces my strong support for a 2030 ban. I like that it ties the ban to immediate health and economic benefits — cleaner air around schools and hospitals and lower transport costs — because those practical wins make the climate case feel less abstract. Emphasising grants for low-income households, investment in public transport, and publicly owned energy/batteries addresses my equity concerns and makes the policy seem more politically and morally acceptable; I worry less about people being unfairly burdened. I’m still thinking about the details I’d want to see: guaranteed protection for jobs in affected industries, clear funding sources for subsidies and infrastructure, and realistic timelines for rural or low-income areas where EV uptake and charging access can be harder. Overall the message makes the ban feel both urgent and feasible if paired with strong justice measures."
684.0,4,P-A,ClimatePolicyID(3),,[],"[""I strongly support a government ban on the sale of new petrol cars by no later than 2030. This is about putting people and planet first \u2014 protecting young people\u2019s future, cutting air pollution outside schools, and finally getting our climate targets back on track. Every year we delay means more families paying for rising fuel costs and more toxic emissions in our streets. The good news is we don\u2019t need to choose between fairness and ambition. With a public-led approach \u2014 investment in cheap, reliable electric buses and trains, a national programme to retrofit homes and workplaces with charging points, and grants for low-income households to switch vehicles or access alternatives \u2014 we can make the transition affordable and just.\n\nA 2030 ban will speed up the switch to cheap renewable electricity, lower running costs for drivers, and create thousands of green jobs rebuilding our local economies. This policy should be part of a broader plan to make transport accessible and clean for everyone: free travel for young people, safer cycling routes, and publicly owned transport services that put communities first. Real Hope, Real Change \u2014 for the common good.""]",1,"This message reinforces my strong support for a 2030 ban — it ties the climate argument to concrete local benefits I care about (cleaner air around schools, protecting young people) and frames the policy as both urgent and achievable. I like the emphasis on fairness — public-led investment, grants, home retrofits and free/safer alternatives — because that addresses my worry about low-income households and workers in affected industries being unfairly burdened. It also makes the transition feel more politically and morally acceptable, though I’m still concerned about the practical details: who pays for infrastructure and grants, how jobs in petrol-related sectors are protected, and whether rural areas will actually get accessible charging and public transport. Overall the message strengthens my support, provided there are clear guarantees on funding, job protection, and equitable implementation."
615.0,1,P-A,ClimatePolicyID(3),,[],"[""I strongly support a government ban on the sale of new petrol cars by no later than 2030. Real Hope, Real Change means acting now to protect young people\u2019s futures and cut the crushing costs that big oil and car corporations foist onto ordinary families. Renewables and electric vehicles are cheaper to run and maintain \u2014 switching faster will slash household fuel bills, improve air quality outside our schools, and reduce the climate chaos pushing rents and food prices up.\n\nBut a ban must be fair: public ownership of key transport services, massive investment in insulation and affordable, reliable public transport, and grants so no one is priced out of the switch. We must end subsidies that prop up fossil-fuel profits and instead fund a just transition with a wealth tax on the super-rich. That\u2019s how we win lower bills, safer streets, and secure jobs in clean industries.\n\nFor the Common Good: ban new petrol car sales by 2030, backed by the investment communities need to thrive. Fairer, Greener Communities start with decisive action.""]",1,"Reading that message reinforces the reasons I already feel this is urgent — protecting children’s futures, cutting household fuel costs, and improving air quality around schools all resonate with me as a parent who cares about the environment. I like that it stresses fairness: without big public investment in insulation, affordable public transport, and grants, a hard ban could hurt people on lower incomes in the South West like me. The idea of funding the transition through wealth taxes instead of fossil-fuel subsidies appeals to my sense of social justice. At the same time I’m wary about practical details — how quickly public transport and charging infrastructure will be rolled out in rural areas, and whether grants will be means-tested and sufficient — because I’d want any policy to avoid leaving ordinary families worse off during the switch."
615.0,2,P-A,ClimatePolicyID(3),,[],"[""I strongly support a government ban on the sale of new petrol cars by no later than 2030. This is the kind of bold, practical action we need to tackle the climate crisis while cutting living costs for families. Electric vehicles and public transport are now cheaper to run and cleaner for our communities; shifting now will reduce air pollution outside schools and hospitals, protect public health, and end the unfair squeeze of fuel bills on people already struggling.\n\nBut a ban alone is not enough \u2014 it must come with real investment so no-one is left behind. We must retrofit our towns with safe charging infrastructure, invest in free or low-cost public transport for young people and low-income households, and massively expand home insulation so people aren\u2019t paying to warm the car because their home leaks heat. We should fund this transition through a wealth tax on the super-rich and by taking energy systems back into public hands so profits are reinvested in communities.\n\nReal Hope, Real Change: Ban new petrol cars by 2030 \u2014 for fairer, greener communities and a secure future for everyone.""]",1,"Reading this message reinforces why I feel a ban by 2030 matters — as a parent I worry about the air my children breathe and the climate they’ll inherit, and the promise of cleaner streets and lower running costs is very appealing. I also like that it pairs the ban with concrete investments: charging points, better public transport for young people and low‑income households, and home insulation — those are the practical things that would make the transition fairer for people like me in the South West who don’t have big incomes and who might rely on a car. The funding idea — taxing the super‑rich and bringing energy systems into public ownership so profits go back into communities — fits my sense of social justice and makes the policy feel less likely to hit ordinary families unfairly.

At the same time, the message raises practical worries I still have: how quickly will charging infrastructure reach rural areas, will public transport improvements be sufficient outside cities, and will insulation and grant schemes be means‑tested and generous enough so low‑income households aren’t left worse off during the switch? Those implementation details would determine whether I can fully back a 2030 ban."
615.0,3,P-A,ClimatePolicyID(3),,[],"[""I strongly support a government ban on the sale of new petrol cars by 2030. Real Hope, Real Change means acting now to protect young people\u2019s future and cut the runaway costs tied to fossil fuels. A 2030 ban would accelerate the shift to affordable electric vehicles, boost investment in local clean transport and create good green jobs in manufacturing and charging infrastructure. It would also slash air pollution outside schools and hospitals, improving health and cutting NHS pressures.\n\nBut a fair transition must put communities first. Ban the sale doesn\u2019t mean leaving people stranded: we must fund grants for low-income households and small businesses to switch to electric vehicles, massively expand public transport, and retrofit homes and parks with charging points. Publicly owned energy and batteries should keep costs down, not line the pockets of private profiteers.\n\nFor the common good, a 2030 ban is bold, necessary and achievable \u2014 if paired with justice-led policies ensuring no one is left behind. Fairer, Greener Communities start here.""]",1,"Reading this message reinforces a lot of what already makes me inclined to support a 2030 ban — protecting children’s health, cutting pollution near schools and hospitals, and acting now on climate all resonate strongly. I like that it ties the ban to concrete, fairness‑focused measures: grants for low‑income households and small businesses, much better public transport, widespread charging points (including in rural areas), and public ownership to keep costs down — those are the kinds of protections that would reassure me this won’t be an unfair burden on people like me in the South West on a modest income.

At the same time, the message makes me want more detail about delivery: how quickly will charging infrastructure reach rural communities? Will grants and retrofit schemes be means‑tested and generous enough to actually help those who need it? How will public ownership be structured so it genuinely lowers costs rather than becoming bureaucratic? If those implementation questions are answered convincingly, I’d be much more comfortable backing the policy."
615.0,4,P-A,ClimatePolicyID(3),,[],"[""I strongly support a government ban on the sale of new petrol cars by no later than 2030. This is about putting people and planet first \u2014 protecting young people\u2019s future, cutting air pollution outside schools, and finally getting our climate targets back on track. Every year we delay means more families paying for rising fuel costs and more toxic emissions in our streets. The good news is we don\u2019t need to choose between fairness and ambition. With a public-led approach \u2014 investment in cheap, reliable electric buses and trains, a national programme to retrofit homes and workplaces with charging points, and grants for low-income households to switch vehicles or access alternatives \u2014 we can make the transition affordable and just.\n\nA 2030 ban will speed up the switch to cheap renewable electricity, lower running costs for drivers, and create thousands of green jobs rebuilding our local economies. This policy should be part of a broader plan to make transport accessible and clean for everyone: free travel for young people, safer cycling routes, and publicly owned transport services that put communities first. Real Hope, Real Change \u2014 for the common good.""]",1,"Reading that message reinforces a lot of what already makes me inclined to support a 2030 ban — protecting children’s health, cutting pollution outside schools, and acting now on the climate all resonate strongly with me as a parent who cares about the environment. I particularly like that it ties the ban to practical fairness measures I worry about: grants for low‑income households, public investment in buses and trains, and retrofitting charging points so rural communities aren’t left behind. At the same time, it raises more questions I’d need answered before I’d be fully confident: how quickly will charging infrastructure reach the South West and rural areas? Will vehicle‑switch grants and retrofit support be generous and means‑tested so they actually help families on modest incomes like mine? How will “public ownership” be structured to genuinely keep costs down rather than adding bureaucracy? If those delivery details are credible, I’d be much more comfortable backing the policy."
1355.0,1,P-A,ClimatePolicyID(3),,[],"[""I strongly support a government ban on the sale of new petrol cars by no later than 2030. Real Hope, Real Change means acting now to protect young people\u2019s futures and cut the crushing costs that big oil and car corporations foist onto ordinary families. Renewables and electric vehicles are cheaper to run and maintain \u2014 switching faster will slash household fuel bills, improve air quality outside our schools, and reduce the climate chaos pushing rents and food prices up.\n\nBut a ban must be fair: public ownership of key transport services, massive investment in insulation and affordable, reliable public transport, and grants so no one is priced out of the switch. We must end subsidies that prop up fossil-fuel profits and instead fund a just transition with a wealth tax on the super-rich. That\u2019s how we win lower bills, safer streets, and secure jobs in clean industries.\n\nFor the Common Good: ban new petrol car sales by 2030, backed by the investment communities need to thrive. Fairer, Greener Communities start with decisive action.""]",1,"Reading that makes me more conflicted. I like the aim of protecting young people’s futures, cutting fuel costs, and improving air quality — those are things I care about — but the message assumes the transition can be made quickly without unfairly hurting households like mine. My household income is moderate and I’m worried about being priced out if grants, insulation investment, and reliable public transport aren’t actually in place. The call for a wealth tax and ending fossil-fuel subsidies appeals to my sense of fairness, but I’m skeptical about how realistically and efficiently such funding and public ownership plans would be implemented. Overall, I’m open to the goals but uneasy about the speed and the practical safeguards needed to make the ban fair."
1355.0,1,P-B,ClimatePolicyID(3),,[],"[""Ban the sale of new petrol cars by 2030? I oppose it \u2014 strongly.\n\nThis is another Westminster diktat dreamed up by the Green Blob, an out\u2011of-touch elite happy to lecture ordinary people while they pay the price. For hard\u2011working families, tradespeople and rural communities, a petrol car is not a virtue signal \u2014 it\u2019s a lifeline. Hitting working drivers with a rushed ban will push up the cost of travel, wreck second\u2011hand markets, and punish anyone who relies on a van for their livelihood.\n\nInstead of forcing people into unaffordable alternatives, the government should scrap pointless green levies, expand British energy production, and let people choose what\u2019s right for their pocket and job. Don\u2019t let ideology trample common sense: Net Zero is not worth putting families and small businesses into deeper debt. Keep petrol cars on sale until practical, affordable choices exist for everyone. Scrap the 2030 ban \u2014 put Britain\u2019s prosperity and freedom of choice first. Restore Britain\u2019s power and prosperity.""]",1,"Reading that message makes me more worried about the fairness and practical impacts of a 2030 ban. The points about tradespeople, rural communities and second‑hand markets hit home — I can see how a quick ban could push up costs and leave people who can’t afford new EVs worse off. It also reinforces my concern that such a policy might be driven by an urban, well‑off elite and not sensitive to different household budgets or jobs. At the same time, I still care about reducing pollution and protecting young people’s futures, so I’m torn: the message strengthens my skepticism about the timeline and need for strong protections (grants, insulation, public transport, support for trades and rural areas) before any ban, but it doesn’t make me reject the goal of cleaner transport entirely."
1355.0,2,P-B,ClimatePolicyID(3),,[],"[""They want to ban the sale of new petrol cars by 2030 \u2014 I strongly oppose it.\n\nThis isn\u2019t green common sense, it\u2019s a Westminster edict from the Green Blob that will hammer ordinary people. Working families, rural motorists, plumbers, delivery drivers and small businesses rely on petrol cars now \u2014 and the reality is electric alternatives are expensive, unreliable in the countryside, and impossible for many who can\u2019t charge at home. A government ban by 2030 will force people into costly upgrades, push up motoring and living costs, and punish anyone who can\u2019t afford to play along.\n\nInstead of imposing an ideological deadline, we should scrap these top-down green diktats and focus on real priorities: expand domestic energy supply, cut green levies that inflate bills, and invest sensibly in charging infrastructure where it\u2019s needed. Don\u2019t outlaw choice or saddle the British working class with more costs. Scrap Net Zero targets that lead to bans like this, and restore practical policies that protect jobs, livelihoods and freedom to drive.""]",1,"Reading that makes me more worried about the fairness and practicality of a 2030 ban. I already thought the timeline felt aggressive for households like mine on a modest income, and this message highlights the same concerns from a different angle — that tradespeople, rural drivers and small businesses would be hit hard, and that many people legitimately can’t charge at home. The call to focus on expanding energy supply, cutting levies, and targeted charging investment appeals to my sense of sensible, step‑by‑step change rather than a blunt top‑down deadline. At the same time, I still care about reducing pollution and protecting young people’s futures, so this doesn’t make me completely reject action — it just reinforces my desire for stronger safeguards (grants, insulation, charging access) and a more flexible, fair transition before any ban is forced through."
1355.0,2,P-A,ClimatePolicyID(3),,[],"[""I strongly support a government ban on the sale of new petrol cars by no later than 2030. This is the kind of bold, practical action we need to tackle the climate crisis while cutting living costs for families. Electric vehicles and public transport are now cheaper to run and cleaner for our communities; shifting now will reduce air pollution outside schools and hospitals, protect public health, and end the unfair squeeze of fuel bills on people already struggling.\n\nBut a ban alone is not enough \u2014 it must come with real investment so no-one is left behind. We must retrofit our towns with safe charging infrastructure, invest in free or low-cost public transport for young people and low-income households, and massively expand home insulation so people aren\u2019t paying to warm the car because their home leaks heat. We should fund this transition through a wealth tax on the super-rich and by taking energy systems back into public hands so profits are reinvested in communities.\n\nReal Hope, Real Change: Ban new petrol cars by 2030 \u2014 for fairer, greener communities and a secure future for everyone.""]",1,"Reading this makes me more conflicted rather than settled. I like the goals — reducing pollution near schools and hospitals, cutting running costs, and protecting young people’s future — and the emphasis on funding support and infrastructure reassures me a bit. But I'm still worried the 2030 timeline could be too fast for households like mine unless the promised investments (charging, public transport, insulation, grants) actually happen and are well-targeted. The call for funding through a wealth tax and public ownership sounds fair in principle, but I'm skeptical about how reliably and efficiently that would be implemented. So the message nudges me toward supporting the aims, but it strengthens my concern that strong, practical safeguards are essential before I could back such a tight ban."
1355.0,3,P-A,ClimatePolicyID(3),,[],"[""I strongly support a government ban on the sale of new petrol cars by 2030. Real Hope, Real Change means acting now to protect young people\u2019s future and cut the runaway costs tied to fossil fuels. A 2030 ban would accelerate the shift to affordable electric vehicles, boost investment in local clean transport and create good green jobs in manufacturing and charging infrastructure. It would also slash air pollution outside schools and hospitals, improving health and cutting NHS pressures.\n\nBut a fair transition must put communities first. Ban the sale doesn\u2019t mean leaving people stranded: we must fund grants for low-income households and small businesses to switch to electric vehicles, massively expand public transport, and retrofit homes and parks with charging points. Publicly owned energy and batteries should keep costs down, not line the pockets of private profiteers.\n\nFor the common good, a 2030 ban is bold, necessary and achievable \u2014 if paired with justice-led policies ensuring no one is left behind. Fairer, Greener Communities start here.""]",1,"This message makes me more open to the goals behind a 2030 ban — I like the idea of cutting pollution, protecting young people’s future, and creating green jobs. The emphasis on grants, expanded public transport, charging infrastructure and public ownership reassures me a bit by addressing some of my fairness concerns. At the same time I’m still worried the timeline could be too fast for households like mine unless those supports are actually delivered and well-targeted; promises of public ownership and funding sound good in principle but I’m skeptical about how effectively they’d be implemented. Overall it nudges me toward sympathy with the aims, but it strengthens my feeling that robust, practical safeguards are essential before I could back such a tight ban."
1355.0,3,P-B,ClimatePolicyID(3),,[],"[""They want to tell hardworking Brits what car they can own \u2014 and by 2030 they\u2019ll be banning new petrol cars. I oppose that completely.\n\nThis isn\u2019t about the environment; it\u2019s about control. Forcing people into expensive electric vehicles will hit rural families, tradespeople and small businesses hardest. Electric cars don\u2019t suit farmers hauling livestock, self-employed drivers who need long ranges, or pensioners in villages with no charging points. And it\u2019ll push up costs across the board: higher upfront prices, punishing electricity bills, and thousands wiped off the value of perfectly good petrol cars.\n\nWorse, the elite who cheer this on don\u2019t live with the consequences. They want to impose their Net Zero fantasy while ordinary people pay the price. Instead of banning options, we should focus on real priorities: affordable energy, reliable infrastructure, and practical technology that works for British life. Don\u2019t let Westminster\u2019s crusade force you into a one-size-fits-all car and deeper hardship. Scrap the ban \u2014 keep choice, cut costs, and stand up for working people.""]",1,"This message raises a lot of the practical fairness concerns I already had — it reminds me that some people really do rely on petrol vehicles for work or because they live rurally and can’t easily charge at home. The tone about “control” and elites imposing rules makes me more wary of a hard 2030 cut‑off if safeguards aren’t in place. At the same time, I still care about cutting pollution and protecting the future, so I’m balancing sympathy for those practical objections with a wish that any transition include targeted support (charging, grants, alternatives for tradespeople) rather than a blunt ban that could hit lower‑income households hardest."
1355.0,4,P-B,ClimatePolicyID(3),,[],"[""They want to tell hard-working Brits what cars we can own, when we can drive them and how much it will cost us. I oppose a ban on new petrol cars by 2030 \u2014 it\u2019s another Net Zero diktat from the Westminster bubble that punishes ordinary people while politicians sip lattes in London. Families in the North, tradespeople, farmers and small businesses rely on reliable petrol vehicles today. Forcing a rapid switch will jack up prices, wreck the second\u2011hand market, and strand communities with poor charging infrastructure. Who pays for the retrofit of farms, building sites and rural roads? You do \u2014 through higher bills, higher car costs and fewer jobs.\n\nWe should scrap ideological deadlines and focus on common\u2011sense energy and transport policy: expand homegrown oil and gas where needed, remove green levies from bills, invest sensibly in charging only where it works, and stop this war on drivers. Put people first \u2014 not virtue signalling. Scrap Net Zero targets that amount to Net Poverty and restore Britain\u2019s power and prosperity.""]",1,"This message pushes my scepticism about a 2030 ban a bit harder. I already worried the deadline could hit moderate‑income households like mine and people in the North unfairly, and the emphasis on tradespeople, farmers and rural areas relying on petrol vehicles reminds me those practical gaps are real — not just abstract climate arguments. The tone about “Westminster bubble” and virtue signalling makes me more sensitive to the political optics: if the policy looks like it’s being driven by elites without clear, well‑funded local support it will feel unfair and top‑down.

At the same time, some of the language feels designed to provoke rather than propose workable solutions, and it downplays the benefits of cutting pollution and protecting future jobs in cleaner industries — things I do value. So it strengthens my view that I’m open to the goals behind a ban (cleaner air, future jobs) only if there are concrete, well‑targeted protections: grants, reliable rural charging, support for tradespeople, insulation and public transport improvements. Without those safeguards, I’m more inclined to oppose a fast 2030 cut because it risks pricing out people like me and harming communities that can’t transition quickly."
1355.0,4,P-A,ClimatePolicyID(3),,[],"[""I strongly support a government ban on the sale of new petrol cars by no later than 2030. This is about putting people and planet first \u2014 protecting young people\u2019s future, cutting air pollution outside schools, and finally getting our climate targets back on track. Every year we delay means more families paying for rising fuel costs and more toxic emissions in our streets. The good news is we don\u2019t need to choose between fairness and ambition. With a public-led approach \u2014 investment in cheap, reliable electric buses and trains, a national programme to retrofit homes and workplaces with charging points, and grants for low-income households to switch vehicles or access alternatives \u2014 we can make the transition affordable and just.\n\nA 2030 ban will speed up the switch to cheap renewable electricity, lower running costs for drivers, and create thousands of green jobs rebuilding our local economies. This policy should be part of a broader plan to make transport accessible and clean for everyone: free travel for young people, safer cycling routes, and publicly owned transport services that put communities first. Real Hope, Real Change \u2014 for the common good.""]",1,"This message makes me a bit more open to the idea. I like the emphasis on protecting young people’s future, cutting air pollution, and creating green jobs — those are things I care about. Hearing concrete measures (cheap reliable buses/trains, national charging rollout, grants for low‑income households, home retrofits) addresses some of my fairness worries and makes the goal feel more plausible.

At the same time I remain cautious: I worry about the speed and delivery of those supports — will grants be enough, will charging reach rural areas and people who can’t install home chargers, and will tradespeople and moderate‑income households actually be protected from extra costs? The rhetoric about public ownership and big promises sounds good in principle but I’m skeptical about implementation and safeguards. So it nudges me toward sympathy with the aims, but only if there are clear, well‑funded, targeted protections before I could fully back such a tight deadline."
1925.0,1,P-A,ClimatePolicyID(3),,[],"[""I strongly support a government ban on the sale of new petrol cars by no later than 2030. Real Hope, Real Change means acting now to protect young people\u2019s futures and cut the crushing costs that big oil and car corporations foist onto ordinary families. Renewables and electric vehicles are cheaper to run and maintain \u2014 switching faster will slash household fuel bills, improve air quality outside our schools, and reduce the climate chaos pushing rents and food prices up.\n\nBut a ban must be fair: public ownership of key transport services, massive investment in insulation and affordable, reliable public transport, and grants so no one is priced out of the switch. We must end subsidies that prop up fossil-fuel profits and instead fund a just transition with a wealth tax on the super-rich. That\u2019s how we win lower bills, safer streets, and secure jobs in clean industries.\n\nFor the Common Good: ban new petrol car sales by 2030, backed by the investment communities need to thrive. Fairer, Greener Communities start with decisive action.""]",1,"This message reinforces my support for tackling climate change and improving local air quality — those outcomes matter to me as a parent and someone who cares about nature. I like that it links the ban to practical benefits (lower running costs, cleaner air near schools) and that it emphasizes fairness measures like grants, public transport investment, and help with home insulation, which would make a rapid switch less burdensome for families on modest incomes. The call to fund the transition through wealth taxes and ending fossil-fuel subsidies appeals to my sense that those with the most should shoulder more of the cost, but I’m still worried about how quickly the market and infrastructure can adapt, especially for people in rural or poorly served areas of the East of England. The mention of public ownership of key transport services and guarantees on jobs in clean industries makes the proposal feel more politically and socially responsible, which makes me more open to supporting a strong target — provided the implementation details really protect those who would otherwise be left behind."
1925.0,1,P-B,ClimatePolicyID(3),,[],"[""Ban the sale of new petrol cars by 2030? I oppose it \u2014 strongly.\n\nThis is another Westminster diktat dreamed up by the Green Blob, an out\u2011of-touch elite happy to lecture ordinary people while they pay the price. For hard\u2011working families, tradespeople and rural communities, a petrol car is not a virtue signal \u2014 it\u2019s a lifeline. Hitting working drivers with a rushed ban will push up the cost of travel, wreck second\u2011hand markets, and punish anyone who relies on a van for their livelihood.\n\nInstead of forcing people into unaffordable alternatives, the government should scrap pointless green levies, expand British energy production, and let people choose what\u2019s right for their pocket and job. Don\u2019t let ideology trample common sense: Net Zero is not worth putting families and small businesses into deeper debt. Keep petrol cars on sale until practical, affordable choices exist for everyone. Scrap the 2030 ban \u2014 put Britain\u2019s prosperity and freedom of choice first. Restore Britain\u2019s power and prosperity.""]",1,"This message sharpens my concerns about fairness and practicality. I already worry about rural areas and tradespeople who rely on vans or need longer ranges, and the author's point about second‑hand markets and sudden cost increases makes me more uneasy about a hard 2030 cutoff unless there are strong support measures. The tone calling it an elite “diktat” taps into my skepticism of top‑down decisions and strengthens my instinct that any ban needs clear, funded plans — grants, charging infrastructure, protections for small businesses and lower‑income families — or it will feel like an unfair burden. At the same time, the writer’s dismissal of climate goals as “ideology” feels too binary; it doesn’t address how to meet environmental targets practically, so I still want to see realistic transition policies rather than simply keeping petrol sales open indefinitely."
1925.0,2,P-B,ClimatePolicyID(3),,[],"[""They want to ban the sale of new petrol cars by 2030 \u2014 I strongly oppose it.\n\nThis isn\u2019t green common sense, it\u2019s a Westminster edict from the Green Blob that will hammer ordinary people. Working families, rural motorists, plumbers, delivery drivers and small businesses rely on petrol cars now \u2014 and the reality is electric alternatives are expensive, unreliable in the countryside, and impossible for many who can\u2019t charge at home. A government ban by 2030 will force people into costly upgrades, push up motoring and living costs, and punish anyone who can\u2019t afford to play along.\n\nInstead of imposing an ideological deadline, we should scrap these top-down green diktats and focus on real priorities: expand domestic energy supply, cut green levies that inflate bills, and invest sensibly in charging infrastructure where it\u2019s needed. Don\u2019t outlaw choice or saddle the British working class with more costs. Scrap Net Zero targets that lead to bans like this, and restore practical policies that protect jobs, livelihoods and freedom to drive.""]",1,"Reading that message reinforces my worries about fairness and practicality. It taps into my concern that a 2030 ban could hit working families, rural residents, and tradespeople hard if charging and affordable EV options aren’t reliably in place, and it makes me more alert to the risk of top‑down rules feeling like an imposed “diktat.” At the same time, the sweeping dismissal of the transition as an elite green agenda feels too simplistic — it doesn’t wrestle with the real environmental need to cut emissions or the ways policy can be designed to protect vulnerable households. Overall, the message pushes me toward wanting stronger, concrete guarantees (grants, rural charging, second‑hand EV markets, exemptions or phased support for tradespeople) before I’d be comfortable endorsing a hard 2030 cutoff."
1925.0,2,P-A,ClimatePolicyID(3),,[],"[""I strongly support a government ban on the sale of new petrol cars by no later than 2030. This is the kind of bold, practical action we need to tackle the climate crisis while cutting living costs for families. Electric vehicles and public transport are now cheaper to run and cleaner for our communities; shifting now will reduce air pollution outside schools and hospitals, protect public health, and end the unfair squeeze of fuel bills on people already struggling.\n\nBut a ban alone is not enough \u2014 it must come with real investment so no-one is left behind. We must retrofit our towns with safe charging infrastructure, invest in free or low-cost public transport for young people and low-income households, and massively expand home insulation so people aren\u2019t paying to warm the car because their home leaks heat. We should fund this transition through a wealth tax on the super-rich and by taking energy systems back into public hands so profits are reinvested in communities.\n\nReal Hope, Real Change: Ban new petrol cars by 2030 \u2014 for fairer, greener communities and a secure future for everyone.""]",1,"This message makes me more sympathetic to a 2030 ban because it links the goal to concrete local benefits I care about — cleaner air around schools and lower running costs — and it acknowledges the need for fairness measures rather than just imposing a rule. I like the emphasis on charging infrastructure, cheaper public transport for young and low‑income people, and home insulation; those are the kinds of practical supports that would make a rapid shift feel manageable for families like mine. Funding it through wealth taxes and public ownership sounds appealing in principle, but I’m still worried about how quickly rural areas and tradespeople would adapt and whether the transition would genuinely be affordable in practice. Overall, the message nudges me toward conditional support if the implementation is well-funded and protects people on modest incomes, but it doesn’t yet fully ease my concerns about rural charging, second‑hand EV availability, and protections for small businesses."
1925.0,3,P-A,ClimatePolicyID(3),,[],"[""I strongly support a government ban on the sale of new petrol cars by 2030. Real Hope, Real Change means acting now to protect young people\u2019s future and cut the runaway costs tied to fossil fuels. A 2030 ban would accelerate the shift to affordable electric vehicles, boost investment in local clean transport and create good green jobs in manufacturing and charging infrastructure. It would also slash air pollution outside schools and hospitals, improving health and cutting NHS pressures.\n\nBut a fair transition must put communities first. Ban the sale doesn\u2019t mean leaving people stranded: we must fund grants for low-income households and small businesses to switch to electric vehicles, massively expand public transport, and retrofit homes and parks with charging points. Publicly owned energy and batteries should keep costs down, not line the pockets of private profiteers.\n\nFor the common good, a 2030 ban is bold, necessary and achievable \u2014 if paired with justice-led policies ensuring no one is left behind. Fairer, Greener Communities start here.""]",1,"This message nudges me more toward supporting a 2030 ban because it ties the target to concrete local benefits I care about — cleaner air near schools and hospitals, lower running costs, and new green jobs — and it stresses the need for fairness measures rather than a one‑size imposition. I like the emphasis on grants for low‑income households, expanded public transport, and public ownership to keep costs down; those are the kinds of practical supports that would make a rapid shift feel manageable for families like mine. Still, I remain cautious: I need clearer detail on how rural charging, affordable second‑hand EV markets, protections for tradespeople, and timelines for infrastructure roll‑out will be guaranteed before I’d be comfortable backing a strict 2030 cutoff."
1925.0,3,P-B,ClimatePolicyID(3),,[],"[""They want to tell hardworking Brits what car they can own \u2014 and by 2030 they\u2019ll be banning new petrol cars. I oppose that completely.\n\nThis isn\u2019t about the environment; it\u2019s about control. Forcing people into expensive electric vehicles will hit rural families, tradespeople and small businesses hardest. Electric cars don\u2019t suit farmers hauling livestock, self-employed drivers who need long ranges, or pensioners in villages with no charging points. And it\u2019ll push up costs across the board: higher upfront prices, punishing electricity bills, and thousands wiped off the value of perfectly good petrol cars.\n\nWorse, the elite who cheer this on don\u2019t live with the consequences. They want to impose their Net Zero fantasy while ordinary people pay the price. Instead of banning options, we should focus on real priorities: affordable energy, reliable infrastructure, and practical technology that works for British life. Don\u2019t let Westminster\u2019s crusade force you into a one-size-fits-all car and deeper hardship. Scrap the ban \u2014 keep choice, cut costs, and stand up for working people.""]",1,"This message heightens my worries that a 2030 ban could feel like a top‑down imposition that hits ordinary, practical people hardest — rural families, tradespeople and those without home charging — and that without clear, funded protections it would be unfair. It also pushes me to demand concrete guarantees (grants, rural and workplace charging, exemptions or phased arrangements for trades and long‑range needs, and support for a second‑hand EV market) before I’d be comfortable with such a strict deadline. At the same time, the argument feels a bit one‑sided in dismissing environmental reasons entirely; I still care about cutting emissions and want a transition that balances climate goals with realistic, affordable support for households like mine."
1925.0,4,P-B,ClimatePolicyID(3),,[],"[""They want to tell hard-working Brits what cars we can own, when we can drive them and how much it will cost us. I oppose a ban on new petrol cars by 2030 \u2014 it\u2019s another Net Zero diktat from the Westminster bubble that punishes ordinary people while politicians sip lattes in London. Families in the North, tradespeople, farmers and small businesses rely on reliable petrol vehicles today. Forcing a rapid switch will jack up prices, wreck the second\u2011hand market, and strand communities with poor charging infrastructure. Who pays for the retrofit of farms, building sites and rural roads? You do \u2014 through higher bills, higher car costs and fewer jobs.\n\nWe should scrap ideological deadlines and focus on common\u2011sense energy and transport policy: expand homegrown oil and gas where needed, remove green levies from bills, invest sensibly in charging only where it works, and stop this war on drivers. Put people first \u2014 not virtue signalling. Scrap Net Zero targets that amount to Net Poverty and restore Britain\u2019s power and prosperity.""]",1,"This message heightens my worry that a 2030 ban could feel imposed from the top down and hit ordinary families and small businesses hardest — exactly the concerns I already have about rural charging, tradespeople who need long-range vans, and the knock-on effect on the second‑hand market. The tone is quite combative and paints the policy as ideological virtue signalling, which makes me more alert to political posturing and less trusting of blanket deadlines without funded implementation plans. At the same time, the message largely dismisses environmental reasons and leans heavily on fear of higher costs; that doesn’t align with my commitment to tackling climate change, so it pushes me to want stronger, concrete guarantees (grants, rural and workplace charging, protections for tradespeople, support for second‑hand EVs) before I’d accept a strict 2030 cutoff."
1925.0,4,P-A,ClimatePolicyID(3),,[],"[""I strongly support a government ban on the sale of new petrol cars by no later than 2030. This is about putting people and planet first \u2014 protecting young people\u2019s future, cutting air pollution outside schools, and finally getting our climate targets back on track. Every year we delay means more families paying for rising fuel costs and more toxic emissions in our streets. The good news is we don\u2019t need to choose between fairness and ambition. With a public-led approach \u2014 investment in cheap, reliable electric buses and trains, a national programme to retrofit homes and workplaces with charging points, and grants for low-income households to switch vehicles or access alternatives \u2014 we can make the transition affordable and just.\n\nA 2030 ban will speed up the switch to cheap renewable electricity, lower running costs for drivers, and create thousands of green jobs rebuilding our local economies. This policy should be part of a broader plan to make transport accessible and clean for everyone: free travel for young people, safer cycling routes, and publicly owned transport services that put communities first. Real Hope, Real Change \u2014 for the common good.""]",1,"This message nudges me more toward supporting a 2030 ban because it ties the deadline to practical local benefits I care about — cleaner air around schools, lower running costs in the long run, and green jobs — and because it emphasises fairness measures (grants, public transport investment, retrofitting charging at homes and workplaces) rather than a blunt deadline. I like that it frames public ownership and cheap, reliable alternatives as part of the solution, which addresses some of my worries about rural areas and people on modest incomes.

At the same time I’m still cautious: I need clearer, funded detail on how rapid rollout will actually work for rural communities, tradespeople who need long-range vans, and for people without off-street parking. Promises of grants and national programmes are reassuring in principle, but without concrete timelines, guaranteed funding, and protections for second‑hand vehicle markets and small businesses I’d remain worried a hard 2030 cutoff could feel unfair or disruptive for ordinary families like mine."
498.0,1,P-A,ClimatePolicyID(3),,[],"[""I strongly support a government ban on the sale of new petrol cars by no later than 2030. Real Hope, Real Change means acting now to protect young people\u2019s futures and cut the crushing costs that big oil and car corporations foist onto ordinary families. Renewables and electric vehicles are cheaper to run and maintain \u2014 switching faster will slash household fuel bills, improve air quality outside our schools, and reduce the climate chaos pushing rents and food prices up.\n\nBut a ban must be fair: public ownership of key transport services, massive investment in insulation and affordable, reliable public transport, and grants so no one is priced out of the switch. We must end subsidies that prop up fossil-fuel profits and instead fund a just transition with a wealth tax on the super-rich. That\u2019s how we win lower bills, safer streets, and secure jobs in clean industries.\n\nFor the Common Good: ban new petrol car sales by 2030, backed by the investment communities need to thrive. Fairer, Greener Communities start with decisive action.""]",1,"I agree with the urgency about protecting young people's futures and the environmental and health benefits of cleaner air — that matches my concern for nature and helping others. The points about cheaper running costs for EVs and long-term savings make sense, and public investment in insulation and transport would help households like mine. But I'm wary of the short-term financial hit: a hard 2030 cutoff might be unfair to ordinary families who can't easily afford a new electric car even with grants, and I worry whether public transport and charging infrastructure will be reliable in my area. The idea of funding the transition by ending fossil-fuel subsidies and taxing the very wealthy sounds reasonable to me, provided it genuinely protects those on modest incomes and ensures a fair, phased change."
498.0,1,P-B,ClimatePolicyID(3),,[],"[""Ban the sale of new petrol cars by 2030? I oppose it \u2014 strongly.\n\nThis is another Westminster diktat dreamed up by the Green Blob, an out\u2011of-touch elite happy to lecture ordinary people while they pay the price. For hard\u2011working families, tradespeople and rural communities, a petrol car is not a virtue signal \u2014 it\u2019s a lifeline. Hitting working drivers with a rushed ban will push up the cost of travel, wreck second\u2011hand markets, and punish anyone who relies on a van for their livelihood.\n\nInstead of forcing people into unaffordable alternatives, the government should scrap pointless green levies, expand British energy production, and let people choose what\u2019s right for their pocket and job. Don\u2019t let ideology trample common sense: Net Zero is not worth putting families and small businesses into deeper debt. Keep petrol cars on sale until practical, affordable choices exist for everyone. Scrap the 2030 ban \u2014 put Britain\u2019s prosperity and freedom of choice first. Restore Britain\u2019s power and prosperity.""]",1,"This message pushes me to worry more about fairness and timing. I still care about cleaner air and the long‑term savings from EVs, but the tone about “Westminster diktat” and the impact on tradespeople and rural folks rings true — a hard 2030 cutoff could leave ordinary families and small businesses facing big costs and limited practical options, especially where charging and public transport aren’t reliable. It makes me want strong protections for people on modest incomes: phased measures, better grants, support for the second‑hand market, and more investment in local charging and alternatives before any strict ban — otherwise it feels like policy driven by ideology rather than the realities of daily life."
498.0,2,P-B,ClimatePolicyID(3),,[],"[""They want to ban the sale of new petrol cars by 2030 \u2014 I strongly oppose it.\n\nThis isn\u2019t green common sense, it\u2019s a Westminster edict from the Green Blob that will hammer ordinary people. Working families, rural motorists, plumbers, delivery drivers and small businesses rely on petrol cars now \u2014 and the reality is electric alternatives are expensive, unreliable in the countryside, and impossible for many who can\u2019t charge at home. A government ban by 2030 will force people into costly upgrades, push up motoring and living costs, and punish anyone who can\u2019t afford to play along.\n\nInstead of imposing an ideological deadline, we should scrap these top-down green diktats and focus on real priorities: expand domestic energy supply, cut green levies that inflate bills, and invest sensibly in charging infrastructure where it\u2019s needed. Don\u2019t outlaw choice or saddle the British working class with more costs. Scrap Net Zero targets that lead to bans like this, and restore practical policies that protect jobs, livelihoods and freedom to drive.""]",1,"Reading this makes me even more worried about the fairness and timing of a 2030 ban. It highlights practical problems I’ve already been thinking about — rural charging reliability, tradespeople and small businesses who need dependable vehicles, and ordinary families who can’t afford new EVs even with grants. That pushes me toward wanting stronger safeguards: a phased approach, better support for second‑hand EVs, generous targeted grants, and much faster investment in local charging before any hard deadline.

At the same time, I still care about cleaner air and cutting carbon — the message maybe overstates the case by calling it purely “ideological,” and I recognise the environmental arguments behind moving away from petrol. So I’m balancing two instincts: support for the goal of reducing emissions and protecting young people’s futures, versus concern that a blunt 2030 cutoff could be unfair and economically painful without proper mitigation and infrastructure, especially for people like me in the East of England."
498.0,2,P-A,ClimatePolicyID(3),,[],"[""I strongly support a government ban on the sale of new petrol cars by no later than 2030. This is the kind of bold, practical action we need to tackle the climate crisis while cutting living costs for families. Electric vehicles and public transport are now cheaper to run and cleaner for our communities; shifting now will reduce air pollution outside schools and hospitals, protect public health, and end the unfair squeeze of fuel bills on people already struggling.\n\nBut a ban alone is not enough \u2014 it must come with real investment so no-one is left behind. We must retrofit our towns with safe charging infrastructure, invest in free or low-cost public transport for young people and low-income households, and massively expand home insulation so people aren\u2019t paying to warm the car because their home leaks heat. We should fund this transition through a wealth tax on the super-rich and by taking energy systems back into public hands so profits are reinvested in communities.\n\nReal Hope, Real Change: Ban new petrol cars by 2030 \u2014 for fairer, greener communities and a secure future for everyone.""]",1,"This reinforces my support for the goal — cleaner air, lower running costs, and protecting young people’s futures all matter to me — and I like the point about pairing a ban with real investment so people aren’t left worse off. But it also sharpens my concerns about timing and fairness: a hard 2030 cutoff feels like it could hit ordinary families and tradespeople in rural areas unless there’s fast, reliable local charging, big help for the second‑hand market, and generous targeted grants. Funding it by taxing the very wealthy and reinvesting profits sounds fair, provided the money actually reaches places like mine and protects those on modest incomes."
498.0,3,P-A,ClimatePolicyID(3),,[],"[""I strongly support a government ban on the sale of new petrol cars by 2030. Real Hope, Real Change means acting now to protect young people\u2019s future and cut the runaway costs tied to fossil fuels. A 2030 ban would accelerate the shift to affordable electric vehicles, boost investment in local clean transport and create good green jobs in manufacturing and charging infrastructure. It would also slash air pollution outside schools and hospitals, improving health and cutting NHS pressures.\n\nBut a fair transition must put communities first. Ban the sale doesn\u2019t mean leaving people stranded: we must fund grants for low-income households and small businesses to switch to electric vehicles, massively expand public transport, and retrofit homes and parks with charging points. Publicly owned energy and batteries should keep costs down, not line the pockets of private profiteers.\n\nFor the common good, a 2030 ban is bold, necessary and achievable \u2014 if paired with justice-led policies ensuring no one is left behind. Fairer, Greener Communities start here.""]",1,"Reading this message reminds me why I’m broadly sympathetic to the idea — cleaner air around schools and hospitals, cutting carbon for the sake of future generations, and the promise of new local jobs all sit well with my concern for nature and fairness. At the same time the reassurance about grants, huge investment in public transport and charging, and protections for low‑income households addresses some of my big worries about timing and fairness — if those safeguards are genuine and well‑funded it makes a 2030 target feel more plausible.

But I’m still uneasy about whether the scale and speed of the change can be delivered in rural areas like mine: reliable local charging, support for tradespeople who need dependable vans, and an affordable second‑hand EV market are things that can’t be patched overnight. I’d be more convinced if the plan had clear, guaranteed funding streams targeted at places with weaker infrastructure and lower incomes, and realistic phasing so ordinary families aren’t left paying the price."
498.0,3,P-B,ClimatePolicyID(3),,[],"[""They want to tell hardworking Brits what car they can own \u2014 and by 2030 they\u2019ll be banning new petrol cars. I oppose that completely.\n\nThis isn\u2019t about the environment; it\u2019s about control. Forcing people into expensive electric vehicles will hit rural families, tradespeople and small businesses hardest. Electric cars don\u2019t suit farmers hauling livestock, self-employed drivers who need long ranges, or pensioners in villages with no charging points. And it\u2019ll push up costs across the board: higher upfront prices, punishing electricity bills, and thousands wiped off the value of perfectly good petrol cars.\n\nWorse, the elite who cheer this on don\u2019t live with the consequences. They want to impose their Net Zero fantasy while ordinary people pay the price. Instead of banning options, we should focus on real priorities: affordable energy, reliable infrastructure, and practical technology that works for British life. Don\u2019t let Westminster\u2019s crusade force you into a one-size-fits-all car and deeper hardship. Scrap the ban \u2014 keep choice, cut costs, and stand up for working people.""]",1,"Reading this pushes me further toward worrying that a straight 2030 ban could be unfair and badly timed. The points about rural needs, tradespeople who rely on range and payload, and villages with poor charging hit home — they make me think any policy needs much stronger, targeted support before a cutoff. At the same time I still accept the environmental reasons for moving away from petrol, so I’m leaning toward wanting the goal retained but only with clear, well-funded safeguards: phased implementation, big investment in local charging, generous help for second‑hand EVs and small businesses, and exemptions or later dates where practical constraints make an immediate ban unreasonable."
498.0,4,P-B,ClimatePolicyID(3),,[],"[""They want to tell hard-working Brits what cars we can own, when we can drive them and how much it will cost us. I oppose a ban on new petrol cars by 2030 \u2014 it\u2019s another Net Zero diktat from the Westminster bubble that punishes ordinary people while politicians sip lattes in London. Families in the North, tradespeople, farmers and small businesses rely on reliable petrol vehicles today. Forcing a rapid switch will jack up prices, wreck the second\u2011hand market, and strand communities with poor charging infrastructure. Who pays for the retrofit of farms, building sites and rural roads? You do \u2014 through higher bills, higher car costs and fewer jobs.\n\nWe should scrap ideological deadlines and focus on common\u2011sense energy and transport policy: expand homegrown oil and gas where needed, remove green levies from bills, invest sensibly in charging only where it works, and stop this war on drivers. Put people first \u2014 not virtue signalling. Scrap Net Zero targets that amount to Net Poverty and restore Britain\u2019s power and prosperity.""]",1,"Reading that message makes a lot of my concerns feel validated — it highlights the real consequences for tradespeople, farmers and ordinary families in rural areas like mine, and the worry that policymakers in cities don’t fully appreciate those practical problems. I still care about cleaner air and cutting emissions, but the tone here pushes me further toward wanting guarantees: clear, funded protections for second‑hand markets, targeted help for rural charging and for small businesses that need reliable vans, and realistic phasing so people aren’t hit with sudden costs. At the same time the message sounds a bit combative and lumps all climate measures together as ideological, which risks dismissing legitimate environmental reasons for change; that makes me want nuanced solutions rather than scrapping the goal outright."
498.0,4,P-A,ClimatePolicyID(3),,[],"[""I strongly support a government ban on the sale of new petrol cars by no later than 2030. This is about putting people and planet first \u2014 protecting young people\u2019s future, cutting air pollution outside schools, and finally getting our climate targets back on track. Every year we delay means more families paying for rising fuel costs and more toxic emissions in our streets. The good news is we don\u2019t need to choose between fairness and ambition. With a public-led approach \u2014 investment in cheap, reliable electric buses and trains, a national programme to retrofit homes and workplaces with charging points, and grants for low-income households to switch vehicles or access alternatives \u2014 we can make the transition affordable and just.\n\nA 2030 ban will speed up the switch to cheap renewable electricity, lower running costs for drivers, and create thousands of green jobs rebuilding our local economies. This policy should be part of a broader plan to make transport accessible and clean for everyone: free travel for young people, safer cycling routes, and publicly owned transport services that put communities first. Real Hope, Real Change \u2014 for the common good.""]",1,"This message reinforces a lot of my values — cleaner air for schools and cutting emissions for future generations are things I strongly care about, and the emphasis on public investment, home retrofits and grants sounds fair and practical. It helps with my worry about costs if the funding and support are genuinely there, especially for modest-income households and rural areas. But I'm still uneasy about whether a firm 2030 cutoff is realistic for tradespeople, farmers and places with poor charging: I'd need clearer guarantees of targeted funding, strong rural charging and second‑hand EV support before feeling comfortable with that timeline."
1744.0,1,P-A,ClimatePolicyID(3),,[],"[""I strongly support a government ban on the sale of new petrol cars by no later than 2030. Real Hope, Real Change means acting now to protect young people\u2019s futures and cut the crushing costs that big oil and car corporations foist onto ordinary families. Renewables and electric vehicles are cheaper to run and maintain \u2014 switching faster will slash household fuel bills, improve air quality outside our schools, and reduce the climate chaos pushing rents and food prices up.\n\nBut a ban must be fair: public ownership of key transport services, massive investment in insulation and affordable, reliable public transport, and grants so no one is priced out of the switch. We must end subsidies that prop up fossil-fuel profits and instead fund a just transition with a wealth tax on the super-rich. That\u2019s how we win lower bills, safer streets, and secure jobs in clean industries.\n\nFor the Common Good: ban new petrol car sales by 2030, backed by the investment communities need to thrive. Fairer, Greener Communities start with decisive action.""]",1,"I get the environmental argument and the bit about cheaper running costs — that resonates a bit, since I do worry about bills and the health of my neighbourhood. But I'm immediately worried about the pace and fairness: a 2030 ban feels rushed and could push people like me, on a modest income, into unaffordable choices unless there are solid, practical supports. The calls for big public investment, grants, better public transport and home insulation sound essential; without those I’d worry about rural and suburban areas in the East Midlands being left behind and about whether charging infrastructure will actually be there. I also bristle at the rhetoric about wealth taxes and ending subsidies — I’m not against paying my fair share, but I’d want clear evidence that the funds will be spent effectively to protect ordinary families. Overall, I’m open to the direction but very focused on fairness, timing, and whether the government will deliver the tangible help people need to make the switch."
1744.0,2,P-A,ClimatePolicyID(3),,[],"[""I strongly support a government ban on the sale of new petrol cars by no later than 2030. This is the kind of bold, practical action we need to tackle the climate crisis while cutting living costs for families. Electric vehicles and public transport are now cheaper to run and cleaner for our communities; shifting now will reduce air pollution outside schools and hospitals, protect public health, and end the unfair squeeze of fuel bills on people already struggling.\n\nBut a ban alone is not enough \u2014 it must come with real investment so no-one is left behind. We must retrofit our towns with safe charging infrastructure, invest in free or low-cost public transport for young people and low-income households, and massively expand home insulation so people aren\u2019t paying to warm the car because their home leaks heat. We should fund this transition through a wealth tax on the super-rich and by taking energy systems back into public hands so profits are reinvested in communities.\n\nReal Hope, Real Change: Ban new petrol cars by 2030 \u2014 for fairer, greener communities and a secure future for everyone.""]",1,"I get the environmental and health argument — cleaner air near schools and hospitals and lower running costs do appeal, and the idea of real investment to make the switch fair sounds sensible. But a 2030 ban still feels abrupt to me given my income and where I live in the East Midlands: I worry about upfront costs, whether reliable charging will be available locally (especially if I don’t live near dedicated chargers), and whether grants or public transport improvements will actually arrive in time. I like the focus on protecting low-income families, but I’m wary of funding ideas like wealth taxes unless there’s clear evidence the money will be spent efficiently and directly help people like me. Overall it makes me more open to the direction, provided the timetable and support are realistic and targeted."
1744.0,3,P-A,ClimatePolicyID(3),,[],"[""I strongly support a government ban on the sale of new petrol cars by 2030. Real Hope, Real Change means acting now to protect young people\u2019s future and cut the runaway costs tied to fossil fuels. A 2030 ban would accelerate the shift to affordable electric vehicles, boost investment in local clean transport and create good green jobs in manufacturing and charging infrastructure. It would also slash air pollution outside schools and hospitals, improving health and cutting NHS pressures.\n\nBut a fair transition must put communities first. Ban the sale doesn\u2019t mean leaving people stranded: we must fund grants for low-income households and small businesses to switch to electric vehicles, massively expand public transport, and retrofit homes and parks with charging points. Publicly owned energy and batteries should keep costs down, not line the pockets of private profiteers.\n\nFor the common good, a 2030 ban is bold, necessary and achievable \u2014 if paired with justice-led policies ensuring no one is left behind. Fairer, Greener Communities start here.""]",1,"I can see the strong arguments here about protecting kids’ health and cutting fuel costs in the long run — that’s appealing, especially the bit about cleaner air near schools and hospitals. The promise of green jobs and more local investment sounds good too, but I worry about the practical side: with my household income and where I live in the East Midlands, the upfront cost of switching and whether chargers will actually be available nearby are big concerns. I like the emphasis on grants, public transport and publicly owned energy — if those supports are real and well-targeted, I’d be much more comfortable with the idea. A firm 2030 deadline still feels rushed unless the policy clearly ensures help for people like me."
1744.0,4,P-A,ClimatePolicyID(3),,[],"[""I strongly support a government ban on the sale of new petrol cars by no later than 2030. This is about putting people and planet first \u2014 protecting young people\u2019s future, cutting air pollution outside schools, and finally getting our climate targets back on track. Every year we delay means more families paying for rising fuel costs and more toxic emissions in our streets. The good news is we don\u2019t need to choose between fairness and ambition. With a public-led approach \u2014 investment in cheap, reliable electric buses and trains, a national programme to retrofit homes and workplaces with charging points, and grants for low-income households to switch vehicles or access alternatives \u2014 we can make the transition affordable and just.\n\nA 2030 ban will speed up the switch to cheap renewable electricity, lower running costs for drivers, and create thousands of green jobs rebuilding our local economies. This policy should be part of a broader plan to make transport accessible and clean for everyone: free travel for young people, safer cycling routes, and publicly owned transport services that put communities first. Real Hope, Real Change \u2014 for the common good.""]",1,"I can see the positives here — cleaner air near schools and hospitals and cheaper running costs over time are hard to argue with, and the promise of public investment and grants makes the idea feel less like a rich-people policy. But I keep coming back to the practical worries: on my income in the East Midlands I’d struggle with upfront costs unless grants are very generous, and I’m not confident charging points or reliable buses and trains will actually be delivered where I live. Saying the ban “won’t force a choice between fairness and ambition” sounds hopeful, but I’d need clear, enforceable commitments on funding, local charging infrastructure and support for rural areas before I’d feel comfortable with a 2030 deadline."
693.0,1,P-A,ClimatePolicyID(3),,[],"[""I strongly support a government ban on the sale of new petrol cars by no later than 2030. Real Hope, Real Change means acting now to protect young people\u2019s futures and cut the crushing costs that big oil and car corporations foist onto ordinary families. Renewables and electric vehicles are cheaper to run and maintain \u2014 switching faster will slash household fuel bills, improve air quality outside our schools, and reduce the climate chaos pushing rents and food prices up.\n\nBut a ban must be fair: public ownership of key transport services, massive investment in insulation and affordable, reliable public transport, and grants so no one is priced out of the switch. We must end subsidies that prop up fossil-fuel profits and instead fund a just transition with a wealth tax on the super-rich. That\u2019s how we win lower bills, safer streets, and secure jobs in clean industries.\n\nFor the Common Good: ban new petrol car sales by 2030, backed by the investment communities need to thrive. Fairer, Greener Communities start with decisive action.""]",1,"Hearing that makes me more sympathetic to the overall goal — I like the idea of cleaner air near schools and lower running costs with electric cars, and protecting young people’s futures is important. At the same time the emphasis on fairness and a just transition matters to me: big promises about bans feel risky unless there are real measures to help ordinary families afford the switch, better public transport, and home insulation so costs don’t just get shifted onto people like me. The funding ideas (taxing the very wealthy, ending fossil-fuel subsidies) sound more acceptable than regressive measures, but I’d want clearer details on timelines, grants, and how rural or lower-income households would be supported before fully backing a 2030 deadline."
693.0,2,P-A,ClimatePolicyID(3),,[],"[""I strongly support a government ban on the sale of new petrol cars by no later than 2030. This is the kind of bold, practical action we need to tackle the climate crisis while cutting living costs for families. Electric vehicles and public transport are now cheaper to run and cleaner for our communities; shifting now will reduce air pollution outside schools and hospitals, protect public health, and end the unfair squeeze of fuel bills on people already struggling.\n\nBut a ban alone is not enough \u2014 it must come with real investment so no-one is left behind. We must retrofit our towns with safe charging infrastructure, invest in free or low-cost public transport for young people and low-income households, and massively expand home insulation so people aren\u2019t paying to warm the car because their home leaks heat. We should fund this transition through a wealth tax on the super-rich and by taking energy systems back into public hands so profits are reinvested in communities.\n\nReal Hope, Real Change: Ban new petrol cars by 2030 \u2014 for fairer, greener communities and a secure future for everyone.""]",1,"Hearing that makes me more sympathetic to the goal — cleaner air near schools and lower running costs with electric cars are appealing, and protecting kids’ futures is important. At the same time I worry about fairness and practical support: a hard 2030 ban feels risky unless there are clear, funded measures to help ordinary families afford EVs, improve public transport, and insulate homes so costs aren’t simply shifted onto people like me. The funding ideas — taxing the very wealthy and reinvesting profits into communities — sound more acceptable than regressive measures, but I’d need clearer detail on timelines, grants, and support for rural households before I’d feel comfortable with that deadline."
693.0,3,P-A,ClimatePolicyID(3),,[],"[""I strongly support a government ban on the sale of new petrol cars by 2030. Real Hope, Real Change means acting now to protect young people\u2019s future and cut the runaway costs tied to fossil fuels. A 2030 ban would accelerate the shift to affordable electric vehicles, boost investment in local clean transport and create good green jobs in manufacturing and charging infrastructure. It would also slash air pollution outside schools and hospitals, improving health and cutting NHS pressures.\n\nBut a fair transition must put communities first. Ban the sale doesn\u2019t mean leaving people stranded: we must fund grants for low-income households and small businesses to switch to electric vehicles, massively expand public transport, and retrofit homes and parks with charging points. Publicly owned energy and batteries should keep costs down, not line the pockets of private profiteers.\n\nFor the common good, a 2030 ban is bold, necessary and achievable \u2014 if paired with justice-led policies ensuring no one is left behind. Fairer, Greener Communities start here.""]",1,"Hearing that makes me more sympathetic to the goal — cleaner air near schools and lower running costs with electric cars are appealing, and protecting kids’ futures is important. The emphasis on grants for low‑income households, support for small businesses, better public transport and lots of charging points makes the 2030 date sound less like a blunt shove and more like a planned switch, which eases some of my worries. I’m still wary about affordability and practical access in rural areas though — I’d want clearer detail on how big grants would be, how quickly charging infrastructure would reach smaller towns, and what happens to people who rely on older vehicles for work before they can afford replacements. The idea of publicly owned energy and batteries to keep costs down is reassuring, but I’d need to know how it would be funded and protected from political or market pressures. Overall the message nudges me toward supporting the direction, provided the transition includes concrete, well‑funded measures to protect ordinary families like mine."
693.0,4,P-A,ClimatePolicyID(3),,[],"[""I strongly support a government ban on the sale of new petrol cars by no later than 2030. This is about putting people and planet first \u2014 protecting young people\u2019s future, cutting air pollution outside schools, and finally getting our climate targets back on track. Every year we delay means more families paying for rising fuel costs and more toxic emissions in our streets. The good news is we don\u2019t need to choose between fairness and ambition. With a public-led approach \u2014 investment in cheap, reliable electric buses and trains, a national programme to retrofit homes and workplaces with charging points, and grants for low-income households to switch vehicles or access alternatives \u2014 we can make the transition affordable and just.\n\nA 2030 ban will speed up the switch to cheap renewable electricity, lower running costs for drivers, and create thousands of green jobs rebuilding our local economies. This policy should be part of a broader plan to make transport accessible and clean for everyone: free travel for young people, safer cycling routes, and publicly owned transport services that put communities first. Real Hope, Real Change \u2014 for the common good.""]",1,"Hearing this makes me more sympathetic to the idea — cleaner air outside schools and lower running costs for electric cars are things I care about for my family. The emphasis on grants for low‑income households, lots of charging points, better buses and trains, and publicly led measures makes the 2030 date feel less like a sudden shove and more like a planned transition, which eases some of my worries. I’m still cautious about affordability and how quickly rural and small‑town charging infrastructure would be rolled out, and I’d want specifics on the size and timing of grants so people who rely on older vehicles for work aren’t unfairly left out. The promise of green jobs and cheaper electricity is appealing, but I’d need detail on funding and protections for those public investments before I’d be fully comfortable with a firm 2030 deadline."
100.0,1,P-A,ClimatePolicyID(3),,[],"[""I strongly support a government ban on the sale of new petrol cars by no later than 2030. Real Hope, Real Change means acting now to protect young people\u2019s futures and cut the crushing costs that big oil and car corporations foist onto ordinary families. Renewables and electric vehicles are cheaper to run and maintain \u2014 switching faster will slash household fuel bills, improve air quality outside our schools, and reduce the climate chaos pushing rents and food prices up.\n\nBut a ban must be fair: public ownership of key transport services, massive investment in insulation and affordable, reliable public transport, and grants so no one is priced out of the switch. We must end subsidies that prop up fossil-fuel profits and instead fund a just transition with a wealth tax on the super-rich. That\u2019s how we win lower bills, safer streets, and secure jobs in clean industries.\n\nFor the Common Good: ban new petrol car sales by 2030, backed by the investment communities need to thrive. Fairer, Greener Communities start with decisive action.""]",1,"I still really want strong climate action and cleaner air for my grandchildren — the argument that switching to EVs and renewables cuts running costs and pollution resonates with me. But hearing the emphasis on fairness and support for low-income households eases some of my concerns: public ownership of transport, big insulation programs, reliable affordable buses and grants would help people like me who worry about upfront costs and access. The call to fund it through wealth taxes rather than making ordinary families pay feels more in line with my values. I’m balancing hope that this could genuinely reduce bills and improve health against worry that without those specific protections and investment, the policy might hurt working families who can’t afford new vehicles or live in areas with poor public transport."
100.0,2,P-A,ClimatePolicyID(3),,[],"[""I strongly support a government ban on the sale of new petrol cars by no later than 2030. This is the kind of bold, practical action we need to tackle the climate crisis while cutting living costs for families. Electric vehicles and public transport are now cheaper to run and cleaner for our communities; shifting now will reduce air pollution outside schools and hospitals, protect public health, and end the unfair squeeze of fuel bills on people already struggling.\n\nBut a ban alone is not enough \u2014 it must come with real investment so no-one is left behind. We must retrofit our towns with safe charging infrastructure, invest in free or low-cost public transport for young people and low-income households, and massively expand home insulation so people aren\u2019t paying to warm the car because their home leaks heat. We should fund this transition through a wealth tax on the super-rich and by taking energy systems back into public hands so profits are reinvested in communities.\n\nReal Hope, Real Change: Ban new petrol cars by 2030 \u2014 for fairer, greener communities and a secure future for everyone.""]",1,"Hearing this message makes me warmer to the idea in some ways — I like the clear health and pollution arguments, and the promise that EVs and public transport can cut running costs speaks directly to my concerns about bills. The emphasis on accompanying measures — chargers in towns, free or cheap travel for young and low-income people, big home insulation programs — is crucial for me; without those I worry the ban would unfairly hit people on modest incomes who can’t afford new cars or live in areas with poor transport. Funding it through a wealth tax and public ownership fits my values about fairness and not making ordinary families pay. So I feel cautiously more positive, but still anxious about implementation details and guarantees that the transition won’t leave communities like mine behind."
100.0,3,P-A,ClimatePolicyID(3),,[],"[""I strongly support a government ban on the sale of new petrol cars by 2030. Real Hope, Real Change means acting now to protect young people\u2019s future and cut the runaway costs tied to fossil fuels. A 2030 ban would accelerate the shift to affordable electric vehicles, boost investment in local clean transport and create good green jobs in manufacturing and charging infrastructure. It would also slash air pollution outside schools and hospitals, improving health and cutting NHS pressures.\n\nBut a fair transition must put communities first. Ban the sale doesn\u2019t mean leaving people stranded: we must fund grants for low-income households and small businesses to switch to electric vehicles, massively expand public transport, and retrofit homes and parks with charging points. Publicly owned energy and batteries should keep costs down, not line the pockets of private profiteers.\n\nFor the common good, a 2030 ban is bold, necessary and achievable \u2014 if paired with justice-led policies ensuring no one is left behind. Fairer, Greener Communities start here.""]",1,"Hearing this makes me a bit more positive about the idea because it addresses some of my main worries — the message links the ban to cheaper running costs, local job creation, and cleaner air near schools and hospitals, which I care about. I still need stronger guarantees about the practical supports mentioned: clear, funded grants for low‑income households, a big boost to local public transport, and chargers in towns and streets where people don’t have off‑street parking. The mention of public ownership of energy and batteries appeals to me because it suggests protecting ordinary people from profiteering, but I’d want to see firm commitments on how the transition will be paid for and how it will help communities like mine rather than leaving them worse off."
100.0,4,P-A,ClimatePolicyID(3),,[],"[""I strongly support a government ban on the sale of new petrol cars by no later than 2030. This is about putting people and planet first \u2014 protecting young people\u2019s future, cutting air pollution outside schools, and finally getting our climate targets back on track. Every year we delay means more families paying for rising fuel costs and more toxic emissions in our streets. The good news is we don\u2019t need to choose between fairness and ambition. With a public-led approach \u2014 investment in cheap, reliable electric buses and trains, a national programme to retrofit homes and workplaces with charging points, and grants for low-income households to switch vehicles or access alternatives \u2014 we can make the transition affordable and just.\n\nA 2030 ban will speed up the switch to cheap renewable electricity, lower running costs for drivers, and create thousands of green jobs rebuilding our local economies. This policy should be part of a broader plan to make transport accessible and clean for everyone: free travel for young people, safer cycling routes, and publicly owned transport services that put communities first. Real Hope, Real Change \u2014 for the common good.""]",1,"Hearing this makes me a bit more positive because it directly addresses my main worries — cheaper running costs, cleaner air around schools, and job creation feel important and convincing. I like the emphasis on fairness — grants for low-income households, big investment in buses and trains, and retrofitting chargers where people don’t have off‑street parking would make the idea seem much more realistic for people like me. 

I’m still cautious: I want clearer, legally binding guarantees that those supports will be fully funded and reach communities in the North West, not just wealthier areas. If the policy really comes with public ownership of transport and energy, and specific protections so working families aren’t left paying more upfront, I’d be more inclined to support it — but without hard commitments on costs, infrastructure, and targeted help, I’d remain worried it could unfairly burden ordinary households."
1229.0,1,P-A,ClimatePolicyID(3),,[],"[""I strongly support a government ban on the sale of new petrol cars by no later than 2030. Real Hope, Real Change means acting now to protect young people\u2019s futures and cut the crushing costs that big oil and car corporations foist onto ordinary families. Renewables and electric vehicles are cheaper to run and maintain \u2014 switching faster will slash household fuel bills, improve air quality outside our schools, and reduce the climate chaos pushing rents and food prices up.\n\nBut a ban must be fair: public ownership of key transport services, massive investment in insulation and affordable, reliable public transport, and grants so no one is priced out of the switch. We must end subsidies that prop up fossil-fuel profits and instead fund a just transition with a wealth tax on the super-rich. That\u2019s how we win lower bills, safer streets, and secure jobs in clean industries.\n\nFor the Common Good: ban new petrol car sales by 2030, backed by the investment communities need to thrive. Fairer, Greener Communities start with decisive action.""]",1,"I like the environmental goals here — cleaner air, lower running costs, and tackling climate change fit with my values. The call for fairness and support (public transport investment, insulation, grants) makes the policy more acceptable to me, because with my low household income I worry about being priced out of switching to an EV or losing mobility if cars become unaffordable. The proposal to fund the transition by taxing the super-rich and ending fossil fuel subsidies also resonates, since it shifts the burden away from ordinary people. At the same time I’m cautious about the 2030 timeline — it feels ambitious and could cause disruption if the infrastructure (charging, affordable EVs, public transport) and targeted financial help aren’t in place quickly enough."
1229.0,2,P-A,ClimatePolicyID(3),,[],"[""I strongly support a government ban on the sale of new petrol cars by no later than 2030. This is the kind of bold, practical action we need to tackle the climate crisis while cutting living costs for families. Electric vehicles and public transport are now cheaper to run and cleaner for our communities; shifting now will reduce air pollution outside schools and hospitals, protect public health, and end the unfair squeeze of fuel bills on people already struggling.\n\nBut a ban alone is not enough \u2014 it must come with real investment so no-one is left behind. We must retrofit our towns with safe charging infrastructure, invest in free or low-cost public transport for young people and low-income households, and massively expand home insulation so people aren\u2019t paying to warm the car because their home leaks heat. We should fund this transition through a wealth tax on the super-rich and by taking energy systems back into public hands so profits are reinvested in communities.\n\nReal Hope, Real Change: Ban new petrol cars by 2030 \u2014 for fairer, greener communities and a secure future for everyone.""]",1,"This message reinforces my environmental priorities — the idea of cleaner air near schools and hospitals and cutting running costs fits with my values and the practical benefits I want to see. I like that it pairs the ban with concrete support measures (charging infrastructure, cheap public transport for young and low-income people, insulation) because I worry a strict ban by 2030 could be unfair to people on low incomes like me if alternatives aren’t affordable or available. Funding it via wealth taxes and publicly owned energy appeals to my sense of fairness, though I’d want more detail on how quickly those measures could be put in place so the 2030 date doesn’t leave people stranded. The emphasis on protecting health and reducing costs makes me more sympathetic, but I’m still cautious about the timeline and implementation."
1229.0,3,P-A,ClimatePolicyID(3),,[],"[""I strongly support a government ban on the sale of new petrol cars by 2030. Real Hope, Real Change means acting now to protect young people\u2019s future and cut the runaway costs tied to fossil fuels. A 2030 ban would accelerate the shift to affordable electric vehicles, boost investment in local clean transport and create good green jobs in manufacturing and charging infrastructure. It would also slash air pollution outside schools and hospitals, improving health and cutting NHS pressures.\n\nBut a fair transition must put communities first. Ban the sale doesn\u2019t mean leaving people stranded: we must fund grants for low-income households and small businesses to switch to electric vehicles, massively expand public transport, and retrofit homes and parks with charging points. Publicly owned energy and batteries should keep costs down, not line the pockets of private profiteers.\n\nFor the common good, a 2030 ban is bold, necessary and achievable \u2014 if paired with justice-led policies ensuring no one is left behind. Fairer, Greener Communities start here.""]",1,"This message makes me more sympathetic to the ban because it ties the environmental benefits to practical, everyday improvements I care about — cleaner air around schools and hospitals and lower long-term transport and health costs. I like that it acknowledges fairness and proposes concrete support (grants, more public transport, charging points, publicly owned energy) because my income is low and I'd worry about people being priced out or left without transport. However, I still worry about the speed of the transition and whether those support measures can be delivered quickly enough by 2030 so people like me aren’t stranded. The focus on local green jobs and cheaper energy is promising, but I’d want clearer timelines and guarantees that help reaches low-income households first."
1229.0,4,P-A,ClimatePolicyID(3),,[],"[""I strongly support a government ban on the sale of new petrol cars by no later than 2030. This is about putting people and planet first \u2014 protecting young people\u2019s future, cutting air pollution outside schools, and finally getting our climate targets back on track. Every year we delay means more families paying for rising fuel costs and more toxic emissions in our streets. The good news is we don\u2019t need to choose between fairness and ambition. With a public-led approach \u2014 investment in cheap, reliable electric buses and trains, a national programme to retrofit homes and workplaces with charging points, and grants for low-income households to switch vehicles or access alternatives \u2014 we can make the transition affordable and just.\n\nA 2030 ban will speed up the switch to cheap renewable electricity, lower running costs for drivers, and create thousands of green jobs rebuilding our local economies. This policy should be part of a broader plan to make transport accessible and clean for everyone: free travel for young people, safer cycling routes, and publicly owned transport services that put communities first. Real Hope, Real Change \u2014 for the common good.""]",1,"This message makes me more sympathetic to the 2030 ban because it links the environmental benefits to practical, everyday improvements I care about — cleaner air around schools and hospitals and lower long-term transport costs. I like that it emphasises fairness and concrete support (cheap electric buses and trains, home charging programmes, and grants for low-income households) because on my low income I’d worry about being priced out or losing mobility. I’m still cautious about the speed of the transition: unless affordable EVs, charging infrastructure, and targeted financial help for people like me are delivered quickly, a 2030 deadline could be disruptive. The focus on local green jobs and cheaper energy is promising, but I’d want clearer timelines and guarantees that support reaches low-income households first before I’d fully back such an ambitious target."
487.0,1,P-B,ClimatePolicyID(3),,[],"[""Ban the sale of new petrol cars by 2030? I oppose it \u2014 strongly.\n\nThis is another Westminster diktat dreamed up by the Green Blob, an out\u2011of-touch elite happy to lecture ordinary people while they pay the price. For hard\u2011working families, tradespeople and rural communities, a petrol car is not a virtue signal \u2014 it\u2019s a lifeline. Hitting working drivers with a rushed ban will push up the cost of travel, wreck second\u2011hand markets, and punish anyone who relies on a van for their livelihood.\n\nInstead of forcing people into unaffordable alternatives, the government should scrap pointless green levies, expand British energy production, and let people choose what\u2019s right for their pocket and job. Don\u2019t let ideology trample common sense: Net Zero is not worth putting families and small businesses into deeper debt. Keep petrol cars on sale until practical, affordable choices exist for everyone. Scrap the 2030 ban \u2014 put Britain\u2019s prosperity and freedom of choice first. Restore Britain\u2019s power and prosperity.""]",1,"Reading that message reinforces several of my worries. It makes me more concerned that a 2030 ban would feel like an imposed Westminster order that doesn’t understand rural life, small businesses or people on low incomes — who need affordable, reliable vehicles and may not be able to afford electric alternatives. The points about second‑hand market disruption and tradespeople needing vans resonate with my sense that change should be gradual and supported, not rushed. At the same time, I still care about the environment, so I’m thinking the policy might be more acceptable if it came with strong financial help, investment in British energy and charging infrastructure, and exemptions or longer lead times for those who genuinely rely on petrol vehicles."
487.0,2,P-B,ClimatePolicyID(3),,[],"[""They want to ban the sale of new petrol cars by 2030 \u2014 I strongly oppose it.\n\nThis isn\u2019t green common sense, it\u2019s a Westminster edict from the Green Blob that will hammer ordinary people. Working families, rural motorists, plumbers, delivery drivers and small businesses rely on petrol cars now \u2014 and the reality is electric alternatives are expensive, unreliable in the countryside, and impossible for many who can\u2019t charge at home. A government ban by 2030 will force people into costly upgrades, push up motoring and living costs, and punish anyone who can\u2019t afford to play along.\n\nInstead of imposing an ideological deadline, we should scrap these top-down green diktats and focus on real priorities: expand domestic energy supply, cut green levies that inflate bills, and invest sensibly in charging infrastructure where it\u2019s needed. Don\u2019t outlaw choice or saddle the British working class with more costs. Scrap Net Zero targets that lead to bans like this, and restore practical policies that protect jobs, livelihoods and freedom to drive.""]",1,"Reading that makes me even more uneasy about a 2030 ban. I already worry it would feel like a Westminster order that doesn’t get rural life or small businesses — the message highlights plumbers, delivery drivers and families who can’t easily charge at home, which resonates with me. The point about higher costs and pushing people into expensive upgrades reinforces my concern that many on modest incomes simply couldn’t afford the switch by 2030 without big help. At the same time I do care about the environment, so I’m torn: I’d be more comfortable with measures that protect jobs and give longer lead times, strong financial support for low‑income households and tradespeople, and major investment in rural charging and domestic energy, rather than an immediate blanket ban."
487.0,3,P-B,ClimatePolicyID(3),,[],"[""They want to tell hardworking Brits what car they can own \u2014 and by 2030 they\u2019ll be banning new petrol cars. I oppose that completely.\n\nThis isn\u2019t about the environment; it\u2019s about control. Forcing people into expensive electric vehicles will hit rural families, tradespeople and small businesses hardest. Electric cars don\u2019t suit farmers hauling livestock, self-employed drivers who need long ranges, or pensioners in villages with no charging points. And it\u2019ll push up costs across the board: higher upfront prices, punishing electricity bills, and thousands wiped off the value of perfectly good petrol cars.\n\nWorse, the elite who cheer this on don\u2019t live with the consequences. They want to impose their Net Zero fantasy while ordinary people pay the price. Instead of banning options, we should focus on real priorities: affordable energy, reliable infrastructure, and practical technology that works for British life. Don\u2019t let Westminster\u2019s crusade force you into a one-size-fits-all car and deeper hardship. Scrap the ban \u2014 keep choice, cut costs, and stand up for working people.""]",1,"Reading that makes me even more uneasy about a 2030 ban. It pulls together lots of the practical worries I already have — that rural families, tradespeople and self‑employed people won’t be able to rely on electric cars for long ranges or heavy work, and that people without off‑street parking or local chargers (like many pensioners in villages) will be left stranded. The emphasis on higher upfront costs and falling values for existing cars reinforces my concern that many on modest incomes simply couldn’t afford the switch without substantial help. At the same time I do care about protecting the environment, so I’m torn: I’d prefer measures that give people longer lead times, targeted financial support for low‑income households and tradespeople, and major investment in rural charging and home energy rather than a blanket, fast‑moving ban imposed from Westminster."
487.0,4,P-B,ClimatePolicyID(3),,[],"[""They want to tell hard-working Brits what cars we can own, when we can drive them and how much it will cost us. I oppose a ban on new petrol cars by 2030 \u2014 it\u2019s another Net Zero diktat from the Westminster bubble that punishes ordinary people while politicians sip lattes in London. Families in the North, tradespeople, farmers and small businesses rely on reliable petrol vehicles today. Forcing a rapid switch will jack up prices, wreck the second\u2011hand market, and strand communities with poor charging infrastructure. Who pays for the retrofit of farms, building sites and rural roads? You do \u2014 through higher bills, higher car costs and fewer jobs.\n\nWe should scrap ideological deadlines and focus on common\u2011sense energy and transport policy: expand homegrown oil and gas where needed, remove green levies from bills, invest sensibly in charging only where it works, and stop this war on drivers. Put people first \u2014 not virtue signalling. Scrap Net Zero targets that amount to Net Poverty and restore Britain\u2019s power and prosperity.""]",1,"Reading that message makes my worries about a 2030 ban feel more immediate and personal. It frames the policy as coming from out‑of‑touch politicians who don’t understand rural life, small businesses and people on modest incomes — exactly the groups I’m most concerned about. I keep circling back to the same tensions: I do care about protecting the environment, but the idea of a hard deadline feels abrupt and punitive unless there’s clear, substantial support — help with upfront costs, protections for the second‑hand market, and major investment in rural charging and energy. The lines about stranded communities, higher bills and lost jobs echo my fear that the costs would fall hardest on pensioners, tradespeople and families without easy access to chargers. At the same time, the message presses me to think more about alternatives to an outright ban — phased, targeted measures, exemptions or much longer lead times, plus investment rather than blanket restrictions — rather than simply accepting or rejecting the policy on principle."
1005.0,1,P-A,ClimatePolicyID(3),,[],"[""I strongly support a government ban on the sale of new petrol cars by no later than 2030. Real Hope, Real Change means acting now to protect young people\u2019s futures and cut the crushing costs that big oil and car corporations foist onto ordinary families. Renewables and electric vehicles are cheaper to run and maintain \u2014 switching faster will slash household fuel bills, improve air quality outside our schools, and reduce the climate chaos pushing rents and food prices up.\n\nBut a ban must be fair: public ownership of key transport services, massive investment in insulation and affordable, reliable public transport, and grants so no one is priced out of the switch. We must end subsidies that prop up fossil-fuel profits and instead fund a just transition with a wealth tax on the super-rich. That\u2019s how we win lower bills, safer streets, and secure jobs in clean industries.\n\nFor the Common Good: ban new petrol car sales by 2030, backed by the investment communities need to thrive. Fairer, Greener Communities start with decisive action.""]",1,"I like the climate and public-health aims here — cleaner air near schools and lower running costs for households are important to me — and I’m reassured by the emphasis on fairness and support for people who might struggle with the upfront costs. That said, the 2030 deadline still feels quite tight for many families, especially those in rural Wales with limited charging infrastructure or on modest incomes like mine; I’d want to see clear, funded plans for rapid rollout of chargers, targeted grants for lower- and middle-income households, and stronger public transport and home-insulation programs before fully backing such a fixed date. The proposal to fund the transition by shifting subsidies away from fossil fuels and taxing the very wealthy makes the policy more acceptable, but I’d need guarantees that implementation won’t disproportionately burden pensioners, rural households, or those who can’t easily switch vehicles."
1005.0,2,P-A,ClimatePolicyID(3),,[],"[""I strongly support a government ban on the sale of new petrol cars by no later than 2030. This is the kind of bold, practical action we need to tackle the climate crisis while cutting living costs for families. Electric vehicles and public transport are now cheaper to run and cleaner for our communities; shifting now will reduce air pollution outside schools and hospitals, protect public health, and end the unfair squeeze of fuel bills on people already struggling.\n\nBut a ban alone is not enough \u2014 it must come with real investment so no-one is left behind. We must retrofit our towns with safe charging infrastructure, invest in free or low-cost public transport for young people and low-income households, and massively expand home insulation so people aren\u2019t paying to warm the car because their home leaks heat. We should fund this transition through a wealth tax on the super-rich and by taking energy systems back into public hands so profits are reinvested in communities.\n\nReal Hope, Real Change: Ban new petrol cars by 2030 \u2014 for fairer, greener communities and a secure future for everyone.""]",1,"I like the ambition here — cleaner air near schools and lower running costs for households are clear benefits that align with my environmental and public-health values. The emphasis on complementary investments (chargers, public transport for young and low-income people, home insulation) makes the proposal feel more fair and could address my main worry that the change would hit ordinary families and rural households hardest. Funding it through a wealth tax and public ownership sounds socially just to me, but I’m still uneasy about the pace: 2030 feels tight for people in rural Wales with limited charging options and modest incomes. I’d want clearer, funded plans showing rapid charger rollout in rural areas, targeted grants for lower- and middle-income households (including pensioners), and stronger measures on insulation and bus services before I’d be comfortable fully backing such a fixed deadline."
1005.0,3,P-A,ClimatePolicyID(3),,[],"[""I strongly support a government ban on the sale of new petrol cars by 2030. Real Hope, Real Change means acting now to protect young people\u2019s future and cut the runaway costs tied to fossil fuels. A 2030 ban would accelerate the shift to affordable electric vehicles, boost investment in local clean transport and create good green jobs in manufacturing and charging infrastructure. It would also slash air pollution outside schools and hospitals, improving health and cutting NHS pressures.\n\nBut a fair transition must put communities first. Ban the sale doesn\u2019t mean leaving people stranded: we must fund grants for low-income households and small businesses to switch to electric vehicles, massively expand public transport, and retrofit homes and parks with charging points. Publicly owned energy and batteries should keep costs down, not line the pockets of private profiteers.\n\nFor the common good, a 2030 ban is bold, necessary and achievable \u2014 if paired with justice-led policies ensuring no one is left behind. Fairer, Greener Communities start here.""]",1,"I like the ambition and the clear public-benefit framing — cleaner air near schools and hospitals, lower long-term fuel costs, and green jobs fit with my environmental and public-health values. The emphasis on grants, big investment in public transport, retrofitting homes, and publicly owned energy/batteries makes the proposal feel more just and addresses my main worry that ordinary families and rural households could be unfairly hit. But 2030 still feels fast for many people here in rural Wales: I’d need to see funded, timebound plans for rapid charger rollout in rural areas, targeted financial help for lower- and middle-income households (including pensioners), and stronger measures on home insulation and bus services before I’d be comfortable with that deadline. The public-ownership angle and justice-led safeguards make me more open to the idea, provided those concrete supports are guaranteed."
1005.0,4,P-A,ClimatePolicyID(3),,[],"[""I strongly support a government ban on the sale of new petrol cars by no later than 2030. This is about putting people and planet first \u2014 protecting young people\u2019s future, cutting air pollution outside schools, and finally getting our climate targets back on track. Every year we delay means more families paying for rising fuel costs and more toxic emissions in our streets. The good news is we don\u2019t need to choose between fairness and ambition. With a public-led approach \u2014 investment in cheap, reliable electric buses and trains, a national programme to retrofit homes and workplaces with charging points, and grants for low-income households to switch vehicles or access alternatives \u2014 we can make the transition affordable and just.\n\nA 2030 ban will speed up the switch to cheap renewable electricity, lower running costs for drivers, and create thousands of green jobs rebuilding our local economies. This policy should be part of a broader plan to make transport accessible and clean for everyone: free travel for young people, safer cycling routes, and publicly owned transport services that put communities first. Real Hope, Real Change \u2014 for the common good.""]",1,"I like the clear moral framing — protecting young people’s future, cutting pollution outside schools, and pushing climate action resonates with my values about caring for nature and helping others. The speaker’s emphasis on combining the ban with public investment (cheap electric buses and trains), home and workplace charging, and grants for low-income households makes the policy seem more just and addresses my main worries about fairness. However, I’m still uneasy about the 2030 deadline being too tight for many rural households here in Wales: unless there are funded, timebound plans for rapid charger rollout in rural areas, targeted help for lower- and middle-income families (including pensioners), and stronger measures on home insulation and bus services, the policy could unfairly burden people who can’t easily switch vehicles. The promise of green jobs and lower running costs is appealing, but I need more concrete guarantees on implementation and protections for vulnerable groups before I’d be comfortable endorsing the timeline."
1451.0,1,P-A,ClimatePolicyID(3),,[],"[""I strongly support a government ban on the sale of new petrol cars by no later than 2030. Real Hope, Real Change means acting now to protect young people\u2019s futures and cut the crushing costs that big oil and car corporations foist onto ordinary families. Renewables and electric vehicles are cheaper to run and maintain \u2014 switching faster will slash household fuel bills, improve air quality outside our schools, and reduce the climate chaos pushing rents and food prices up.\n\nBut a ban must be fair: public ownership of key transport services, massive investment in insulation and affordable, reliable public transport, and grants so no one is priced out of the switch. We must end subsidies that prop up fossil-fuel profits and instead fund a just transition with a wealth tax on the super-rich. That\u2019s how we win lower bills, safer streets, and secure jobs in clean industries.\n\nFor the Common Good: ban new petrol car sales by 2030, backed by the investment communities need to thrive. Fairer, Greener Communities start with decisive action.""]",1,"I like the ambition here — phasing out new petrol cars by 2030 fits with my commitment to protecting the environment and improving air quality for children. The points about cutting household fuel bills and creating jobs in clean industries are persuasive, and I appreciate the emphasis on fairness: without public investment in insulation, reliable public transport and grants, a hard ban could hit ordinary families who can’t afford to switch. The call to shift subsidies away from fossil fuels and fund measures through wealth taxes appeals to my sense of fairness, though I worry about the political feasibility and how quickly affordable electric options and charging infrastructure will actually roll out across the North West. Overall, the proposal nudges me toward supporting decisive action but raises practical concerns about implementation and cost distribution that I’d need addressed."
1451.0,1,P-B,ClimatePolicyID(3),,[],"[""Ban the sale of new petrol cars by 2030? I oppose it \u2014 strongly.\n\nThis is another Westminster diktat dreamed up by the Green Blob, an out\u2011of-touch elite happy to lecture ordinary people while they pay the price. For hard\u2011working families, tradespeople and rural communities, a petrol car is not a virtue signal \u2014 it\u2019s a lifeline. Hitting working drivers with a rushed ban will push up the cost of travel, wreck second\u2011hand markets, and punish anyone who relies on a van for their livelihood.\n\nInstead of forcing people into unaffordable alternatives, the government should scrap pointless green levies, expand British energy production, and let people choose what\u2019s right for their pocket and job. Don\u2019t let ideology trample common sense: Net Zero is not worth putting families and small businesses into deeper debt. Keep petrol cars on sale until practical, affordable choices exist for everyone. Scrap the 2030 ban \u2014 put Britain\u2019s prosperity and freedom of choice first. Restore Britain\u2019s power and prosperity.""]",1,"That message sharpens my worries about how a 2030 ban would hit ordinary families, small businesses and people in rural areas — exactly the practical concerns I already had about charging infrastructure, vehicle availability and second‑hand markets. The tone makes me more sensitive to the fairness question: if a ban is imposed quickly, who pays for the transition and will it disproportionately burden middle‑income households or tradespeople who need vans? At the same time, the message’s dismissive framing of environmental policy as elite lecturing pushes me back toward my environmental instincts — it feels unfair to reject decarbonisation outright when the policy could improve air quality and create jobs if implemented with proper support. Overall, the note increases my desire for a policy that balances decisive environmental action with concrete, well‑funded measures (grants, insulation, public transport and charging rollout) to protect families and small businesses during the transition."
1451.0,2,P-B,ClimatePolicyID(3),,[],"[""They want to ban the sale of new petrol cars by 2030 \u2014 I strongly oppose it.\n\nThis isn\u2019t green common sense, it\u2019s a Westminster edict from the Green Blob that will hammer ordinary people. Working families, rural motorists, plumbers, delivery drivers and small businesses rely on petrol cars now \u2014 and the reality is electric alternatives are expensive, unreliable in the countryside, and impossible for many who can\u2019t charge at home. A government ban by 2030 will force people into costly upgrades, push up motoring and living costs, and punish anyone who can\u2019t afford to play along.\n\nInstead of imposing an ideological deadline, we should scrap these top-down green diktats and focus on real priorities: expand domestic energy supply, cut green levies that inflate bills, and invest sensibly in charging infrastructure where it\u2019s needed. Don\u2019t outlaw choice or saddle the British working class with more costs. Scrap Net Zero targets that lead to bans like this, and restore practical policies that protect jobs, livelihoods and freedom to drive.""]",1,"This message sharpens the practical worries I already had. I agree with the concern that a hard 2030 ban could hit working families, tradespeople and rural drivers hardest if cheap EVs, a robust second‑hand market and reliable rural charging aren’t in place — that seems unfair. At the same time, the tone that paints the policy as an out‑of‑touch “Green Blob” edict feels a bit dismissive of legitimate environmental aims; I still think improving air quality and cutting emissions matters. Overall it pushes me to want a conditional approach: I’d be more comfortable supporting a firm target only if it’s backed by clear, well‑funded protections — grants, insulation, rapid charging rollout, support for small businesses and rural needs — so the cost and disruption aren’t borne by ordinary families."
1451.0,2,P-A,ClimatePolicyID(3),,[],"[""I strongly support a government ban on the sale of new petrol cars by no later than 2030. This is the kind of bold, practical action we need to tackle the climate crisis while cutting living costs for families. Electric vehicles and public transport are now cheaper to run and cleaner for our communities; shifting now will reduce air pollution outside schools and hospitals, protect public health, and end the unfair squeeze of fuel bills on people already struggling.\n\nBut a ban alone is not enough \u2014 it must come with real investment so no-one is left behind. We must retrofit our towns with safe charging infrastructure, invest in free or low-cost public transport for young people and low-income households, and massively expand home insulation so people aren\u2019t paying to warm the car because their home leaks heat. We should fund this transition through a wealth tax on the super-rich and by taking energy systems back into public hands so profits are reinvested in communities.\n\nReal Hope, Real Change: Ban new petrol cars by 2030 \u2014 for fairer, greener communities and a secure future for everyone.""]",1,"I like the ambition here — phasing out new petrol cars by 2030 fits with my commitment to protecting the environment and improving air quality for children. The points about cutting household fuel bills and creating jobs in clean industries are persuasive, and I appreciate the emphasis on fairness: without public investment in insulation, reliable public transport and grants, a hard ban could hit ordinary families who can’t afford to switch. The call to shift subsidies away from fossil fuels and fund measures through wealth taxes appeals to my sense of fairness, though I worry about the political feasibility and how quickly affordable electric options and charging infrastructure will actually roll out across the North West. Overall, the proposal nudges me toward supporting decisive action but raises practical concerns about implementation and cost distribution that I’d need addressed."
1451.0,3,P-A,ClimatePolicyID(3),,[],"[""I strongly support a government ban on the sale of new petrol cars by 2030. Real Hope, Real Change means acting now to protect young people\u2019s future and cut the runaway costs tied to fossil fuels. A 2030 ban would accelerate the shift to affordable electric vehicles, boost investment in local clean transport and create good green jobs in manufacturing and charging infrastructure. It would also slash air pollution outside schools and hospitals, improving health and cutting NHS pressures.\n\nBut a fair transition must put communities first. Ban the sale doesn\u2019t mean leaving people stranded: we must fund grants for low-income households and small businesses to switch to electric vehicles, massively expand public transport, and retrofit homes and parks with charging points. Publicly owned energy and batteries should keep costs down, not line the pockets of private profiteers.\n\nFor the common good, a 2030 ban is bold, necessary and achievable \u2014 if paired with justice-led policies ensuring no one is left behind. Fairer, Greener Communities start here.""]",1,"This message reinforces the environmental and public‑health benefits I already care about — cutting air pollution near schools and hospitals and pushing investment into cleaner transport sounds good for my children and for local jobs. I’m drawn to the emphasis on accompanying measures (grants, public transport expansion, home charging, publicly owned energy) because without those supports a hard 2030 deadline could unfairly hit working families, tradespeople and rural households. It nudges me toward seeing the ban as more acceptable if it’s packaged with clear, well‑funded protections and a realistic rollout plan for affordable EVs and rural charging; I’m still concerned about cost, feasibility and the pace of infrastructure delivery, so I’d want evidence those practical pieces are in place before fully backing a strict 2030 cutoff."
1451.0,3,P-B,ClimatePolicyID(3),,[],"[""They want to tell hardworking Brits what car they can own \u2014 and by 2030 they\u2019ll be banning new petrol cars. I oppose that completely.\n\nThis isn\u2019t about the environment; it\u2019s about control. Forcing people into expensive electric vehicles will hit rural families, tradespeople and small businesses hardest. Electric cars don\u2019t suit farmers hauling livestock, self-employed drivers who need long ranges, or pensioners in villages with no charging points. And it\u2019ll push up costs across the board: higher upfront prices, punishing electricity bills, and thousands wiped off the value of perfectly good petrol cars.\n\nWorse, the elite who cheer this on don\u2019t live with the consequences. They want to impose their Net Zero fantasy while ordinary people pay the price. Instead of banning options, we should focus on real priorities: affordable energy, reliable infrastructure, and practical technology that works for British life. Don\u2019t let Westminster\u2019s crusade force you into a one-size-fits-all car and deeper hardship. Scrap the ban \u2014 keep choice, cut costs, and stand up for working people.""]",1,"This sharpens the worries I already have. I agree that a hard 2030 ban could disproportionately hit rural families, tradespeople and small businesses if affordable EVs, a strong second‑hand market and reliable rural charging aren’t in place — that would feel unfair. The tone that frames the policy as purely about elite control feels a bit exaggerated to me; I still care about air quality and climate reasons for moving away from petrol. Overall it nudges me toward wanting a conditional approach: I’m more comfortable with an ambitious target only if it’s paired with clear, well‑funded protections (grants, insulation, rapid rollout of rural charging, support for tradespeople) so ordinary families aren’t left worse off."
1451.0,4,P-B,ClimatePolicyID(3),,[],"[""They want to tell hard-working Brits what cars we can own, when we can drive them and how much it will cost us. I oppose a ban on new petrol cars by 2030 \u2014 it\u2019s another Net Zero diktat from the Westminster bubble that punishes ordinary people while politicians sip lattes in London. Families in the North, tradespeople, farmers and small businesses rely on reliable petrol vehicles today. Forcing a rapid switch will jack up prices, wreck the second\u2011hand market, and strand communities with poor charging infrastructure. Who pays for the retrofit of farms, building sites and rural roads? You do \u2014 through higher bills, higher car costs and fewer jobs.\n\nWe should scrap ideological deadlines and focus on common\u2011sense energy and transport policy: expand homegrown oil and gas where needed, remove green levies from bills, invest sensibly in charging only where it works, and stop this war on drivers. Put people first \u2014 not virtue signalling. Scrap Net Zero targets that amount to Net Poverty and restore Britain\u2019s power and prosperity.""]",1,"This message heightens my worries about fairness and practical impacts. I already want cleaner air and lower emissions, but the rhetoric about “punishing ordinary people” and the examples of tradespeople, farmers and rural families being stranded makes me worry the policy could be implemented in a way that really harms those groups. It reinforces my belief that any 2030 target must be paired with concrete support — grants, strong rural charging plans, help for second‑hand markets and support for businesses — otherwise the costs could fall unfairly on households like mine. At the same time, the claim that it’s purely virtue signalling feels overstated to me; I still see environmental reasons for moving away from petrol, so I’m leaning toward conditional support only if the practical protections and funding are clearly committed."
1451.0,4,P-A,ClimatePolicyID(3),,[],"[""I strongly support a government ban on the sale of new petrol cars by no later than 2030. This is about putting people and planet first \u2014 protecting young people\u2019s future, cutting air pollution outside schools, and finally getting our climate targets back on track. Every year we delay means more families paying for rising fuel costs and more toxic emissions in our streets. The good news is we don\u2019t need to choose between fairness and ambition. With a public-led approach \u2014 investment in cheap, reliable electric buses and trains, a national programme to retrofit homes and workplaces with charging points, and grants for low-income households to switch vehicles or access alternatives \u2014 we can make the transition affordable and just.\n\nA 2030 ban will speed up the switch to cheap renewable electricity, lower running costs for drivers, and create thousands of green jobs rebuilding our local economies. This policy should be part of a broader plan to make transport accessible and clean for everyone: free travel for young people, safer cycling routes, and publicly owned transport services that put communities first. Real Hope, Real Change \u2014 for the common good.""]",1,"This message reinforces the environmental and public‑health reasons I already care about — cleaner air near schools and lower emissions for my kids are important. I like that it links the ban to wider public investment (buses, trains, home charging, grants) because that’s my main concern: a hard 2030 deadline feels fairer if it’s packaged with real help for ordinary families, rural households and tradespeople. It nudges me toward supporting an ambitious target if there’s convincing evidence of funded, rapid rollout of affordable EVs, a strong second‑hand market and reliable rural charging; without those practical guarantees I’d remain worried about costs and unfair impacts."
1269.0,1,P-A,ClimatePolicyID(3),,[],"[""I strongly support a government ban on the sale of new petrol cars by no later than 2030. Real Hope, Real Change means acting now to protect young people\u2019s futures and cut the crushing costs that big oil and car corporations foist onto ordinary families. Renewables and electric vehicles are cheaper to run and maintain \u2014 switching faster will slash household fuel bills, improve air quality outside our schools, and reduce the climate chaos pushing rents and food prices up.\n\nBut a ban must be fair: public ownership of key transport services, massive investment in insulation and affordable, reliable public transport, and grants so no one is priced out of the switch. We must end subsidies that prop up fossil-fuel profits and instead fund a just transition with a wealth tax on the super-rich. That\u2019s how we win lower bills, safer streets, and secure jobs in clean industries.\n\nFor the Common Good: ban new petrol car sales by 2030, backed by the investment communities need to thrive. Fairer, Greener Communities start with decisive action.""]",1,"Reading this makes me more persuaded that a 2030 ban could deliver tangible benefits for families — lower running costs, cleaner air near schools, and clearer action on climate — which aligns with my sense that government should shape conditions for the better. It also sharpens my insistence that the policy must be accompanied by strong public investment (insulation, public transport), measures to protect low-income households during the transition, and funding that targets the wealthy rather than ordinary people; without that fairness piece I’d worry it would deepen inequality and political backlash. The emphasis on public ownership and a just transition nudges me toward supporting the principle, provided the implementation details actually prevent people being priced out or left without viable transport options."
1269.0,2,P-A,ClimatePolicyID(3),,[],"[""I strongly support a government ban on the sale of new petrol cars by no later than 2030. This is the kind of bold, practical action we need to tackle the climate crisis while cutting living costs for families. Electric vehicles and public transport are now cheaper to run and cleaner for our communities; shifting now will reduce air pollution outside schools and hospitals, protect public health, and end the unfair squeeze of fuel bills on people already struggling.\n\nBut a ban alone is not enough \u2014 it must come with real investment so no-one is left behind. We must retrofit our towns with safe charging infrastructure, invest in free or low-cost public transport for young people and low-income households, and massively expand home insulation so people aren\u2019t paying to warm the car because their home leaks heat. We should fund this transition through a wealth tax on the super-rich and by taking energy systems back into public hands so profits are reinvested in communities.\n\nReal Hope, Real Change: Ban new petrol cars by 2030 \u2014 for fairer, greener communities and a secure future for everyone.""]",1,"Reading this pushes me further toward seeing a 2030 ban as both practical and socially beneficial. The points about lower running costs and cleaner air near schools resonate with my priorities as a parent and someone who thinks government should shape fairer conditions. However, the emphasis on accompanying investments — chargers, affordable public transport, home insulation — is decisive for me: without those measures, the policy risks hitting poorer households hardest. Funding it through a wealth tax and public ownership appeals because it targets those who can afford it and aligns with my belief that transitions should be fair and publicly accountable. Overall, I’m more persuaded by the principle, provided the implementation really protects low-income families and includes strong public investment."
1269.0,3,P-A,ClimatePolicyID(3),,[],"[""I strongly support a government ban on the sale of new petrol cars by 2030. Real Hope, Real Change means acting now to protect young people\u2019s future and cut the runaway costs tied to fossil fuels. A 2030 ban would accelerate the shift to affordable electric vehicles, boost investment in local clean transport and create good green jobs in manufacturing and charging infrastructure. It would also slash air pollution outside schools and hospitals, improving health and cutting NHS pressures.\n\nBut a fair transition must put communities first. Ban the sale doesn\u2019t mean leaving people stranded: we must fund grants for low-income households and small businesses to switch to electric vehicles, massively expand public transport, and retrofit homes and parks with charging points. Publicly owned energy and batteries should keep costs down, not line the pockets of private profiteers.\n\nFor the common good, a 2030 ban is bold, necessary and achievable \u2014 if paired with justice-led policies ensuring no one is left behind. Fairer, Greener Communities start here.""]",1,"Reading this makes me even more convinced that a 2030 ban is worth serious support, largely because it links the environmental case to clear social benefits — cleaner air near schools and hospitals, green jobs, and lower fuel costs long term — which matters to me as a parent who wants safer, fairer communities. But the emphasis on justice is decisive: without strong, targeted support (grants for low-income households and small businesses, big public investment in charging, affordable public transport, and public ownership of key infrastructure) the policy risks hitting the less well-off hardest. I’m persuaded the ban could be both practical and progressive if those complementary measures are funded and delivered, ideally through mechanisms that make wealthier beneficiaries pay a fair share."
1269.0,4,P-A,ClimatePolicyID(3),,[],"[""I strongly support a government ban on the sale of new petrol cars by no later than 2030. This is about putting people and planet first \u2014 protecting young people\u2019s future, cutting air pollution outside schools, and finally getting our climate targets back on track. Every year we delay means more families paying for rising fuel costs and more toxic emissions in our streets. The good news is we don\u2019t need to choose between fairness and ambition. With a public-led approach \u2014 investment in cheap, reliable electric buses and trains, a national programme to retrofit homes and workplaces with charging points, and grants for low-income households to switch vehicles or access alternatives \u2014 we can make the transition affordable and just.\n\nA 2030 ban will speed up the switch to cheap renewable electricity, lower running costs for drivers, and create thousands of green jobs rebuilding our local economies. This policy should be part of a broader plan to make transport accessible and clean for everyone: free travel for young people, safer cycling routes, and publicly owned transport services that put communities first. Real Hope, Real Change \u2014 for the common good.""]",1,"Reading this makes me more persuaded that a 2030 ban could deliver tangible benefits for families — lower running costs, cleaner air near schools, and clearer climate action — which fits my view that government should shape better conditions. I’m still worried about fairness: without strong, targeted support (grants for low-income households, big public investment in charging and public transport, and measures to prevent people being priced out) the policy risks hitting the least well-off hardest. If the ban is paired with well-funded, progressive measures — public ownership of key services, just-transition support, and funding that asks more of wealthier beneficiaries — I’m inclined to back it; if it’s left to the market, I’d be far less comfortable."
858.0,1,P-A,ClimatePolicyID(3),,[],"[""I strongly support a government ban on the sale of new petrol cars by no later than 2030. Real Hope, Real Change means acting now to protect young people\u2019s futures and cut the crushing costs that big oil and car corporations foist onto ordinary families. Renewables and electric vehicles are cheaper to run and maintain \u2014 switching faster will slash household fuel bills, improve air quality outside our schools, and reduce the climate chaos pushing rents and food prices up.\n\nBut a ban must be fair: public ownership of key transport services, massive investment in insulation and affordable, reliable public transport, and grants so no one is priced out of the switch. We must end subsidies that prop up fossil-fuel profits and instead fund a just transition with a wealth tax on the super-rich. That\u2019s how we win lower bills, safer streets, and secure jobs in clean industries.\n\nFor the Common Good: ban new petrol car sales by 2030, backed by the investment communities need to thrive. Fairer, Greener Communities start with decisive action.""]",1,"I generally like the ambition here — the climate and air-quality benefits and the idea of lowering running costs fit with my concern about protecting the planet and helping ordinary people. But the emphasis on fairness and support measures matters a lot to me: without strong public investment in insulation, reliable affordable public transport, and grants for lower-income households, a fast ban could feel punitive. I also like the funding idea — asking the super-rich to help pay for the transition aligns with my left-leaning view of redistributive policy. My worry is practical: can infrastructure and supply chains scale quickly enough to avoid creating new inequalities, and will the policy reduce costs for renters and people who can’t easily change cars?"
858.0,2,P-A,ClimatePolicyID(3),,[],"[""I strongly support a government ban on the sale of new petrol cars by no later than 2030. This is the kind of bold, practical action we need to tackle the climate crisis while cutting living costs for families. Electric vehicles and public transport are now cheaper to run and cleaner for our communities; shifting now will reduce air pollution outside schools and hospitals, protect public health, and end the unfair squeeze of fuel bills on people already struggling.\n\nBut a ban alone is not enough \u2014 it must come with real investment so no-one is left behind. We must retrofit our towns with safe charging infrastructure, invest in free or low-cost public transport for young people and low-income households, and massively expand home insulation so people aren\u2019t paying to warm the car because their home leaks heat. We should fund this transition through a wealth tax on the super-rich and by taking energy systems back into public hands so profits are reinvested in communities.\n\nReal Hope, Real Change: Ban new petrol cars by 2030 \u2014 for fairer, greener communities and a secure future for everyone.""]",1,"This message pushes me more towards supporting a 2030 ban because it ties the environmental benefits to concrete social gains I care about — less air pollution near schools and hospitals, lower running costs, and measures to protect people on lower incomes. The repeated emphasis that the ban must be paired with investment (charging infrastructure, affordable public transport, home insulation) reassures my equality concerns, since a fast ban without those supports would feel punitive. I still worry about practical rollout — whether infrastructure and supply chains can scale, and whether renters and those who can’t easily change vehicles will be protected — so my support would depend heavily on the strength and funding of the complementary measures the message calls for."
858.0,3,P-A,ClimatePolicyID(3),,[],"[""I strongly support a government ban on the sale of new petrol cars by 2030. Real Hope, Real Change means acting now to protect young people\u2019s future and cut the runaway costs tied to fossil fuels. A 2030 ban would accelerate the shift to affordable electric vehicles, boost investment in local clean transport and create good green jobs in manufacturing and charging infrastructure. It would also slash air pollution outside schools and hospitals, improving health and cutting NHS pressures.\n\nBut a fair transition must put communities first. Ban the sale doesn\u2019t mean leaving people stranded: we must fund grants for low-income households and small businesses to switch to electric vehicles, massively expand public transport, and retrofit homes and parks with charging points. Publicly owned energy and batteries should keep costs down, not line the pockets of private profiteers.\n\nFor the common good, a 2030 ban is bold, necessary and achievable \u2014 if paired with justice-led policies ensuring no one is left behind. Fairer, Greener Communities start here.""]",1,"This message pushes me more toward supporting a 2030 ban because it links the environmental case to concrete social benefits I care about — less air pollution around schools and hospitals, lower running costs, and green jobs. The repeated insistence that the ban must be paired with funding for low-income households, expanded public transport and publicly owned energy reassures my equality concerns; I’d only back a fast ban if it comes with strong measures to protect renters, people who can’t afford new cars, and small businesses. I’m still cautious about practical rollout — whether charging infrastructure, supply chains and affordable second‑hand EVs will scale quickly enough — so my support would depend heavily on the strength, detail and funding of those complementary justice-led policies."
858.0,4,P-A,ClimatePolicyID(3),,[],"[""I strongly support a government ban on the sale of new petrol cars by no later than 2030. This is about putting people and planet first \u2014 protecting young people\u2019s future, cutting air pollution outside schools, and finally getting our climate targets back on track. Every year we delay means more families paying for rising fuel costs and more toxic emissions in our streets. The good news is we don\u2019t need to choose between fairness and ambition. With a public-led approach \u2014 investment in cheap, reliable electric buses and trains, a national programme to retrofit homes and workplaces with charging points, and grants for low-income households to switch vehicles or access alternatives \u2014 we can make the transition affordable and just.\n\nA 2030 ban will speed up the switch to cheap renewable electricity, lower running costs for drivers, and create thousands of green jobs rebuilding our local economies. This policy should be part of a broader plan to make transport accessible and clean for everyone: free travel for young people, safer cycling routes, and publicly owned transport services that put communities first. Real Hope, Real Change \u2014 for the common good.""]",1,"This message pushes me more toward supporting a 2030 ban because it ties the environmental case to the social benefits I care about — less pollution around schools and hospitals, cheaper running costs, and green jobs for local communities. I like that it insists the ban must be coupled with public-led measures (cheap electric buses and trains, home charging roll-out, retrofit grants, and help for low‑income households) — that reassurance matters to me because I worry a fast ban could be unfair to renters and people who can’t afford new cars. My remaining hesitation is practical: I’d need convincing there are robust, funded plans for charging infrastructure, affordable second‑hand EV supply, and stronger public transport so the transition won’t leave vulnerable people worse off."
1406.0,1,P-A,ClimatePolicyID(3),,[],"[""I strongly support a government ban on the sale of new petrol cars by no later than 2030. Real Hope, Real Change means acting now to protect young people\u2019s futures and cut the crushing costs that big oil and car corporations foist onto ordinary families. Renewables and electric vehicles are cheaper to run and maintain \u2014 switching faster will slash household fuel bills, improve air quality outside our schools, and reduce the climate chaos pushing rents and food prices up.\n\nBut a ban must be fair: public ownership of key transport services, massive investment in insulation and affordable, reliable public transport, and grants so no one is priced out of the switch. We must end subsidies that prop up fossil-fuel profits and instead fund a just transition with a wealth tax on the super-rich. That\u2019s how we win lower bills, safer streets, and secure jobs in clean industries.\n\nFor the Common Good: ban new petrol car sales by 2030, backed by the investment communities need to thrive. Fairer, Greener Communities start with decisive action.""]",1,"Hearing this makes me think about a few competing concerns. On one hand, the environmental and health arguments — lower running costs for EVs, cleaner air around schools, and tackling climate risks that push up living costs — sound sensible and appealing for my family’s future. The emphasis on fairness — public ownership of transport, big investment in insulation and affordable public transport, grants so nobody’s priced out, and funding a just transition through taxing the super-rich — addresses my worry that a top-down ban would hit ordinary households unfairly.

But I’m also stuck on the practical side: with our household income, I’m not sure I could afford an electric car even with grants, and I worry about the timeline and whether the government really understands the financial realities people like me face. I’d want clearer guarantees about cheap, reliable public transport where I live, sufficient grants for low-income families, and a realistic rollout so the policy doesn’t just shift costs onto households who can least afford them."
1406.0,2,P-A,ClimatePolicyID(3),,[],"[""I strongly support a government ban on the sale of new petrol cars by no later than 2030. This is the kind of bold, practical action we need to tackle the climate crisis while cutting living costs for families. Electric vehicles and public transport are now cheaper to run and cleaner for our communities; shifting now will reduce air pollution outside schools and hospitals, protect public health, and end the unfair squeeze of fuel bills on people already struggling.\n\nBut a ban alone is not enough \u2014 it must come with real investment so no-one is left behind. We must retrofit our towns with safe charging infrastructure, invest in free or low-cost public transport for young people and low-income households, and massively expand home insulation so people aren\u2019t paying to warm the car because their home leaks heat. We should fund this transition through a wealth tax on the super-rich and by taking energy systems back into public hands so profits are reinvested in communities.\n\nReal Hope, Real Change: Ban new petrol cars by 2030 \u2014 for fairer, greener communities and a secure future for everyone.""]",1,"Hearing this makes me more torn. The points about cheaper running costs for EVs, cleaner air around schools, and protecting health are persuasive — I do want a fairer, greener future for my family. I also like the emphasis on investment (charging points, better public transport, home insulation) and funding it by taxing the very wealthy, because that addresses my fear of ordinary people being left to pick up the bill.

But I’m still worried about the practicalities for someone on our income: can grants and public transport improvements really arrive in time and in my area? I’d need clearer, enforceable guarantees about affordable support for low-income households, a realistic rollout of infrastructure in the North West, and strong protections so the costs don’t just shift onto families like mine."
1406.0,3,P-A,ClimatePolicyID(3),,[],"[""I strongly support a government ban on the sale of new petrol cars by 2030. Real Hope, Real Change means acting now to protect young people\u2019s future and cut the runaway costs tied to fossil fuels. A 2030 ban would accelerate the shift to affordable electric vehicles, boost investment in local clean transport and create good green jobs in manufacturing and charging infrastructure. It would also slash air pollution outside schools and hospitals, improving health and cutting NHS pressures.\n\nBut a fair transition must put communities first. Ban the sale doesn\u2019t mean leaving people stranded: we must fund grants for low-income households and small businesses to switch to electric vehicles, massively expand public transport, and retrofit homes and parks with charging points. Publicly owned energy and batteries should keep costs down, not line the pockets of private profiteers.\n\nFor the common good, a 2030 ban is bold, necessary and achievable \u2014 if paired with justice-led policies ensuring no one is left behind. Fairer, Greener Communities start here.""]",1,"Hearing this makes me more conflicted. The points about cleaner air by schools, protecting young people’s future, and creating local green jobs and investment do appeal to me — I want a fairer, greener future for my family. I also like the emphasis on grants, public transport expansion and charging points, because that addresses my fear of ordinary people being left to pick up the bill.

But I’m still worried about practicalities for someone on our income in the North West: can those grants and public transport improvements arrive in time and actually be available here? Will the rollout of charging infrastructure and home retrofit support be realistic and enforced? I’m sceptical of big promises without clear guarantees that low‑income households won’t be left to shoulder extra costs. The idea of a ban feels top‑down and could penalise families like mine unless it’s backed by strong, enforceable protections and targeted funding."
1406.0,4,P-A,ClimatePolicyID(3),,[],"[""I strongly support a government ban on the sale of new petrol cars by no later than 2030. This is about putting people and planet first \u2014 protecting young people\u2019s future, cutting air pollution outside schools, and finally getting our climate targets back on track. Every year we delay means more families paying for rising fuel costs and more toxic emissions in our streets. The good news is we don\u2019t need to choose between fairness and ambition. With a public-led approach \u2014 investment in cheap, reliable electric buses and trains, a national programme to retrofit homes and workplaces with charging points, and grants for low-income households to switch vehicles or access alternatives \u2014 we can make the transition affordable and just.\n\nA 2030 ban will speed up the switch to cheap renewable electricity, lower running costs for drivers, and create thousands of green jobs rebuilding our local economies. This policy should be part of a broader plan to make transport accessible and clean for everyone: free travel for young people, safer cycling routes, and publicly owned transport services that put communities first. Real Hope, Real Change \u2014 for the common good.""]",1,"Hearing this makes me more pulled in two directions. I do like the idea of cleaner air around schools and the long‑term savings from lower running costs, and the promise of grants, charging points and better buses does reassure me a bit — those things would help families like mine. But I’m still uneasy about a hard 2030 ban: on my household income I can’t afford to buy a new EV now, and I’m not convinced the promised grants and public transport improvements will actually arrive where I live in the North West or be enough to prevent people like us from being penalised. A ban feels top‑down unless it comes with clear, enforceable guarantees that low‑income households will get timely, practical support."
1103.0,1,P-A,ClimatePolicyID(3),,[],"[""I strongly support a government ban on the sale of new petrol cars by no later than 2030. Real Hope, Real Change means acting now to protect young people\u2019s futures and cut the crushing costs that big oil and car corporations foist onto ordinary families. Renewables and electric vehicles are cheaper to run and maintain \u2014 switching faster will slash household fuel bills, improve air quality outside our schools, and reduce the climate chaos pushing rents and food prices up.\n\nBut a ban must be fair: public ownership of key transport services, massive investment in insulation and affordable, reliable public transport, and grants so no one is priced out of the switch. We must end subsidies that prop up fossil-fuel profits and instead fund a just transition with a wealth tax on the super-rich. That\u2019s how we win lower bills, safer streets, and secure jobs in clean industries.\n\nFor the Common Good: ban new petrol car sales by 2030, backed by the investment communities need to thrive. Fairer, Greener Communities start with decisive action.""]",1,"This statement reinforces the case for a 2030 ban by emphasising benefits I already care about: lower household fuel bills, cleaner air around schools, and the link between reducing fossil-fuel exposure and broader cost pressures like rents and food. The emphasis on fairness and a “just transition” resonates with my left‑leaning values — public ownership of key services, insulation investment, expanded affordable public transport, and grants to protect low‑income households address my main practical concerns about rural access and affordability. I’m sympathetic to targeting subsidies and raising revenue from the wealthy to fund the shift, though I’d want to scrutinise the feasibility and pace of infrastructure roll‑out (charging, grid upgrades, reliable rural public transport) so the policy doesn’t unfairly burden ordinary families."
1103.0,2,P-A,ClimatePolicyID(3),,[],"[""I strongly support a government ban on the sale of new petrol cars by no later than 2030. This is the kind of bold, practical action we need to tackle the climate crisis while cutting living costs for families. Electric vehicles and public transport are now cheaper to run and cleaner for our communities; shifting now will reduce air pollution outside schools and hospitals, protect public health, and end the unfair squeeze of fuel bills on people already struggling.\n\nBut a ban alone is not enough \u2014 it must come with real investment so no-one is left behind. We must retrofit our towns with safe charging infrastructure, invest in free or low-cost public transport for young people and low-income households, and massively expand home insulation so people aren\u2019t paying to warm the car because their home leaks heat. We should fund this transition through a wealth tax on the super-rich and by taking energy systems back into public hands so profits are reinvested in communities.\n\nReal Hope, Real Change: Ban new petrol cars by 2030 \u2014 for fairer, greener communities and a secure future for everyone.""]",1,"This message reinforces the parts I already like about a 2030 ban: the clear deadline gives certainty, and the links to lower household running costs, cleaner air around schools and hospitals, and public‑health benefits make the policy feel both practical and fair. The emphasis on a “just transition” — charging infrastructure, better public transport for young and low‑income people, home insulation — addresses my main worry that the policy could otherwise hit rural and less‑well‑off families hardest, so that makes me more sympathetic. Funding it by taxing the very wealthy and public ownership of energy services fits my left‑leaning preference for redistributive solutions, though I’m still cautious: I want to see credible plans and timelines for charging, grid upgrades and rural transport so ordinary families aren’t left stranded, and assurance that insulating homes and subsidy targeting will actually reach those who need it. Overall, the message nudges me a bit more toward supporting a firm deadline, provided the practical implementation and fairness safeguards are robust."
1103.0,3,P-A,ClimatePolicyID(3),,[],"[""I strongly support a government ban on the sale of new petrol cars by 2030. Real Hope, Real Change means acting now to protect young people\u2019s future and cut the runaway costs tied to fossil fuels. A 2030 ban would accelerate the shift to affordable electric vehicles, boost investment in local clean transport and create good green jobs in manufacturing and charging infrastructure. It would also slash air pollution outside schools and hospitals, improving health and cutting NHS pressures.\n\nBut a fair transition must put communities first. Ban the sale doesn\u2019t mean leaving people stranded: we must fund grants for low-income households and small businesses to switch to electric vehicles, massively expand public transport, and retrofit homes and parks with charging points. Publicly owned energy and batteries should keep costs down, not line the pockets of private profiteers.\n\nFor the common good, a 2030 ban is bold, necessary and achievable \u2014 if paired with justice-led policies ensuring no one is left behind. Fairer, Greener Communities start here.""]",1,"This reinforces a lot of what I already like about a 2030 ban: the clear deadline gives firms and consumers certainty, and the links to lower household running costs, cleaner air around schools and hospitals, and public‑health benefits make the policy feel practical and fair. I’m reassured by the emphasis on a “just transition” — targeted grants, better public transport, home retrofits and widespread charging — because my main worry is the burden on rural and lower‑income families if the infrastructure or subsidies don’t materialise. I also like the idea of public ownership of key energy and battery services to keep costs down, though I’d want to see credible plans and timelines for charging roll‑out, grid upgrades and how funds will be raised and allocated. Overall this nudges me a bit more toward supporting a firm deadline, provided the practical implementation and fairness safeguards are robust."
1103.0,4,P-A,ClimatePolicyID(3),,[],"[""I strongly support a government ban on the sale of new petrol cars by no later than 2030. This is about putting people and planet first \u2014 protecting young people\u2019s future, cutting air pollution outside schools, and finally getting our climate targets back on track. Every year we delay means more families paying for rising fuel costs and more toxic emissions in our streets. The good news is we don\u2019t need to choose between fairness and ambition. With a public-led approach \u2014 investment in cheap, reliable electric buses and trains, a national programme to retrofit homes and workplaces with charging points, and grants for low-income households to switch vehicles or access alternatives \u2014 we can make the transition affordable and just.\n\nA 2030 ban will speed up the switch to cheap renewable electricity, lower running costs for drivers, and create thousands of green jobs rebuilding our local economies. This policy should be part of a broader plan to make transport accessible and clean for everyone: free travel for young people, safer cycling routes, and publicly owned transport services that put communities first. Real Hope, Real Change \u2014 for the common good.""]",1,"This message reinforces much of what already persuades me: the clear deadline helps with planning and the focus on public-led measures and fairness addresses my worries about rural and low-income households being left behind. The emphasis on cheaper running costs, cleaner air for children and job creation strengthens the case politically and practically, though I still want to see detailed, credible plans for rapid charging roll‑out, grid upgrades and targeted funding so the transition won’t unfairly burden families outside cities. The added proposals — free travel for young people, safer cycling and publicly owned services — pull me further toward supporting an ambitious deadline, provided safeguards and realistic timelines are in place."
989.0,1,P-A,ClimatePolicyID(3),,[],"[""I strongly support a government ban on the sale of new petrol cars by no later than 2030. Real Hope, Real Change means acting now to protect young people\u2019s futures and cut the crushing costs that big oil and car corporations foist onto ordinary families. Renewables and electric vehicles are cheaper to run and maintain \u2014 switching faster will slash household fuel bills, improve air quality outside our schools, and reduce the climate chaos pushing rents and food prices up.\n\nBut a ban must be fair: public ownership of key transport services, massive investment in insulation and affordable, reliable public transport, and grants so no one is priced out of the switch. We must end subsidies that prop up fossil-fuel profits and instead fund a just transition with a wealth tax on the super-rich. That\u2019s how we win lower bills, safer streets, and secure jobs in clean industries.\n\nFor the Common Good: ban new petrol car sales by 2030, backed by the investment communities need to thrive. Fairer, Greener Communities start with decisive action.""]",1,"This message reinforces the environmental and public-health benefits of an early ban — cheaper running costs of EVs, cleaner air around schools, and reduced climate-driven economic pressures — which align with my general support for protecting the natural world even if it’s not my primary focus. The emphasis on fairness and practical support matters a lot to me: calling for public ownership of key transport services, major insulation investment, better affordable public transport, and grants addresses my worry that lower-income households could be unfairly burdened by a rapid switch. Proposals to end fossil-fuel subsidies and fund a just transition through a wealth tax resonate with my slightly left-of-centre values and belief in equal opportunity, though I’d want to see precise plans for implementation and how costs would affect ordinary families like mine. Overall, the argument strengthens my leaning toward supporting the ban in principle, provided robust measures are guaranteed so the transition is affordable and equitable."
989.0,2,P-A,ClimatePolicyID(3),,[],"[""I strongly support a government ban on the sale of new petrol cars by no later than 2030. This is the kind of bold, practical action we need to tackle the climate crisis while cutting living costs for families. Electric vehicles and public transport are now cheaper to run and cleaner for our communities; shifting now will reduce air pollution outside schools and hospitals, protect public health, and end the unfair squeeze of fuel bills on people already struggling.\n\nBut a ban alone is not enough \u2014 it must come with real investment so no-one is left behind. We must retrofit our towns with safe charging infrastructure, invest in free or low-cost public transport for young people and low-income households, and massively expand home insulation so people aren\u2019t paying to warm the car because their home leaks heat. We should fund this transition through a wealth tax on the super-rich and by taking energy systems back into public hands so profits are reinvested in communities.\n\nReal Hope, Real Change: Ban new petrol cars by 2030 \u2014 for fairer, greener communities and a secure future for everyone.""]",1,"This message makes me more positive about the idea of a 2030 ban — I like the climate and health arguments (cleaner air near schools, lower running costs for EVs) and the framing that it’s practical, not just symbolic. My main concern remains affordability and fairness: the promise of charging infrastructure, better public transport, insulation and direct support funded in a way that actually helps ordinary households matters a lot to whether I’d back the policy. Proposals to fund the transition through a wealth tax and public ownership appeal to my slightly left-of-centre instincts, but I’d want concrete details showing costs won’t fall disproportionately on people like me."
989.0,3,P-A,ClimatePolicyID(3),,[],"[""I strongly support a government ban on the sale of new petrol cars by 2030. Real Hope, Real Change means acting now to protect young people\u2019s future and cut the runaway costs tied to fossil fuels. A 2030 ban would accelerate the shift to affordable electric vehicles, boost investment in local clean transport and create good green jobs in manufacturing and charging infrastructure. It would also slash air pollution outside schools and hospitals, improving health and cutting NHS pressures.\n\nBut a fair transition must put communities first. Ban the sale doesn\u2019t mean leaving people stranded: we must fund grants for low-income households and small businesses to switch to electric vehicles, massively expand public transport, and retrofit homes and parks with charging points. Publicly owned energy and batteries should keep costs down, not line the pockets of private profiteers.\n\nFor the common good, a 2030 ban is bold, necessary and achievable \u2014 if paired with justice-led policies ensuring no one is left behind. Fairer, Greener Communities start here.""]",1,"This message makes me a bit more positive about a 2030 ban — I like the practical arguments about cleaner air around schools and hospitals, the potential for lower running costs with EVs, and the idea it could drive local investment and green jobs. However, it sharpens my concerns about fairness: the promise of grants for low‑income households, more public transport, home charging and publicly owned energy would need to be real and adequately funded, otherwise people like me on a modest income could be hit by higher costs or limited options. I’d also want clearer detail on how second‑hand petrol cars would be handled and whether rural areas (like much of Yorkshire and the Humber) would actually get the charging and bus improvements needed."
989.0,4,P-A,ClimatePolicyID(3),,[],"[""I strongly support a government ban on the sale of new petrol cars by no later than 2030. This is about putting people and planet first \u2014 protecting young people\u2019s future, cutting air pollution outside schools, and finally getting our climate targets back on track. Every year we delay means more families paying for rising fuel costs and more toxic emissions in our streets. The good news is we don\u2019t need to choose between fairness and ambition. With a public-led approach \u2014 investment in cheap, reliable electric buses and trains, a national programme to retrofit homes and workplaces with charging points, and grants for low-income households to switch vehicles or access alternatives \u2014 we can make the transition affordable and just.\n\nA 2030 ban will speed up the switch to cheap renewable electricity, lower running costs for drivers, and create thousands of green jobs rebuilding our local economies. This policy should be part of a broader plan to make transport accessible and clean for everyone: free travel for young people, safer cycling routes, and publicly owned transport services that put communities first. Real Hope, Real Change \u2014 for the common good.""]",1,"This message makes me a bit more positive about a 2030 ban. I like the emphasis on children's health and cleaner air around schools — that’s a tangible benefit I’d notice locally — and the point about lower running costs over time is persuasive because I worry about household budgets. The promise of public-led measures (cheap electric buses/trains, national charging rollout, grants for low-income households) addresses my main fairness concerns, though I’m still sceptical until I see concrete funding and delivery plans. I’m also interested in the broader transport ideas — safer cycling routes and publicly owned services — because a ban feels more realistic if real alternatives exist, especially in rural parts of Yorkshire and the Humber where charging and public transport are patchy. Overall, the message nudges me toward greater support, provided the fairness and implementation details are credible."
1311.0,1,P-A,ClimatePolicyID(3),,[],"[""I strongly support a government ban on the sale of new petrol cars by no later than 2030. Real Hope, Real Change means acting now to protect young people\u2019s futures and cut the crushing costs that big oil and car corporations foist onto ordinary families. Renewables and electric vehicles are cheaper to run and maintain \u2014 switching faster will slash household fuel bills, improve air quality outside our schools, and reduce the climate chaos pushing rents and food prices up.\n\nBut a ban must be fair: public ownership of key transport services, massive investment in insulation and affordable, reliable public transport, and grants so no one is priced out of the switch. We must end subsidies that prop up fossil-fuel profits and instead fund a just transition with a wealth tax on the super-rich. That\u2019s how we win lower bills, safer streets, and secure jobs in clean industries.\n\nFor the Common Good: ban new petrol car sales by 2030, backed by the investment communities need to thrive. Fairer, Greener Communities start with decisive action.""]",1,"I like the green and community-focused intent here — protecting young people’s futures, cutting bills, and improving air quality fits with my values. But the message’s emphasis on fairness and a just transition is crucial; it addresses my main worry that a rapid ban could leave lower-income families (like mine) without affordable transport or stuck with costly changes. Proposals for public ownership, big investment in insulation and public transport, grants, and funding through taxing the super-rich make the policy feel more acceptable — they show the government would support everyone through the change rather than imposing costs on ordinary people. I still worry about practical details: how affordable will EVs really be, will rural communities get reliable public transport, and will the measures arrive in time to prevent hardship? Overall the message shifts me from skepticism to cautious openness, provided strong, enforceable support measures are guaranteed."
1311.0,2,P-A,ClimatePolicyID(3),,[],"[""I strongly support a government ban on the sale of new petrol cars by no later than 2030. This is the kind of bold, practical action we need to tackle the climate crisis while cutting living costs for families. Electric vehicles and public transport are now cheaper to run and cleaner for our communities; shifting now will reduce air pollution outside schools and hospitals, protect public health, and end the unfair squeeze of fuel bills on people already struggling.\n\nBut a ban alone is not enough \u2014 it must come with real investment so no-one is left behind. We must retrofit our towns with safe charging infrastructure, invest in free or low-cost public transport for young people and low-income households, and massively expand home insulation so people aren\u2019t paying to warm the car because their home leaks heat. We should fund this transition through a wealth tax on the super-rich and by taking energy systems back into public hands so profits are reinvested in communities.\n\nReal Hope, Real Change: Ban new petrol cars by 2030 \u2014 for fairer, greener communities and a secure future for everyone.""]",1,"I like the intent here — it aligns with my strong concern for the environment, cleaner air around schools and hospitals, and making life fairer by lowering running costs for everyone. The emphasis on real investment and protections for low‑income households matters a lot to me: if the ban is paired with free or very cheap public transport for families like mine, massive home insulation, and guaranteed charging in towns and rural areas, I’d feel much more comfortable. I’m still wary about the practicalities — how quickly will affordable EVs be available for people on modest incomes, will rural communities get reliable alternatives to car dependence, and who ensures the promised funding actually arrives? Proposals to fund the transition through taxing the wealthy and public ownership of energy make the plan feel more just, but I’d want strong, enforceable guarantees that no one gets left behind."
1311.0,3,P-A,ClimatePolicyID(3),,[],"[""I strongly support a government ban on the sale of new petrol cars by 2030. Real Hope, Real Change means acting now to protect young people\u2019s future and cut the runaway costs tied to fossil fuels. A 2030 ban would accelerate the shift to affordable electric vehicles, boost investment in local clean transport and create good green jobs in manufacturing and charging infrastructure. It would also slash air pollution outside schools and hospitals, improving health and cutting NHS pressures.\n\nBut a fair transition must put communities first. Ban the sale doesn\u2019t mean leaving people stranded: we must fund grants for low-income households and small businesses to switch to electric vehicles, massively expand public transport, and retrofit homes and parks with charging points. Publicly owned energy and batteries should keep costs down, not line the pockets of private profiteers.\n\nFor the common good, a 2030 ban is bold, necessary and achievable \u2014 if paired with justice-led policies ensuring no one is left behind. Fairer, Greener Communities start here.""]",1,"This message reinforces my strong desire to act on the climate and reduce pollution — I like the emphasis on cleaner air by schools and hospitals and the idea of green jobs and local investment. At the same time, it raises the practical points I worry about: I need clearer guarantees that low‑income families like mine won’t be left without affordable transport or stuck with unusable cars. Promises of grants, massive public transport expansion, home retrofits for charging, and public ownership of energy and batteries make the proposal feel more just — but I’d want firm, enforceable details on funding, timelines, and rural coverage before I’d feel comfortable supporting a hard 2030 ban."
1311.0,4,P-A,ClimatePolicyID(3),,[],"[""I strongly support a government ban on the sale of new petrol cars by no later than 2030. This is about putting people and planet first \u2014 protecting young people\u2019s future, cutting air pollution outside schools, and finally getting our climate targets back on track. Every year we delay means more families paying for rising fuel costs and more toxic emissions in our streets. The good news is we don\u2019t need to choose between fairness and ambition. With a public-led approach \u2014 investment in cheap, reliable electric buses and trains, a national programme to retrofit homes and workplaces with charging points, and grants for low-income households to switch vehicles or access alternatives \u2014 we can make the transition affordable and just.\n\nA 2030 ban will speed up the switch to cheap renewable electricity, lower running costs for drivers, and create thousands of green jobs rebuilding our local economies. This policy should be part of a broader plan to make transport accessible and clean for everyone: free travel for young people, safer cycling routes, and publicly owned transport services that put communities first. Real Hope, Real Change \u2014 for the common good.""]",1,"Hearing this makes me more sympathetic to a 2030 ban because it ties the target to practical measures I care about — cheap, reliable electric buses and trains, grants for low‑income households, home and workplace charging and public ownership of services. Those details address some of my main worries about fairness and rural access. But I’m still uneasy: I need firm guarantees on how those programmes will be funded, timelines for roll‑out (especially in the East Midlands and rural areas), and clear protections so people on low incomes aren’t left with unusable or unaffordable cars. If the policy comes with legally binding commitments to grants, massive public transport expansion in rural areas, and support for used‑EV affordability and battery recycling, I’d find the idea much more acceptable — without those specifics I’d remain cautious."
331.0,1,P-A,ClimatePolicyID(3),,[],"[""I strongly support a government ban on the sale of new petrol cars by no later than 2030. Real Hope, Real Change means acting now to protect young people\u2019s futures and cut the crushing costs that big oil and car corporations foist onto ordinary families. Renewables and electric vehicles are cheaper to run and maintain \u2014 switching faster will slash household fuel bills, improve air quality outside our schools, and reduce the climate chaos pushing rents and food prices up.\n\nBut a ban must be fair: public ownership of key transport services, massive investment in insulation and affordable, reliable public transport, and grants so no one is priced out of the switch. We must end subsidies that prop up fossil-fuel profits and instead fund a just transition with a wealth tax on the super-rich. That\u2019s how we win lower bills, safer streets, and secure jobs in clean industries.\n\nFor the Common Good: ban new petrol car sales by 2030, backed by the investment communities need to thrive. Fairer, Greener Communities start with decisive action.""]",1,"This message reinforces my strong support for a 2030 ban, because it ties the policy directly to concrete benefits I care about: lower household fuel bills, cleaner air around schools, and tackling the climate crisis in a way that protects future generations. I like that it emphasises fairness — public ownership of transport, big insulation programmes, affordable and reliable public transit, and grants so low‑income households aren’t left behind — because a purely market‑led switch would risk entrenching inequality. The call to end fossil subsidies and fund a just transition via wealth taxes aligns with my left‑wing view that the wealthy should bear more responsibility for systemic change. At the same time, I’m still alert to practical concerns: will the charging infrastructure and supply chains be ready by 2030, and will the package genuinely prevent hardship for those who rely on older vehicles?"
331.0,2,P-A,ClimatePolicyID(3),,[],"[""I strongly support a government ban on the sale of new petrol cars by no later than 2030. This is the kind of bold, practical action we need to tackle the climate crisis while cutting living costs for families. Electric vehicles and public transport are now cheaper to run and cleaner for our communities; shifting now will reduce air pollution outside schools and hospitals, protect public health, and end the unfair squeeze of fuel bills on people already struggling.\n\nBut a ban alone is not enough \u2014 it must come with real investment so no-one is left behind. We must retrofit our towns with safe charging infrastructure, invest in free or low-cost public transport for young people and low-income households, and massively expand home insulation so people aren\u2019t paying to warm the car because their home leaks heat. We should fund this transition through a wealth tax on the super-rich and by taking energy systems back into public hands so profits are reinvested in communities.\n\nReal Hope, Real Change: Ban new petrol cars by 2030 \u2014 for fairer, greener communities and a secure future for everyone.""]",1,"This message strengthens my support for a 2030 ban because it links the policy to outcomes I care about: lower household running costs, cleaner air around schools and hospitals, and tackling the climate emergency urgently. I like that it doesn’t treat the ban as an isolated measure but pairs it with concrete fairness measures — charging infrastructure, free/cheap public transport for low‑income people and young people, and big home‑insulation programmes — because without those I’d worry about leaving people behind or making poverty worse. The funding ideas (wealth taxes, public ownership of energy) resonate with my left‑wing view that the rich and public systems should shoulder the burden rather than ordinary households. At the same time practical questions remain in my mind: can charging networks and supply chains scale reliably by 2030, and will the promised support be sufficient and timely to prevent hardship for those who depend on older cars?"
331.0,3,P-A,ClimatePolicyID(3),,[],"[""I strongly support a government ban on the sale of new petrol cars by 2030. Real Hope, Real Change means acting now to protect young people\u2019s future and cut the runaway costs tied to fossil fuels. A 2030 ban would accelerate the shift to affordable electric vehicles, boost investment in local clean transport and create good green jobs in manufacturing and charging infrastructure. It would also slash air pollution outside schools and hospitals, improving health and cutting NHS pressures.\n\nBut a fair transition must put communities first. Ban the sale doesn\u2019t mean leaving people stranded: we must fund grants for low-income households and small businesses to switch to electric vehicles, massively expand public transport, and retrofit homes and parks with charging points. Publicly owned energy and batteries should keep costs down, not line the pockets of private profiteers.\n\nFor the common good, a 2030 ban is bold, necessary and achievable \u2014 if paired with justice-led policies ensuring no one is left behind. Fairer, Greener Communities start here.""]",1,"Hearing this message reinforces my strong support for a 2030 ban — it ties the policy to concrete benefits I care about: protecting young people’s future, cutting household and NHS costs, improving air quality around schools and hospitals, and creating local green jobs. I particularly like that it couples the ban with fairness measures (grants for low‑income households and small businesses, expanded public transport, lots more chargers, and public ownership of energy/batteries) because without those I’d worry the policy could deepen inequality or strand people who rely on older cars. I’m still cautious about implementation questions — can charging infrastructure and battery supply scale quickly enough, and will the funding for people on low incomes really arrive in time? — but overall the message makes the 2030 ban feel both urgent and politically plausible if it’s part of a justice‑led package."
331.0,4,P-A,ClimatePolicyID(3),,[],"[""I strongly support a government ban on the sale of new petrol cars by no later than 2030. This is about putting people and planet first \u2014 protecting young people\u2019s future, cutting air pollution outside schools, and finally getting our climate targets back on track. Every year we delay means more families paying for rising fuel costs and more toxic emissions in our streets. The good news is we don\u2019t need to choose between fairness and ambition. With a public-led approach \u2014 investment in cheap, reliable electric buses and trains, a national programme to retrofit homes and workplaces with charging points, and grants for low-income households to switch vehicles or access alternatives \u2014 we can make the transition affordable and just.\n\nA 2030 ban will speed up the switch to cheap renewable electricity, lower running costs for drivers, and create thousands of green jobs rebuilding our local economies. This policy should be part of a broader plan to make transport accessible and clean for everyone: free travel for young people, safer cycling routes, and publicly owned transport services that put communities first. Real Hope, Real Change \u2014 for the common good.""]",1,"Hearing this message reinforces my strong support for a 2030 ban — it ties the policy to concrete outcomes I care about (protecting young people’s future, cutting air pollution around schools, and getting climate targets back on track). I particularly like that it explicitly couples the ban with fairness measures — public investment in buses and trains, home charging and retrofit programmes, and grants for low‑income households — because without those I’d worry the policy could worsen inequality or strand people who rely on older cars. It also makes the ban feel more politically plausible by framing it as public‑led and job‑creating rather than just market‑driven. My remaining concerns are still practical: can charging infrastructure and battery supply scale quickly enough, and will the promised funding and public services arrive in time to protect those on low incomes?"
1729.0,1,P-A,ClimatePolicyID(3),,[],"[""I strongly support a government ban on the sale of new petrol cars by no later than 2030. Real Hope, Real Change means acting now to protect young people\u2019s futures and cut the crushing costs that big oil and car corporations foist onto ordinary families. Renewables and electric vehicles are cheaper to run and maintain \u2014 switching faster will slash household fuel bills, improve air quality outside our schools, and reduce the climate chaos pushing rents and food prices up.\n\nBut a ban must be fair: public ownership of key transport services, massive investment in insulation and affordable, reliable public transport, and grants so no one is priced out of the switch. We must end subsidies that prop up fossil-fuel profits and instead fund a just transition with a wealth tax on the super-rich. That\u2019s how we win lower bills, safer streets, and secure jobs in clean industries.\n\nFor the Common Good: ban new petrol car sales by 2030, backed by the investment communities need to thrive. Fairer, Greener Communities start with decisive action.""]",1,"This message reinforces my belief that phasing out petrol cars is important for tackling the climate emergency and improving local air quality — the environmental and public-health arguments resonate strongly with my values. I also appreciate the emphasis on fairness: the transition could easily worsen inequality if low-income households are expected to bear the costs, so the calls for grants, public ownership of transport, insulation investment, and better public transit make the policy more politically and ethically palatable to me. The suggestion to fund the transition through a wealth tax rather than cutting services or raising regressive charges aligns with my left-leaning priorities. At the same time, it reminds me to be cautious about timelines like 2030; I worry about whether infrastructure, affordability, and support measures can be delivered quickly enough to avoid leaving people behind."
1729.0,2,P-A,ClimatePolicyID(3),,[],"[""I strongly support a government ban on the sale of new petrol cars by no later than 2030. This is the kind of bold, practical action we need to tackle the climate crisis while cutting living costs for families. Electric vehicles and public transport are now cheaper to run and cleaner for our communities; shifting now will reduce air pollution outside schools and hospitals, protect public health, and end the unfair squeeze of fuel bills on people already struggling.\n\nBut a ban alone is not enough \u2014 it must come with real investment so no-one is left behind. We must retrofit our towns with safe charging infrastructure, invest in free or low-cost public transport for young people and low-income households, and massively expand home insulation so people aren\u2019t paying to warm the car because their home leaks heat. We should fund this transition through a wealth tax on the super-rich and by taking energy systems back into public hands so profits are reinvested in communities.\n\nReal Hope, Real Change: Ban new petrol cars by 2030 \u2014 for fairer, greener communities and a secure future for everyone.""]",1,"This message reinforces my belief that banning new petrol car sales by 2030 is the kind of urgent climate action we need — it highlights health benefits (less pollution near schools and hospitals) and cost savings from cheaper-to-run EVs and better public transport, which I find convincing. At the same time the emphasis on accompanying measures — charging infrastructure, free or low-cost public transport for young/low-income people, home insulation, and funding from a wealth tax or re-municipalising energy — reminds me that my support depends heavily on fairness and practical delivery: I’m worried a straight ban without those supports would hit low-income households hardest and could feel punitive. The message makes me more positive about the 2030 goal if it’s paired with strong, well-funded support, but it also sharpens my concern about timelines and whether government can actually implement the necessary infrastructure and social protections quickly enough."
1729.0,3,P-A,ClimatePolicyID(3),,[],"[""I strongly support a government ban on the sale of new petrol cars by 2030. Real Hope, Real Change means acting now to protect young people\u2019s future and cut the runaway costs tied to fossil fuels. A 2030 ban would accelerate the shift to affordable electric vehicles, boost investment in local clean transport and create good green jobs in manufacturing and charging infrastructure. It would also slash air pollution outside schools and hospitals, improving health and cutting NHS pressures.\n\nBut a fair transition must put communities first. Ban the sale doesn\u2019t mean leaving people stranded: we must fund grants for low-income households and small businesses to switch to electric vehicles, massively expand public transport, and retrofit homes and parks with charging points. Publicly owned energy and batteries should keep costs down, not line the pockets of private profiteers.\n\nFor the common good, a 2030 ban is bold, necessary and achievable \u2014 if paired with justice-led policies ensuring no one is left behind. Fairer, Greener Communities start here.""]",1,"This message strengthens my general support for a 2030 ban because it ties the climate case to concrete benefits I care about — cleaner air near schools and hospitals, fewer health costs for the NHS, and green jobs in local infrastructure. I particularly like the emphasis on justice: grants for low-income households, expanded public transport, home charging and publicly owned energy would make the policy feel feasible rather than punitive. At the same time it nudges my caution about timing: I’m still worried the government can deliver the scale of charging, subsidies and public transport improvements quickly enough, and I’d want clear commitments on funding sources and protections for people who can’t afford to switch immediately before I’d back the deadline fully."
1729.0,4,P-A,ClimatePolicyID(3),,[],"[""I strongly support a government ban on the sale of new petrol cars by no later than 2030. This is about putting people and planet first \u2014 protecting young people\u2019s future, cutting air pollution outside schools, and finally getting our climate targets back on track. Every year we delay means more families paying for rising fuel costs and more toxic emissions in our streets. The good news is we don\u2019t need to choose between fairness and ambition. With a public-led approach \u2014 investment in cheap, reliable electric buses and trains, a national programme to retrofit homes and workplaces with charging points, and grants for low-income households to switch vehicles or access alternatives \u2014 we can make the transition affordable and just.\n\nA 2030 ban will speed up the switch to cheap renewable electricity, lower running costs for drivers, and create thousands of green jobs rebuilding our local economies. This policy should be part of a broader plan to make transport accessible and clean for everyone: free travel for young people, safer cycling routes, and publicly owned transport services that put communities first. Real Hope, Real Change \u2014 for the common good.""]",1,"This message reinforces my pro-2030 view by connecting the ban to things I care about — cleaner air near schools and hospitals, protecting young people’s future, and green jobs — which makes the climate case feel practical and urgent. I like the strong emphasis on fairness: grants, home/work charging, cheap public transport and retrofitting homes would address my worry about low-income households being left behind. At the same time, I’m still cautious about whether the government can deliver the scale and pace of investment needed by 2030 — I’d want clear, funded commitments on charging infrastructure, public transport improvements, and targeted support for vulnerable people before I felt fully comfortable with that exact deadline."
1304.0,1,P-A,ClimatePolicyID(3),,[],"[""I strongly support a government ban on the sale of new petrol cars by no later than 2030. Real Hope, Real Change means acting now to protect young people\u2019s futures and cut the crushing costs that big oil and car corporations foist onto ordinary families. Renewables and electric vehicles are cheaper to run and maintain \u2014 switching faster will slash household fuel bills, improve air quality outside our schools, and reduce the climate chaos pushing rents and food prices up.\n\nBut a ban must be fair: public ownership of key transport services, massive investment in insulation and affordable, reliable public transport, and grants so no one is priced out of the switch. We must end subsidies that prop up fossil-fuel profits and instead fund a just transition with a wealth tax on the super-rich. That\u2019s how we win lower bills, safer streets, and secure jobs in clean industries.\n\nFor the Common Good: ban new petrol car sales by 2030, backed by the investment communities need to thrive. Fairer, Greener Communities start with decisive action.""]",1,"Okay — thinking this through out loud for myself.

I like the aim here: protecting young people’s futures and cutting costs from fuel makes sense, and cleaner air near schools is clearly a plus. I already broadly support moving away from fossil fuels, so that part resonates. The point about renewables and EVs being cheaper to run is true in the long run, but my household income is low enough that the upfront cost of a new electric car would be a real barrier — so the call for grants and insulation investment sounds necessary to make any ban fair. Public ownership of key services and better, affordable public transport would help people like me who rely on cheap travel options. I’m wary of quick timelines that might leave ordinary families stranded; a just transition funded fairly would make me more comfortable. The proposal to use wealth taxes to fund it appeals to my sense that the better-off should shoulder more of the cost. Overall, the goals align with my values, but I keep coming back to concerns about affordability and whether the infrastructure and support will actually be in place by 2030."
1304.0,2,P-A,ClimatePolicyID(3),,[],"[""I strongly support a government ban on the sale of new petrol cars by no later than 2030. This is the kind of bold, practical action we need to tackle the climate crisis while cutting living costs for families. Electric vehicles and public transport are now cheaper to run and cleaner for our communities; shifting now will reduce air pollution outside schools and hospitals, protect public health, and end the unfair squeeze of fuel bills on people already struggling.\n\nBut a ban alone is not enough \u2014 it must come with real investment so no-one is left behind. We must retrofit our towns with safe charging infrastructure, invest in free or low-cost public transport for young people and low-income households, and massively expand home insulation so people aren\u2019t paying to warm the car because their home leaks heat. We should fund this transition through a wealth tax on the super-rich and by taking energy systems back into public hands so profits are reinvested in communities.\n\nReal Hope, Real Change: Ban new petrol cars by 2030 \u2014 for fairer, greener communities and a secure future for everyone.""]",1,"I like the goal here — cleaner air near schools and lower running costs from EVs resonate with me and fit with wanting a better future for my children. But I keep worrying about the upfront costs and whether the promised support will actually reach people on low incomes like me; grants, affordable public transport and home insulation would be essential. A fund from wealth taxes or public ownership sounds fair, but I’m unsure the infrastructure and timelines will be ready by 2030, so I’d need clearer guarantees that no-one is left stranded."
1304.0,3,P-A,ClimatePolicyID(3),,[],"[""I strongly support a government ban on the sale of new petrol cars by 2030. Real Hope, Real Change means acting now to protect young people\u2019s future and cut the runaway costs tied to fossil fuels. A 2030 ban would accelerate the shift to affordable electric vehicles, boost investment in local clean transport and create good green jobs in manufacturing and charging infrastructure. It would also slash air pollution outside schools and hospitals, improving health and cutting NHS pressures.\n\nBut a fair transition must put communities first. Ban the sale doesn\u2019t mean leaving people stranded: we must fund grants for low-income households and small businesses to switch to electric vehicles, massively expand public transport, and retrofit homes and parks with charging points. Publicly owned energy and batteries should keep costs down, not line the pockets of private profiteers.\n\nFor the common good, a 2030 ban is bold, necessary and achievable \u2014 if paired with justice-led policies ensuring no one is left behind. Fairer, Greener Communities start here.""]",1,"I like the aim of cleaner air for my grandchildren and the health benefits near schools and hospitals — that’s important. The message reassures me that a 2030 ban would speed up investment in EVs, local jobs and charging infrastructure, which sounds positive. But I keep worrying about the costs: even with grants, EVs and home charging can be expensive, and on my household income I’d need concrete guarantees that support will actually reach low‑income families and small businesses. I’d also want clearer timelines for public transport expansion and publicly owned energy/battery plans so people aren’t left stranded during the transition."
1304.0,4,P-A,ClimatePolicyID(3),,[],"[""I strongly support a government ban on the sale of new petrol cars by no later than 2030. This is about putting people and planet first \u2014 protecting young people\u2019s future, cutting air pollution outside schools, and finally getting our climate targets back on track. Every year we delay means more families paying for rising fuel costs and more toxic emissions in our streets. The good news is we don\u2019t need to choose between fairness and ambition. With a public-led approach \u2014 investment in cheap, reliable electric buses and trains, a national programme to retrofit homes and workplaces with charging points, and grants for low-income households to switch vehicles or access alternatives \u2014 we can make the transition affordable and just.\n\nA 2030 ban will speed up the switch to cheap renewable electricity, lower running costs for drivers, and create thousands of green jobs rebuilding our local economies. This policy should be part of a broader plan to make transport accessible and clean for everyone: free travel for young people, safer cycling routes, and publicly owned transport services that put communities first. Real Hope, Real Change \u2014 for the common good.""]",1,"I like the aim of cleaner air for my grandchildren and the health benefits near schools and hospitals — that matters to me. The message makes a persuasive case that a 2030 ban would speed investment in EVs, renewable electricity and local green jobs, which sounds positive. But I keep coming back to cost and timing: even with grants, buying an EV or installing home charging feels expensive on my household income, and I’d need solid guarantees that support will reach low‑income families and small businesses. I’d also want clearer, practical timelines for expanding affordable public transport and a real plan for publicly owned charging and battery infrastructure so people aren’t left stranded during the transition."
