agent_id,day,policy_id,reasoning
684.0,0,ClimatePolicyID(3),"As someone who is deeply committed to protecting the environment and caring for nature, I strongly support banning the sale of new petrol cars by 2030 because the climate crisis demands urgent, decisive action that goes beyond individual choice. Living in London, I see firsthand the devastating impact of air pollution on communities, and I believe government intervention is necessary to drive the systemic change that the market alone won't deliver fast enough. This policy aligns with my conviction that we must actively work to preserve the planet for all lifeforms, not just human convenience."
684.0,1,ClimatePolicyID(3),"Given her strong left-wing values, environmental commitment, Labour voting history, and urban London lifestyle (where she likely doesn't heavily depend on a car and sees air pollution daily), she has multiple reinforcing reasons to support this policy. Her belief in government intervention to correct market failures, her biocentric worldview, and her prior reflections all point toward strong support. The main tensions — affordability for lower-income households and implementation logistics — are largely resolved in her mind by accompanying policies like grants and public transport investment, leaving her with few significant reservations."
684.0,2,ClimatePolicyID(3),"Given my strong left-wing values, environmental commitment, and Labour-voting history, I'm naturally drawn to bold government intervention on climate — and living in London means I experience air pollution directly, making a 2030 petrol car ban feel both urgent and personally relevant. My previous reflections have reinforced this support, particularly when the policy is paired with fairness measures like public transport investment and grants for poorer households, which address my concern that green transitions shouldn't burden those least able to afford them. The main tensions I feel are around implementation — whether charging infrastructure will be ready, whether workers in affected industries will be protected — but these are concerns about *how* the policy is done rather than *whether* it should happen, so they don't significantly undermine my overall strong support."
684.0,3,ClimatePolicyID(3),"Given my strong left-wing values, commitment to environmental protection, and experience of London's air pollution, I am naturally drawn to bold government intervention on climate — a 2030 petrol car ban fits squarely within my worldview that systemic change requires collective action rather than relying on individual consumer choices. My previous reflections have reinforced this support, particularly when the policy is paired with equity measures like grants for low-income households and investment in public transport, which address my concern that green transitions shouldn't burden the less well-off. The main tensions I feel are practical — ensuring fair access to EVs and charging infrastructure, protecting workers in affected industries, and making sure the timeline is genuinely achievable — but these don't undermine my core support for the ban, they just shape what I'd want to see alongside it."
684.0,4,ClimatePolicyID(3),"Given her strong environmental values, left-wing politics, Labour voting history, and urban London lifestyle where she likely doesn't heavily depend on a car, she would be strongly inclined to support a 2030 ban as an urgent, necessary government intervention to address the climate crisis and reduce local air pollution. Her commitment to equality and helping others would be somewhat tempered by concerns about whether the transition is fair to lower-income households and workers in affected industries, but her previous reflections show these concerns are addressable through accompanying policy measures like grants and public investment. Overall, her values profile and life circumstances point strongly toward support, with her main reservations being about implementation fairness and practicality rather than opposition to the ban itself."
615.0,0,ClimatePolicyID(3),"As someone who deeply cares about protecting the natural environment and responding to the climate crisis, I believe banning new petrol car sales by 2030 is a necessary and urgent step to reduce harmful emissions and preserve the planet for future generations. I recognise that as a parent, the world my children inherit matters enormously to me, and I don't think we can afford to delay action on something this important. While I appreciate this transition needs to be managed fairly so it doesn't disadvantage people on lower incomes like myself, I strongly support the principle of the policy."
615.0,1,ClimatePolicyID(3),"The strong environmental values, Green Party vote, and parental concern for future generations all push strongly toward supporting this policy, as does the belief in equal treatment of all lifeforms and skepticism of fossil fuel industry influence. However, living in the South West on a modest income of £25-29k, there are real practical concerns about rural public transport gaps, the affordability of electric vehicles, and whether infrastructure will be ready in time — concerns that could temper enthusiasm without overriding it. The Brexit vote suggests some residual scepticism of top-down mandates, but this is likely outweighed by the environmental conviction, leading to strong but conditionally qualified support."
615.0,2,ClimatePolicyID(3),"The strong environmental values, Green Party voting history, and concern for children's futures all push strongly toward supporting this ban, while the Brexit vote suggests some scepticism of top-down mandates and a concern for ordinary working people being left behind. On a modest household income in the South West — likely a more rural or semi-rural area where car dependency is high and public transport is limited — the practical and financial implications of a 2030 deadline feel very real and potentially threatening to daily life. These tensions mean she would likely support the principle enthusiastically but harbour genuine anxiety about whether the infrastructure and financial support will be in place in time to make it workable for someone in her position."
615.0,3,ClimatePolicyID(3),"The Green Party vote in 2019 and strong environmental values — caring for nature, protecting the planet for her children — push her firmly toward supporting a 2030 ban, as does her belief in equal treatment of all lifeforms and urgency around climate. However, her modest household income (£25–29k), rural South West location, and likely car dependency create real practical anxieties about whether she could afford an electric vehicle or access adequate charging infrastructure, meaning the *how* of implementation matters as much as the principle. Her Brexit vote also hints at a streak of pragmatic scepticism toward top-down mandates that don't account for ordinary people's circumstances, so while she supports the goal strongly, she may temper her enthusiasm with concern about fairness and delivery."
615.0,4,ClimatePolicyID(3),"The strong environmental values, Green Party vote, and parental concern for future generations all push strongly toward support, while the Brexit vote signals some scepticism of top-down mandates and concern about practical impacts on ordinary people — and living in the South West on a modest income makes the affordability and rural infrastructure questions feel very real and personal. However, the previous reflections show these practical concerns haven't undermined the core support; rather, they've shaped what conditions she'd want attached to the policy. On balance, she would likely express fairly strong support, tempered by genuine anxiety about whether the rollout will be fair and fast enough to help people like her."
822.0,0,ClimatePolicyID(3),"I think transitioning away from petrol cars is a reasonable long-term goal, but a 2030 deadline feels far too rushed and risks leaving ordinary people behind, particularly those who can't easily afford electric vehicles or live in areas with poor charging infrastructure. At my age and with my experience, I've seen plenty of well-intentioned government mandates that ended up causing unnecessary disruption to people's lives and livelihoods. I'd rather see market forces and gradual consumer choice drive this transition, with government playing a supporting rather than dictating role."
822.0,1,ClimatePolicyID(3),"This person's right-wing political leanings, Brexit vote, and Conservative voting history strongly suggest a preference for market-led solutions over government mandates, and their earlier stated view explicitly expressed concern about the 2030 deadline being too rushed and burdensome for ordinary people. At 77, they are unlikely to be personally affected by a 2030 ban on new car purchases, but their values around personal freedom, skepticism of top-down government intervention, and concern about economic disruption to working people would reinforce opposition. While they have some respect for environmental balance, this would not be strong enough to override their instinct that this policy is an overreach that moves too fast and removes consumer choice."
822.0,2,ClimatePolicyID(3),"This person's right-wing political leanings, Brexit vote, and Conservative voting history all point strongly toward skepticism of top-down government mandates, and at 77 with a comfortable income, they've likely owned petrol cars for decades and may resent being told what to drive. Their moderate approach to environmental issues means they're not opposed to cleaner transport in principle, but the aggressive 2030 deadline and the coercive nature of a ban rather than market-led incentives would clash with their preference for personal freedom and gradual change. The practical concerns about charging infrastructure, affordability for ordinary people, and the disruption to the automotive industry would reinforce their opposition, though their higher income means the financial burden is less personally acute for them."
822.0,3,ClimatePolicyID(3),"This person's right-wing political leanings, Brexit vote, and Conservative voting history all point toward a preference for market-led solutions over government mandates, and at 77 with a reasonable income, they likely own a car and feel the practical implications of such a deadline acutely. Their moderate stance on environmental issues means they're not dismissive of climate concerns entirely, but the heavy-handed, top-down nature of a ban rather than an incentive-based approach would sit uncomfortably with their values around personal choice and skepticism of government overreach. The 2030 deadline in particular would strike them as unrealistically rushed and potentially damaging to ordinary consumers and the automotive industry."
822.0,4,ClimatePolicyID(3),"This person's right-wing political leanings, Brexit vote, and Conservative voting history all point toward a preference for market-led solutions over government mandates, and at 77 with a comfortable income, they likely own a petrol car and feel the 2030 deadline is unreasonably abrupt and paternalistic. While they do have some basic respect for environmental concerns, their worldview prioritises personal freedom and gradual, organic change over top-down state intervention. The affordability and infrastructure concerns they've already expressed reinforce a fairly strong opposition to this specific policy as framed."
1355.0,0,ClimatePolicyID(3),"While I care about the environment and believe in balancing human progress with nature, I think a 2030 ban on new petrol cars is too aggressive a timeline, particularly for people like me who are conscious of household budgets. A policy like this could disproportionately disadvantage lower-income families and communities, including many Asian and minority ethnic households, who may not be able to afford the transition to electric vehicles within such a short timeframe. I believe in equal opportunities for all groups, and rushing this ban risks creating a two-tier system where only wealthier people can afford compliant vehicles, undermining the fairness I strongly value."
1355.0,1,ClimatePolicyID(3),"The fairness concerns raised in both messages have reinforced my existing skepticism — I can see the environmental and public health benefits, and I genuinely want cleaner air and a sustainable future, but the 2030 timeline feels too rushed and risks creating real hardship for moderate-income households like mine and for tradespeople, rural communities, and those reliant on cheaper second-hand petrol cars. My strong belief in equalising conditions for all groups means I can't fully back a policy that, without robust financial support and infrastructure, could effectively price out less wealthy people from car ownership. I'd support a ban with a later, more realistic deadline paired with serious investment in grants, public transport, and charging infrastructure — but as currently framed, I lean toward opposing the 2030 target specifically."
1355.0,2,ClimatePolicyID(3),"Based on my reflections and earlier reasoning, I support the environmental goals behind this policy and care about cleaner air and protecting future generations, but I remain genuinely worried that the 2030 deadline is too tight to be fair — particularly for moderate-income households who can't easily absorb the cost of switching to EVs without substantial, reliable government support. My centre-ground instincts make me want practical, well-funded safeguards (grants, charging infrastructure, public transport) to be firmly in place before such a ban is enforced, and I'm skeptical those will materialise quickly enough. The repeated exposure to both pro and con arguments has left me leaning toward opposing the specific 2030 deadline while remaining open to a phased, better-supported transition."
1355.0,3,ClimatePolicyID(3),"Drawing on my earlier reflections and reasoning, I remain cautiously opposed to a hard 2030 deadline. My central concern is fairness — on a household income of £40,000–£44,999, the transition to EVs feels financially precarious without guaranteed, well-targeted support like grants and charging infrastructure, and I worry the ban would disproportionately burden lower-income and minority ethnic households who can least afford it. I support the environmental goals in principle and wouldn't reject action outright, but the tight timeline without robust safeguards conflicts too strongly with my core belief that change should be equitable and practical rather than top-down and blunt."
1355.0,4,ClimatePolicyID(3),"Having absorbed messages from both sides, I remain broadly sympathetic to the goals behind a 2030 ban — cleaner air, green jobs, protecting younger people's futures resonate with me — but I'm still uneasy about the speed and whether the practical safeguards (grants, rural charging, public transport, support for tradespeople) would actually be delivered in time for households on incomes like mine in the North West. The repeated concerns about moderate-income and minority communities being priced out, and the real gaps in charging infrastructure outside cities, feel very relevant to my situation. On balance I lean toward **opposing the 2030 deadline specifically** while remaining open to a slightly later or more phased ban with robust, well-funded support built in first."
1925.0,0,ClimatePolicyID(3),"While I deeply care about the environment and want to see action on climate change, I'm uncertain whether 2030 is a realistic timeline that works for everyone, including families like mine who need affordable and practical transport options. I worry that a hard ban could disproportionately affect people on moderate incomes who may struggle to afford electric vehicles or live in areas with limited charging infrastructure. I support the goal of transitioning away from petrol cars, but I want to make sure the policy is implemented in a way that's fair and doesn't leave ordinary working families behind."
1925.0,1,ClimatePolicyID(3),"The environmental values and Labour-leaning politics push this person toward supporting the ban in principle, and the P-A message reinforced her openness to a strong target if fairness measures are in place. However, her moderate income, life as a parent in the East of England (where public transport is often poor and car dependency is high), and the practical concerns raised by P-B keep her cautious about the 2030 deadline specifically. She likely lands in a position of conditional, moderate support — backing the direction of travel but wanting reassurance on affordability, charging infrastructure, and protections for lower-income families before fully committing."
1925.0,2,ClimatePolicyID(3),"Drawing on her environmental values, Labour-voting history, and care for future generations as a parent, she feels genuine pull toward supporting the 2030 ban — but her moderate income, life in the East of England (where public transport is patchy and car dependency is high), and concern for fairness mean she remains anxious about whether the infrastructure and affordability will be in place in time. The persuasive messages she's encountered have nudged her toward conditional support, but the recurring worries about rural charging, second-hand EV markets, and tradespeople haven't been fully resolved. She likely lands in a mildly supportive but uncertain position — backing the goal while wanting stronger guarantees on implementation before fully committing."
1925.0,3,ClimatePolicyID(3),"This person's strong environmental values and Labour-leaning politics pull her toward supporting a 2030 ban, and her concern for fairness means she's drawn to the argument that cleaner air and lower running costs could benefit ordinary families. However, her moderate income, life as a parent in the East of England (likely car-dependent), and practical concerns about rural charging infrastructure, affordable EVs, and protections for working people create real hesitation about whether 2030 is achievable without leaving families like hers behind. The result is a conditional, cautious lean toward support — she backs the goal but remains anxious about implementation, making her likely to sit somewhere in the middle, perhaps slightly supportive but with significant reservations."
1925.0,4,ClimatePolicyID(3),"This person's strong environmental values, Labour-leaning politics, and care for future generations push her toward supporting the 2030 ban in principle, but her moderate income, life as a parent in the East of England (where public transport and charging infrastructure can be patchy), and centrist pragmatism make her genuinely worried about whether the transition will be fair and affordable for ordinary families. She has been nudged by messages emphasising grants, public transport, and fairness measures, but remains cautious about the hard deadline without concrete, funded implementation plans for rural areas, tradespeople, and second-hand EV markets. Overall, she likely sits in a position of conditional, moderate support — backing the goal but wanting reassurance on the practical details before fully committing to a strict 2030 cutoff."
498.0,0,ClimatePolicyID(3),"I care deeply about protecting the environment and recognise that moving away from petrol cars is important for tackling climate change, which aligns with my values around nature and the planet. However, I'm also mindful that a 2030 deadline could place real financial pressure on ordinary working families like mine, where affording a new electric vehicle isn't straightforward on a modest household income. So while I support the direction of travel, I'm genuinely uncertain whether the timeline is realistic and fair for people across all walks of life."
498.0,1,ClimatePolicyID(3),"This person genuinely cares about the environment and cleaner air, which pulls them toward supporting the direction of the policy, but their lived experience as someone on a modest household income in rural East England makes the 2030 deadline feel rushed and potentially unfair to ordinary families. Their Brexit vote reflects a distrust of top-down mandates that don't account for real-world practicalities, and their reflections show they've been persuaded by concerns about charging infrastructure, second-hand markets, and the burden on tradespeople and rural households. Balancing these tensions, they likely land on **slight opposition** — not hostile to EVs in principle, but unconvinced the 2030 cutoff is realistic or fair for people like them."
498.0,2,ClimatePolicyID(3),"This person cares genuinely about the environment and cleaner air, which pulls them toward supporting the ban's goal, but their modest household income, life in the East of England where public transport and charging infrastructure are patchy, and their slightly right-of-centre, Leave-voting instinct against top-down government mandates all create real hesitation. The 2030 deadline feels too abrupt and potentially unfair to ordinary families who can't easily absorb the cost of a new EV, even with grants. On balance, they'd likely express cautious, conditional support — backing the direction but wanting the timeline extended or made more flexible, with much stronger financial support and infrastructure investment before any hard cutoff."
498.0,3,ClimatePolicyID(3),"This person's genuine care for nature and future generations pulls them toward supporting the goal of phasing out petrol cars, but their lived experience in rural East England on a modest income, combined with a slight right-of-centre outlook and Brexit vote suggesting scepticism of top-down mandates, makes them wary of a hard 2030 cutoff. Their reflections show a consistent pattern: backing the environmental direction while worrying that the pace and practicalities — rural charging, tradespeople's needs, second-hand EV affordability — could unfairly burden ordinary people like themselves. The result is lukewarm, conditional support — they'd back the policy more firmly if it came with phased implementation, guaranteed rural infrastructure investment, and real financial help for modest-income families, but as currently framed the 2030 deadline feels too blunt and too soon."
498.0,4,ClimatePolicyID(3),"This person cares genuinely about the environment and future generations, which pulls them toward supporting the direction of a petrol car ban, but their lived experience in rural East England on a modest income, with no formal qualifications and likely reliance on a practical vehicle, makes the 2030 deadline feel rushed and potentially unfair to people like them. Their slightly right-of-centre, Leave-voting background also makes them somewhat sceptical of top-down government mandates that seem disconnected from ordinary working life, particularly when rural charging infrastructure and affordable second-hand EVs aren't yet in place. The result is someone who broadly accepts the environmental goal but has real reservations about the speed and fairness of this specific timeline."
1744.0,0,ClimatePolicyID(3),"I understand the environmental reasons behind moving away of petrol cars, and I do have a basic respect for nature, but a 2030 deadline feels too rushed and risks leaving ordinary people like me behind financially. On my household income, the prospect of being pushed into expensive electric vehicles within such a short timeframe is genuinely worrying, and I'm not convinced the charging infrastructure will be ready in time for everyone, particularly in areas like the East Midlands. I'm not strongly opposed to the direction of travel, but I think the policy as it stands doesn't fairly account for people on modest incomes who rely on affordable, familiar options."
1744.0,1,ClimatePolicyID(3),"The person's modest household income (£20,000–£24,999), age (64), and location in the East Midlands all point toward real, practical concerns about affordability and infrastructure readiness — a 2030 deadline feels financially threatening when EVs remain expensive and local charging networks are patchy. Their egalitarian values and scepticism of authority cut both ways: they support equal opportunity and fairness, which could mean backing a green transition *if* it's properly supported for ordinary people, but they'd resist a policy that feels like it's being imposed top-down without adequate help for those on lower incomes. Their centre positioning and moderate openness to change suggest they're not ideologically opposed to the direction, but the pace and lack of visible support mechanisms leave them leaning toward opposition or at best cautious, conditional support."
1744.0,2,ClimatePolicyID(3),"Drawing on this person's modest household income (£20,000–£24,999), life in the East Midlands where public transport and charging infrastructure may be limited, and their consistent concern about fairness and practical affordability, the dominant reaction is likely to be opposition rooted in financial anxiety and distrust that the government will deliver adequate support in time. Their scepticism of authority and top-down mandates reinforces this — they're not against the environmental direction in principle, but a hard 2030 deadline feels like it's being imposed without sufficient regard for people in their circumstances. Their centrist positioning and basic respect for nature create some openness, but the balance tips toward opposition unless concrete, credible support mechanisms are demonstrated."
1744.0,3,ClimatePolicyID(3),"The practical financial burden is the dominant concern here — on a household income of £20,000–£24,999 in the East Midlands, the upfront cost of an electric vehicle and uncertainty about local charging infrastructure feel very real and immediate, making a 2030 deadline seem rushed and potentially unfair to people in his position. His moderate environmentalism and belief in equality of opportunity mean he's not hostile to the direction of travel, and he appreciates the health and cost arguments, but his scepticism of authority and top-down mandates reinforces his discomfort with being told to make an expensive change on a fixed timetable without guaranteed support. Overall, he'd likely lean toward mild to moderate opposition — not outright rejection, but a strong preference for a longer timeline or much more robust, well-targeted financial assistance before he'd feel comfortable supporting it."
1744.0,4,ClimatePolicyID(3),"The environmental and health benefits of cleaner air appeal to this person's basic respect for nature and concern for his community, and the long-term running cost savings are genuinely attractive on a modest income. However, the upfront affordability barrier, uncertainty about charging infrastructure in the East Midlands, and a feeling that a 2030 deadline is being imposed from above without adequate practical support for ordinary people like him create real hesitation. His scepticism of authority and strong belief in equalising conditions actually cuts both ways here — he wants the transition to be fair and well-resourced, not just mandated, so his support remains conditional and lukewarm rather than firm."
693.0,0,ClimatePolicyID(3),"I support the general direction of moving away from petrol cars for environmental reasons, as I do have a basic respect for nature and believe we shouldn't let any single species, including humans, dominate the planet at the expense of other lifeforms. However, as someone on a household income of around £45,000-£49,999 with family responsibilities, I'm a little cautious about whether 2030 is realistic enough for ordinary families like mine to afford the transition to electric vehicles. So while I back the principle, I have some reservations about the pace and practicality of the deadline."
693.0,1,ClimatePolicyID(3),"This person has already shown moderate, conditional support for the ban's principle but with real hesitations about the 2030 timeline and affordability for ordinary families. As a parent on a mid-range household income in the South East, the practical cost of switching to an electric vehicle is a genuine concern, and her slightly right-of-centre, Conservative-voting background makes her wary of heavy-handed government mandates that could feel rushed or financially burdensome. Her Remain vote and respect for environmental values pull her toward supporting the direction of travel, but the tight deadline and lack of clarity on support measures temper her enthusiasm into cautious, qualified backing rather than strong support."
693.0,2,ClimatePolicyID(3),"This person has shown a consistent pattern across their reflections: they support the environmental principle behind the ban but have real practical concerns about the 2030 timeline being too fast for ordinary families on middle incomes like theirs. As a parent in the South East who voted Conservative and is slightly right-of-centre, they're likely to be wary of government mandates that feel rushed or that could impose financial strain on households without adequate support, even if they backed Remain and have some environmentally sympathetic values. Their previous reasoning suggests they'd land somewhere in the middle — not strongly opposed, but not fully supportive either, conditional on seeing concrete affordability measures, grants, and infrastructure commitments before feeling comfortable with that specific deadline."
693.0,3,ClimatePolicyID(3),"The appeal of cleaner air, lower running costs, and protecting her children's future aligns with her basic respect for nature and her parental concerns, and her Remain vote suggests she's not reflexively opposed to regulation or European-style environmental policy. However, as someone on a middle income in the South East with family financial responsibilities, she's likely anxious about whether she could realistically afford an EV by 2030, and her slight right-of-centre leanings and Conservative voting history make her wary of government mandates that feel rushed or that shift costs onto ordinary households without adequate support. The result is a position of cautious, conditional support — she backs the direction of travel but harbours real practical reservations about the 2030 deadline specifically."
693.0,4,ClimatePolicyID(3),"Drawing on her environmental respect, concern for her children's futures, and previous openness to the policy direction, she is broadly sympathetic to phasing out petrol cars — but as a slightly right-of-centre Conservative voter on a middle income with family costs, she remains cautious about whether 2030 is achievable and fair for ordinary households like hers. Her previous reflections show she's been nudged toward support by promises of grants, charging infrastructure, and public transport improvements, but she still wants concrete details and assurances that rural and lower-income families won't be left behind. Overall she would likely express **moderate, conditional support** — backing the principle but wanting the deadline pushed back slightly or accompanied by very clear, well-funded transitional support before she'd fully commit."
65.0,0,ClimatePolicyID(3),"I care deeply about protecting the natural environment and all the living creatures that share this planet with us, and I believe we have a responsibility to act urgently on climate change before it causes irreversible harm to ecosystems and wildlife. Banning new petrol cars by 2030 feels like exactly the kind of bold, necessary action that puts the health of the planet above short-term convenience or profit. Even though I prefer routine and familiarity in my own life, I recognise that some changes are essential for the greater good of nature and future generations."
65.0,1,ClimatePolicyID(3),"This person's deep environmental values and belief in protecting nature and all lifeforms would push her strongly toward supporting this policy, as she sees urgent climate action as a moral necessity. However, her very low income (£5,000-£9,999) and preference for routine and familiarity may create practical anxieties about the affordability and accessibility of electric vehicles, and her Conservative/Leave voting history suggests some distrust of top-down government mandates that disrupt ordinary life. The tension between her genuine environmental convictions and her financial vulnerability and comfort with the familiar makes this a genuinely mixed picture, though her strong pro-environment values likely tip her toward at least moderate support."
65.0,2,ClimatePolicyID(3),"**Factors pulling toward support:** Her deep environmental values, belief in protecting nature and all lifeforms, and concern for ecosystems would make her sympathetic to bold climate action.

**Factors pulling toward opposition:** On a gross household income of £5,000-£9,999, she is likely heavily constrained financially and may rely on an older petrol car as essential transport in the East of England, where public transport is often poor. Her preference for routine and familiarity, combined with her Conservative and Leave voting history, suggests she may distrust top-down government mandates that disrupt ordinary people's lives, and she may feel this policy serves wealthier people who can afford EVs while leaving people like her behind.

**On balance:** Her environmental values are genuine and strong, but the practical financial reality of her situation and her political instincts around government overreach and the cost burden falling on ordinary people would likely create significant tension, probably resulting in **mixed or lukewarm support at best**, or even opposition framed around fairness and affordability rather than climate denial."
65.0,3,ClimatePolicyID(3),"This person's deep environmental values and belief in protecting nature and all lifeforms would pull her strongly toward supporting this policy, as it represents meaningful action on climate change. However, her very low income (£5,000-£9,999) and life in the East of England — a largely rural area where car dependency is high and public transport is limited — means the practical reality of affording an electric vehicle or managing without one would be a real concern. Her Conservative and Leave voting history also suggests some skepticism toward top-down government mandates and rapid imposed change, even if her environmental values partially override that instinct."
65.0,4,ClimatePolicyID(3),"This person's deep environmental values and belief in protecting nature and all lifeforms would push her strongly toward supporting this policy, as she sees urgent climate action as a moral necessity. However, her very low income (£5,000-£9,999) and preference for routine and familiarity could create real anxiety about the practical and financial implications of transitioning away from petrol cars, particularly in the East of England where public transport can be limited and car dependency is high. Her Conservative and Leave voting history also suggests some distrust of top-down government mandates and EU-style regulatory approaches, which could temper her enthusiasm even if she agrees with the environmental goal."
100.0,0,ClimatePolicyID(3),"While I deeply care about the environment and want to see urgent action on climate change, I'm genuinely torn on this specific policy because I worry about whether ordinary working people like me, on modest incomes, will actually be able to afford electric vehicles by 2030. I support the goal wholeheartedly, but I'm concerned that without significant financial support and infrastructure investment, this ban could disproportionately burden lower and middle-income families while wealthier people transition more easily. My commitment to equal opportunities means I can't fully back a green policy that might leave people like me and my community behind."
100.0,1,ClimatePolicyID(3),"This person's strong environmental values and left-wing Labour-voting background make her genuinely supportive of the *goal* of phasing out petrol cars, and she'd likely appreciate the public health and climate benefits. However, her modest household income of £25-29k in the North West — a region with potentially patchy public transport and where car dependency is high — means she'd have real, practical anxieties about affording an EV by 2030 and whether the infrastructure and financial support would be there for people like her. Her commitment to equality cuts both ways here: she wants green policy but not if it disproportionately burdens working families, so her support would be conditional and cautious rather than wholehearted."
100.0,2,ClimatePolicyID(3),"My strong environmental values and left-wing politics make me want to back this ban wholeheartedly, and I genuinely believe urgent climate action is needed for future generations including my own grandchildren. However, living in the North West on a modest household income of around £25-27k, I'm acutely aware that EVs remain expensive and that public transport in my area isn't always reliable or affordable enough to be a realistic alternative — so I worry this policy could hit people like me harder than wealthier southerners. I cautiously support the goal but feel anxious that without guaranteed financial support, proper infrastructure, and investment in public transport, the transition could be deeply unfair to working families on modest incomes."
100.0,3,ClimatePolicyID(3),"My strong environmental values and left-wing politics make me genuinely want to support this ban, and I appreciate that cleaner air and tackling climate change are urgent priorities I care deeply about. However, living in the North West on a modest household income of around £27,000, I'm acutely aware that EVs remain expensive and that public transport and charging infrastructure in my area are patchy at best, which makes me worried the policy could hit people like me harder than wealthier southerners. My commitment to equality means I can't fully embrace a green transition that feels like it's been designed without people on ordinary incomes in mind, so I end up cautiously supportive but with real, practical anxieties about fairness and implementation."
100.0,4,ClimatePolicyID(3),"Drawing on her strong environmental values, left-wing politics, and concern for future generations (grandchildren), she is broadly sympathetic to the goal of banning petrol cars, and her Labour-voting, Remain background means she's comfortable with ambitious government intervention. However, her modest household income (£25-29k) in the North West, where public transport is often poor and car dependency is high, makes her genuinely anxious about whether she and people like her could realistically afford to switch to an EV by 2030 without substantial financial support and infrastructure investment. Her commitment to equality means she won't fully embrace a policy she fears could be regressive in practice — benefiting wealthier households first while leaving working families in places like hers struggling."
1229.0,0,ClimatePolicyID(3),"As someone who deeply cares about protecting the environment and responding to the challenges of climate change, I see a 2030 ban on new petrol cars as a meaningful step toward a cleaner future. However, given my relatively modest household income, I'm also aware that the transition to electric vehicles needs to be affordable and accessible for everyone, not just those who are well-off, so I want to make sure equal opportunities exist in this shift. I somewhat support the policy because the environmental intent aligns with my values, but I have reservations about whether the timeline and support structures will genuinely work for ordinary people like me."
1229.0,1,ClimatePolicyID(3),"The environmental commitment and belief in equal opportunities strongly pull this person toward supporting the ban, as cleaner air in London directly affects their daily life and aligns with their care for nature. However, their very low household income (£5,000–£9,999) creates real anxiety about affordability — EVs remain expensive, and a 2030 deadline feels tight if adequate financial support and charging infrastructure aren't guaranteed. The slight right-of-centre lean also introduces some skepticism about heavy-handed government mandates and whether the market and infrastructure can realistically keep pace with the timeline."
1229.0,2,ClimatePolicyID(3),"My environmental values and concern for climate change make me broadly sympathetic to phasing out petrol cars, and living in London means I'm already exposed to poor air quality and have decent public transport as an alternative. However, on my income of under £10,000 a year, I'm genuinely worried that a 2030 deadline could leave people like me unable to afford an EV or adequate alternatives, and my slight right-of-centre lean makes me cautious about heavy-handed government mandates that could disrupt people's lives if the infrastructure and financial support aren't ready in time. Overall I lean toward somewhat supporting the goal but remain uneasy about the pace and whether fairness for low-income people will actually be delivered."
1229.0,3,ClimatePolicyID(3),"Given my strong environmental values and concern for nature, I'm drawn to the principle behind banning petrol cars, but my very low household income (£5,000–£9,999) means I'm acutely aware that electric vehicles remain expensive and the charging infrastructure in London isn't equally accessible to everyone. The 2030 timeline feels ambitious and potentially risky for people in my financial position who might rely on second-hand petrol cars as the only affordable option, and I'm not fully convinced the support measures will be in place quickly enough. Overall, I somewhat support the policy in principle but remain cautious about whether the implementation will genuinely protect people like me from being left behind."
1229.0,4,ClimatePolicyID(3),"Drawing on my environmental values and concern for climate change, I'm inclined to support the direction of a 2030 petrol car ban, but my low income (£5,000–£9,999) makes me genuinely anxious about whether affordable EVs and adequate charging infrastructure will be in place in time, especially in London where I rely on accessible transport. My slight right-of-centre positioning also makes me cautious about overly ambitious government mandates that could disrupt markets and burden ordinary people before the alternatives are truly ready. Overall, I somewhat support the policy but with real reservations about the pace and whether fairness measures will actually reach people like me in time."
487.0,0,ClimatePolicyID(3),"While I deeply care about protecting the environment and nature, I worry that a 2030 deadline is simply too soon and too abrupt for people like me on a modest income to adapt, as electric vehicles remain far too expensive for those of us managing on limited budgets. I also believe in respecting traditional ways of doing things and allowing change to happen gradually rather than through heavy-handed government bans that force people's hands. A more measured approach that supports people financially and gives communities more time to adjust would sit better with me than an outright prohibition."
487.0,1,ClimatePolicyID(3),"Drawing on my earlier reflections, I genuinely want to protect the environment and nature, which pulls me toward supporting cleaner transport in principle, but the 2030 deadline feels far too rushed and top-down for someone on a tight income like mine, where an electric vehicle simply isn't affordable. My Conservative and Leave voting history reinforces my suspicion of policies that feel like they're being imposed without proper consideration for ordinary working people, rural communities, and those on low incomes who depend on reliable, affordable petrol cars. I'd be more open to the direction of travel if there were generous financial support, proper charging infrastructure in rural Wales, and a longer, more gradual timeline that respects people's real circumstances rather than forcing their hand."
487.0,2,ClimatePolicyID(3),"The environmental and nature-caring side of my values pulls me toward wanting cleaner air and a healthier planet, and I can see the long-term logic of moving away from petrol. However, living in Wales on a very modest income of under £15,000, I know from experience that electric vehicles are simply unaffordable for people like me, and rural Wales lacks the charging infrastructure that urban planners seem to take for granted. My Conservative and Leave-voting instincts also make me deeply suspicious of what feels like a top-down government diktat that ignores the practical realities of working people, tradespeople and those in the countryside — I'd want a much longer transition with real financial support before I could back this."
487.0,3,ClimatePolicyID(3),"While I genuinely care about protecting the environment and nature, a 2030 ban feels far too rushed and heavy-handed for someone on my modest income in rural Wales, where electric vehicles are still unaffordable and charging infrastructure is woefully inadequate. I worry this is exactly the kind of top-down Westminster diktat that ignores the realities of rural life, tradespeople, and older people on fixed incomes who simply cannot afford to make such an expensive switch in such a short timeframe. My support for traditional ways and gradual change, combined with my practical financial constraints, means I'd much prefer a longer timeline with strong financial support rather than an outright ban by 2030."
487.0,4,ClimatePolicyID(3),"Drawing on my earlier reflections, I find myself genuinely torn but leaning toward opposition. I care deeply about the environment and nature, which pulls me toward wanting cleaner transport, but the 2030 deadline feels far too abrupt and top-down — exactly the kind of Westminster-imposed policy that ignores the realities of rural Welsh life, modest incomes like mine, and the lack of local charging infrastructure. My Conservative and Leave-voting instincts reinforce my preference for gradual, community-sensitive change over blanket government bans, and on a household income of under £15,000 I simply cannot see how I or people like me could afford to make the switch without very substantial financial help."
1005.0,0,ClimatePolicyID(3),"While I deeply care about the environment and want to see a transition away of fossil fuels, I have reservations about the 2030 deadline being too rigid and potentially unfair to people on lower and middle incomes like myself, who may struggle to afford electric vehicles. I worry that without sufficient investment in charging infrastructure, particularly in rural areas of Wales, and meaningful financial support for ordinary families, this policy could disproportionately burden those who can least afford it. I support the goal but feel the timeline and support mechanisms need to be more carefully thought through to ensure the transition is genuinely equitable."
1005.0,1,ClimatePolicyID(3),"This person's strong environmental values, Remain-voting background, and left-of-centre Labour affiliation all pull her toward supporting a petrol car ban in principle, as she genuinely wants to see fossil fuel use reduced and cleaner air for communities. However, her specific life circumstances — living in rural Wales on a household income of £35,000-£39,999, being 62 and likely on a fixed or near-retirement income, and being aware of the limited charging infrastructure in her area — create real practical anxieties about whether the 2030 deadline is achievable and fair for people like her. The tension between her ideological support for the goal and her lived concerns about affordability and rural infrastructure would likely leave her in a position of cautious, conditional support rather than wholehearted endorsement."
1005.0,2,ClimatePolicyID(3),"This person's strong environmental values, Remain-voting profile, and left-of-centre politics make her broadly sympathetic to phasing out petrol cars, and she genuinely wants cleaner air and a greener future. However, her moderate income (£35-39k), life in rural Wales where charging infrastructure is sparse, and her concern for fairness and protecting ordinary families from undue financial burden create real hesitation about the rigidity of a 2030 deadline specifically. She likely lands in a position of cautious, conditional support — backing the goal but worried the timeline is too tight and that without substantial targeted investment and grants, the policy could unfairly squeeze people like herself."
1005.0,3,ClimatePolicyID(3),"My environmental values and left-leaning politics make me broadly sympathetic to phasing out petrol cars, and I understand the urgency of climate action. However, living in rural Wales on a modest household income, I'm genuinely anxious about whether charging infrastructure will be in place in time and whether people like me — not wealthy, but not poor enough for the most targeted support — will be left struggling to afford the transition. I'd lean toward moderate support rather than strong support, because the goal is right but 2030 feels uncomfortably fast without guaranteed, funded safeguards for rural and middle-income households."
1005.0,4,ClimatePolicyID(3),"Drawing on my environmental values, Remain-voting background, and left-of-centre politics, I genuinely want to see fossil fuels phased out and cleaner air for communities — so the direction of the policy feels right. However, living in rural Wales on a modest household income of £35–39k, I'm acutely aware that 2030 is a very tight deadline when charging infrastructure here is still patchy, electric vehicles remain expensive upfront, and public transport alternatives are limited — meaning the burden could fall hardest on people like me who can't easily absorb those costs. I'd lean toward moderate support rather than enthusiasm, conditional on seeing concrete, funded commitments to rural charging networks, targeted grants for lower- and middle-income households, and stronger public transport provision."
1451.0,0,ClimatePolicyID(3),"As someone who cares deeply about protecting the environment, I recognise that phasing out petrol cars is an important step toward addressing climate change, and 2030 feels like a meaningful commitment to that goal. However, as a parent thinking about practical realities, I do have some reservations about whether the charging infrastructure and affordable electric vehicle options will be sufficiently in place for ordinary families by that deadline. I support the direction of the policy but want to ensure it's implemented in a way that doesn't unfairly burden people on middle incomes who may struggle with the transition costs."
1451.0,1,ClimatePolicyID(3),"The environmental commitment and Remain-voting, centre-leaning outlook push her toward supporting a 2030 ban, and as a parent she cares about air quality and the world her children inherit. However, living in the North West — where public transport can be patchy and car dependency is higher than in London — and earning a comfortable but not wealthy household income, she has real practical concerns about whether charging infrastructure and affordable EVs will be ready in time, and whether the transition costs will fall unfairly on middle-income families. She likely lands on cautious, conditional support: backing the ambition of the ban but wanting robust government investment in infrastructure, grants and public transport to make the transition genuinely fair."
1451.0,2,ClimatePolicyID(3),"The environmental values and Remain-voting background push her toward supporting ambitious climate action, and the 2030 deadline feels meaningful rather than reckless. However, as a parent in the North West likely dependent on a car, she's genuinely worried about whether affordable EVs, a robust second-hand market, and reliable charging infrastructure will be ready in time — concerns reinforced by the repeated P-B messaging she's absorbed. Her centre-ground instincts lead her to conditional support: she backs the direction but wants firm, well-funded protections for ordinary families before she'd fully endorse a hard ban."
1451.0,3,ClimatePolicyID(3),"The environmental values and Remain-voting background push this person toward supporting the 2030 ban in principle, and as a parent she genuinely cares about air quality and the long-term climate. However, her practical experience as someone in the North West — where rural or suburban driving is common and EV infrastructure is patchier — combined with her concern for fairness toward working families and tradespeople, makes her anxious about whether the rollout will be affordable and reliable enough by that deadline. She ends up in a cautiously supportive but conditional position: backing the ambition while wanting firm guarantees on grants, charging infrastructure and affordable second-hand EVs before she'd fully commit to a hard 2030 cutoff."
1451.0,4,ClimatePolicyID(3),"The environmental values, concern for air quality near schools, and Remain-voting background all push this person toward supporting an ambitious 2030 target, and the repeated emphasis in messages she's engaged with on pairing the ban with grants, public transport and rural charging has made the policy feel more acceptable to her. However, as a parent in the North West on a middle-to-upper income, she remains genuinely worried about whether affordable EVs, a robust second-hand market and reliable rural charging will realistically be in place in time, and whether the transition costs could still fall unfairly on ordinary families and tradespeople even at her income level. The result is conditional, moderate support — she backs the direction and the 2030 ambition but would want clear, funded commitments on infrastructure and affordability before fully endorsing a hard deadline."
1269.0,0,ClimatePolicyID(3),"I believe banning new petrol car sales by 2030 is a necessary and overdue step to address the climate crisis, and as someone who respects nature and cares about the world my children will inherit, I think government intervention is justified here. While I don't make environmentalism my singular focus, the scientific consensus is clear enough that I think bold policy action is warranted, and I'm skeptical of industry arguments that such timelines are unworkable. As someone on the left who believes society should actively shape conditions for the better, I see this as exactly the kind of structural change that markets alone won't deliver fast enough."
1269.0,1,ClimatePolicyID(3),"Given this person's left-leaning political identity, Remain vote, and belief that government should actively shape societal conditions, they are broadly sympathetic to the 2030 ban as a structural intervention that markets won't deliver alone. However, as a parent in the South West — a region with limited public transport and where car dependency is high — they would have practical concerns about whether affordable EV alternatives will genuinely be available in time, and whether the policy risks burdening ordinary families rather than the wealthy. Their support is therefore conditional on robust accompanying measures: public investment in infrastructure, protection for lower-income households, and a genuinely just transition."
1269.0,2,ClimatePolicyID(3),"As a left-leaning Labour voter who believes government should actively shape fairer conditions and is skeptical of industry lobbying against regulation, this person is broadly sympathetic to bold climate intervention — and their earlier reflections confirm they've moved toward supporting the principle of a 2030 ban. However, their consistent emphasis on fairness and protecting low-income households means their support is conditional rather than unconditional: they'd want strong public investment, wealth-based funding, and genuine alternatives in place. Living in the South West, where car dependency is often higher than in urban areas, may also make them more alert to the practical challenges of transition, reinforcing their insistence on accompanying measures rather than a standalone ban."
1269.0,3,ClimatePolicyID(3),"This person's left-leaning politics, belief in active government intervention to equalise conditions, and parental concern for future generations all push strongly toward supporting a 2030 ban, and their previous reflections show they've already worked through the arguments and landed in favour. The main tension they've identified is distributional fairness — whether the policy is implemented with sufficient public investment and support for lower-income households — but this is a condition on implementation rather than a reason to oppose the ban in principle. Given their income level, education, and values, they would likely express strong support, tempered by insistence on accompanying social protections."
1269.0,4,ClimatePolicyID(3),"This person's left-leaning politics, belief in active government intervention to shape better social conditions, and concern for the world their children inherit all push strongly toward supporting a 2030 ban, and their previous reflections show they've already moved toward endorsing it with conditions. However, their skepticism of top-down authority and concern for fairness mean they'd want the policy bundled with substantial public investment and protections for lower-income households, not just a market-driven mandate. On balance, they'd likely express **strong support** for the ban in principle, tempered by firm insistence on complementary progressive measures to ensure it doesn't disproportionately burden those least able to afford the transition."
1407.0,0,ClimatePolicyID(3),"As someone who deeply cares about protecting the environment and responding to the needs of future generations, I strongly support banning the sale of new petrol cars by 2030 because the climate crisis demands urgent, decisive action rather than gradual voluntary change. Growing up in the East of England, I've seen how environmental degradation affects local landscapes and ecosystems, reinforcing my belief that all lifeforms deserve protection from the damage caused by fossil fuel emissions. A firm deadline sends a clear signal to industry and consumers alike that we must transition to cleaner alternatives, and I believe government intervention is necessary to drive the systemic change that individual choices alone cannot achieve."
1407.0,1,ClimatePolicyID(3),"This person's strong environmental values, left-wing political positioning, and deep commitment to protecting nature and future generations would push them firmly toward supporting this policy. However, living in the East of England where public transport infrastructure is often limited compared to urban areas, and being young without necessarily owning a car yet, they might have mixed practical feelings about the feasibility of the transition for rural communities. On balance, their ideological commitment to urgent climate action likely outweighs practical concerns, leading to strong support, though they may acknowledge the need for accompanying investment in public transport and affordable EV options to ensure equal access."
1407.0,2,ClimatePolicyID(3),"This person's strong environmental values, left-wing political positioning, and deep commitment to protecting nature and all lifeforms would push her firmly toward supporting this policy, as she sees urgent government intervention as necessary for systemic change. However, living in the East of England — a largely rural and semi-rural region where car dependency is high and public transport links are often poor — she might have some practical reservations about whether a 2030 deadline is realistic for people who genuinely rely on their cars and may not be able to afford electric alternatives. On balance, her core values likely outweigh these practical concerns, leading her to **strongly support** the ban, though perhaps with a caveat that it must be accompanied by investment in public transport and affordable EV options."
1407.0,3,ClimatePolicyID(3),"This person's strong environmental values, left-wing political orientation, and deep commitment to protecting nature and future generations would push them firmly toward supporting a 2030 petrol car ban. However, at 20 years old with a household income of £60,000-£69,999, she may be approaching the age of learning to drive or buying a first car, and the affordability and practicality of electric vehicles — particularly in the East of England where public transport can be limited — could introduce some hesitation about the timeline's feasibility. On balance, her core values around environmental protection and systemic change would likely outweigh practical concerns, leading her to strongly support the policy."
1407.0,4,ClimatePolicyID(3),"Given her strong environmental values, left-wing political positioning, and deep commitment to protecting nature and all lifeforms, she would likely be drawn to support a firm 2030 ban as a necessary intervention to address the climate crisis. However, as a 20-year-old who may be approaching the age of car ownership and living in the East of England where public transport infrastructure can be limited, she might have some practical concerns about whether affordable EV alternatives will be accessible in time. On balance, her core values around environmental protection and skepticism of incremental voluntary approaches would likely outweigh these practical reservations, leading her to support the policy, though perhaps with some nuance around implementation fairness."
858.0,0,ClimatePolicyID(3),"I broadly support the shift away from fossil fuels as it aligns with my belief that we shouldn't be dominating and degrading the natural world, and a 2030 ban feels like a meaningful step in the right direction. However, I'm slightly cautious because such a rapid transition could disproportionately affect people on lower incomes who can't easily afford electric vehicles, which sits uneasily with my strong commitment to equality and ensuring all groups have a fair chance. So while I back the principle, I'd want to see it paired with policies that make the transition genuinely accessible to everyone, not just those who are already comfortable."
858.0,1,ClimatePolicyID(3),"The left-leaning values, Labour voting history, and belief that humans shouldn't dominate or degrade the natural world all push strongly toward supporting this ban, as it represents meaningful state intervention to protect the environment. However, her strong commitment to equality and ensuring all groups have a fair chance creates genuine tension — a 2030 deadline is ambitious and could disadvantage lower-income people who can't afford EVs or live in areas with poor charging infrastructure. As a London-based professional on a decent income who likely relies more on public transport than a car anyway, she's somewhat insulated from the practical downsides, which probably tips her toward net support while remaining attentive to fairness conditions."
858.0,2,ClimatePolicyID(3),"My left-leaning values and concern for the natural world make me broadly sympathetic to a 2030 ban, and living in London — where air quality is a visible, everyday issue — makes the environmental case feel personally relevant rather than abstract. At the same time, my strong commitment to equality makes me uneasy about a fast-tracked ban that could burden people on lower incomes who can't easily afford EVs or who rely on cars because public transport doesn't serve them well, and as someone without a car myself in London, I'm perhaps less directly affected but more attuned to how the policy lands for others. Overall I lean towards support, but it's conditional on serious complementary investment in infrastructure, public transport, and financial support for lower-income households."
858.0,3,ClimatePolicyID(3),"Drawing on my left-leaning values, concern for environmental protection, and belief in equality, I'm broadly supportive of a 2030 ban — it signals a serious commitment to reducing pollution and transitioning away from fossil fuels, which resonates with my view that we shouldn't be dominating and degrading the natural world. However, living in London I'm less car-dependent than many, so I may underestimate the practical hardship the timeline could impose on people in rural areas or on lower incomes who rely on cars and can't easily afford to switch — and that equality concern gives me real pause. My support is therefore conditional: I'd back a 2030 ban strongly if it's accompanied by robust investment in public transport, affordable EVs, and support for lower-income households, but without those measures it risks being a policy that works for people like me while leaving others behind."
858.0,4,ClimatePolicyID(3),"Drawing on my left-leaning values, concern for the environment, and belief in equality, I broadly support a 2030 ban because it would reduce air pollution in cities like London, cut long-term running costs, and signal a serious commitment to protecting the natural world. However, my strong commitment to ensuring all groups have a fair chance makes me cautious about the pace — without robust public investment in affordable EVs, charging infrastructure, and public transport, the ban could disproportionately burden renters, lower-income households, and small businesses who can't easily absorb the transition costs. I'd support it conditionally, with the strength of my backing depending heavily on whether complementary justice-focused policies are genuinely funded and delivered."
1406.0,0,ClimatePolicyID(3),"I strongly oppose this policy because, on my household income, I simply cannot afford to transition to an electric vehicle within that timeframe, and I worry the government isn't listening to ordinary working people like me when setting these deadlines. While I do respect the environment, I think this top-down mandate forces a pace of change that disproportionately penalises those of us who aren't wealthy enough to keep up. I'd rather see incentives and gradual encouragement than being told what I can and can't buy by authorities who don't seem to understand the financial realities many families face."
1406.0,1,ClimatePolicyID(3),"Given my household income, the 2030 deadline feels unrealistic and threatening — even with grants, I'm not confident I could afford an electric vehicle, and I rely on my car living in the North West where public transport isn't always reliable. My scepticism of top-down authority and my Leave vote reflect a distrust of being told what to do by distant decision-makers who don't understand the financial pressures ordinary families face, and this policy feels exactly like that kind of imposition. While I do care about the environment and cleaner air for my children, I'd much prefer a slower, incentive-led approach rather than a hard ban that seems designed for wealthier people who can absorb the cost."
1406.0,2,ClimatePolicyID(3),"Drawing on my earlier reflections, I can see both sides here. The environmental and health benefits appeal to me, especially as a parent thinking about my children's future, and I like the idea of a fairer, greener society — but on £20,000–£24,999 a year in the North West, a 2030 deadline feels dangerously close and unrealistic for households like mine, where even a heavily subsidised EV could still be out of reach, and public transport isn't good enough to fill the gap. My scepticism of top-down government mandates, reinforced by my Leave vote and general distrust of authority, makes me resistant to being told what I can buy on a timeline set by people who don't seem to understand ordinary working families' finances.

**I strongly oppose this policy.**"
1406.0,3,ClimatePolicyID(3),"This person's limited household income and scepticism of top-down authority make her instinctively resistant to a hard 2030 ban, as she fears being financially penalised for a transition she can't afford, particularly in the North West where public transport and charging infrastructure lag behind. However, her recent reflections show she has been genuinely moved by arguments about cleaner air for children, fairer funding through wealth taxes, and green investment in her region, leaving her more torn than her initial strong opposition suggested. Ultimately, her core worry remains whether enforceable, targeted support for low-income families will actually materialise in time, meaning she likely lands on moderate-to-strong opposition — acknowledging the environmental case but unconvinced the practical protections will be there for people like her."
1406.0,4,ClimatePolicyID(3),"This person's moderate environmental concern and belief in equality pull her slightly toward supporting cleaner air and long-term benefits for her family, but her financial reality on £20,000–£24,999 in the North West, her Leave vote reflecting distrust of top-down mandates, and her scepticism of authority make her deeply wary of a hard 2030 deadline she feels is imposed without adequate support for ordinary households. She has shown some openness to the policy when grants and infrastructure are emphasised, but remains unconvinced that those promises will materialise in time or reach her area. Overall, her practical financial concerns and distrust of government delivery outweigh her environmental sympathies, leaving her in moderate to strong opposition unless clear, enforceable protections for low-income families are guaranteed."
1103.0,0,ClimatePolicyID(3),"I broadly support the transition away from fossil fuel vehicles as a necessary step toward reducing emissions, and a clear deadline like 2030 helps give industry and consumers the certainty they need to plan ahead. However, I'm somewhat cautious about whether the infrastructure, affordability, and technology will genuinely be ready in time, particularly for people on lower incomes or in rural areas like much of Scotland where public transport alternatives are limited. So while I back the direction of travel, I have some reservations about whether 2030 is the right specific date or whether it risks placing undue burden on ordinary people."
1103.0,1,ClimatePolicyID(3),"Given my left-leaning politics, Remain vote, and general support for progressive environmental policy, I'm instinctively sympathetic to a 2030 ban as a necessary intervention to drive decarbonisation and give industry clear direction. However, living in Scotland where rural distances are real and public transport patchy, and being a parent who thinks practically about family logistics, I remain genuinely uncertain whether the charging infrastructure and affordable EV options will be sufficiently in place by 2030 to avoid placing unfair burdens on ordinary households — even if my own income means I could personally manage the transition. The ""just transition"" framing and commitments to protecting lower-income households somewhat address my concerns, leaving me broadly supportive but with meaningful reservations about the pace and implementation rather than the direction."
1103.0,2,ClimatePolicyID(3),"Given my left-leaning politics, Remain vote, and concern for fairness and equality, I'm broadly sympathetic to a 2030 ban as a necessary, ambitious climate measure that provides industrial certainty and public health benefits. However, living in Scotland where rural distances are real and public transport is patchy, and being a parent thinking practically about family logistics, I retain genuine concern that the infrastructure and affordability supports won't be in place in time to avoid burdening ordinary families — even if I personally could likely afford the transition. The previous messages emphasising a ""just transition"" with charging infrastructure, public transport investment, and targeted subsidies have nudged me somewhat further toward support, but I remain conditionally rather than unconditionally enthusiastic, sitting perhaps at moderate-to-strong support with caveats about implementation pace."
1103.0,3,ClimatePolicyID(3),"Given my left-leaning politics, Remain vote, and general support for progressive policy, I'm broadly sympathetic to the direction of a 2030 ban, and the previous messaging around just transition, public health benefits, and redistributive funding has nudged me further toward support. However, living in Scotland where rural distances are real and charging infrastructure is still patchy, and as a parent thinking about practical family logistics, I retain genuine concern about whether the timeline is achievable without leaving ordinary people — particularly those less well-off than me — stranded. My high income means I could personally manage the transition, but my left-wing instinct to think about collective fairness rather than just my own situation keeps me focused on whether the policy will actually be implemented equitably."
1103.0,4,ClimatePolicyID(3),"Given this person's left-wing political leanings, Remain vote, and values around equality and skepticism of vested interests, they are broadly sympathetic to an ambitious 2030 ban as a way to drive down household fuel costs, clean up air quality, and reduce fossil fuel dependency. However, living in Scotland with a higher income but awareness of rural infrastructure gaps, and as a parent concerned about practical fairness, they retain genuine reservations about whether charging networks, grid capacity, and targeted support for lower-income and rural households will realistically be in place in time. Their recent reflections show they've been nudged incrementally toward stronger support, but they remain conditionally supportive rather than enthusiastically committed, contingent on credible implementation plans."
989.0,0,ClimatePolicyID(3),"I support banning new petrol car sales by 2030 because I think it's a reasonable step toward protecting the natural world, which I do care about even if it's not my primary focus. At the same time, I have some reservations because I voted for Brexit partly out of concern for working people's economic realities, and I worry about whether ordinary households on modest incomes like mine can realistically afford to transition to electric vehicles in that timeframe. So while I back the direction of the policy, I'd want to see proper support in place to make sure it doesn't disproportionately burden people who aren't wealthy."
989.0,1,ClimatePolicyID(3),"The combination of the persuasive message about fairness, affordability and public support mechanisms, alongside my existing moderate environmentalism and left-of-centre values, reinforces my support for the 2030 ban in principle. However, living in Yorkshire on a decent but not lavish income, I remain conscious that EVs are still expensive and rural or semi-urban areas like mine have patchy charging infrastructure, so the practical reality for ordinary people matters enormously to me. My Brexit vote reflected a distrust of top-down policy that ignores working people's economic constraints, so I'd support this only if the government genuinely delivers on affordable alternatives and financial support rather than just mandating the change and leaving people to manage."
989.0,2,ClimatePolicyID(3),"The previous messages reinforcing affordability measures and a just transition have nudged me further toward support, and my general care for the natural world and belief in equal opportunity align with the policy's direction. However, living in Yorkshire on a modest income without necessarily having easy access to charging infrastructure or the upfront capital for an EV, I still feel some practical unease about the timeline. On balance, I'd say I moderately support the ban, provided the promised financial support and infrastructure investment are genuinely delivered rather than just talked about."
989.0,3,ClimatePolicyID(3),"The environmental angle appeals to me since I do care about nature and cleaner air, and the policy aligns with my slightly left-of-centre politics and Labour-voting instincts. However, living in Yorkshire on a household income that's comfortable but not wealthy, I worry about whether EVs and charging infrastructure will actually be affordable and accessible outside major cities by 2030, especially given that my Brexit vote reflected concern for working people being left behind by top-down policy decisions. On balance I lean toward supporting the ban but with real reservations about the pace and whether adequate support will be in place for ordinary households."
989.0,4,ClimatePolicyID(3),"Drawing on my earlier thinking and the messages I've read, I broadly support the 2030 ban because cleaner air, lower long-term running costs, and protecting the natural world align with my values — and the case for public investment in EVs, charging infrastructure, and public transport has made it feel more achievable. However, I remain cautious because I live in Yorkshire and the Humber where rural charging and public transport are genuinely patchy, and on a household income of around £47k I'm not wealthy enough to absorb a poorly managed transition without feeling the pinch. My Brexit vote reflected a distrust of top-down policies that sound good in principle but leave ordinary working people to foot the bill, so my support stays conditional on seeing credible, funded plans for grants, public transport, and a fair rollout."
1431.0,0,ClimatePolicyID(3),"I strongly oppose banning the sale of new petrol cars by 2030 because it feels like the government is forcing a massive change on ordinary people like me far too quickly, without giving us the time or financial means to adapt. On my income, the idea of being pushed towards expensive electric vehicles feels deeply unfair and out of touch with the realities faced by working people in places like Wales, where public transport isn't always a reliable alternative. I believe in looking after nature, but this kind of heavy-handed top-down policy takes away people's freedom to make their own choices at their own pace."
1431.0,1,ClimatePolicyID(3),"This person's strong opposition to this policy stems from multiple reinforcing factors: their Conservative and Leave voting history suggests a distrust of top-down government mandates and EU-style regulatory overreach, while their modest income (£25-29k) makes the prospect of affording an electric vehicle feel genuinely threatening rather than abstract. Living in Wales, where rural infrastructure and limited public transport make car ownership essential rather than optional, adds a practical dimension to their resistance. While they do hold some respect for nature, their values around personal freedom and skepticism of heavy-handed authority would far outweigh any environmental sympathy when it comes to a policy that feels like it's being imposed on ordinary people without regard for their financial reality."
1431.0,2,ClimatePolicyID(3),"This person's strong opposition to the 2030 petrol car ban stems from multiple reinforcing factors: their Brexit vote and Conservative voting history suggest a preference for personal freedom over top-down government mandates, their modest income (£25-29k) makes the cost of transitioning to electric vehicles feel genuinely threatening rather than abstract, and living in Wales means they likely depend heavily on a car for daily life where public transport is limited. On the other hand, their stated belief that all lifeforms deserve equal treatment and their basic respect for nature could nudge them slightly toward accepting some environmental action. However, the pace and compulsory nature of the 2030 deadline, combined with the financial burden it would place on ordinary people like themselves, almost certainly outweighs any environmental sympathy they might feel."
1431.0,3,ClimatePolicyID(3),"This person's strong opposition to the 2030 petrol car ban stems from several reinforcing factors: their modest income (£25-29k) makes the cost of switching to an EV feel genuinely prohibitive, their age (73) means they've built habits and preferences around existing technology, and their Leave vote and Conservative voting history reflect a distrust of top-down regulatory mandates that restrict personal freedom. Living in Wales, where rural infrastructure and patchy public transport make car dependency a practical reality rather than a lifestyle choice, amplifies the sense that this policy is being imposed by distant policymakers who don't understand ordinary people's lives. While their basic respect for nature might nudge them slightly toward accepting *some* environmental action, it isn't strong enough to override the very real financial and practical concerns, and their value of personal autonomy means they'd prefer people make this transition voluntarily rather than being forced by government decree."
1431.0,4,ClimatePolicyID(3),"This person's strong opposition to the 2030 petrol car ban stems from multiple reinforcing factors: their Brexit vote and Conservative voting history reflect a distrust of top-down mandates and a preference for personal freedom, their modest income makes the cost of switching to an electric vehicle feel genuinely threatening, and living in Wales means they likely depend heavily on a car for daily life where public transport is sparse. While they do hold some respect for nature, their values framework prioritises practical autonomy and fairness to ordinary people over sweeping environmental policy. The only factor that might soften their opposition slightly is their belief in equal treatment of all lifeforms, but this is far outweighed by the economic and freedom-based concerns."
1311.0,0,ClimatePolicyID(3),"While I deeply care about the environment and want to see action on climate change, I'm concerned that a 2030 ban on new petrol cars could disproportionately harm people on lower incomes like myself, who may struggle to afford electric vehicles and could be left without affordable transport options. I believe in equal opportunities for everyone, and rushing this transition without ensuring accessible and affordable alternatives risks creating a two-tier system where only wealthier people can comply. I'd prefer policies that support a just transition, ensuring nobody is left behind before imposing an outright ban."
1311.0,1,ClimatePolicyID(3),"The person's Green Party vote and strong environmental values create genuine pull toward supporting this ban, as protecting nature and future generations aligns deeply with their worldview. However, their low household income (£15,000–£19,999) makes the practical reality of affording an EV feel very personal and threatening — they can't easily absorb the cost of switching, and rural East Midlands areas may lack reliable public transport as a fallback. Their left-wing commitment to equality and fairness means they'd likely support the *goal* but remain cautious or conditionally opposed to the *timeline* without guaranteed financial support for lower-income families."
1311.0,2,ClimatePolicyID(3),"My strong environmental values and Green Party voting history make me sympathetic to the goal of phasing out petrol cars, and I genuinely want cleaner air for my children and future generations. However, on a household income of £15,000–£19,999, the practical reality of affording an electric vehicle feels very distant, and I worry the 2030 deadline is too rushed to ensure affordable alternatives — especially reliable public transport in areas like the East Midlands — are in place for families like mine. I'd cautiously support the ban if it came with iron-clad, well-funded support for low-income households, but without those guarantees I lean toward opposition, fearing it would punish ordinary people while the wealthy adapt easily."
1311.0,3,ClimatePolicyID(3),"This person's strong environmental values and Green Party voting history pull her toward supporting the 2030 ban, as she genuinely wants cleaner air and action on climate change. However, her modest household income (£15,000–£19,999), her role as a parent, and her deep commitment to equality and not leaving anyone behind make her anxious about whether she and families like hers could realistically afford an EV or access reliable alternatives by 2030. The result is cautious, conditional support — she backs the goal but worries the timeline is too aggressive without iron-clad guarantees of affordable EVs, expanded public transport, and financial support for low-income households."
1311.0,4,ClimatePolicyID(3),"My deep environmental commitment and Green Party voting history make me genuinely want to support a 2030 ban, and I believe urgent action on climate is necessary. However, on my household income of £15,000–£19,999, the prospect of affording an electric vehicle feels very distant, and living in the East Midlands where public transport can be patchy, I worry that a hard ban without iron-clad, funded guarantees of affordable alternatives would leave families like mine stranded. So I'm cautiously sympathetic but not yet fully supportive — I'd need to see legally binding commitments to grants, expanded rural public transport, and used-EV affordability before I could back the 2030 deadline with confidence."
1264.0,0,ClimatePolicyID(3),"I strongly oppose this policy because, on my household income of £20,000-£24,999, the prospect of being forced into purchasing an electric vehicle within such a short timeframe feels financially punishing and deeply unfair to ordinary working people like me. While I respect the environment, I believe meaningful change should come through incentives and gradual transition rather than top-down government mandates that disproportionately burden those who can least afford it. As someone who is sceptical of authority imposing rigid timelines on people's lives, I think this policy prioritises political targets over the real-world circumstances of everyday families in places like the South West, where public transport alternatives are often limited."
1264.0,1,ClimatePolicyID(3),"This person's moderate environmental respect and pro-Remain stance suggest some openness to progressive green policies aligned with European standards, and as a Labour voter they may have some sympathy for government-led initiatives. However, their low-to-moderate household income (£20,000-£24,999), life in the South West where car dependency is high, scepticism of top-down authority, and strong belief that policy should not disproportionately burden ordinary people would likely make them deeply uncomfortable with a hard 2030 deadline that feels financially coercive. The tension between vaguely supporting the direction of travel on emissions and resenting the pace and manner of the mandate would probably leave them opposing this policy, feeling it punishes people like them rather than helping them."
1264.0,2,ClimatePolicyID(3),"This person's moderate environmental respect and Remain-voting background suggest some openness to progressive climate policy, and as someone who voted Labour in 2019 they may have some sympathy for green transition goals. However, their relatively low household income, life in the South West where car dependency is high, scepticism of top-down authority, and belief that change should be equitable rather than burdensome to ordinary people would likely make the 2030 deadline feel punishing and unrealistic. The financial pressure of replacing a petrol car on their income, combined with limited rural public transport alternatives, would probably outweigh any abstract support for the environmental principle."
1264.0,3,ClimatePolicyID(3),"This person's moderate environmental respect and pro-Remain, broadly progressive voting history might incline them toward supporting the general direction of reducing emissions, but their tight household income, rural South West location (where car dependency is high and public transport limited), and deep scepticism of top-down authority imposing rigid mandates on ordinary people would likely dominate their thinking. The financial reality of replacing a petrol car on £20,000-£24,999 a year makes a 2030 deadline feel punishing rather than enabling, and as someone who values gradual, incentive-led change over government diktat, they would resent being forced into an expensive transition on a politician's timetable. On balance, they would likely oppose this policy, though perhaps not with the most extreme hostility, given they do hold some environmental values."
1264.0,4,ClimatePolicyID(3),"This person's modest household income (£20,000-£24,999) and location in the South West — where car dependency is high and public transport limited — would make a 2030 ban feel financially threatening and practically unworkable, as electric vehicles remain significantly more expensive and rural charging infrastructure is inadequate. His scepticism of top-down authority imposing rigid mandates on ordinary people's lives, combined with his slight right-of-centre positioning, would reinforce opposition to what feels like an elite-driven policy disconnected from working people's realities. However, his Remain vote and basic environmental respect might generate some residual sympathy for the long-term goal, even if he strongly opposes the specific timeline and compulsory nature of the ban."
468.0,0,ClimatePolicyID(3),"While I strongly believe in protecting our natural environment and treating all lifeforms with respect, I'm concerned that a 2030 ban on new petrol cars may be too rapid and could disproportionately harm people on lower incomes like myself, who may struggle to afford electric vehicles. The transition needs to be fair and equitable, ensuring that working people aren't left behind or forced into financial hardship simply to meet an ambitious government deadline. I'd prefer a more gradual, socially conscious approach that genuinely supports everyone in making the switch, rather than a top-down mandate that could widen inequality."
468.0,1,ClimatePolicyID(3),"This person's strong environmental values and belief in equal treatment of all lifeforms might pull her toward supporting a petrol car ban in principle, but her very low household income (£10,000-£14,999) makes the practical reality of affording an electric vehicle feel remote and potentially threatening. Her skepticism of top-down authority and concern for social equality would likely make her deeply uncomfortable with what she might perceive as a government mandate that burdens ordinary people while the wealthy adapt easily. On balance, she probably **opposes or only weakly supports** this policy, feeling that the timeline is too aggressive and the burden falls unfairly on people in her financial position."
468.0,2,ClimatePolicyID(3),"This person's strong environmental values and belief in equal treatment of all lifeforms would pull them toward supporting a petrol car ban in principle, but their very low household income (£10,000–£14,999) makes the practical reality of affording an electric vehicle feel remote and potentially threatening. As a 69-year-old on a tight budget, the financial burden and the pace of the transition would likely feel imposed from above by authorities she is already skeptical of, reinforcing her concern that this is a top-down policy that doesn't account for people in her economic position. On balance, she would probably lean toward mild opposition or ambivalence — sympathetic to the environmental goal but resistant to the 2030 deadline specifically."
468.0,3,ClimatePolicyID(3),"This person's strong environmental values and belief in equality for all lifeforms might pull her toward supporting a petrol car ban in principle, but her very low household income (£10,000-£14,999) makes the practical reality of affording an electric vehicle deeply concerning and personal. Her skepticism of authority and top-down mandates, combined with her strong belief in social equality and not leaving disadvantaged groups behind, likely makes her resistant to what she'd see as a government-imposed deadline that disproportionately burdens people like herself. The result is probably moderate to strong opposition to the 2030 timeline specifically, even if she supports the broader environmental goal."
468.0,4,ClimatePolicyID(3),"This person's strong belief in environmental protection and equal treatment of all lifeforms would pull her toward supporting a ban on petrol cars in principle, but her very low household income (£10,000-£14,999) makes the practical reality of affording an electric vehicle deeply concerning. At 69 and on a tight budget, she is unlikely to be in a position to purchase a new car of any kind, and the 2030 deadline may feel like an elite-driven, top-down policy that doesn't account for people in her financial situation - which aligns with her skepticism of authority imposing mandates. Her egalitarian values would likely make her critical of a policy that could widen inequality between those who can afford the transition and those who cannot, leading her to **somewhat oppose** or feel ambivalent about the policy as currently framed."
331.0,0,ClimatePolicyID(3),"As someone who is deeply committed to protecting the environment and responding to the climate crisis, I strongly support banning the sale of new petrol cars by 2030 because the urgency of climate change demands bold, decisive government action rather than relying on gradual market shifts. Living in Scotland, where we've seen ambitious climate commitments, I believe this kind of policy is essential to safeguarding the natural world I care so deeply about for future generations. The transition away from fossil fuel vehicles is not just an environmental necessity but also an opportunity to build a fairer, greener economy with equal access to clean transport."
331.0,1,ClimatePolicyID(3),"Given this person's strong environmental values, left-wing political orientation, and support for bold government intervention to address climate change, they would likely be strongly supportive of a 2030 ban — viewing it as an urgent and necessary step to protect the natural world and reduce carbon emissions. However, their concern for equality and fairness might introduce some nuance, particularly around whether the transition is managed in a way that doesn't disadvantage lower-income households who may struggle to afford EVs or lack access to charging infrastructure. Living in Scotland, where public transport in rural areas can be limited, they may also have practical concerns about whether the supporting infrastructure will be in place in time, though these concerns are unlikely to outweigh their overall strong support for the policy."
331.0,2,ClimatePolicyID(3),"Based on my strong environmental values, left-wing political outlook, and support for bold government intervention to address the climate crisis, I am very likely to support this policy enthusiastically. Living in Scotland, where climate ambition is high, and holding a postgraduate degree that likely deepens my understanding of climate science, I see the 2030 ban as an urgent and necessary step. My main reservations would centre on whether the transition is managed fairly — ensuring working-class people aren't priced out of clean transport — but these concerns would push me toward demanding stronger accompanying measures rather than opposing the ban itself."
331.0,3,ClimatePolicyID(3),"Based on this person's strong environmental values, left-wing political orientation, and support for bold collective action on climate change, they are very likely to support a 2030 petrol car ban as an urgent and necessary response to the climate emergency. However, their commitment to equality and concern for those on lower incomes might introduce some hesitation if the policy lacks sufficient fairness measures to ensure the transition doesn't disproportionately burden working-class people who rely on older, cheaper vehicles. Living in Scotland without children and on a comfortable but not high income, they are unlikely to face the sharpest personal costs of the transition, which reduces any self-interested reason to oppose it."
331.0,4,ClimatePolicyID(3),"Based on this person's strong left-wing values, deep environmental commitment, pro-Remain stance, and previous engagement with this exact policy (where she has consistently expressed strong support), the dominant factors shaping her view are her belief in bold government intervention to address the climate crisis, her care for nature and future generations, and her trust in public-led solutions. The main tension she experiences is not ideological opposition but practical concern about whether the transition will be fair — specifically whether low-income households and rural communities (relevant in Scotland) will be adequately supported through grants, public transport investment, and charging infrastructure. Overall, these concerns temper but do not undermine her strong support for the ban."
1729.0,0,ClimatePolicyID(3),"I support banning new petrol car sales by 2030 because tackling the climate crisis is something I care deeply about, and phasing out fossil fuel vehicles is a necessary step toward protecting the environment. However, I'm only slightly supportive because I'm conscious that a 2030 deadline could place real financial strain on people with lower incomes like myself, and I worry that without adequate support and infrastructure, this policy could disproportionately disadvantage those who can't easily afford the transition to electric vehicles."
1729.0,1,ClimatePolicyID(3),"Given my strong environmental values, Green Party voting history, and belief in protecting nature and responding to the climate emergency, I am broadly supportive of phasing out petrol cars as a necessary step toward decarbonising transport. However, on my income of £20,000–£24,999 a year, the affordability of electric vehicles and the adequacy of charging infrastructure — particularly in Wales, which has more rural areas and patchy public transport — are genuine concerns that temper my enthusiasm. The reflection I received reinforced that fairness measures like grants and better public transit could make the policy more acceptable, but I remain cautious about whether those support structures will actually materialise in time."
1729.0,2,ClimatePolicyID(3),"Given my strong environmental values, Green Party voting history, and belief in protecting nature and responding to the climate emergency, I'm instinctively in favour of phasing out petrol cars as a necessary and urgent step. However, on my income of £20,000–£24,999, the affordability of EVs and the adequacy of charging infrastructure — particularly in Wales, where rural areas are less well-served — are genuine practical concerns that temper my enthusiasm. My support is therefore moderate rather than wholehearted: I back the direction of the policy strongly, but worry that without robust accompanying measures like grants, public transport investment, and wealth-tax-funded support, the 2030 deadline could disproportionately burden people in my financial position."
1729.0,3,ClimatePolicyID(3),"Having already reflected on persuasive messages about this policy and started from a position of slight support, this person's Green voting history, strong environmental values, and belief in global ecological harmony all push her toward supporting a 2030 ban as a necessary climate intervention. However, her modest income of £20,000–£24,999 makes the affordability and fairness dimensions very salient — she's acutely aware that without substantial subsidies, charging infrastructure, and public transport alternatives, the policy could disproportionately burden people in her financial position, particularly in Wales where public transport links can be limited. The persuasive messages she's encountered have reinforced both her conditional support and her concern that the government may lack the will or capacity to deliver the accompanying measures quickly enough, leaving her moderately rather than strongly supportive."
1729.0,4,ClimatePolicyID(3),"Given her Green Party voting history, strong environmental values, and belief in protecting nature and global harmony, she is instinctively drawn to a 2030 petrol car ban as a necessary climate measure. However, her modest income of £20,000–£24,999 makes her acutely aware of the financial barriers to switching to an electric vehicle, and her commitment to equality means she worries the policy could punish lower-income people if not accompanied by robust grants, public transport investment, and charging infrastructure. She likely lands on moderate-to-strong support — more enthusiastic than her initial ""slight"" support given the reinforcing messages she's received about fairness measures — but retains genuine caution about whether the government can deliver the necessary support systems at the required pace and scale."
848.0,0,ClimatePolicyID(3),"As someone on a modest income, I worry that forcing everyone to switch to electric vehicles by 2030 is simply unaffordable for ordinary working people like me - the upfront costs are far beyond what many households can manage. I also think the infrastructure just isn't there yet, particularly in areas like the East Midlands where public charging points are still quite limited. It feels like a policy driven by idealism rather than practical reality, imposing a rushed timeline that doesn't account for how real people actually live their lives."
848.0,1,ClimatePolicyID(3),"Given this person's modest income (£15,000-£19,999), practical life experience as a nurse, and likely reliance on a personal vehicle in the East Midlands where public transport is limited, the affordability and infrastructure gaps around electric vehicles would be a major concern. Their Brexit vote suggests a degree of scepticism toward top-down mandates that feel disconnected from ordinary people's realities, and their centrist, pragmatic outlook means they'd likely acknowledge environmental goals in principle but strongly resist what feels like an unrealistic, rushed timeline. The cost burden on people like themselves, combined with doubts about charging infrastructure outside major cities, would almost certainly lead them to oppose this policy."
848.0,2,ClimatePolicyID(3),"Given this person's modest income (£15,000-£19,999), living in the East Midlands where car dependency is high and EV infrastructure is limited, and their previous reasoning about the 2030 EV mandate being unaffordable and impractical, they would almost certainly oppose this ban. As a Leave voter who tends toward pragmatic, grounded thinking rather than idealism, they'd likely see this as out-of-touch policymaking that burdens ordinary people financially while the charging network and affordable EV options simply aren't ready. Their nursing background gives them a practical, real-world outlook, and while they respect environmental concerns, they don't prioritise them above everyday financial realities."
848.0,3,ClimatePolicyID(3),"Given this person's modest income (£15,000-£19,999), living in the East Midlands where car dependency is high and EV infrastructure is limited, and their previous reasoning about the 2030 EV mandate being unaffordable and impractical, they would likely **oppose** this policy. As a Leave voter who tends to be sceptical of top-down mandates that feel disconnected from ordinary people's financial realities, the idea of the government banning petrol cars by 2030 would feel like an imposition that ignores how people on lower incomes actually manage their lives. While they have a basic respect for nature and wouldn't dismiss environmental concerns outright, the practical and financial barriers would far outweigh any environmental sympathy they might feel."
848.0,4,ClimatePolicyID(3),"Given this person's modest income (£15,000-£19,999), living in the East Midlands where car dependency is high and EV charging infrastructure is limited, the 2030 ban feels financially and practically threatening rather than aspirational. As a Brexit voter who values pragmatism over top-down mandates, they're likely to resent what feels like an elite-driven policy that doesn't account for ordinary people's budgets or rural/semi-rural realities. While they have basic respect for nature and wouldn't dismiss environmental concerns entirely, the affordability and infrastructure gaps would almost certainly lead them to **oppose** this policy."
934.0,0,ClimatePolicyID(3),"I think a 2030 deadline for banning new petrol cars is far too rushed and doesn't account for ordinary working people like me who can't easily afford to switch to electric vehicles. Living in Scotland, I rely on my car for practical everyday needs, and the charging infrastructure simply isn't there yet, particularly in more rural areas. The government shouldn't be forcing people into expensive technology before it's truly ready and affordable for everyone."
934.0,1,ClimatePolicyID(3),"This person would likely **strongly oppose** this policy. As a 68-year-old in Scotland on a modest income with no formal qualifications, the practical and financial burden of switching to electric vehicles would feel very real and threatening — EVs remain expensive, and rural Scottish charging infrastructure is poor. His right-leaning, Brexit-voting background also makes him instinctively resistant to what he'd perceive as top-down government overreach dictating personal choices, and his values don't prioritise environmental concerns strongly enough to outweigh those practical objections."
934.0,2,ClimatePolicyID(3),"This person would likely **strongly oppose** this policy. As a 68-year-old in Scotland who voted Conservative and Leave, he would view this as government overreach that imposes costs on ordinary working people before the infrastructure and affordability are in place — particularly relevant given Scotland's rural geography and charging network gaps. His right-of-centre values, practical reliance on his car, and scepticism of being told what to do by authorities would reinforce his opposition, while his limited prioritisation of environmental concerns means the climate rationale carries little weight with him."
934.0,3,ClimatePolicyID(3),"This person would likely **strongly oppose** this policy. As a 68-year-old in Scotland on a modest income with no formal qualifications, the practical and financial burden of transitioning to an electric vehicle would feel very real and threatening — EVs remain expensive, and rural Scottish charging infrastructure is genuinely inadequate. His right-of-centre, Brexit-voting background also makes him instinctively resistant to what he'd perceive as government overreach and top-down mandates that ignore the realities of ordinary working people's lives, and his values profile shows limited prioritisation of environmental concerns when they conflict with personal practical needs."
934.0,4,ClimatePolicyID(3),"This person would likely **strongly oppose** this policy. As a 68-year-old in Scotland on a modest income with no formal qualifications, the practical and financial barriers to switching to an electric vehicle would feel very real and immediate — EVs remain expensive, and Scotland's rural charging infrastructure is patchy at best. His right-of-centre politics, Brexit vote, and scepticism of top-down government mandates would reinforce a view that this is an out-of-touch policy being imposed on ordinary people before the technology and infrastructure are genuinely ready."
1304.0,0,ClimatePolicyID(3),"I broadly support moving away from fossil fuels as it aligns with my respect for nature and concern for the environment we're leaving to future generations, including my children. However, on my household income of £15,000-£19,999, I'm acutely aware that electric vehicles remain expensive and that a 2030 deadline could place a real financial burden on ordinary people like me who depend on affordable transport. So while I back the direction of travel, I have reservations about whether the timeline is realistic and fair for those who aren't well-off."
1304.0,1,ClimatePolicyID(3),"My support for the environment and concern for future generations, including my own children, means I back the principle of phasing out petrol cars. However, on my modest income, the prospect of affording an electric vehicle by 2030 feels genuinely daunting, and I worry the deadline is too tight for ordinary families to manage without substantial financial support that isn't yet guaranteed. So I'd say I moderately support the policy in principle, but with real anxiety about whether it will be implemented fairly for people in my position."
1304.0,2,ClimatePolicyID(3),"The Remain vote and centre-left leanings suggest she broadly accepts the direction of decarbonising transport, and her respect for nature and concern for future generations (including her children) give her genuine sympathy for the environmental goals behind the ban. However, on a household income of £15,000–£19,999, the prospect of being forced into an expensive electric vehicle by 2030 feels financially threatening rather than liberating, and she's likely sceptical that the charging infrastructure and affordable options will be ready in time for ordinary people in the East Midlands who depend on their cars. She probably lands on cautious, conditional support — backing the principle but worried the timeline is too aggressive and that people on modest incomes will be left behind without substantial government help."
1304.0,3,ClimatePolicyID(3),"The Remain vote and centre-left leanings suggest she broadly supports the environmental direction, and her respect for nature and concern for future generations (including her children) gives her a genuine reason to back cleaner air policies. However, on a household income of £15,000–£19,999, the practical reality of affording an EV by 2030 is a serious concern — she's not opposed to the goal, but the timeline and cost burden on ordinary people like herself make her cautious and conditional in her support. She would likely land somewhere in the middle: supportive in principle but wanting much stronger financial guarantees and infrastructure commitments before feeling fully behind the policy."
1304.0,4,ClimatePolicyID(3),"The person's Remain vote, centre-left leanings, respect for nature, and concern for future generations (including grandchildren) all pull her toward supporting a clean-air transition away from petrol cars. However, her low household income (£15,000–£19,999) makes the upfront cost of EVs a genuine practical worry, and her moderate rather than radical disposition means she's cautious about whether a 2030 deadline is achievable and fair for people in her financial position. She's likely to land in a place of qualified, conditional support — backing the goal but anxious about implementation, affordability, and whether adequate support will actually reach people like her."
363.0,0,ClimatePolicyID(3),"I voted Remain, so I'm not opposed to forward-thinking policy in principle, and I do have a basic respect for nature, but a 2030 deadline feels rushed and impractical for ordinary working people like me on a modest income who can't easily afford to switch to electric vehicles. I prefer gradual, familiar change rather than being forced into something on a tight government-imposed timetable, and I'm sceptical of authorities dictating major life decisions without properly considering the financial burden on everyday families. A later or more flexible deadline would sit better with me."
363.0,1,ClimatePolicyID(3),"This person's modest household income (£35-39k) and preference for gradual, familiar change over government-imposed deadlines would make the 2030 ban feel financially threatening and overly prescriptive, particularly as electric vehicles remain expensive and charging infrastructure in Yorkshire is patchy. His slight right-of-centre leanings and deep scepticism of authorities dictating major life decisions reinforce resistance to what feels like top-down interference in personal choices. While his Remain vote and basic respect for nature mean he's not flatly opposed to environmental policy, the tight, inflexible timetable and real-world cost burden on ordinary families like his would likely push him toward opposition."
363.0,2,ClimatePolicyID(3),"This person's modest household income (£35-39k) and preference for gradual, familiar change over government-imposed deadlines would make a 2030 ban feel financially threatening and overly prescriptive, particularly given the current high cost of electric vehicles. His slight right-of-centre positioning and deep scepticism of authorities dictating major life decisions reinforce resistance to what feels like a top-down mandate that doesn't account for ordinary working people's budgets. While his Remain vote and basic respect for nature mean he's not flatly opposed to environmental progress, the tight timeline and lack of financial flexibility would likely leave him **opposing** this policy, probably rating it 2 out of 5 (slightly oppose)."
363.0,3,ClimatePolicyID(3),"This person's modest household income (£35-39k) and preference for gradual, familiar change over government-imposed disruption would make the 2030 deadline feel financially threatening and overly prescriptive, particularly given the high upfront cost of electric vehicles. His slight right-of-centre leanings and deep scepticism of authority telling people what to do with their lives reinforces resistance to what feels like a top-down mandate. However, his Remain vote and basic respect for nature mean he's not entirely dismissive of the policy's environmental intent — he'd likely prefer a later, more flexible timeline rather than outright rejection of the concept."
363.0,4,ClimatePolicyID(3),"This person's modest household income, preference for gradual familiar change, and scepticism of government-imposed deadlines would likely make them uncomfortable with such a firm 2030 ban, as it feels rushed and financially burdensome for ordinary working families. However, their Remain vote and basic respect for nature mean they're not entirely hostile to environmental policy in principle. On balance, they'd probably lean toward opposing this specific policy, not out of climate denial, but because the pace and top-down compulsion conflicts with their values around practicality, routine, and distrust of authorities dictating major life changes."
