agent_id,day,policy_id,reasoning
165.0,0,ClimatePolicyID(1),"I somewhat support accelerating the roll-out of renewable energy production because I believe in balancing human progress with environmental respect, which aligns with my values of sustainability and long-term thinking. While I am not an active environmental champion, I recognize the importance of reducing reliance on fossil fuels and ensuring a cleaner future for future generations, which I care about in a general sense."
165.0,1,ClimatePolicyID(1),"I would somewhat support accelerating the roll-out of renewable energy production because I believe in balancing human progress with environmental respect, which aligns with my values of sustainability and long-term thinking. While I am not an active environmental champion, I recognize the importance of reducing reliance on fossil fuels and ensuring a cleaner future for future generations, which I care about in a general sense. However, I might be concerned about the visual and noise impact of wind farms on local communities and the potential disruption to rural areas where I live, which could affect the quality of life for people like me."
165.0,2,ClimatePolicyID(1),"I would somewhat support accelerating the roll-out of renewable energy production because I believe in balancing human progress with environmental respect, and I care about ensuring a cleaner future for my children. However, I might be concerned about the visual and noise impact of wind farms on the landscape I love, and I worry that rushing this process could lead to poorly planned projects that don't benefit local communities as much as they should."
165.0,3,ClimatePolicyID(1),"I would somewhat support accelerating the roll-out of renewable energy production because I believe in balancing human progress with environmental respect, and I care about ensuring a cleaner future for my children and future generations. However, I might be concerned about the visual and noise impact of wind farms on the local landscape, which I value, and the potential disruption to rural life in the South West where I live."
165.0,4,ClimatePolicyID(1),"I would somewhat support accelerating the roll-out of renewable energy production because I believe in balancing human progress with environmental respect, which aligns with my values of sustainability and long-term thinking. While I am not an active environmental champion, I recognize the importance of reducing reliance on fossil fuels and ensuring a cleaner future for future generations, which I care about in a general sense. However, I might be concerned about the visual and noise impact of wind farms on the local landscape, which I value, and the potential disruption to rural communities where I live."
165.0,5,ClimatePolicyID(1),"I would somewhat support accelerating the roll-out of renewable energy production because I believe in balancing human progress with environmental respect, which aligns with my values of sustainability and long-term thinking. While I am not an active environmental champion, I recognize the importance of reducing reliance on fossil fuels and ensuring a cleaner future for future generations, which I care about in a general sense. However, I might be concerned about the visual and noise impact of wind farms on local communities and the potential disruption to rural areas where I live, which could affect my quality of life."
165.0,0,ClimatePolicyID(2),"I am neutral on the ban of new oil, gas, and coal licenses because I value both economic stability and environmental responsibility. While I recognize the importance of protecting natural resources and reducing harmful emissions, I also believe that energy production is essential for maintaining livelihoods and supporting local economies, especially in areas where these industries are a major source of employment. I think a balanced approach that considers both environmental and economic impacts would be more aligned with my values of fairness and practicality."
165.0,1,ClimatePolicyID(2),"I would likely be neutral or slightly supportive of banning new oil, gas, and coal licenses, but not fully in favor. On one hand, I care about the environment and believe we should balance progress with respect for nature, so I can see the value in reducing harmful emissions and protecting natural resources. On the other hand, I value economic stability and local jobs, especially since I live in the South West where traditional industries still play a role in many communities. I’d prefer a gradual transition rather than an abrupt ban, as I believe in fairness and practicality."
165.0,2,ClimatePolicyID(2),"I would likely be neutral or slightly supportive of banning new oil, gas, and coal licenses, but not strongly so. On one hand, I care about the environment and believe we should balance progress with respect for nature, so I can see the value in reducing harmful emissions and protecting natural resources. On the other hand, I value economic stability and local livelihoods, especially in the South West where energy industries may provide jobs, and I’m wary of policies that could disrupt established ways of life or harm communities that rely on these sectors."
165.0,3,ClimatePolicyID(2),"I would likely be neutral or slightly supportive of banning new oil, gas, and coal licenses, but not strongly so. On one hand, I care about the environment and believe in balancing progress with respect for nature, so I can see the value in reducing harmful emissions and protecting natural resources. On the other hand, I value economic stability and local livelihoods, especially in the South West where energy industries may provide jobs, and I’m concerned about the impact such a ban could have on communities that rely on those sectors."
165.0,4,ClimatePolicyID(2),"I would likely be neutral or slightly supportive of banning new oil, gas, and coal licenses, but not strongly so. On one hand, I care about the environment and believe we should balance progress with respect for nature, so I can see the value in reducing harmful emissions and protecting natural resources. On the other hand, I value economic stability and local jobs, especially in the South West where energy industries may still play a role in supporting communities. I’d prefer a gradual, thoughtful approach that considers both environmental and economic impacts rather than an outright ban."
165.0,5,ClimatePolicyID(2),"I would likely be neutral or slightly supportive of banning new oil, gas, and coal licenses, but not strongly so. On one hand, I care about the environment and believe in balancing progress with respect for nature, so I can see the value in reducing harmful emissions and protecting natural resources. On the other hand, I value economic stability and local livelihoods, especially in the South West where energy industries may provide important jobs, and I’m wary of policies that could disrupt established ways of life or local economies."
165.0,0,ClimatePolicyID(3),"I am neutral on the policy to ban the sale of new petrol cars by 2030. While I understand the environmental benefits of reducing fossil fuel dependence, I also value practicality and gradual change. Given my respect for tradition and preference for familiar methods, I am cautious about abrupt shifts that could disrupt daily life or place undue pressure on individuals without clear, accessible alternatives."
165.0,1,ClimatePolicyID(3),"I would likely be neutral or slightly supportive of banning new petrol cars by 2030, but not strongly so. On one hand, I understand the environmental benefits and see value in moving towards cleaner energy, especially as a parent I want a healthier future for my children. However, I also value practicality and gradual change, and I worry that such a ban could be disruptive without enough support for alternatives, which might place extra strain on families like mine with limited resources."
165.0,2,ClimatePolicyID(3),"I'm somewhat neutral on the ban of new petrol cars by 2030. On one hand, I understand the environmental benefits and see the value in moving towards cleaner energy, especially as a parent I want a safer future for my children. However, I'm cautious about such a drastic change, as I value practicality and gradual progress. I worry about the cost and availability of electric vehicles, especially for someone with a modest income like mine, and I prefer changes that don't disrupt daily life too much."
165.0,3,ClimatePolicyID(3),"I'm somewhat neutral on the ban of new petrol cars by 2030. On one hand, I understand the environmental benefits and the push for cleaner technology, and I do believe in equal opportunity, so I can see the logic in leveling the playing field for all drivers. On the other hand, I value practicality and gradual change, and I worry that a strict deadline might create unnecessary hardship for families like mine, especially with the cost of electric vehicles and the need for charging infrastructure. I prefer a balanced approach that respects both progress and tradition."
165.0,4,ClimatePolicyID(3),"I would likely be neutral or slightly supportive of banning new petrol cars by 2030, but not strongly so. On one hand, I recognize the environmental benefits and see the importance of reducing pollution, especially in the South West where air quality can be an issue. On the other hand, I value practicality and gradual change, and I’m concerned about the impact on everyday life, especially as a parent and someone with a modest income—transitioning to electric vehicles could be costly and inconvenient without proper support."
165.0,5,ClimatePolicyID(3),"I'm cautiously neutral on banning new petrol cars by 2030. While I understand the environmental benefits, I value practicality and gradual change, and I'm concerned about the disruption such a ban might cause for everyday life, especially as a parent and someone with a moderate income. I respect tradition and prefer familiar methods, so I'm wary of abrupt shifts without clear, accessible alternatives. However, I do believe in balancing progress with environmental respect, so I'm not entirely opposed to the idea, but I'd prefer a more measured approach."
165.0,0,ClimatePolicyID(4),"I slightly support government policies that mandate non-fossil fuel heating systems, rooftop solar panels, and high-level insulation in new housing developments. While I value environmental respect and believe in balancing human progress with nature, I also prioritize practicality and cost-effectiveness. Given my background and values, I recognize the importance of reducing carbon emissions and promoting sustainable living, but I also understand the need for realistic, affordable solutions that don’t place undue financial or logistical burdens on individuals and communities."
165.0,1,ClimatePolicyID(4),"I would slightly support these policies because I believe in balancing human progress with environmental respect, and I recognize the long-term benefits of reducing carbon emissions. However, I also worry about the upfront costs and practicality for homeowners, especially those with lower incomes like mine, and I value realistic, affordable solutions that don’t add unnecessary burdens."
165.0,2,ClimatePolicyID(4),"I would slightly support these policies because I believe in balancing human progress with environmental respect, and I recognize the long-term benefits of reducing carbon emissions. However, I also worry about the upfront costs and practicality for homeowners, especially in the South West where older homes may be harder to retrofit. Given my background and values, I’d prefer realistic, affordable solutions that don’t place undue burdens on individuals or communities."
165.0,3,ClimatePolicyID(4),"I would slightly support these policies because I believe in balancing human progress with environmental respect, and I recognize the long-term benefits of reducing carbon emissions. However, I also worry about the upfront costs and practicality for homeowners, especially those with lower incomes like mine, and I value realistic, affordable solutions that don’t place undue burdens on individuals."
165.0,4,ClimatePolicyID(4),"I would slightly support these policies because I believe in balancing human progress with environmental respect, and I recognize the long-term benefits of reducing carbon emissions. However, I also worry about the upfront costs and practicality for homeowners, especially in the South West where older homes may be harder to retrofit. As a parent on a modest income, I care about affordability and reliability, so I’d want to ensure these measures are realistic and not overly burdensome."
165.0,5,ClimatePolicyID(4),"I would slightly support these policies because I believe in balancing human progress with environmental respect, and I recognize the long-term benefits of reducing carbon emissions. However, I also worry about the upfront costs and practicality for homeowners, especially in the South West where some areas may not be well-suited for solar panels or high insulation due to climate or housing design. Given my background and values, I want sustainable solutions that are realistic and don’t place an unfair burden on families like mine."
165.0,0,ClimatePolicyID(5),"I slightly support a carbon tax with the revenue distributed to the public. While I value environmental balance and respect for nature, I am not an active environmental advocate, and I believe the policy could help reduce fossil fuel use in a fair way. I appreciate the idea of using tax revenue to benefit the public, which aligns with my belief in equal opportunity and supporting society as a whole."
165.0,1,ClimatePolicyID(5),"I would slightly support a carbon tax with the revenue distributed to the public. I value environmental balance and believe that reducing fossil fuel use is important, even if not my primary focus. I also appreciate the idea of using tax revenue to benefit the public, which aligns with my belief in equal opportunity and supporting society as a whole.

However, I might be cautious about implementing such a policy without clear safeguards, as I generally prefer stable, predictable systems and am wary of complex new government interventions. I also have a healthy respect for traditional economic models and may be skeptical of large-scale tax reforms, especially if they feel like a shift away from established norms."
165.0,2,ClimatePolicyID(5),"Based on my values and background, I would slightly support a carbon tax with the revenue distributed to the public. I respect the environment and believe in fairness, so the idea of using tax revenue to benefit everyone aligns with my belief in equal opportunity. However, I’m not strongly driven by environmental causes, and I’m cautious about government intervention, so I’d want to see clear evidence that this policy would work effectively without causing unnecessary hardship."
165.0,3,ClimatePolicyID(5),"I would slightly support a carbon tax with the revenue distributed to the public. I value environmental balance and believe in equal opportunity, so the idea of using tax revenue to benefit everyone aligns with my belief in fairness. However, I'm not strongly driven by environmental causes, and I worry that such a policy might be too complex or costly for people like me who are already managing on a limited income."
165.0,4,ClimatePolicyID(5),"I would slightly support a carbon tax with the revenue distributed to the public. I value environmental balance and believe in equal opportunity, so the idea of using tax revenue to benefit the public aligns with my belief in fair treatment for all. However, I’m not strongly driven by environmental causes, and I’m cautious about government intervention, so I’d want to see clear evidence that this policy would work effectively without adding unnecessary complexity or cost to everyday life."
165.0,5,ClimatePolicyID(5),"I would slightly support a carbon tax with the revenue distributed to the public. I value environmental balance and believe that reducing fossil fuel use is important, even if not a top priority. I also appreciate the idea of using tax revenue to benefit the public, which aligns with my belief in equal opportunity and supporting society as a whole.

However, I might be cautious about the implementation, as I prefer familiar methods and am not strongly driven by radical change. I also have a healthy respect for leaders and traditions, so I would want to see the policy clearly structured and fair, avoiding any perception of unfair burden on everyday people."
165.0,0,ClimatePolicyID(6),"I slightly support government policies that compensate people in other countries impacted by climate change. While I value respect for nature and believe in balancing human progress with environmental responsibility, I also recognize that climate change disproportionately affects vulnerable communities, many of whom have contributed less to the problem. I believe it’s important to show fairness and solidarity, even if it means supporting such policies with some reservations."
165.0,1,ClimatePolicyID(6),"I slightly support government policies that compensate people in other countries impacted by climate change. I believe in fairness and solidarity, especially when it comes to those who have contributed less to the climate crisis but are suffering the most. However, I also value practicality and fiscal responsibility, so I would be cautious about how such policies are funded and implemented, ensuring they don’t place an unfair burden on my own community or strain public resources."
165.0,2,ClimatePolicyID(6),"I slightly support government policies that compensate people in other countries impacted by climate change. I believe in fairness and solidarity, especially when vulnerable communities are disproportionately affected, even if I’m not fully convinced about the scale of global responsibility. However, I also have some reservations about how such policies might be funded or implemented, and I worry about the potential for misuse or inefficiency, which could be a concern for someone who values practical, reliable solutions."
165.0,3,ClimatePolicyID(6),"I slightly support government policies that compensate people in other countries impacted by climate change. I believe in fairness and solidarity, especially when it comes to those who have contributed less to the climate crisis but are suffering the most. However, I also value practicality and fiscal responsibility, so I would want to ensure such policies are well-targeted and not a burden on my own community."
165.0,4,ClimatePolicyID(6),"I slightly support government policies that compensate people in other countries impacted by climate change. I believe in fairness and solidarity, especially when vulnerable communities are suffering from effects they didn't cause. However, I also value practicality and national responsibility, so I’m cautious about how such policies are funded and implemented, ensuring they don’t place an unfair burden on my own country or future generations."
165.0,5,ClimatePolicyID(6),"I slightly support government policies that compensate people in other countries impacted by climate change. I believe in fairness and solidarity, especially when it comes to those who have contributed less to the climate crisis but are suffering the most. However, I also value practicality and fiscal responsibility, so I would be cautious about how such policies are funded and implemented, ensuring they don’t place an unfair burden on my own community or strain public resources."
582.0,0,ClimatePolicyID(1),"I slightly support government policies that accelerate the roll-out of renewable energy production, such as more offshore and onshore wind parks. While I value tradition and stability, I also believe in the importance of protecting the environment and ensuring a sustainable future for all. I see renewable energy as a way to reduce our impact on the planet without compromising the quality of life for current and future generations."
582.0,1,ClimatePolicyID(1),"I would slightly support government policies that accelerate the roll-out of renewable energy, like more wind parks, because I believe in protecting the environment for future generations and reducing our carbon footprint. However, I also value stability and tradition, so I might worry about the disruption these projects could cause to local communities and landscapes, which makes me cautious about how quickly they're implemented."
582.0,2,ClimatePolicyID(1),"I would slightly support government policies that accelerate the roll-out of renewable energy production, like more wind parks. I see it as a way to protect the environment without sacrificing the quality of life I value, and I believe in a sustainable future for my children. However, I also care about stability and tradition, so I might be cautious about rapid changes that could disrupt local communities or economies."
582.0,3,ClimatePolicyID(1),"I would slightly support government policies that accelerate the roll-out of renewable energy, like more wind parks, because I believe in protecting the environment for future generations and reducing our carbon footprint. However, I also value stability and tradition, so I might worry about the disruption these projects could cause to local communities or landscapes, which makes me cautious about how quickly they're implemented."
582.0,4,ClimatePolicyID(1),"I would slightly support government policies that accelerate the roll-out of renewable energy, like more wind parks, because I believe in protecting the environment and ensuring a sustainable future for my children. However, I also value stability and tradition, so I’m cautious about rapid changes that might disrupt local communities or economies. I’m not opposed to renewable energy, but I want it to be done in a way that balances progress with the needs of people and places I know."
582.0,5,ClimatePolicyID(1),"I would slightly support government policies that accelerate the roll-out of renewable energy, like more wind parks, because I believe in protecting the environment and ensuring a sustainable future for my children. However, I also value stability and tradition, so I’m cautious about rapid changes that might disrupt local communities or economies. I’d prefer a balanced approach that prioritizes both environmental goals and the well-being of people in the North West."
582.0,0,ClimatePolicyID(2),"I hold a neutral position on banning new oil, gas, and coal licenses because I value both environmental protection and economic stability. While I believe in treating all lifeforms equally and reducing harm to the planet, I also recognize the role these industries play in supporting livelihoods and the economy, especially in regions where they are a significant source of employment. I am not strongly driven by environmental activism as a primary focus, but I also do not want to see unnecessary harm to the environment or abrupt disruptions to communities."
582.0,1,ClimatePolicyID(2),"I would likely support a ban on new oil, gas, and coal licenses because I believe all lifeforms should be treated equally, and I don't want to see unnecessary harm to the planet. However, I also understand the economic impact on communities, especially in the North West where these industries provide jobs, and I don't want to see abrupt disruptions to people's livelihoods. I'm not strongly driven by environmental activism, but I do care about the long-term health of the environment and the fairness of opportunities for future generations."
582.0,2,ClimatePolicyID(2),"I would probably support banning new oil, gas, and coal licenses because I believe all lifeforms should be treated equally, and I don't want to see unnecessary harm to the planet. However, I also understand that these industries support livelihoods, especially in the North West, and I don't want to disrupt communities or cause economic hardship. I'm not strongly driven by environmental activism, but I do care about the long-term health of the Earth and the people who live here."
582.0,3,ClimatePolicyID(2),"I would likely support a ban on new oil, gas, and coal licenses because I believe all lifeforms should be treated equally and I don't want to see unnecessary harm to the planet. However, I also understand that these industries provide jobs and support local economies, especially in the North West, which makes me cautious about abrupt changes that could disrupt livelihoods. I'm not strongly driven by environmental activism, but I do care about the long-term health of the Earth and the communities that depend on it."
582.0,4,ClimatePolicyID(2),"I'm leaning slightly in support of banning new oil, gas, and coal licenses because I believe all lifeforms should be treated equally, and I don't want to see unnecessary harm to the environment. However, I also understand that these industries support livelihoods, especially in the North West, and I don't want to disrupt communities or cause economic hardship for those who rely on them."
582.0,5,ClimatePolicyID(2),"I'm leaning slightly towards supporting the ban on new oil, gas, and coal licenses because I believe all lifeforms should be treated equally and I don't want to see unnecessary harm to the environment. However, I also understand that these industries provide jobs and support local economies, especially in the North West, which makes me cautious about abrupt changes that could affect livelihoods. I’m not strongly driven by environmental activism, but I do care about the long-term health of the planet and the communities that depend on these industries."
582.0,0,ClimatePolicyID(3),"I somewhat oppose the ban on the sale of new petrol cars by 2030 because I value practicality and gradual change over abrupt policy shifts. While I support environmental protection, I believe the transition to electric vehicles should be managed more carefully to avoid placing undue financial or logistical burdens on individuals and small businesses, especially in rural areas where infrastructure may not be ready. I also prefer a balanced approach that considers the needs of all groups and avoids imposing strict measures without sufficient support and preparation."
582.0,1,ClimatePolicyID(3),"I would probably **somewhat oppose** the ban on new petrol cars by 2030. As someone who values practicality and gradual change, I worry that such a strict deadline could create unnecessary hardship for families and small businesses, especially in rural areas where alternatives might not be readily available. However, I do support the long-term goal of reducing carbon emissions and believe that the government should provide more support—like better charging infrastructure and financial incentives—to make the transition smoother and fairer for everyone."
582.0,2,ClimatePolicyID(3),"I would likely **somewhat oppose** the ban on new petrol cars by 2030. While I care about the environment, I value practicality and gradual change, and I’m concerned that such a strict policy could place an unfair burden on people in rural areas or those with limited financial resources. However, I also recognize the importance of reducing carbon emissions and would support it if it came with strong government support for electric vehicles, charging infrastructure, and financial assistance for those transitioning."
582.0,3,ClimatePolicyID(3),"I would likely oppose the ban on new petrol cars by 2030 because I value practicality and gradual change, and I’m concerned about the financial and logistical impact on individuals and small businesses, especially in rural areas where infrastructure may not be ready. However, I do support environmental protection, so I might be open to a more phased approach with strong support for electric vehicle adoption and infrastructure development."
582.0,4,ClimatePolicyID(3),"I would likely oppose the ban on new petrol cars by 2030 because I value practicality and gradual change, and I’m concerned about the financial and logistical impact on individuals and small businesses, especially in rural areas where infrastructure may not be ready. However, I do support environmental protection, so I might be open to a more phased approach with stronger support for transitioning to electric vehicles."
582.0,5,ClimatePolicyID(3),"I would likely oppose the ban on new petrol cars by 2030 because I value practicality and gradual change, and I’m concerned about the financial and logistical challenges it could pose, especially for rural communities and small businesses that may not have the resources to switch to electric vehicles quickly. However, I do support environmental protection, so I might be open to a more phased approach with strong government support for infrastructure and incentives rather than an abrupt ban."
582.0,0,ClimatePolicyID(4),"I somewhat support government policies that mandate non-fossil fuel heating systems, rooftop solar panels, and high levels of insulation in new housing developments. As someone who values sustainability and believes all lifeforms should be treated equally, I recognize the importance of reducing environmental harm. While I’m not an environmental activist, I do care about the long-term health of our planet and believe that taking steps to reduce carbon emissions aligns with a more responsible and equitable future for all."
582.0,1,ClimatePolicyID(4),"I would somewhat support these policies because I believe in reducing harm to the environment and ensuring a fairer future for all, even if it's not my top priority. I care about the long-term health of the planet and think it's important that new housing doesn't contribute unnecessarily to climate change. However, I'm also mindful of the cost and practicality for homeowners, especially in the North West where heating is a big part of daily life, and I worry about the financial burden on families like mine."
582.0,2,ClimatePolicyID(4),"I would probably support these policies, as I believe in treating all lifeforms equally and reducing harm to the environment, even if it's not my primary focus. I think taking steps to reduce carbon emissions is important for a more responsible future, and I don't want my children growing up in a world with worse environmental conditions. However, I might be concerned about the cost and practicality for developers and homeowners, especially in the North West where housing is already expensive."
582.0,3,ClimatePolicyID(4),"I would probably support these policies because I believe in treating all lifeforms equally and want to reduce harm to the environment, even if I'm not an activist. I care about the long-term health of the planet and think taking steps to cut carbon emissions makes sense for a more responsible future. However, I might worry about the cost and practicality for developers and homeowners, especially in the North West where housing is already expensive."
582.0,4,ClimatePolicyID(4),"I would somewhat support these policies because I believe in reducing harm to the environment and ensuring a fairer future for all, which aligns with my values of equality and respect for all life. However, I also worry about the potential costs and practicality for developers and homeowners, especially in the North West where housing is already a challenge. I think there’s a balance to be struck between sustainability and affordability."
582.0,5,ClimatePolicyID(4),"I would support these policies to a moderate extent. As someone who believes all lifeforms should be treated equally and cares about the long-term health of the planet, I see value in reducing carbon emissions and promoting sustainable living. However, I also value practicality and cost-effectiveness, and I’m concerned about the potential financial burden on homeowners, especially in the North West where housing costs are already high. I think the government should provide support or incentives to make these changes more accessible, rather than imposing them as strict mandates."
582.0,0,ClimatePolicyID(5),"I am neutral on the policy of imposing a carbon tax and distributing the revenue to the public. While I believe in treating all lifeforms equally and avoiding harm to the environment, I am not strongly driven by environmental protection as a primary focus. Additionally, I value fairness and equal opportunity, which aligns with the idea of distributing tax revenues, but I also prefer familiar and stable methods over complex or potentially disruptive policies."
582.0,1,ClimatePolicyID(5),"I'm probably neutral on the carbon fee and dividend policy. On one hand, I believe in fairness and equal opportunity, so distributing tax revenues back to the public sounds fair. On the other hand, I'm not strongly driven by environmental protection as a primary concern, and I prefer stable, familiar methods over complex or potentially disruptive policies. Plus, I'm not sure how much impact a carbon tax would really have if it's just redistributed rather than used to fund real environmental action."
582.0,2,ClimatePolicyID(5),"I'm somewhat neutral on the carbon fee and dividend policy. On one hand, I believe in fairness and equal opportunity, so distributing tax revenue back to the public aligns with that. On the other hand, I'm not strongly driven by environmental protection as a primary concern, and I prefer stable, familiar policies over complex or potentially disruptive ones. I also worry about the administrative burden and potential unintended consequences, which makes me hesitant to fully support it."
582.0,3,ClimatePolicyID(5),"I'm neutral on the carbon fee and dividend policy. On one hand, I believe in fairness and equal opportunity, so distributing tax revenue back to the public sounds just. But I'm not strongly driven by environmental issues, and I prefer stable, familiar policies over complex ones. I'd be more supportive if it was simpler and had clear benefits, but I'm not sure I'd actively push for it."
582.0,4,ClimatePolicyID(5),"I'm probably neutral on the carbon fee and dividend policy. On one hand, I believe in fairness and equal opportunity, so distributing tax revenues back to the public sounds fair. On the other hand, I'm not strongly driven by environmental protection as a primary concern, and I prefer stable, familiar policies over complex or potentially disruptive ones. Plus, I'm not sure how much impact a carbon tax would really have on the environment, and I worry about the administrative burden and possible unintended consequences."
582.0,5,ClimatePolicyID(5),"I'm neutral on the carbon fee and dividend policy. On one hand, I believe in fairness and equal opportunity, so distributing tax revenue back to the public sounds just. On the other hand, I'm not strongly driven by environmental issues, and I prefer stable, familiar policies over complex or potentially disruptive ones. I also worry about the practical impact on everyday people and whether it would really make a meaningful difference in the long run."
582.0,0,ClimatePolicyID(6),"I slightly oppose government policies that compensate people in other countries impacted by climate change because I believe responsibility for climate change should be tied to those who contribute most to it, and I want to ensure that resources are used to support those most directly affected within my own country. However, I also recognize the importance of global cooperation and fairness, which makes me cautious about how such policies are structured and who benefits from them."
582.0,1,ClimatePolicyID(6),"I'm a bit conflicted on this one. On one hand, I believe that those who have contributed the most to climate change—mainly wealthy nations and corporations—should take the lead in helping those most affected, even if they're in other countries. But on the other hand, I worry that giving money to other countries might mean less support for the people in my own community who are also struggling with the effects of climate change, like rising costs and environmental degradation. I want to be fair, but I also want to make sure my own country isn't left behind."
582.0,2,ClimatePolicyID(6),"I would probably **slightly oppose** government policies that compensate people in other countries impacted by climate change. I believe that responsibility for climate change should be tied to those who have contributed most to it, and I want to ensure that resources are used to support those most directly affected within my own country. However, I also recognize the importance of global cooperation and fairness, which makes me cautious about how such policies are structured and who benefits from them."
582.0,3,ClimatePolicyID(6),"I would slightly oppose government policies that compensate people in other countries impacted by climate change because I believe responsibility for climate change should be tied to those who contribute most to it, and I want to ensure that resources are used to support those most directly affected within my own country. However, I also recognize the importance of global cooperation and fairness, which makes me cautious about how such policies are structured and who benefits from them."
582.0,4,ClimatePolicyID(6),"I'm a bit conflicted on this. On one hand, I believe that those who have contributed the most to climate change—mainly wealthier nations and industries—should take the lead in helping, so I can see the value in compensating countries that are suffering from its effects. But on the other hand, I worry that giving money to other countries might take away from the resources we need here at home, especially with the cost of living rising and my own household struggling to make ends meet. I also don’t want to feel like we’re just throwing money away on places we don’t fully understand or control. So I’m leaning slightly towards opposing it, but I’m not entirely sure."
582.0,5,ClimatePolicyID(6),"I'm a bit conflicted on this one. On one hand, I believe that those who have contributed the most to climate change—mainly wealthy nations and big corporations—should take the lead in helping others, so I don't entirely oppose the idea of compensation. But I also worry that giving money to other countries might mean less support for the people in my own community who are struggling with the effects of climate change, like rising costs and extreme weather. I want to make sure that any help given abroad doesn't come at the expense of those right here in the UK who need it most."
1379.0,0,ClimatePolicyID(1),"I somewhat support the acceleration of renewable energy production, such as offshore and onshore wind parks, because I recognize the importance of balancing human progress with environmental respect. While I am not an active environmental advocate, I believe that reducing reliance on fossil fuels is a reasonable step toward a more sustainable future, especially when done in a way that minimizes disruption to communities and ecosystems. I support this policy as part of a broader, measured approach to energy transition rather than as an extreme or radical shift."
1379.0,1,ClimatePolicyID(1),"I would support accelerating renewable energy roll-out, particularly offshore wind, as it aligns with a measured approach to balancing human progress and environmental respect. I see it as a reasonable step toward reducing fossil fuel dependence without extreme disruption, and I believe it can be done in a way that respects communities and ecosystems. However, I would oppose overly rapid or poorly planned developments that threaten local livelihoods or natural landscapes, as I value stability and the well-being of people close to me."
1379.0,2,ClimatePolicyID(1),"Given my slightly right-of-centre political stance and my support for the Conservatives in 2019, I would likely support accelerating renewable energy roll-out, but with some reservations. I recognize the need for energy independence and reducing reliance on fossil fuels as part of a balanced approach to progress and environmental responsibility. However, I might oppose it if it leads to significant disruption of local communities or ecosystems, as I value stability and measured change over radical transformation."
1379.0,3,ClimatePolicyID(1),"I would support accelerating the roll-out of renewable energy production, like offshore and onshore wind parks, because I believe in balancing human progress with environmental respect. While I’m not an environmental activist, I see renewable energy as a practical step toward reducing reliance on fossil fuels in a way that aligns with long-term sustainability and national energy security. However, I would also be cautious about potential disruptions to local communities and ecosystems, and would prefer a measured, well-planned approach rather than a rapid, uncoordinated push."
1379.0,4,ClimatePolicyID(1),"I would support accelerating the roll-out of renewable energy production, like offshore and onshore wind parks, because I believe in balancing human progress with environmental respect. While I’m not an environmental activist, I recognize that reducing reliance on fossil fuels is a reasonable step toward a more sustainable future, especially if done in a way that minimizes disruption to communities and ecosystems. However, I might oppose it if it leads to significant local opposition, environmental degradation, or if it's implemented too rapidly without proper planning and community engagement."
1379.0,5,ClimatePolicyID(1),"I would support accelerating the roll-out of renewable energy production, like offshore and onshore wind parks, because I believe in balancing human progress with environmental respect. While I’m not an activist on environmental issues, I see renewable energy as a reasonable step toward reducing reliance on fossil fuels, especially if done in a way that minimizes disruption to communities and ecosystems. However, I might oppose it if it leads to significant local opposition, environmental degradation, or if it’s implemented too quickly without proper planning and community consultation."
1379.0,0,ClimatePolicyID(2),"I hold a neutral position on banning new oil, gas, and coal licenses because I value both economic stability and environmental responsibility. While I recognize the importance of reducing carbon emissions and protecting natural resources, I also believe that energy production is a critical part of economic growth and national infrastructure. Given my moderate stance on progress and tradition, I see the need for a balanced approach that considers both environmental concerns and the practical realities of energy reliance."
1379.0,1,ClimatePolicyID(2),"Given my slightly right-of-centre political stance and my respect for economic stability, I would likely **oppose** a ban on new oil, gas, and coal licenses. I value energy independence and the role of fossil fuels in maintaining jobs and economic growth, especially in regions like the South East where energy infrastructure is deeply embedded. However, I would also be open to a **moderate approach** that includes stricter environmental regulations and investment in renewable energy, as I believe in balancing progress with environmental responsibility."
1379.0,2,ClimatePolicyID(2),"Based on my values and political leanings, I would likely support a ban on new oil, gas, and coal licenses to some extent, but not completely. I recognize the environmental benefits of reducing fossil fuel dependence and the long-term risks of climate change, which aligns with my moderate respect for nature. However, I also value economic stability and energy security, and I worry that an abrupt shift could disrupt industries and jobs, especially in regions like the South East where energy infrastructure is deeply embedded in the economy."
1379.0,3,ClimatePolicyID(2),"Based on my values and background, I would likely support a ban on new oil, gas, and coal licenses to some extent, but not entirely. I recognize the environmental risks of fossil fuels and the long-term benefits of transitioning to cleaner energy, especially as a parent concerned about the future. However, I also value economic stability and energy independence, and I’m wary of abrupt shifts that could disrupt industries or lead to higher costs for households like mine. I’d prefer a gradual, managed transition rather than an outright ban."
1379.0,4,ClimatePolicyID(2),"Given my values and political leanings, I would likely support a ban on new oil, gas, and coal licenses to some extent, as I recognize the long-term environmental benefits and the need for sustainable energy transition. However, I would also be cautious about abrupt shifts that could disrupt economic stability, especially in regions reliant on these industries. My moderate stance on progress and tradition leads me to favor a balanced approach—phasing out fossil fuels gradually while supporting innovation in cleaner energy, rather than an immediate and sweeping ban."
1379.0,5,ClimatePolicyID(2),"Given my moderate stance on environmental issues and economic priorities, I would likely support a ban on new oil, gas, and coal licenses to some extent, as I recognize the long-term environmental benefits and the need to align with global efforts to reduce carbon emissions. However, I might oppose it completely if it threatens job security in energy sectors or hampers economic growth, especially since I value stability and practicality in policy. My support would depend on the balance between environmental responsibility and economic pragmatism, which aligns with my right-of-centre views and concern for both people and tradition."
1379.0,0,ClimatePolicyID(3),"I slightly oppose the ban on the sale of new petrol cars by 2030 because I value personal choice and gradual change over abrupt policy shifts. While I respect the goal of reducing carbon emissions, I believe the transition to electric vehicles should be managed more carefully to avoid placing undue financial or logistical burdens on individuals and businesses, especially in areas where infrastructure for electric vehicles is not yet well developed."
1379.0,1,ClimatePolicyID(3),"I would likely **slightly oppose** the ban on new petrol car sales by 2030. While I understand the environmental goals, I value personal choice and gradual change, and I’m concerned about the potential financial and logistical strain on individuals and businesses, especially in areas with limited EV infrastructure. That said, I do support the long-term goal of reducing carbon emissions, so I might accept the policy if it’s implemented with strong support for transitioning to electric vehicles and infrastructure development."
1379.0,2,ClimatePolicyID(3),"I would likely **slightly oppose** the ban on new petrol cars by 2030. While I understand the environmental rationale, I value personal choice and gradual change, and I worry that an abrupt shift could place unnecessary financial and logistical strain on individuals and businesses, especially in areas with limited EV infrastructure. However, I do support the long-term goal of reducing carbon emissions and would be open to a more phased approach that balances environmental concerns with practical realities."
1379.0,3,ClimatePolicyID(3),"I would likely **slightly oppose** the ban on the sale of new petrol cars by 2030. While I understand the environmental goals behind the policy, I value personal choice and gradual change, and I worry that an abrupt shift could place unnecessary financial and logistical burdens on individuals and businesses, especially in areas with limited EV infrastructure. However, I might support it if it were paired with strong government support for EV adoption, such as subsidies or charging infrastructure development, which could help ease the transition without compromising personal freedom."
1379.0,4,ClimatePolicyID(3),"I would likely **slightly oppose** the ban on new petrol car sales by 2030. While I understand the environmental rationale, I value personal choice and gradual change, and I worry that an abrupt shift could place unnecessary financial and logistical strain on individuals and businesses, particularly in areas with limited EV infrastructure. That said, I do support the long-term goal of reducing emissions, so I might be open to a more phased approach that balances environmental concerns with practical realities."
1379.0,5,ClimatePolicyID(3),"I would likely **slightly oppose** the ban on the sale of new petrol cars by 2030. While I understand the environmental goals behind it, I value personal choice and gradual change, and I worry that an abrupt shift could place unnecessary financial strain on families and businesses, especially in areas with limited EV infrastructure. However, I might support it if it were accompanied by strong government support for EV adoption, such as subsidies or charging infrastructure investment, which could help ease the transition without forcing people into premature obsolescence."
1379.0,0,ClimatePolicyID(4),"I hold a neutral position on mandating non-fossil fuel heating systems, rooftop solar panels, and high-level insulation in new housing developments. While I recognize the environmental benefits of reducing carbon emissions and promoting sustainability, I also value practicality and cost-effectiveness in housing. Given my moderate stance on environmental issues and preference for balancing progress with tradition, I see merit in sustainable practices but am not fully aligned with strict mandates that may impose unnecessary financial or logistical burdens on developers and homeowners."
1379.0,1,ClimatePolicyID(4),"I would likely support these policies to a moderate extent, as I recognize the long-term benefits of reducing carbon emissions and promoting energy independence, especially given my concern for the environment and the future of my children. However, I might oppose them if they impose excessive costs on developers or homeowners, particularly in the South East where housing is already expensive, and I value practicality and economic feasibility in policy decisions."
1379.0,2,ClimatePolicyID(4),"I would likely support this policy to a moderate extent, as I recognize the long-term benefits of reducing carbon emissions and promoting sustainable living, especially given my general respect for environmental balance. However, I might oppose it if it imposes excessive costs or logistical challenges on developers and homeowners, as I value practicality and economic efficiency, particularly given my household income level and the need to balance personal responsibility with societal progress."
1379.0,3,ClimatePolicyID(4),"I would likely support these mandates to a moderate extent, as I recognize the long-term benefits of reducing carbon emissions and promoting sustainable living, especially given my awareness of environmental issues from my academic background. However, I might oppose them if they impose excessive costs on developers or homeowners, particularly in the South East where housing is already expensive, and I value practicality and economic considerations in policy-making."
1379.0,4,ClimatePolicyID(4),"I would likely support this policy to a moderate extent, as I recognize the long-term benefits of reducing carbon emissions and promoting sustainable living, especially given my general respect for environmental balance. However, I might oppose it if it imposes excessive costs or logistical challenges on developers and homeowners, which could affect housing affordability and availability—something I care about as a parent and someone with a stable income. My slightly right-of-centre views and practical approach mean I’d prefer a balanced, measured approach rather than strict mandates."
1379.0,5,ClimatePolicyID(4),"I would likely support these mandates to a moderate extent, as I recognize the long-term benefits of reducing carbon emissions and promoting sustainable living, especially given my moderate environmental awareness and belief in balancing progress with tradition. However, I might oppose them if they impose excessive costs on developers or homeowners, particularly in the South East where housing is already expensive, and I value practicality and economic feasibility in policy."
1379.0,0,ClimatePolicyID(5),"I am neutral on the policy of imposing a carbon tax and distributing the revenue to the public. While I recognize the need to address environmental concerns and support fair economic practices, I am not strongly aligned with either strong climate action or aggressive redistribution. My values emphasize balance, respect for tradition, and measured progress, which makes me cautious about policies that prioritize environmental goals over other societal priorities without clear, equitable benefits."
1379.0,1,ClimatePolicyID(5),"Based on my values and experiences, I would likely support a carbon fee and dividend policy, but only if it's implemented carefully and transparently. I recognize the need to address environmental concerns and believe that a well-managed carbon tax could encourage cleaner energy without unfairly burdening households. However, I would be cautious about aggressive climate action that seems more about political messaging than real impact, and I’d want to ensure the revenue is distributed fairly and used to benefit the public in tangible ways."
1379.0,2,ClimatePolicyID(5),"Based on my values and experiences, I would likely support a carbon fee and dividend policy, but only if it's implemented carefully. I recognize the need to address environmental concerns and believe that a carbon tax could encourage more sustainable practices, especially if the revenue is used to support families and infrastructure. However, I would be cautious about aggressive climate action that seems to prioritize environmental goals over economic stability and traditional values, which aligns with my slightly right-of-centre stance and respect for measured progress."
1379.0,3,ClimatePolicyID(5),"Given my values of balance and respect for tradition, I would likely support a carbon fee and dividend policy as a measured approach to environmental responsibility. I recognize the need for progress on climate issues without extreme measures, and distributing revenue could provide a fair economic benefit to the public. However, I might be cautious about the potential for increased government intervention and the risk of unintended economic disruptions, which aligns with my general skepticism of force unless absolutely necessary."
1379.0,4,ClimatePolicyID(5),"Based on my values and political leanings, I would likely support a carbon fee and dividend policy, but only if it's implemented carefully. I recognize the need for environmental responsibility and believe that taxing carbon could encourage cleaner energy use, which aligns with my respect for nature and long-term human progress. However, I would be cautious about how the revenue is distributed, preferring a transparent and fair system that doesn't disrupt existing economic structures or place undue burdens on middle-class families. My support would depend on seeing clear benefits to the public without compromising stability or traditional values."
1379.0,5,ClimatePolicyID(5),"Given my values of balance and measured progress, I would likely support a carbon fee and dividend policy as a reasonable middle ground between environmental responsibility and economic fairness. I appreciate the idea of using market mechanisms to reduce emissions while providing direct financial benefits to citizens, which aligns with my belief in fair economic practices. However, I might be cautious about its implementation, ensuring it doesn't disrupt traditional industries or create unintended economic burdens, especially for middle-income households like mine."
1379.0,0,ClimatePolicyID(6),"I slightly support government policies that compensate people in other countries impacted by climate change, but with reservations. While I recognize the moral responsibility of developed nations to address the global consequences of climate change, I believe such compensation should be tied to clear accountability and sustainable solutions rather than being a blanket transfer of resources. My values emphasize fairness and respect for societal norms, but I also believe in balancing human progress with environmental responsibility, which aligns with the idea that those most affected by climate change—often in less developed regions—deserve support."
1379.0,1,ClimatePolicyID(6),"I would support government policies that compensate people in other countries impacted by climate change, but with conditions. On one hand, I believe in fairness and recognizing the moral responsibility of developed nations, especially given my right-of-centre values and respect for societal norms. On the other hand, I’m cautious about unconditional aid and prefer structured, accountable solutions that align with my belief in balancing human progress with environmental respect."
1379.0,2,ClimatePolicyID(6),"I would slightly support government policies that compensate people in other countries impacted by climate change, but with reservations. While I recognize the moral responsibility of developed nations like the UK to address the global consequences of climate change, I believe such compensation should be tied to clear accountability and sustainable solutions rather than being a blanket transfer of resources. My values emphasize fairness and respect for societal norms, but I also believe in balancing human progress with environmental responsibility, which aligns with the idea that those most affected by climate change—often in less developed regions—deserve support."
1379.0,3,ClimatePolicyID(6),"I would support government policies that compensate people in other countries impacted by climate change, but with conditions. On one hand, I believe in fairness and recognizing the moral responsibility of developed nations, especially given my support for the Conservatives and my belief in balancing progress with environmental respect. On the other hand, I have reservations about unconditional aid and prefer structured, accountable solutions that ensure resources are used effectively and sustainably."
1379.0,4,ClimatePolicyID(6),"I would support government policies that compensate people in other countries impacted by climate change, but with some reservations. I believe developed nations have a moral responsibility to address the consequences of their historical emissions, and compensation could help those most affected. However, I would want such policies to be tied to accountability and sustainable development, rather than just financial handouts, to ensure they align with my values of fairness and responsible progress."
1379.0,5,ClimatePolicyID(6),"I would slightly support government policies that compensate people in other countries impacted by climate change, but with reservations. I recognize that developed nations, including the UK, have contributed significantly to global emissions and thus bear some responsibility. However, I would want such compensation to be tied to clear accountability and sustainable development, rather than just financial handouts. I value fairness and respect for societal norms, but I also believe in balancing human progress with environmental responsibility, which means supporting those most affected without creating dependency or undermining local initiatives."
713.0,0,ClimatePolicyID(1),"I slightly support the acceleration of renewable energy production, as I recognize the importance of human progress and the need for sustainable development. However, I am cautious about rapid changes that might disrupt traditional ways of living or the natural environment, which I respect. I believe renewable energy can play a role in balancing progress with environmental responsibility, but I prefer a measured approach that respects established customs and local communities."
713.0,1,ClimatePolicyID(1),"I would slightly support the acceleration of renewable energy roll-out, as I recognize the importance of human progress and the need for sustainable development. However, I am cautious about rapid changes that might disrupt traditional ways of living or the natural environment, which I respect. I believe renewable energy can play a role in balancing progress with environmental responsibility, but I prefer a measured approach that respects established customs and local communities."
713.0,2,ClimatePolicyID(1),"I would slightly support the acceleration of renewable energy roll-out, as I recognize the importance of human progress and the need for sustainable development. However, I am cautious about rapid changes that might disrupt traditional ways of living or the natural environment, which I respect. I believe renewable energy can play a role in balancing progress with environmental responsibility, but I prefer a measured approach that respects established customs and local communities."
713.0,3,ClimatePolicyID(1),"I would slightly support accelerating the roll-out of renewable energy, as I see it as part of balancing human progress with environmental responsibility. I recognize the need for sustainable development and the potential benefits of cleaner energy sources. However, I am cautious about rapid changes that might disrupt traditional ways of living or local communities, and I prefer a measured approach that respects established customs and the natural environment."
713.0,4,ClimatePolicyID(1),"I would slightly support the acceleration of renewable energy roll-out, as I recognize the importance of human progress and sustainable development. However, I am cautious about rapid changes that might disrupt traditional ways of living or the natural environment, which I respect. I believe renewable energy can play a role in balancing progress with environmental responsibility, but I prefer a measured approach that respects established customs and local communities."
713.0,5,ClimatePolicyID(1),"I would slightly support the acceleration of renewable energy production, as I recognize the importance of human progress and the need for sustainable development. However, I am cautious about rapid changes that might disrupt traditional ways of living or the natural environment, which I respect. I believe renewable energy can play a role in balancing progress with environmental responsibility, but I prefer a measured approach that respects established customs and local communities."
713.0,0,ClimatePolicyID(2),"I strongly oppose government policies that ban new oil, gas, or coal licenses. As someone who values traditional ways and respects the role of industry in economic progress, I believe in supporting jobs and local economies. I also recognize the importance of balancing development with environmental responsibility, rather than imposing strict restrictions that could disrupt established industries and communities."
713.0,1,ClimatePolicyID(2),"I would likely **oppose** government policies that ban new oil, gas, or coal licenses. As someone who values traditional industries and respects the role of local economies, I see these sectors as important for jobs and regional stability. While I do care about the environment, I believe in balancing progress with responsibility rather than imposing strict restrictions that could harm established communities and livelihoods."
713.0,2,ClimatePolicyID(2),"I would likely **oppose** government policies that ban new oil, gas, or coal licenses. As someone who values traditional industries and respects the role of local economies, I see these sectors as important contributors to jobs and stability, especially in areas where they are a major employer. While I do care about the environment, I believe in a balanced approach rather than strict restrictions that could harm communities and disrupt established ways of life."
713.0,3,ClimatePolicyID(2),"Based on my values and background, I would likely **oppose** government policies that ban new oil, gas, or coal licenses. I value traditional industries and the economic stability they provide, especially in communities where these jobs are a key part of local life. While I do respect the environment, I believe in a balanced approach that allows for development and job creation, rather than strict restrictions that could harm livelihoods."
713.0,4,ClimatePolicyID(2),"I would likely **oppose** government policies that ban new oil, gas, or coal licenses. As someone who values traditional industries and local economies, I see these sectors as important contributors to jobs and regional stability. While I respect the environment, I believe in balancing progress with practicality, and I’m concerned that an outright ban could harm communities that rely on these industries for livelihoods."
713.0,5,ClimatePolicyID(2),"I would likely **oppose** government policies that ban new oil, gas, or coal licenses. As someone who values traditional industries and the economic stability they provide, I see these sectors as important for local jobs and community livelihoods. While I respect the need for environmental balance, I believe that outright bans could disrupt established ways of life and economic progress, which I consider essential for maintaining order and prosperity."
713.0,0,ClimatePolicyID(3),"I strongly oppose the ban on the sale of new petrol cars by 2030. As someone who values tradition and respects established ways of life, I believe that abrupt changes to long-standing practices can disrupt communities and create unnecessary hardship. I also have a balanced view of progress, recognizing the need for environmental responsibility but not at the expense of practicality and personal choice in transportation."
713.0,1,ClimatePolicyID(3),"I would likely **oppose** the ban on the sale of new petrol cars by 2030. As someone who values tradition and respects established ways of life, I see this policy as an abrupt and unnecessary shift that could disrupt communities and create hardship for many, especially those who rely on petrol cars for daily life. While I do care about the environment, I believe progress should be balanced with practicality and personal choice, rather than imposed through strict regulations."
713.0,2,ClimatePolicyID(3),"I would likely **oppose** the ban on new petrol cars by 2030. As someone who values tradition and respects established ways of life, I see this policy as an abrupt and unnecessary shift that could disrupt communities and create hardship for those who rely on petrol vehicles. While I do care about the environment, I believe progress should be balanced with practicality and personal choice, rather than imposed through strict regulations."
713.0,3,ClimatePolicyID(3),"I would likely **oppose** the ban on the sale of new petrol cars by 2030. As someone who values tradition and respects established ways of life, I believe such a rapid shift could disrupt communities and create unnecessary hardship, especially for those who rely on petrol cars for practical reasons. While I do care about the environment, I don't see it as a primary driving force in my life, and I prefer a balanced approach that doesn't force sweeping changes without adequate preparation or alternatives."
713.0,4,ClimatePolicyID(3),"I would likely **oppose** the ban on the sale of new petrol cars by 2030. As someone who values tradition and respects established ways of life, I see the automotive industry as a cornerstone of local economies and a familiar part of daily existence. While I do care about the environment, I believe the transition to electric vehicles should be gradual and practical, not forced, and I worry that such a policy could disproportionately affect working-class communities and small businesses."
713.0,5,ClimatePolicyID(3),"I would likely **oppose** the ban on the sale of new petrol cars by 2030. As someone who values tradition and respects established ways of life, I believe such a policy could disrupt communities and create unnecessary hardship, especially for those who rely on petrol cars for daily commuting or rural travel. While I do care about the environment, I don't see the need for such an abrupt shift, and I value personal choice and practicality in transportation."
713.0,0,ClimatePolicyID(4),"I **strongly oppose** government policies that mandate all new housing developments to have non-fossil fuel heating systems, rooftop solar panels, and high levels of insulation. While I respect the environment, I do not view it as a primary concern and believe that such mandates impose unnecessary costs and restrictions on individuals and developers. I value traditional ways of living and prefer practical, proven solutions over sweeping, government-enforced changes that may not be suitable for all circumstances."
713.0,1,ClimatePolicyID(4),"I would **strongly oppose** government mandates for non-fossil fuel heating, rooftop solar panels, and high-level insulation in all new housing. While I respect the environment, it's not a top priority for me, and I believe such policies impose unnecessary costs and restrictions on individuals and developers. I value traditional ways of living and prefer practical, proven solutions over sweeping, government-enforced changes that may not be suitable for all circumstances."
713.0,2,ClimatePolicyID(4),"I would **strongly oppose** government mandates for non-fossil fuel heating, rooftop solar panels, and high-level insulation in all new housing. While I respect the environment, I don’t see it as a top priority and believe these policies impose unnecessary costs and restrictions on individuals and developers. I value traditional ways of living and prefer practical, proven solutions over sweeping changes that may not suit everyone."
713.0,3,ClimatePolicyID(4),"I would **strongly oppose** government policies that mandate non-fossil fuel heating systems, rooftop solar panels, and high levels of insulation for all new housing developments. While I respect the environment, I don’t see it as a top priority and believe such mandates impose unnecessary costs and restrictions on individuals and developers. I value traditional ways of living and prefer practical, proven solutions over sweeping, government-enforced changes that may not be suitable for all circumstances."
713.0,4,ClimatePolicyID(4),"I would **strongly oppose** government mandates for non-fossil fuel heating, rooftop solar panels, and high-level insulation in all new housing. While I respect the environment, I don’t see it as a top priority and believe these policies impose unnecessary costs and restrictions on individuals and developers. I value traditional ways of living and prefer practical, proven solutions over sweeping, government-enforced changes that may not be suitable for all circumstances."
713.0,5,ClimatePolicyID(4),"I would **strongly oppose** government mandates for non-fossil fuel heating, rooftop solar panels, and high levels of insulation in all new housing. While I respect the environment, I don’t see it as a top priority and believe such policies impose unnecessary costs and restrictions on individuals and developers. I value traditional ways of living and prefer practical, proven solutions over sweeping, government-enforced changes that may not be suitable for all circumstances."
713.0,0,ClimatePolicyID(5),"I somewhat oppose a carbon tax with public distribution because I value traditional ways and believe in maintaining existing systems rather than introducing new, complex policies. While I care about the environment, I do not see it as a primary focus and prefer balanced approaches that respect both progress and nature, rather than imposing taxes that could disrupt established economic structures."
713.0,1,ClimatePolicyID(5),"I would likely oppose a carbon tax with public distribution because I value traditional systems and prefer stability over new, complex policies. While I care about the environment, I don’t see it as my main priority and worry that such a tax could disrupt existing economic structures I’m used to. However, I might slightly support it if it’s framed as a fair way to fund public services, which aligns with my belief in fairness and respect for leaders."
713.0,2,ClimatePolicyID(5),"I would likely oppose a carbon tax with public distribution because I value traditional systems and prefer stability over new, complex policies. While I care about the environment, I don’t see it as my primary concern and worry that such a tax could disrupt existing economic structures and create unintended consequences. I respect leaders and established ways, and I’m skeptical of large-scale government interventions that feel too radical or disruptive."
713.0,3,ClimatePolicyID(5),"I would likely oppose a carbon tax with public distribution because I value traditional systems and prefer stability over new, complex policies. While I care about the environment, I don’t see it as my primary concern and worry that such a tax could disrupt existing economic structures and create unintended consequences. I respect established ways of doing things and am skeptical of large-scale government interventions, especially ones that feel like a shift away from the values I hold dear."
713.0,4,ClimatePolicyID(5),"I would likely oppose a carbon tax with public distribution because I value traditional systems and prefer stability over new, complex policies. While I care about the environment, I don’t see it as my primary concern and worry that such a tax could disrupt existing economic structures and create unintended consequences. I also prefer that government resources be used in ways that align with established priorities rather than introducing new forms of redistribution."
713.0,5,ClimatePolicyID(5),"I would likely oppose a carbon tax with public distribution because I value traditional systems and prefer stability over new, complex policies. While I care about the environment, I don't see it as my primary concern and prefer balanced approaches that respect both progress and nature. I’m skeptical of government overreach and prefer solutions that don’t disrupt existing economic structures."
713.0,0,ClimatePolicyID(6),"I strongly oppose government policies that compensate people in other countries impacted by climate change. Given my strong belief in traditional values and respect for national sovereignty, I view such policies as an overreach of government authority and a form of foreign interference. I believe that each country should be responsible for its own actions and that resources should be directed toward addressing domestic needs rather than compensating foreign populations."
713.0,1,ClimatePolicyID(6),I would likely **oppose** government policies that compensate people in other countries impacted by climate change. My strong belief in national sovereignty and traditional values leads me to view such policies as an overreach of government authority and a form of foreign interference. I believe each country should be responsible for its own actions and that resources should be directed toward addressing domestic needs rather than compensating foreign populations.
713.0,2,ClimatePolicyID(6),I would likely **oppose** government policies that compensate people in other countries impacted by climate change. My strong belief in national sovereignty and traditional values leads me to view such policies as an overreach of government authority and a form of foreign interference. I believe each country should be responsible for its own actions and that resources should be directed toward addressing domestic needs rather than compensating foreign populations.
713.0,3,ClimatePolicyID(6),I would likely **oppose** government policies that compensate people in other countries impacted by climate change. My strong belief in national sovereignty and traditional values leads me to view such policies as an overreach of government authority and a form of foreign interference. I believe each country should be responsible for its own actions and that resources should be directed toward addressing domestic needs rather than compensating foreign populations.
713.0,4,ClimatePolicyID(6),I would likely **oppose** government policies that compensate people in other countries impacted by climate change. My strong belief in national sovereignty and respect for traditional values leads me to view such policies as an overreach of government authority and a form of foreign interference. I believe each country should be responsible for its own actions and that resources should be directed toward addressing domestic needs rather than compensating foreign populations.
713.0,5,ClimatePolicyID(6),"Given my strong belief in national sovereignty and traditional values, I would likely oppose government policies that compensate people in other countries impacted by climate change. I view such policies as an overreach of government authority and a form of foreign interference, which conflicts with my respect for national boundaries and self-reliance. While I care about the environment, I believe each country should be responsible for its own actions and that resources should be directed toward addressing domestic needs rather than compensating foreign populations."
1878.0,0,ClimatePolicyID(1),"I **somewhat support** government policies that accelerate the roll-out of renewable energy production, such as offshore and onshore wind parks, because I believe in treating all lifeforms on Earth with respect and reducing humanity's environmental footprint. While I am not an active environmental advocate, I recognize the long-term benefits of transitioning to sustainable energy sources and see this as a responsible step toward a more balanced relationship with nature. I also value societal progress and am skeptical of authority, which makes me open to policies that challenge outdated energy systems and promote innovation."
1878.0,1,ClimatePolicyID(1),"I **somewhat support** government policies that accelerate the roll-out of renewable energy production, like more wind parks, because I believe in treating all lifeforms on Earth with respect and reducing humanity's environmental footprint. While I’m not an active environmentalist, I recognize the long-term benefits of transitioning to sustainable energy and see this as a responsible step toward a more balanced relationship with nature. I also value societal progress and am skeptical of authority, which makes me open to policies that challenge outdated energy systems and promote innovation. However, I’m also cautious about rapid changes that might disrupt local communities or ecosystems without proper oversight, and I’d want to ensure that the transition is fair and doesn’t disproportionately affect those who rely on traditional energy sectors."
1878.0,2,ClimatePolicyID(1),"I **somewhat support** government policies that accelerate the roll-out of renewable energy production, like more offshore and onshore wind parks. I see it as a responsible step toward reducing humanity's environmental footprint and treating all lifeforms with respect, which aligns with my belief in equality and balance with nature. However, I also value stability and familiar systems, so I'm cautious about rapid changes that might disrupt local communities or economies, especially as a parent concerned with long-term sustainability and quality of life."
1878.0,3,ClimatePolicyID(1),"I **somewhat support** government policies that accelerate the roll-out of renewable energy production, like more offshore and onshore wind parks. I believe in treating all lifeforms with respect and reducing humanity’s environmental footprint, even if it’s not my primary focus. While I value societal progress and am skeptical of authority, I also recognize that large-scale infrastructure projects can disrupt local communities and ecosystems, which makes me cautious about the pace and scale of such initiatives."
1878.0,4,ClimatePolicyID(1),"I **somewhat support** government policies that accelerate the roll-out of renewable energy production, like more offshore and onshore wind parks. I believe in treating all lifeforms with respect and reducing humanity’s environmental footprint, even if it’s not my primary focus. While I value societal progress and am skeptical of authority, I also care about practicality and stability—so I’m cautious about rapid changes that could disrupt local communities or economies. I don’t want to see wind farms imposed without consideration for nearby residents or traditional land uses, but I do think moving away from fossil fuels is a necessary step toward a more balanced relationship with nature."
1878.0,5,ClimatePolicyID(1),"I **somewhat support** government policies that accelerate the roll-out of renewable energy production, like more offshore and onshore wind parks. While I’m not an environmental activist, I do believe in treating all lifeforms with respect and reducing humanity’s environmental footprint, which aligns with my values of fairness and long-term responsibility. I also appreciate societal progress and am skeptical of authority, so I’m open to challenging outdated energy systems and promoting innovation—though I’d want to ensure the transition is managed fairly and doesn’t disrupt local communities or economies."
1878.0,0,ClimatePolicyID(2),"I **slightly oppose** government policies that ban new oil, gas, and coal licenses because I believe in a balanced approach to energy policy that considers both environmental concerns and economic realities. While I support the long-term goal of reducing carbon emissions and protecting the environment, I also value economic stability and the role of traditional industries in providing jobs and energy security. I think a complete ban without adequate alternatives or transition support could disproportionately affect communities and industries that rely on these sectors."
1878.0,1,ClimatePolicyID(2),"Based on my values and life circumstances, I would **slightly support** government policies that ban new oil, gas, and coal licenses. I strongly believe in equal opportunity and the ethical treatment of all life, which leads me to question the long-term sustainability of fossil fuel dependence. However, I also value economic stability and the livelihoods of communities reliant on these industries, so I would oppose a complete ban without adequate transition support or alternatives."
1878.0,2,ClimatePolicyID(2),"Based on my values and circumstances, I would **slightly support** government policies that ban new oil, gas, and coal licenses. I believe in equal opportunity and the ethical treatment of all life, which includes recognizing the long-term harm that fossil fuels do to the environment and future generations. However, I also value economic stability and the livelihoods of workers in these industries, so I would prefer a gradual transition with support for affected communities rather than an abrupt ban."
1878.0,3,ClimatePolicyID(2),"Based on my values and life circumstances, I would **slightly support** government policies that ban new oil, gas, and coal licenses. I believe in the long-term necessity of transitioning to sustainable energy sources and protecting the environment for future generations, especially as a parent. However, I also recognize the economic impact on communities and industries that rely on these sectors, and I would prefer a gradual, well-supported transition rather than an abrupt ban."
1878.0,4,ClimatePolicyID(2),"Based on my values and circumstances, I would **slightly support** government policies that ban new oil, gas, and coal licenses. I believe in the long-term importance of environmental sustainability and the ethical responsibility to prevent further harm to the planet, especially given the scientific consensus on climate change. However, I also recognize the economic and social impacts on communities reliant on these industries, and I would prefer a gradual transition with support for affected workers and regions."
1878.0,5,ClimatePolicyID(2),"Based on my values and circumstances, I would **slightly support** government policies that ban new oil, gas, and coal licenses. I strongly believe in equal opportunity and the ethical treatment of all life, which includes recognizing the long-term harm that fossil fuels do to the environment and future generations. However, I also value economic stability and the livelihoods of workers in traditional industries, so I would prefer a gradual transition with support for affected communities rather than an abrupt ban."
1878.0,0,ClimatePolicyID(3),"I hold a neutral position on the ban of new petrol car sales by 2030. While I value environmental protection and believe all lifeforms should be treated equally, I am not actively focused on environmental issues as a primary concern. I also appreciate personal choice and autonomy, which includes the right to choose one's mode of transportation. Therefore, I neither strongly support nor oppose the policy, as it falls outside my core priorities but doesn't conflict with my values either."
1878.0,1,ClimatePolicyID(3),"I would likely support the ban on new petrol car sales by 2030 to some extent, as it aligns with my belief that all lifeforms should be treated equally and that no single species should dominate the planet. However, I might oppose it if it imposes significant financial or logistical burdens on individuals, especially as a parent and someone with a moderate income, which could make the transition to electric vehicles challenging."
1878.0,2,ClimatePolicyID(3),"I'm neutral on the ban of new petrol car sales by 2030. While I support environmental protection and believe all lifeforms should be treated equally, I don't see this as a top priority for me personally. I value personal choice and autonomy, and I'm concerned that such a policy could disproportionately affect lower-income households who may struggle with the cost of transitioning to electric vehicles. However, I also recognize the long-term benefits for reducing carbon emissions and promoting cleaner technology, so I don't strongly oppose it either."
1878.0,3,ClimatePolicyID(3),"I'm neutral on the ban of new petrol car sales by 2030. While I believe in equal treatment of all lifeforms and have some concern for environmental impact, these aren't my primary priorities. I value personal choice and autonomy, and I worry that such a policy could disproportionately affect lower-income families who may struggle with the cost of transitioning to electric vehicles. However, I don't strongly oppose it either, as I see the long-term benefits of reducing carbon emissions and promoting cleaner technology, even if it's not a top issue for me."
1878.0,4,ClimatePolicyID(3),"I would likely support the ban on new petrol car sales by 2030 because I believe all lifeforms should be treated equally and that human actions should not dominate the planet. While I don’t prioritize environmental issues above all else, I do value long-term sustainability and think the government has a role in steering society toward responsible practices, especially when it comes to reducing harm to the environment. However, I might also be cautious about the potential impact on personal choice and the automotive industry, which could affect jobs and consumer freedom."
1878.0,5,ClimatePolicyID(3),"I would likely support the ban on new petrol car sales by 2030 because I believe all lifeforms should be treated equally and that human activity should not dominate the planet's ecosystems. However, I might oppose it if I feel it infringes on personal choice or imposes unnecessary costs on families like mine, especially as a parent concerned with practicality and financial stability."
1878.0,0,ClimatePolicyID(4),"I **slightly support** government policies that mandate non-fossil fuel heating systems, rooftop solar panels, and high levels of insulation in new housing developments. While I value environmental protection and believe in equal opportunity for all, I also prioritize practicality and cost-effectiveness. I recognize the long-term benefits of reducing carbon emissions and promoting sustainable living, but I am cautious about imposing strict mandates that could increase housing costs and potentially limit housing supply, which is a critical issue for many families."
1878.0,1,ClimatePolicyID(4),"I **slightly support** this policy because I believe in long-term environmental sustainability and reducing carbon emissions, which aligns with my values of equality and fairness for future generations. However, I am cautious about the potential increase in housing costs and the risk of reducing housing supply, which could negatively impact families like mine who are already managing within a moderate income bracket."
1878.0,2,ClimatePolicyID(4),"I **slightly support** government policies that mandate non-fossil fuel heating systems, rooftop solar panels, and high levels of insulation in new housing developments. I believe in the long-term environmental benefits and the importance of reducing carbon emissions, and I value equal opportunity for all, including future generations. However, I am cautious about the potential increase in housing costs and the risk of reducing housing supply, which could disproportionately affect families already struggling with affordability."
1878.0,3,ClimatePolicyID(4),"I **slightly support** this policy because I believe in reducing carbon emissions and promoting sustainable living, and I value equal opportunity for all. However, I am cautious about the potential increase in housing costs and the risk of limiting housing supply, which could negatively impact families like mine. I also worry that strict mandates might not be practical for all regions or housing types, especially in the South West where energy costs and infrastructure can vary."
1878.0,4,ClimatePolicyID(4),"I **slightly support** this policy because I believe in reducing carbon emissions and promoting sustainable living, which aligns with my values of equal opportunity and treating all lifeforms with respect. However, I am cautious about the potential for increased housing costs and reduced supply, which could negatively impact families like mine, especially given my income level and role as a parent."
1878.0,5,ClimatePolicyID(4),"I **slightly support** government policies that mandate non-fossil fuel heating systems, rooftop solar panels, and high levels of insulation in new housing developments. I believe in reducing carbon emissions and promoting sustainability, and I value equal opportunity for all, including future generations. However, I am concerned about the potential increase in housing costs and the risk of limiting housing supply, which could disproportionately affect families like mine. I also worry that overly strict mandates might not be practical or cost-effective in the long run, especially for lower-income households."
1878.0,0,ClimatePolicyID(5),"I **somewhat support** government policies that impose a carbon tax on fossil fuel sales and distribute the revenue to the public. As someone who values environmental responsibility and believes all lifeforms should be treated equally, I recognize the necessity of reducing carbon emissions to protect the planet. While I am not an environmental activist, I support pragmatic measures that address climate change and ensure the public benefits from such policies, aligning with my belief in equal opportunity and fair treatment for all."
1878.0,1,ClimatePolicyID(5),"I **somewhat support** a carbon fee and dividend policy because I believe in equal opportunity and fair treatment for all, and I recognize that reducing carbon emissions is necessary to protect the planet. However, I also value personal responsibility and economic stability, so I’m cautious about potential impacts on households and businesses, especially given my own income level and as a parent. I’d prefer a pragmatic approach that balances environmental goals with economic fairness."
1878.0,2,ClimatePolicyID(5),"I **somewhat support** a carbon fee and dividend policy. As someone who believes all lifeforms should be treated equally and values environmental responsibility, I recognize the need to reduce carbon emissions. However, I’m also cautious about government intervention and prefer policies that are both effective and fair, ensuring that the public benefits directly from the revenue—something I appreciate as a parent and someone who values equal opportunity."
1878.0,3,ClimatePolicyID(5),"I **somewhat support** a carbon tax with dividend payments. On one hand, I believe in equal opportunity and fair treatment for all, and a carbon fee could help level the playing field by putting a price on pollution while returning the revenue directly to citizens. This aligns with my skepticism of authority and my belief that society should work to equalize conditions. However, I’m also cautious about government intervention and prefer pragmatic, market-based solutions that don’t feel like another layer of bureaucracy or taxation. I’d want to see clear evidence that the dividend actually benefits people without creating dependency or unintended consequences."
1878.0,4,ClimatePolicyID(5),"I somewhat support a carbon fee and dividend policy because I believe in equal opportunity and fair treatment for all, and I recognize that reducing carbon emissions is necessary to protect the planet. However, I’m cautious about government intervention and prefer pragmatic, transparent solutions that don’t create new layers of bureaucracy or redistribute wealth in ways that feel unfair. I’d want to see clear evidence that the policy actually reduces emissions and benefits the public without unintended consequences."
1878.0,5,ClimatePolicyID(5),"I **somewhat support** a carbon tax with dividend payments. As someone who values fairness and equal opportunity, I see the policy as a way to address climate change while ensuring the public benefits, which aligns with my belief in treating all groups equally. However, I’m cautious about government intervention and worry that such a policy might be used as a tool for political gain rather than genuine environmental progress."
1878.0,0,ClimatePolicyID(6),"I hold a neutral position on compensating people in other countries impacted by climate change because I believe in global equality and the moral responsibility of all nations to address environmental harm. However, I am also skeptical of government policies that may lack transparency or accountability, and I value pragmatic solutions that balance fairness with effective implementation."
1878.0,1,ClimatePolicyID(6),"I would likely support government policies that compensate people in other countries impacted by climate change because I strongly believe in global equality and the moral responsibility of all nations to address environmental harm. However, I remain skeptical of how such policies might be implemented—particularly if they lack transparency or accountability—since I value pragmatic solutions that balance fairness with effective, trustworthy governance."
1878.0,2,ClimatePolicyID(6),"I would likely support government policies that compensate people in other countries impacted by climate change because I strongly believe in global equality and the moral responsibility of all nations to address environmental harm. However, I am also skeptical of government policies that may lack transparency or accountability, and I value pragmatic solutions that balance fairness with effective implementation."
1878.0,3,ClimatePolicyID(6),"I would likely support government policies that compensate people in other countries impacted by climate change because I strongly believe in global equality and the moral responsibility of all nations to address environmental harm. However, I am also skeptical of government policies that may lack transparency or accountability, and I value pragmatic solutions that balance fairness with effective implementation."
1878.0,4,ClimatePolicyID(6),"I would likely support government policies that compensate people in other countries impacted by climate change because I strongly believe in global equality and the moral responsibility of all nations to address environmental harm. However, I remain skeptical of how such policies might be implemented—particularly if they lack transparency or accountability—since I am wary of government overreach and prefer pragmatic, fair solutions that balance justice with effectiveness."
1878.0,5,ClimatePolicyID(6),"I would likely support government policies that compensate people in other countries impacted by climate change because I strongly believe in global equality and the moral responsibility of all nations to address environmental harm. However, I remain skeptical of how such policies might be implemented, especially if they lack transparency or accountability, and I would want to ensure that the compensation is fair, effective, and not used as a political tool."
844.0,0,ClimatePolicyID(1),"I strongly support government policies that accelerate the roll-out of renewable energy production, such as expanding offshore and onshore wind parks. As someone deeply committed to environmental protection and global harmony, I believe transitioning to renewable energy is essential for reducing our carbon footprint and ensuring a sustainable future for all life on Earth. This aligns with my values of equality, care for nature, and long-term thinking, and I see it as a responsible step toward a more just and resilient society."
844.0,1,ClimatePolicyID(1),"Given my values of environmental care and long-term sustainability, I would support policies that accelerate renewable energy production, as I believe it's essential for reducing carbon emissions and ensuring a livable planet for future generations. However, I might be cautious about rapid expansion without proper planning, as I value balanced decision-making and don't want to disrupt local communities or ecosystems unnecessarily. My support is driven by a desire for global harmony and equality, but I remain skeptical of policies that prioritize speed over thoughtful implementation."
844.0,2,ClimatePolicyID(1),"As someone who values environmental protection and long-term sustainability, I strongly support accelerating the roll-out of renewable energy like wind parks. I see this as a responsible step toward reducing our carbon footprint and ensuring a healthier planet for future generations, which aligns with my belief in global harmony and equal treatment of all life. However, I also consider the potential local impact on communities and landscapes, which makes me cautious about hasty development without proper consultation."
844.0,3,ClimatePolicyID(1),"I would support government policies that accelerate the roll-out of renewable energy production, like more offshore and onshore wind parks. As someone who values environmental protection and long-term sustainability, I see this as a necessary step toward reducing our carbon footprint and ensuring a livable planet for future generations. While I understand the concerns around local opposition and infrastructure challenges, I believe the long-term benefits for the environment and public health outweigh these issues."
844.0,4,ClimatePolicyID(1),"Given my values of environmental care and long-term sustainability, I strongly support accelerating renewable energy roll-out. As someone who believes in equal opportunity and global harmony, I see renewable energy as a way to reduce our carbon footprint and create a more just future for all. However, I also consider the potential impact on local communities and landscapes, which could be a concern if not managed thoughtfully. Overall, I lean towards supporting this policy, as it aligns with my commitment to protecting the planet and ensuring a sustainable world for future generations."
844.0,5,ClimatePolicyID(1),"Given my values of environmental protection and long-term sustainability, I would strongly support government policies that accelerate the roll-out of renewable energy, such as expanding offshore and onshore wind parks. As a parent and someone committed to caring for nature, I believe this is essential for securing a healthier planet for future generations. However, I also recognize potential concerns about local impact on communities and landscapes, which might make me cautious about rapid deployment without adequate consultation and planning."
844.0,0,ClimatePolicyID(2),"I **somewhat support** government policies that ban new oil, gas, and coal licenses because I strongly believe in protecting the environment and ensuring a sustainable future for all. Given my values of global harmony, equal opportunity, and respect for nature, I see such a ban as a necessary step to reduce environmental harm and promote long-term ecological balance. While I recognize the economic implications, I believe the long-term benefits for future generations and the planet outweigh the short-term costs."
844.0,1,ClimatePolicyID(2),"I **somewhat support** government policies that ban new oil, gas, and coal licenses. As someone who values environmental protection and long-term sustainability, I see this as a necessary step to reduce our carbon footprint and ensure a livable planet for future generations. However, I also recognize the economic impact on industries and communities that rely on these sectors, and I remain cautious about how such a ban is implemented to avoid unintended hardship."
844.0,2,ClimatePolicyID(2),"I **somewhat support** government policies that ban new oil, gas, and coal licenses. As someone who values environmental protection and long-term sustainability, I see this as a necessary step to reduce our carbon footprint and ensure a livable planet for future generations. However, I also recognize the economic impact on industries and communities that rely on these sectors, and I’m mindful of the need for a balanced approach that supports transition rather than abrupt disruption."
844.0,3,ClimatePolicyID(2),"I **somewhat support** government policies that ban new oil, gas, and coal licenses. As someone who values environmental protection and long-term sustainability, I see this as a necessary step to reduce harm to the planet and ensure a livable future for my children and others. However, I also recognize the economic impact on workers and communities reliant on these industries, and I remain cautious about how such a ban is implemented—ensuring fair transitions and support for affected regions."
844.0,4,ClimatePolicyID(2),"I **somewhat support** government policies that ban new oil, gas, and coal licenses. As someone who values environmental protection and long-term sustainability, I see this as a necessary step to reduce carbon emissions and preserve natural resources for future generations. However, I also recognize the economic impact on industries and communities that rely on these sectors, and I remain cautious about how such a ban is implemented to ensure a just transition for workers and local economies."
844.0,5,ClimatePolicyID(2),"I **somewhat support** government policies that ban new oil, gas, and coal licenses. As someone who values environmental protection and long-term sustainability, I see this as a necessary step to reduce harm to the planet and ensure a livable future for my children and others. However, I also recognize the economic impact on communities and industries, which makes me cautious about abrupt transitions and the potential for job losses, especially in regions where energy production is a key part of the local economy."
844.0,0,ClimatePolicyID(3),"I **strongly support** government policies that ban the sale of new petrol cars by no later than 2030. As someone deeply committed to environmental protection and global harmony, I recognize that transitioning to electric vehicles is essential for reducing carbon emissions and combating climate change. This policy aligns with my values of sustainability, equality, and responsibility toward future generations, ensuring a cleaner, healthier planet for all."
844.0,1,ClimatePolicyID(3),"I **strongly support** government policies that ban the sale of new petrol cars by no later than 2030. As someone who values environmental protection and long-term sustainability, I see this as a necessary step to reduce carbon emissions and combat climate change. While I understand the potential challenges for some drivers, my commitment to global harmony and equal opportunity means I believe society should actively work to transition toward cleaner, more sustainable technologies for the benefit of all."
844.0,2,ClimatePolicyID(3),"Given my values of environmental protection and long-term sustainability, I **strongly support** a ban on new petrol car sales by 2030. As someone who cares deeply about the planet and wants to leave a healthier world for my children, I believe this policy is necessary to combat climate change and reduce pollution. However, I also consider the practical challenges for lower-income families who may struggle with the upfront cost of electric vehicles, which could create a new form of inequality. Despite this concern, my commitment to environmental responsibility and global harmony outweighs my reservations."
844.0,3,ClimatePolicyID(3),"Given my values of environmental protection and long-term sustainability, I **strongly support** the ban on new petrol cars by 2030. As someone who cares deeply about the planet and wants to leave a healthier world for my children, I see this as a necessary step to reduce carbon emissions and combat climate change. While I understand the practical challenges for some, I believe the long-term benefits for the environment and public health far outweigh the short-term inconveniences."
844.0,4,ClimatePolicyID(3),"Given my values of environmental protection and long-term sustainability, I **strongly support** the ban on new petrol cars by 2030. As someone who cares deeply about the planet and wants to leave a healthier world for my children, this policy aligns with my belief that we must take decisive action to combat climate change. However, I also recognize that such a policy could place a financial burden on some families, which makes me cautious about how it's implemented."
844.0,5,ClimatePolicyID(3),"Based on my values and experiences, I **strongly support** the ban on new petrol car sales by 2030. As someone who cares deeply about the environment and the long-term health of the planet, I see this as a necessary step to reduce carbon emissions and combat climate change. I believe in taking responsibility for future generations and ensuring that we leave a sustainable world, even if it means making difficult changes in the short term."
844.0,0,ClimatePolicyID(4),"I **strongly support** government policies that mandate non-fossil fuel heating systems, rooftop solar panels, and high levels of insulation in all new housing developments. As someone deeply committed to environmental protection and global harmony, I believe these measures are essential for reducing carbon emissions and promoting sustainable living. They align with my values of equality and responsibility toward future generations, ensuring that all communities can thrive in a healthier, more resilient environment."
844.0,1,ClimatePolicyID(4),"I **strongly support** government policies that mandate non-fossil fuel heating systems, rooftop solar panels, and high levels of insulation in all new housing developments. As a parent and someone committed to environmental protection, I believe these measures are essential for reducing carbon emissions and ensuring a sustainable future for my children and future generations. While I understand the potential costs and challenges for developers, I value long-term environmental responsibility and believe the benefits of cleaner, more resilient housing outweigh the short-term financial burdens."
844.0,2,ClimatePolicyID(4),"I **strongly support** this policy. As someone who values environmental protection and long-term sustainability, I believe that mandating non-fossil fuel heating, solar panels, and high insulation in new housing is essential for reducing carbon emissions and creating healthier living environments. These measures align with my commitment to equality and responsibility toward future generations, ensuring that all communities can thrive in a more resilient and harmonious world."
844.0,3,ClimatePolicyID(4),"I **strongly support** government policies that mandate non-fossil fuel heating systems, rooftop solar panels, and high levels of insulation in all new housing developments. As someone who values environmental protection and long-term sustainability, I see these measures as essential for reducing carbon emissions and ensuring future generations inherit a livable planet. While I understand the potential costs and logistical challenges, my commitment to equality and collective responsibility outweighs concerns about short-term expenses."
844.0,4,ClimatePolicyID(4),"I **strongly support** this policy. As someone committed to environmental protection and sustainable living, I believe that mandating non-fossil fuel heating, solar panels, and high insulation in new housing is essential for reducing carbon emissions and ensuring future generations inherit a livable planet. These measures align with my values of equality and responsibility, and I see them as a fair and necessary step for all communities to thrive in a healthier environment."
844.0,5,ClimatePolicyID(4),"I **strongly support** government policies that mandate non-fossil fuel heating systems, rooftop solar panels, and high levels of insulation in all new housing developments. As a parent and someone committed to environmental protection, I believe these measures are essential for reducing carbon emissions and ensuring a sustainable future for my children and future generations. While I understand the potential costs and logistical challenges, I prioritize long-term environmental responsibility and equality in access to clean, affordable energy over short-term financial concerns."
844.0,0,ClimatePolicyID(5),"I **strongly support** government policies that impose a carbon tax on fossil fuel sales and distribute the tax revenues to the public. As someone deeply committed to environmental protection and social equity, I believe a carbon fee and dividend approach effectively addresses climate change while ensuring fairness by returning revenue directly to citizens. This aligns with my values of global harmony, equal opportunity, and caring for all lifeforms, as it incentivizes sustainable practices and supports communities in a just transition to a greener future."
844.0,1,ClimatePolicyID(5),"Given my values of environmental protection and social equity, I **strongly support** a carbon fee and dividend policy. I believe it aligns with my commitment to caring for the planet and ensuring fairness, as it incentivizes sustainable practices while returning revenue directly to citizens. However, I also consider the potential economic impact on lower-income households and the need for a gradual implementation to avoid disruption, which might temper my support slightly."
844.0,2,ClimatePolicyID(5),"Based on my values and experiences, I **strongly support** a carbon fee and dividend policy. As someone who cares deeply about the environment and believes in fairness, I see this as a way to address climate change while also giving back to the public. The idea of taxing fossil fuels and distributing the revenue directly to citizens aligns with my belief in equal opportunity and helping others, and I think it’s a practical and just approach to transitioning to a greener economy."
844.0,3,ClimatePolicyID(5),"Given my values of environmental protection, social equity, and global harmony, I **strongly support** a carbon fee and dividend policy. I believe it aligns with my commitment to reducing carbon emissions while ensuring fairness by returning revenue directly to citizens, which I see as a just way to support families and encourage sustainable behavior. My support is also influenced by my belief in equal opportunity and my desire to see a transition to a greener future that benefits everyone, not just the wealthy or powerful."
844.0,4,ClimatePolicyID(5),"Given my values of environmental protection, social equity, and global harmony, I **strongly support** a carbon fee and dividend policy. I believe it aligns with my commitment to reducing carbon emissions while ensuring fairness by returning revenue directly to citizens, which I see as a just and practical way to transition to a greener economy. However, I also consider the potential economic impact on lower-income households and the need for clear implementation to avoid unintended consequences."
844.0,5,ClimatePolicyID(5),"Given my values of environmental care, social equity, and global harmony, I **strongly support** a carbon fee and dividend policy. I believe it aligns with my commitment to protecting the planet and ensuring fairness by returning revenue to the public, which I see as a just way to address climate change without disproportionately burdening lower-income households. However, I also consider the potential for increased energy costs and the need for a smooth transition, which might make me cautious about implementation details."
844.0,0,ClimatePolicyID(6),"I **somewhat oppose** government policies that compensate people in other countries impacted by climate change. While I deeply care about global harmony and environmental justice, I believe that climate change is a global challenge that requires collective action and responsibility, not just financial transfers. I think it's more effective to focus on reducing emissions and supporting sustainable development worldwide rather than compensating for damages after the fact."
844.0,1,ClimatePolicyID(6),"I **somewhat oppose** government policies that compensate people in other countries impacted by climate change. While I care deeply about global fairness and environmental justice, I believe that climate change is a global challenge requiring shared responsibility and action, not just financial transfers. I think it's more effective to focus on reducing emissions and supporting sustainable development worldwide rather than compensating for damages after the fact."
844.0,2,ClimatePolicyID(6),"I **somewhat oppose** government policies that compensate people in other countries impacted by climate change. While I deeply care about global harmony and environmental justice, I believe that climate change is a global challenge that requires collective action and responsibility, not just financial transfers. I think it's more effective to focus on reducing emissions and supporting sustainable development worldwide rather than compensating for damages after the fact."
844.0,3,ClimatePolicyID(6),"I **somewhat oppose** government policies that compensate people in other countries impacted by climate change. While I deeply care about global harmony and environmental justice, I believe that climate change is a global challenge that requires collective action and responsibility, not just financial transfers. I think it's more effective to focus on reducing emissions and supporting sustainable development worldwide rather than compensating for damages after the fact."
844.0,4,ClimatePolicyID(6),"I **somewhat oppose** government policies that compensate people in other countries impacted by climate change. While I care deeply about global harmony and environmental justice, I believe climate change is a shared challenge that requires collective action and responsibility, not just financial transfers. I think it's more effective to focus on reducing emissions and supporting sustainable development worldwide rather than compensating for damages after the fact."
844.0,5,ClimatePolicyID(6),"I **somewhat oppose** government policies that compensate people in other countries impacted by climate change. While I care deeply about global fairness and environmental justice, I believe that climate change is a global challenge requiring shared responsibility, not just financial transfers. I think it's more effective to focus on reducing emissions and supporting sustainable development worldwide rather than compensating for damages after the fact. However, I do recognize that some countries are more vulnerable and may need support, which makes me cautiously open to targeted, conditional aid."
409.0,0,ClimatePolicyID(1),"I somewhat support accelerating the roll-out of renewable energy production because I believe in balancing human progress with environmental respect, which aligns with my values of sustainability and equal opportunity. While I am not an environmental activist, I recognize the importance of reducing reliance on fossil fuels and ensuring a fair transition for communities affected by the shift to renewable energy."
409.0,1,ClimatePolicyID(1),"I would somewhat support accelerating the roll-out of renewable energy production because I believe in balancing human progress with environmental respect, which aligns with my values of sustainability and equal opportunity. While I am not an environmental activist, I recognize the importance of reducing reliance on fossil fuels and ensuring a fair transition for communities affected by the shift to renewable energy. However, I am also concerned about the potential disruption to local landscapes and the need for proper consultation with affected communities, which I value highly."
409.0,2,ClimatePolicyID(1),"I would somewhat support accelerating the roll-out of renewable energy production because I believe in balancing human progress with environmental respect, which aligns with my values of sustainability and equal opportunity. While I am not an environmental activist, I recognize the importance of reducing reliance on fossil fuels and ensuring a fair transition for communities affected by the shift to renewable energy. However, I might oppose it if it leads to significant disruption in my local area, like the East Midlands, or if it's done without proper consultation and support for those impacted."
409.0,3,ClimatePolicyID(1),"I would somewhat support accelerating the roll-out of renewable energy production because I believe in balancing human progress with environmental respect, which aligns with my values of sustainability and equal opportunity. While I’m not an environmental activist, I recognize the importance of reducing reliance on fossil fuels and ensuring a fair transition for communities affected by the shift to renewable energy. However, I might oppose it if it leads to local disruptions, like noise or visual impact on rural areas where I live, or if it’s done without proper consultation with local communities."
409.0,4,ClimatePolicyID(1),"I would somewhat support accelerating the roll-out of renewable energy production because I believe in balancing human progress with environmental respect, which aligns with my values of sustainability and equal opportunity. While I am not an environmental activist, I recognize the importance of reducing reliance on fossil fuels and ensuring a fair transition for communities affected by the shift to renewable energy. However, I am concerned about the potential disruption to local landscapes and the need for proper compensation for those whose lives are impacted by new wind farms."
409.0,5,ClimatePolicyID(1),"I would somewhat support accelerating the roll-out of renewable energy production because I believe in balancing human progress with environmental respect, which aligns with my values of sustainability and equal opportunity. While I am not an environmental activist, I recognize the importance of reducing reliance on fossil fuels and ensuring a fair transition for communities affected by the shift to renewable energy. However, I am cautious about the potential disruption to local landscapes and the need for proper consultation with affected communities, which I value highly."
409.0,0,ClimatePolicyID(2),"I **somewhat support** government policies that ban new oil, gas, and coal licenses. Given my values of environmental respect and belief in societal progress balanced with ecological responsibility, I recognize the long-term benefits of reducing fossil fuel dependence. While I am not an extreme environmentalist, I do believe that prioritizing sustainable energy and limiting harmful industries aligns with a fairer, more responsible future for all."
409.0,1,ClimatePolicyID(2),"I **somewhat support** government policies that ban new oil, gas, and coal licenses. As a left-wing voter who values fairness and environmental responsibility, I see this as a step toward a more sustainable and equitable future. However, I also worry about the economic impact on local communities and workers in these industries, which could affect my own area in the East Midlands."
409.0,2,ClimatePolicyID(2),"I **somewhat support** government policies that ban new oil, gas, and coal licenses. As someone who values a fair society and believes in balancing progress with environmental responsibility, I see this as a step toward a more sustainable future. However, I also understand the economic concerns for communities reliant on these industries, and I worry about the transition costs and potential job losses, which could affect people I know."
409.0,3,ClimatePolicyID(2),"I **somewhat support** government policies that ban new oil, gas, and coal licenses. As someone who values a fairer society and is skeptical of unchecked authority, I see such a ban as a step toward reducing harmful industries and promoting sustainable alternatives. However, I also understand the economic concerns for workers and communities reliant on these sectors, and I’m cautious about how quickly or forcefully such a shift is implemented without adequate support for transition."
409.0,4,ClimatePolicyID(2),"I **somewhat support** government policies that ban new oil, gas, and coal licenses. As a left-wing voter who values equality and environmental balance, I see this as a step toward a fairer society that doesn’t prioritize short-term profit over long-term sustainability. However, I also worry about the economic impact on local communities and workers, especially in the East Midlands, which could leave some behind if the transition isn’t managed carefully."
409.0,5,ClimatePolicyID(2),"I **somewhat support** government policies that ban new oil, gas, and coal licenses. As a left-wing voter who values fairness and environmental responsibility, I see this as a step toward a more sustainable and equitable future. However, I also worry about the economic impact on local communities and workers in these industries, which could affect my own region and the livelihoods of people I know."
409.0,0,ClimatePolicyID(3),"I slightly support the ban on the sale of new petrol cars by 2030. While I value environmental protection and believe in balancing human progress with respect for nature, I am not fully committed to extreme environmental policies that might impose unnecessary burdens on individuals or communities. I support moving toward cleaner transportation, but I also believe in practical, gradual change that considers the needs and realities of everyday people."
409.0,1,ClimatePolicyID(3),"I would slightly support the ban on new petrol cars by 2030 because I believe in balancing environmental responsibility with human progress, and I think moving away from fossil fuels is a necessary step for long-term sustainability. However, I also worry about the practical impact on working-class families and rural communities who may struggle with the transition, especially given my own experiences as a parent and my left-wing values. I want to see a fair and gradual shift that doesn’t leave people behind."
409.0,2,ClimatePolicyID(3),"I would slightly support the ban on new petrol cars by 2030, as I believe in balancing environmental concerns with human progress, and I think moving away from fossil fuels is a necessary step for the long-term health of the planet. However, I also worry about the practical impact on working-class families and small businesses in the East Midlands, and I’m concerned that such a policy might be implemented too quickly without enough support for alternatives like public transport or electric vehicle infrastructure."
409.0,3,ClimatePolicyID(3),"I would slightly support the ban on new petrol cars by 2030, as I believe in balancing environmental responsibility with human progress. However, I also worry about the practical impact on working-class families and rural communities who may struggle with the cost of transitioning to electric vehicles, especially given my own experience as a parent and my left-wing values. I think the government should provide more support for alternatives, but I don’t think the timeline is too aggressive."
409.0,4,ClimatePolicyID(3),"I would slightly support the ban on new petrol cars by 2030 because I believe in balancing environmental responsibility with human progress, and I think moving away from fossil fuels is a necessary step for the planet’s future. However, I also worry about the practical impact on working-class families and small businesses in the East Midlands, who might struggle with the cost of transitioning to electric vehicles, and I’m not fully convinced that the government has the infrastructure or support systems in place to make this transition fair and manageable for everyone."
409.0,5,ClimatePolicyID(3),"I would slightly support the ban on new petrol cars by 2030 because I believe in balancing environmental responsibility with human progress, and I think moving away from fossil fuels is a necessary step for long-term sustainability. However, I also worry about the practical challenges for everyday people, especially in areas like the East Midlands where public transport isn't always reliable, and I’m concerned about the cost and disruption such a policy might cause for working-class families."
409.0,0,ClimatePolicyID(4),"I **strongly support** government policies that mandate non-fossil fuel heating systems, rooftop solar panels, and high levels of insulation in all new housing developments. As someone who values environmental balance and believes in societal progress through questioning authority and traditions, I see these measures as essential steps toward reducing our carbon footprint without extreme measures. I also believe in equal opportunities and fair treatment of all groups, and transitioning to sustainable housing helps create a more equitable and resilient future for everyone."
409.0,1,ClimatePolicyID(4),"I **strongly support** government policies that mandate non-fossil fuel heating systems, rooftop solar panels, and high levels of insulation in all new housing developments. As someone who values environmental balance and believes in societal progress through questioning authority, I see these measures as essential steps toward reducing our carbon footprint without extreme measures. I also believe in equal opportunities and fair treatment of all groups, and transitioning to sustainable housing helps create a more equitable and resilient future for everyone."
409.0,2,ClimatePolicyID(4),"I **strongly support** government policies that mandate non-fossil fuel heating systems, rooftop solar panels, and high levels of insulation in all new housing developments. As a left-wing voter who values equality and environmental balance, I see these measures as necessary steps toward a fairer, more sustainable future. While I understand the potential costs and challenges, I believe the long-term benefits—reduced carbon emissions, lower energy bills for future residents, and a more resilient housing market—align with my values of progress and social responsibility."
409.0,3,ClimatePolicyID(4),"I **strongly support** government policies that mandate non-fossil fuel heating systems, rooftop solar panels, and high levels of insulation in all new housing developments. As someone who values environmental balance and believes in societal progress through questioning authority, I see these measures as essential steps toward reducing our carbon footprint without extreme measures. I also believe in equal opportunities and fair treatment of all groups, and transitioning to sustainable housing helps create a more equitable and resilient future for everyone."
409.0,4,ClimatePolicyID(4),"I **strongly support** government policies that mandate non-fossil fuel heating systems, rooftop solar panels, and high levels of insulation in all new housing developments. As a left-wing voter who values environmental balance and equal opportunities, I see these measures as necessary steps toward a more sustainable and equitable future. I believe that transitioning to green housing not only reduces our carbon footprint but also ensures that all future residents—regardless of background—can live in energy-efficient, affordable homes without relying on harmful fossil fuels."
409.0,5,ClimatePolicyID(4),"I **strongly support** government policies that mandate non-fossil fuel heating systems, rooftop solar panels, and high levels of insulation in all new housing developments. As someone who values environmental balance and believes in societal progress through questioning authority, I see these measures as essential steps toward reducing our carbon footprint without extreme measures. I also believe in equal opportunities and fair treatment of all groups, and transitioning to sustainable housing helps create a more equitable and resilient future for everyone."
409.0,0,ClimatePolicyID(5),"I slightly support a carbon tax with the revenue distributed to the public. As someone who values environmental balance and believes in equal opportunity, I see this policy as a fair way to address climate change while ensuring the public benefits directly. While I’m not an environmental activist, I recognize the need to reduce fossil fuel use and believe redistributing the tax could help offset potential costs on households, aligning with my values of fairness and societal progress."
409.0,1,ClimatePolicyID(5),"I would slightly support a carbon tax with the revenue distributed to the public. As someone who values fairness and believes in equal opportunity, I see this policy as a way to address climate change while ensuring the public benefits directly. However, I’m cautious about government intervention and concerned that such a policy might place an unfair burden on lower-income households if not carefully managed."
409.0,2,ClimatePolicyID(5),"I would slightly support a carbon tax with the revenue distributed to the public. As someone who values fairness and believes in equal opportunity, I see this policy as a way to address climate change while ensuring the public benefits directly. However, I’m cautious about government intervention and prefer policies that don’t feel like another tax on everyday people, especially as a parent trying to manage household costs."
409.0,3,ClimatePolicyID(5),"I would slightly support a carbon tax with the revenue distributed to the public. As someone who values fairness and believes in equal opportunity, I see this as a way to address climate change while ensuring the public benefits directly. However, I’m concerned about the potential impact on lower-income households and the complexity of implementing such a policy effectively."
409.0,4,ClimatePolicyID(5),"I would slightly support a carbon tax with the revenue distributed to the public. As someone who values fairness and believes in equal opportunity, I see this policy as a way to address climate change while ensuring the public benefits directly. I’m not an environmental activist, but I do care about the long-term health of the planet and think it’s important to reduce fossil fuel use in a way that doesn’t unfairly burden low-income households. However, I’m also wary of government overreach and prefer policies that are transparent and directly benefit people, rather than being another layer of taxation."
409.0,5,ClimatePolicyID(5),"I would slightly support a carbon tax with the revenue distributed to the public. As someone who values fairness and believes in equal opportunity, I see this as a way to address climate change while ensuring the public benefits directly. I’m not an environmental activist, but I do care about balancing human progress with environmental respect, and redistributing the tax could help offset potential costs on households, which aligns with my left-wing values and concern for social equity."
409.0,0,ClimatePolicyID(6),"I somewhat support government policies that compensate people in other countries impacted by climate change. Given my belief in equal opportunity and fairness, I recognize that those least responsible for climate change often bear the greatest consequences. While I value environmental responsibility, I also believe that supporting vulnerable communities abroad aligns with a just and compassionate approach to global challenges."
409.0,1,ClimatePolicyID(6),"I somewhat support government policies that compensate people in other countries impacted by climate change. My left-wing values and belief in equal opportunity make me sympathetic to those who are least responsible for climate change but suffer the most. However, I also worry about the practicality and fairness of such policies, and whether they might be used as a way to shift responsibility rather than address the root causes of environmental harm."
409.0,2,ClimatePolicyID(6),"I somewhat support government policies that compensate people in other countries impacted by climate change. My left-wing values and belief in equal opportunity make me sympathetic to those who are least responsible for climate change but suffer the most. However, I also worry about the practicality and fairness of such policies, and whether they might be used as a way to shift responsibility rather than address the root causes of environmental harm."
409.0,3,ClimatePolicyID(6),"I somewhat support government policies that compensate people in other countries impacted by climate change. My left-wing values and belief in equal opportunity make me sympathetic to those who are least responsible for climate change but suffer the most. However, I also worry about the practicality and fairness of such policies, and whether they might be used as a way for wealthier nations to avoid real accountability."
409.0,4,ClimatePolicyID(6),"I somewhat support government policies that compensate people in other countries impacted by climate change. My left-wing values and belief in equal opportunity make me sympathetic to those who are least responsible for climate change but suffer the most. However, I’m also cautious about how such policies are funded and implemented, as I worry about the potential for mismanagement or prioritizing political agendas over genuine aid."
409.0,5,ClimatePolicyID(6),"I somewhat support government policies that compensate people in other countries impacted by climate change. My left-wing values and belief in equal opportunity make me sympathetic to those who are least responsible for climate change but suffer the most. However, I also consider the practicality and effectiveness of such policies, and I'm cautious about how resources are allocated, especially given my own financial situation and the need for domestic priorities."
1957.0,0,ClimatePolicyID(1),"I strongly support government policies that accelerate the roll-out of renewable energy production, such as more offshore and onshore wind parks. As someone who values equality and the fair treatment of all lifeforms, I believe transitioning to renewable energy is essential for reducing environmental harm and ensuring a sustainable future for all. I also recognize the importance of moving away from fossil fuels, which contribute to climate change and disproportionately affect vulnerable communities."
1957.0,1,ClimatePolicyID(1),"I would support government policies that accelerate the roll-out of renewable energy production, like more wind parks, because I believe in fairness and sustainability for all life. As someone who values equality and is skeptical of authority, I see renewable energy as a way to reduce harm to the planet and avoid the disproportionate damage caused by fossil fuels. However, I’m also cautious about rapid change that might disrupt local communities or jobs, so I’d want to ensure the transition is managed fairly and with input from those affected."
1957.0,2,ClimatePolicyID(1),"I would support government policies that accelerate the roll-out of renewable energy production, like more wind parks, because I believe in fairness and sustainability for all life. I see renewable energy as a way to reduce harm to the environment and avoid the negative impacts of fossil fuels, which I think disproportionately affect poorer communities. However, I might be cautious about how these projects are implemented, especially if they disrupt local communities or natural habitats, which I care about but don’t always prioritize over other concerns."
1957.0,3,ClimatePolicyID(1),"I would support government policies that accelerate the roll-out of renewable energy production, like more wind parks, because I believe in reducing environmental harm and ensuring a fairer future for all. As someone who values equality and sustainability, I see renewable energy as a way to move away from fossil fuels, which not only damage the planet but also disproportionately affect poorer communities. However, I'm also cautious about how these projects are implemented—especially if they disrupt local communities or natural habitats—so I’d want to ensure they’re done responsibly and with public input."
1957.0,4,ClimatePolicyID(1),"I would support government policies that accelerate the roll-out of renewable energy production, like more wind parks, because I believe in fairness and sustainability for all life on Earth. As someone who values equality and is skeptical of authority, I see renewable energy as a way to reduce harm to the environment and create a more just system. However, I might be cautious about how these projects are implemented, especially if they disrupt local communities or are pushed too quickly without proper consultation."
1957.0,5,ClimatePolicyID(1),"I would support government policies that accelerate the roll-out of renewable energy production, like more wind parks, because I believe in reducing environmental harm and ensuring a sustainable future for all, which aligns with my values of equality and respect for all life. However, I might be cautious about how these projects are implemented, especially if they disrupt local communities or natural habitats, as I don't want to see any group, including local residents, unfairly affected."
1957.0,0,ClimatePolicyID(2),"I **strongly support** government policies that ban new oil, gas, and coal licenses. As someone who values equality and the fair treatment of all lifeforms, I believe that continuing to extract and burn fossil fuels disproportionately harms the planet and future generations, while benefiting a small minority. I also strongly reject the idea that any group should dominate others, and I see the fossil fuel industry as a powerful force that undermines both environmental justice and social equity."
1957.0,1,ClimatePolicyID(2),"I **strongly support** government policies that ban new oil, gas, and coal licenses. As someone who values equality and the fair treatment of all lifeforms, I see the fossil fuel industry as a powerful force that exploits both the environment and future generations. I believe that continuing to extract and burn these resources disproportionately harms the planet and undermines social equity, which aligns with my left-wing values and rejection of dominant groups."
1957.0,2,ClimatePolicyID(2),"I **strongly support** government policies that ban new oil, gas, and coal licenses. As someone who values equality and the fair treatment of all lifeforms, I see the fossil fuel industry as a powerful force that undermines both environmental justice and social equity. I believe that continuing to extract and burn these resources disproportionately harms the planet and future generations, while benefiting a small minority, which goes against my core belief that no group should dominate others."
1957.0,3,ClimatePolicyID(2),"I **strongly support** government policies that ban new oil, gas, and coal licenses. As someone who values equality and the fair treatment of all lifeforms, I believe that continuing to extract and burn fossil fuels disproportionately harms the planet and future generations, while benefiting a small minority. I also strongly reject the idea that any group should dominate others, and I see the fossil fuel industry as a powerful force that undermines both environmental justice and social equity."
1957.0,4,ClimatePolicyID(2),"I **strongly support** government policies that ban new oil, gas, and coal licenses. As someone who values equality and the fair treatment of all lifeforms, I see the fossil fuel industry as a powerful force that undermines both environmental justice and social equity. I believe that continuing to extract and burn these resources disproportionately harms the planet and future generations, while benefiting a small minority, which aligns with my strong rejection of domination and my belief in equal opportunity for all."
1957.0,5,ClimatePolicyID(2),"I **strongly support** government policies that ban new oil, gas, and coal licenses. As someone who values equality and the fair treatment of all lifeforms, I believe that continuing to extract and burn fossil fuels disproportionately harms the planet and future generations, while benefiting a small minority. I also strongly reject the idea that any group should dominate others, and I see the fossil fuel industry as a powerful force that undermines both environmental justice and social equity."
1957.0,0,ClimatePolicyID(3),"I **strongly support** the ban on the sale of new petrol cars by 2030. As someone who values equality and the long-term well-being of all life on Earth, I believe transitioning to cleaner transportation is essential to reducing environmental harm and ensuring a sustainable future for future generations. While I respect tradition and societal norms, I also believe in questioning authority and adapting to necessary changes for the greater good."
1957.0,1,ClimatePolicyID(3),"I **strongly support** the ban on the sale of new petrol cars by 2030. As someone who values equality and the long-term well-being of all life on Earth, I believe transitioning to cleaner transportation is essential to reducing environmental harm and ensuring a sustainable future for future generations. While I respect tradition and societal norms, I also believe in questioning authority and adapting to necessary changes for the greater good."
1957.0,2,ClimatePolicyID(3),"I **strongly support** the ban on the sale of new petrol cars by 2030. As someone who values equality and the long-term well-being of all life on Earth, I see this as a necessary step toward reducing environmental harm and ensuring a sustainable future. While I respect tradition, I also believe in questioning authority and adapting to changes that benefit society as a whole."
1957.0,3,ClimatePolicyID(3),"I **strongly support** the ban on the sale of new petrol cars by 2030. As someone who values equality and the long-term well-being of all life on Earth, I believe transitioning to cleaner transportation is essential to reducing environmental harm and ensuring a sustainable future for future generations. While I respect tradition and societal norms, I also believe in questioning authority and adapting to necessary changes for the greater good."
1957.0,4,ClimatePolicyID(3),"I **strongly support** the ban on the sale of new petrol cars by 2030. As someone who values equality and the long-term well-being of all life on Earth, I believe transitioning to cleaner transportation is essential to reducing environmental harm and ensuring a sustainable future for future generations. While I respect tradition and societal norms, I also believe in questioning authority and adapting to necessary changes for the greater good."
1957.0,5,ClimatePolicyID(3),"I **strongly support** the ban on the sale of new petrol cars by 2030. As someone who values equality and the long-term well-being of all life on Earth, I see this as a necessary step toward reducing environmental harm and ensuring a sustainable future. While I respect tradition, I also believe in questioning authority and adapting to changes that benefit the greater good, even if it means challenging existing norms in the transport sector."
1957.0,0,ClimatePolicyID(4),"I **strongly support** government policies that mandate non-fossil fuel heating systems, rooftop solar panels, and high levels of insulation in new housing developments. As someone who values environmental responsibility and believes all lifeforms should be treated equally, I see these measures as essential to reducing our ecological footprint and ensuring a sustainable future. I also believe in societal progress through questioning authority and adapting to new, more ethical standards—especially when it comes to protecting the planet for future generations."
1957.0,1,ClimatePolicyID(4),"I **strongly support** this policy. As someone who values environmental responsibility and believes all lifeforms should be treated equally, I see these measures as essential to reducing our ecological footprint and ensuring a sustainable future. I also believe in societal progress through questioning authority and adapting to new, more ethical standards—especially when it comes to protecting the planet for future generations."
1957.0,2,ClimatePolicyID(4),"I **strongly support** government policies that mandate non-fossil fuel heating systems, rooftop solar panels, and high levels of insulation in new housing developments. As someone who values environmental responsibility and believes all lifeforms should be treated equally, I see these measures as essential to reducing our ecological footprint and ensuring a sustainable future. I also believe in societal progress through questioning authority and adapting to new, more ethical standards—especially when it comes to protecting the planet for future generations."
1957.0,3,ClimatePolicyID(4),"I **strongly support** government policies that mandate non-fossil fuel heating systems, rooftop solar panels, and high levels of insulation in new housing developments. As someone who values environmental responsibility and believes all lifeforms should be treated equally, I see these measures as essential to reducing our ecological footprint and ensuring a sustainable future. I also believe in societal progress through questioning authority and adapting to new, more ethical standards—especially when it comes to protecting the planet for future generations."
1957.0,4,ClimatePolicyID(4),"I **strongly support** government policies that mandate non-fossil fuel heating systems, rooftop solar panels, and high levels of insulation in new housing developments. As someone who values environmental responsibility and believes all lifeforms should be treated equally, I see these measures as essential to reducing our ecological footprint and ensuring a sustainable future. I also believe in societal progress through questioning authority and adapting to new, more ethical standards—especially when it comes to protecting the planet for future generations."
1957.0,5,ClimatePolicyID(4),"I **strongly support** this policy. As someone who values environmental responsibility and believes all lifeforms should be treated equally, I see these measures as essential to reducing our ecological footprint and ensuring a sustainable future. I also believe in societal progress through questioning authority and adapting to new, more ethical standards—especially when it comes to protecting the planet for future generations."
1957.0,0,ClimatePolicyID(5),"I **strongly support** government policies that impose a carbon tax on fossil fuel sales and distribute the tax revenues to the public. As someone who values equality and believes all life should be treated equally, I see a carbon fee and dividend as a fair way to address environmental harm while ensuring the public benefits directly. This approach aligns with my skepticism of unchecked authority and my belief that society should actively work to equalize conditions, making it both just and practical."
1957.0,1,ClimatePolicyID(5),"I **strongly support** a carbon fee and dividend. As someone who values equality and believes all life should be treated equally, I see this policy as a fair way to address environmental harm while ensuring the public benefits directly. It aligns with my left-wing views and skepticism of unchecked authority, making it both just and practical."
1957.0,2,ClimatePolicyID(5),"I **strongly support** a carbon fee and dividend. As someone who values equality and believes all life should be treated equally, I see a carbon tax as a fair way to address environmental harm without punishing low-income people. Distributing the revenue directly to the public aligns with my belief in equal opportunity and my skepticism of authority, making it both just and practical."
1957.0,3,ClimatePolicyID(5),"I **strongly support** a carbon fee and dividend. As someone who values equality and believes all life should be treated equally, I see this policy as a fair way to address environmental harm while ensuring the public benefits directly. It aligns with my left-wing views and my skepticism of unchecked authority, making it both just and practical."
1957.0,4,ClimatePolicyID(5),"I **strongly support** a carbon fee and dividend. As someone who values equality and believes all life should be treated equally, I see a carbon tax as a fair way to address environmental harm without punishing low-income people. Distributing the revenue directly to the public aligns with my belief in equal opportunity and my skepticism of unchecked authority, making it both just and practical."
1957.0,5,ClimatePolicyID(5),"I **strongly support** a carbon fee and dividend. As someone who values equality and believes all life should be treated equally, I see a carbon tax as a fair way to address environmental harm while ensuring the public benefits directly. This aligns with my left-wing views and my belief that society should actively work to equalize conditions, making it both just and practical."
1957.0,0,ClimatePolicyID(6),"I slightly support government policies that compensate people in other countries impacted by climate change. While I believe in global equality and the moral responsibility of developed nations to address their role in climate change, I also value practicality and the need for sustainable solutions. I think compensation can be part of a broader effort to support vulnerable communities, but I remain skeptical of large-scale international aid without clear, measurable outcomes."
1957.0,1,ClimatePolicyID(6),"I slightly support government policies that compensate people in other countries impacted by climate change. On one hand, I believe in global equality and the moral responsibility of developed nations to address our role in climate change, and I think helping vulnerable communities is a fair and necessary step. On the other hand, I’m skeptical of large-scale international aid without clear, measurable outcomes, and I worry about how such policies might be mismanaged or used as a political tool rather than a genuine effort to help."
1957.0,2,ClimatePolicyID(6),"I slightly support government policies that compensate people in other countries impacted by climate change. On one hand, I believe in global equality and the moral responsibility of developed nations to address our role in climate change, and I think compensation could help vulnerable communities adapt. On the other hand, I’m skeptical of large-scale international aid without clear, measurable outcomes, and I worry about how such policies might be mismanaged or used as a political tool rather than a genuine effort to help."
1957.0,3,ClimatePolicyID(6),"I slightly support government policies that compensate people in other countries impacted by climate change. On one hand, I believe in global equality and think developed nations have a moral responsibility to help those most affected by climate change, especially since we've contributed the most to the problem. On the other hand, I'm skeptical of large-scale international aid without clear, measurable outcomes, and I worry about how such policies might be misused or become a political tool rather than a genuine effort to help."
1957.0,4,ClimatePolicyID(6),"I slightly support government policies that compensate people in other countries impacted by climate change. On one hand, I believe in global equality and the moral responsibility of developed nations like the UK to address our role in climate change, especially since we've contributed disproportionately to the problem. However, I'm also skeptical of large-scale international aid without clear, measurable outcomes, and I worry about how such policies might be misused or fail to reach those who need help most."
1957.0,5,ClimatePolicyID(6),"I slightly support government policies that compensate people in other countries impacted by climate change. On one hand, I believe in global equality and think developed nations have a moral responsibility to help those most affected by climate change, especially since we've contributed the most to the problem. On the other hand, I'm skeptical of large-scale international aid without clear, measurable outcomes, and I worry about how such policies might be mismanaged or used as a political tool rather than a genuine effort to help."
91.0,0,ClimatePolicyID(1),"I somewhat support the acceleration of renewable energy production because I believe in maintaining traditional ways while also adapting to necessary changes for the future. While I value stability and respect for established norms, I recognize the importance of moving away from fossil fuels in a responsible and sustainable manner, especially given the long-term benefits for future generations and the environment."
91.0,1,ClimatePolicyID(1),"I would support accelerating renewable energy roll-out to some extent because I believe in adapting to necessary changes for the future while respecting traditional values. I recognize the long-term benefits of moving away from fossil fuels and want to ensure my grandchildren inherit a stable and sustainable environment. However, I am cautious about rapid changes that might disrupt established ways of life or local communities, and I prefer a balanced, thoughtful approach rather than hasty decisions."
91.0,2,ClimatePolicyID(1),"I would support accelerating the roll-out of renewable energy to some extent because I believe in preparing for the future and ensuring that my grandchildren inherit a stable and livable environment. However, I am cautious about rapid change and prefer a balanced approach that respects traditional energy sources and local communities. I also value the economic opportunities that renewable projects can bring, especially in Scotland, but I would want to ensure they are managed responsibly and with due consideration for existing ways of life."
91.0,3,ClimatePolicyID(1),"I would support accelerating the roll-out of renewable energy to some extent because I believe in preparing for the future and ensuring long-term stability, even if it means changing old ways. However, I would oppose it if it disrupted traditional communities or required too much upheaval, as I value maintaining established customs and prefer gradual, controlled change."
91.0,4,ClimatePolicyID(1),"I would support accelerating the roll-out of renewable energy production because I believe in adapting to necessary changes for the future while respecting tradition. Although I value stability, I recognize the long-term benefits of moving away from fossil fuels, especially for future generations and the environment. However, I would oppose it if it disrupted local communities or traditional ways of life, as I place a high value on maintaining customs and respecting established norms."
91.0,5,ClimatePolicyID(1),"I would support accelerating the roll-out of renewable energy to some extent because I believe in adapting to necessary changes for the future while respecting traditional values. I recognize the long-term benefits of moving away from fossil fuels and the importance of sustainability for future generations. However, I might oppose it if it disrupts local communities or traditional ways of life, and I would prefer a balanced, gradual approach that respects both progress and stability."
91.0,0,ClimatePolicyID(2),"I slightly support the ban on new oil, gas, and coal licenses because I believe in treating all lifeforms on Earth with respect and avoiding actions that could harm the environment in the long term. However, I also value personal success and maintaining traditional ways, so I am cautious about abrupt changes that might disrupt existing industries or economic stability."
91.0,1,ClimatePolicyID(2),"I would slightly support a ban on new oil, gas, and coal licenses because I believe in treating all lifeforms with respect and avoiding long-term environmental harm. However, I am cautious about disrupting traditional industries and economic stability, which I value as part of maintaining order and personal success. My support is tempered by a desire to balance environmental concerns with the need to preserve jobs and economic traditions."
91.0,2,ClimatePolicyID(2),"I would slightly support the ban on new oil, gas, and coal licenses because I believe in treating all lifeforms with respect and avoiding long-term environmental harm. However, I am cautious about disrupting traditional industries and economic stability, which I value as part of maintaining order and personal success. My support is tempered by a desire to balance environmental concerns with the need to preserve jobs and economic continuity."
91.0,3,ClimatePolicyID(2),"I would slightly support the ban on new oil, gas, and coal licenses because I believe in treating all lifeforms on Earth with respect and avoiding long-term environmental harm. However, I am cautious about abrupt changes that could disrupt traditional industries and economic stability, which I value as part of maintaining order and personal success."
91.0,4,ClimatePolicyID(2),"I would slightly support a ban on new oil, gas, and coal licenses because I believe in treating all lifeforms with respect and avoiding long-term environmental harm. However, I am cautious about abrupt changes that could disrupt traditional industries and economic stability, which I value as part of maintaining order and personal success."
91.0,5,ClimatePolicyID(2),"I would slightly support a ban on new oil, gas, and coal licenses because I believe in treating all lifeforms with respect and avoiding long-term environmental harm. However, I am cautious about such policies due to my strong belief in maintaining traditional industries and personal success, which could be affected by abrupt changes to the energy sector."
91.0,0,ClimatePolicyID(3),"I slightly support the ban on the sale of new petrol cars by 2030. While I value tradition and am cautious about rapid change, I recognize the long-term benefits of reducing carbon emissions and protecting the environment for future generations. I believe it is important to balance progress with responsibility, and I see this policy as a necessary step toward a more sustainable future without compromising the values I hold dear."
91.0,1,ClimatePolicyID(3),"I would slightly support the ban on new petrol cars by 2030, as I recognize the long-term environmental benefits and see it as a responsible step toward a sustainable future. However, I am cautious about rapid change and value tradition, which makes me hesitant about abruptly shifting away from established practices. I believe the policy is necessary but would prefer a more gradual transition that respects both progress and the values I hold dear."
91.0,2,ClimatePolicyID(3),"I would slightly support the ban on new petrol cars by 2030, as I believe in protecting the environment for future generations and reducing carbon emissions, which aligns with my respect for nature and long-term responsibility. However, I am cautious about rapid change and prefer gradual progress, so I would want to ensure that the transition is managed carefully to avoid disrupting existing lifestyles and economic stability."
91.0,3,ClimatePolicyID(3),"I would slightly support the ban on new petrol cars by 2030, as I believe in protecting the environment for future generations and reducing carbon emissions, even though I value tradition and am cautious about rapid change. However, I am concerned about the potential disruption to existing car owners and the cost of transitioning to electric vehicles, which might disproportionately affect middle-class families like mine. I see this policy as a necessary step toward a more sustainable future, but I remain skeptical about how smoothly it will be implemented."
91.0,4,ClimatePolicyID(3),"I would slightly support the ban on new petrol cars by 2030, as I believe in reducing long-term environmental harm and ensuring a sustainable future for younger generations, which aligns with my values of responsibility and looking after what's important. However, I am cautious about rapid change and prefer gradual progress, so I would also be concerned about the practical impact on existing car owners and the potential disruption to local industries, which I value as part of our traditional economy."
91.0,5,ClimatePolicyID(3),"I would slightly support the ban on new petrol cars by 2030, as I recognize the long-term environmental benefits and see it as a responsible step toward a sustainable future. However, I remain cautious about rapid change and prefer gradual, well-planned transitions that respect tradition and maintain stability, which makes me wary of abrupt policy shifts that could disrupt established ways of life."
91.0,0,ClimatePolicyID(4),"I **somewhat support** government policies that mandate non-fossil fuel heating systems, rooftop solar panels, and high insulation in new housing developments. While I value tradition and practicality, I also recognize the long-term benefits of reducing energy costs and environmental impact. I believe in equal opportunity and fair treatment of all, and I see these policies as a way to ensure a more sustainable future for everyone, without compromising on quality or tradition."
91.0,1,ClimatePolicyID(4),"I **somewhat support** this policy. As someone who values equal opportunity and long-term sustainability, I see the benefits of reducing energy costs and environmental impact for future generations. However, I also care about tradition and practicality, and I worry that such mandates could be too costly or disruptive for older homeowners and smaller developers, which might limit housing supply and increase prices."
91.0,2,ClimatePolicyID(4),"I **somewhat support** this policy. While I value tradition and practicality, I also recognize the long-term benefits of reducing energy costs and environmental impact, which aligns with my belief in equal opportunity and fair treatment for all. However, I am cautious about imposing strict mandates, as I prefer balanced approaches that respect established methods and avoid unnecessary disruption to existing ways of living."
91.0,3,ClimatePolicyID(4),"I **somewhat support** this policy. As someone who values tradition and practicality, I understand that modernising housing to be more energy-efficient aligns with the long-term goal of reducing costs and ensuring fairness for all, which I strongly believe in. However, I also worry that imposing such strict standards could be seen as overreach, especially for those who may not have the resources to meet them, which could create inequality rather than reduce it."
91.0,4,ClimatePolicyID(4),"I **somewhat support** this policy, as I believe in equal opportunity and fair treatment for all, and I see these measures as a way to ensure a more sustainable future for everyone without compromising on quality or tradition. However, I also value practicality and tradition, and I worry that such mandates could be seen as overreach or unnecessary regulation that might increase costs for homeowners and developers, which could have a negative impact on the economy and individual choice."
91.0,5,ClimatePolicyID(4),"I **somewhat support** this policy. While I value tradition and practicality, I also recognize the long-term benefits of reducing energy costs and environmental impact, which aligns with my belief in equal opportunity and fair treatment for all. However, I am concerned that such mandates could increase initial costs for developers and homeowners, which might disproportionately affect middle-class families like mine. I believe in maintaining traditional ways, but I also see the value in moving toward a more sustainable future without compromising on quality or tradition."
91.0,0,ClimatePolicyID(5),"I somewhat support a carbon tax with the revenue distributed to the public because it addresses environmental concerns without disproportionately burdening low-income households. While I value tradition and stability, I recognize the need for responsible stewardship of natural resources and believe that fair treatment of all citizens, including future generations, is important."
91.0,1,ClimatePolicyID(5),"As someone who values tradition and stability, I would be cautious about imposing a new tax, even if it's meant to address environmental concerns. However, I do believe in fair treatment of all citizens, including future generations, and a carbon fee and dividend could help ensure that the burden isn't unfairly placed on the less fortunate. Given that I voted for Labour in the past and support equal opportunities, I might lean towards supporting this policy as a way to promote fairness and responsible resource use, even if it feels like a departure from traditional economic models."
91.0,2,ClimatePolicyID(5),"I would support a carbon tax with revenue distributed to the public because it addresses environmental concerns without disproportionately burdening low-income households, which aligns with my belief in equal opportunity and fair treatment for all. While I value tradition and stability, I recognize the need for responsible stewardship of natural resources and believe that fair treatment of all citizens, including future generations, is important."
91.0,3,ClimatePolicyID(5),"I would support a carbon tax with revenue distributed to the public because it addresses environmental concerns without disproportionately burdening low-income households, and I believe in fair treatment of all citizens. However, I am cautious about rapid change and prefer stable, traditional approaches, so I would want the policy to be carefully implemented and not disrupt existing industries or ways of life."
91.0,4,ClimatePolicyID(5),"I would support a carbon tax with revenue distributed to the public because it addresses environmental concerns without unfairly punishing lower-income households, which aligns with my belief in equal opportunity and fair treatment for all. While I value tradition and stability, I also recognize the need for responsible stewardship of natural resources and believe that future generations deserve a livable planet."
91.0,5,ClimatePolicyID(5),"Given my values and political history, I would somewhat support a carbon tax with revenue distributed to the public. I recognize the need for responsible stewardship of natural resources and believe in fair treatment of all citizens, including future generations. However, I also value tradition and stability, and I might be concerned that such a policy could disrupt established systems or be seen as an overreach of government power."
91.0,0,ClimatePolicyID(6),"I hold a neutral position on compensating people in other countries impacted by climate change. While I respect the importance of global fairness and the moral responsibility of developed nations, I also value traditional ways and the importance of maintaining order and stability. I believe in equal opportunity for all groups, but I am cautious about policies that may disrupt established systems or place undue burdens on my own country without clear, measurable benefits."
91.0,1,ClimatePolicyID(6),"I would likely support government policies that compensate people in other countries impacted by climate change, as I believe in equal opportunity for all groups and that developed nations have a moral responsibility to help those less equipped to deal with its consequences. However, I would be cautious about how such policies are implemented, ensuring they do not disrupt traditional systems or place unnecessary burdens on my own country without clear, tangible benefits."
91.0,2,ClimatePolicyID(6),"I would likely support government policies that compensate people in other countries impacted by climate change, as I believe in equal opportunity for all groups and that developed nations have a moral responsibility to help those less fortunate. However, I would also be cautious about how such policies are implemented, ensuring they do not disrupt traditional systems or place an unfair burden on my own country without clear, measurable benefits."
91.0,3,ClimatePolicyID(6),"I would likely support government policies that compensate people in other countries impacted by climate change, as I believe in equal opportunity for all groups and that developed nations have a moral responsibility to help those less equipped to deal with the consequences of their actions. However, I would be cautious about how such compensation is structured, ensuring it doesn't disrupt traditional systems or place an unfair burden on my own country without clear, measurable benefits."
91.0,4,ClimatePolicyID(6),"I would likely support government policies that compensate people in other countries impacted by climate change, as I believe in equal opportunity for all groups and that developed nations have a moral responsibility to help those less equipped to deal with the consequences of our actions. However, I would be cautious about how such compensation is structured, ensuring it doesn't disrupt traditional systems or place an unfair burden on my own country without clear, measurable benefits."
91.0,5,ClimatePolicyID(6),"I would likely support government policies that compensate people in other countries impacted by climate change, as I believe in equal opportunity for all groups and that developed nations have a moral responsibility to address the consequences of their actions. However, I would also be cautious about how such policies are implemented, ensuring they do not disrupt traditional systems or place an unfair burden on my own country without clear, tangible benefits."
69.0,0,ClimatePolicyID(1),"I slightly support accelerating the roll-out of renewable energy production because I believe in protecting the environment and ensuring a sustainable future for all. While I recognize the importance of transitioning to cleaner energy sources, I also value balanced decision-making and the need to consider the impact on local communities and the economy. I support renewable energy as part of a broader, thoughtful approach to environmental responsibility rather than as an extreme or rushed solution."
69.0,1,ClimatePolicyID(1),"I would slightly support accelerating the roll-out of renewable energy production because I care about the environment and believe in a sustainable future. However, I also value balanced decision-making and am concerned about the potential impact on local communities and the economy, which makes me cautious about rapid changes without proper consideration."
69.0,2,ClimatePolicyID(1),"I would slightly support accelerating the roll-out of renewable energy production because I care about the environment and believe in sustainable development. However, I am cautious about how this is implemented, as I value balanced decision-making and want to ensure that local communities are not negatively impacted. Given my background and values, I see renewable energy as part of a broader, thoughtful approach to environmental responsibility rather than an extreme or rushed solution."
69.0,3,ClimatePolicyID(1),"I would slightly support accelerating the roll-out of renewable energy production because I care about the environment and believe in a sustainable future. However, I also value balanced decision-making and am concerned about the potential impact on local communities and the economy, which makes me cautious about rapid changes without proper planning and consultation."
69.0,4,ClimatePolicyID(1),"I would slightly support accelerating the roll-out of renewable energy production because I care about the environment and believe in a sustainable future. However, I also value balanced decision-making and am concerned about the potential impact on local communities and the economy, which makes me cautious about rapid, large-scale changes without proper consideration."
69.0,5,ClimatePolicyID(1),"I would slightly support accelerating the roll-out of renewable energy production because I care about the environment and believe in a sustainable future. However, I am cautious about rushing into large-scale projects like offshore wind parks without considering their impact on local communities and the economy. As someone who values balance and practicality, I want to ensure that the transition to renewable energy is done thoughtfully, with proper planning and community engagement."
69.0,0,ClimatePolicyID(2),"I hold a neutral position on banning new oil, gas, and coal licenses because I value environmental protection and sustainable progress, but I also recognize the economic and energy security implications of such a ban. While I support efforts to reduce carbon emissions and transition to renewable energy, I believe the decision to phase out fossil fuels should be carefully managed to avoid undue disruption to communities and industries that depend on them."
69.0,1,ClimatePolicyID(2),"I would likely support a ban on new oil, gas, and coal licenses because I care deeply about the environment and believe in long-term sustainability, and I see the need to transition to cleaner energy sources. However, I might also be cautious about the economic impact on local industries and workers, especially since I live in the East of England where energy sectors may have a presence. My support would be balanced by a concern for gradual change that doesn't leave communities behind."
69.0,2,ClimatePolicyID(2),"I would likely support a ban on new oil, gas, and coal licenses because I care deeply about the environment and believe in long-term sustainability, especially as a parent concerned about the future for my children. However, I might also be cautious about the economic impact on local communities and industries, which aligns with my centre-of-the-spectrum views and my past support for the Conservatives, as I value balanced, thoughtful policy that considers both environmental and economic factors."
69.0,3,ClimatePolicyID(2),"I would likely support a ban on new oil, gas, and coal licenses because I strongly believe in protecting the environment and ensuring a sustainable future for future generations. However, I also understand the economic concerns for communities reliant on these industries, which makes me cautious about how such a ban is implemented. Given my centre-left values and concern for social equity, I would prefer a managed transition that supports affected workers and regions."
69.0,4,ClimatePolicyID(2),"I would likely support a ban on new oil, gas, and coal licenses because I care deeply about the environment and believe in sustainable progress. However, I also understand the economic implications for communities and industries that rely on these sectors, which might lead me to be cautious about how quickly such a ban is implemented. Given my moderate stance and respect for balanced decision-making, I would prefer a phased approach that prioritizes environmental protection while supporting affected workers and regions."
69.0,5,ClimatePolicyID(2),"I would likely support a ban on new oil, gas, and coal licenses because I care deeply about the environment and believe in sustainable progress. However, I would also be cautious about the economic impact on local communities and industries, especially given my middle-class background and awareness of the potential disruption such a policy could cause. I value balance—protecting the planet while ensuring a fair transition for those who rely on these industries."
69.0,0,ClimatePolicyID(3),"I hold a neutral position on the ban of new petrol car sales by 2030. While I strongly support environmental protection and reducing carbon emissions, I also value personal choice and economic stability. I believe transitioning to electric vehicles is important for the planet, but I am cautious about the pace and potential impacts on individuals and industries, which aligns with my balanced and thoughtful approach to policy."
69.0,1,ClimatePolicyID(3),"I would likely support the ban on new petrol car sales by 2030, as it aligns with my strong commitment to environmental protection and reducing carbon emissions. However, I would also be cautious about the potential economic impact on individuals and industries, especially considering my moderate approach and value for personal choice and stability."
69.0,2,ClimatePolicyID(3),"I would likely support the ban on new petrol car sales by 2030 because I strongly believe in protecting the environment and reducing carbon emissions, which aligns with my values of caring for nature and promoting global harmony. However, I am cautious about the potential economic impact on individuals and industries, especially considering my household income and the need for a balanced approach to policy that respects both environmental goals and personal choice."
69.0,3,ClimatePolicyID(3),"I would support the ban on new petrol car sales by 2030 because I strongly believe in protecting the environment and reducing carbon emissions, which aligns with my values of caring for nature and global harmony. However, I am cautious about the pace of change and its impact on individuals and industries, which makes me somewhat hesitant. Given my moderate approach and respect for economic stability, I would lean towards supporting the policy but with some reservations about the transition process."
69.0,4,ClimatePolicyID(3),"I would support the ban on new petrol car sales by 2030 because I strongly believe in protecting the environment and reducing carbon emissions, which aligns with my values of caring for nature and global harmony. However, I am cautious about the potential economic impact on individuals and industries, especially given my moderate approach to change and respect for personal choice and stability."
69.0,5,ClimatePolicyID(3),"I would likely support the ban on new petrol car sales by 2030 because I care deeply about the environment and believe that reducing carbon emissions is essential for future generations. However, I would also be cautious about the impact on individuals, especially those who rely on petrol cars for work or daily life, and would want to ensure there are adequate alternatives and support systems in place. Given my moderate approach and respect for both tradition and progress, I would prefer a balanced transition that supports both environmental goals and personal choice."
69.0,0,ClimatePolicyID(4),"I slightly support government policies that mandate non-fossil fuel heating systems, rooftop solar panels, and high levels of insulation in new housing developments. As someone who values environmental protection and sustainable living, I recognize the importance of reducing carbon emissions and promoting renewable energy. However, I also believe that such policies should be implemented thoughtfully, ensuring they are practical, affordable, and accessible to all, which aligns with my commitment to equal opportunity and balanced progress."
69.0,1,ClimatePolicyID(4),"I would slightly support these policies because I care about the environment and believe in sustainable living, which aligns with my values of protecting nature and promoting equal opportunities for future generations. However, I would also be cautious about the cost and practicality for developers and homeowners, especially in the East of England where housing is already a sensitive issue, and I want to ensure such policies don’t become a burden on those who can least afford them."
69.0,2,ClimatePolicyID(4),"I would support these policies to a moderate extent. As someone who cares about the environment and believes in sustainable living, I see value in reducing carbon emissions and promoting renewable energy. However, I also worry about the cost and practicality for homeowners, especially in the East of England where housing is already expensive, and I want to ensure such policies don’t disproportionately burden middle-income families."
69.0,3,ClimatePolicyID(4),"I would slightly support these policies because I care about the environment and believe in sustainable living, which aligns with my values of protecting nature and promoting equal opportunity. However, I might be concerned about the cost and practicality for developers and homeowners, especially if the policies are too rigid or not well-funded, which could affect housing affordability and availability—something I care about as a parent."
69.0,4,ClimatePolicyID(4),"I would slightly support these policies because I care about the environment and believe in sustainable living, which aligns with my values of protecting nature and promoting equal opportunity. However, I would also be cautious about the cost and practicality for homeowners, especially considering my own household income and the need for affordable, accessible solutions."
69.0,5,ClimatePolicyID(4),"I would support these policies to a moderate extent. As someone who values environmental protection and sustainable living, I see the importance of reducing carbon emissions and promoting renewable energy. However, I also worry about the potential costs and practicality for developers and homeowners, especially in the East of England where housing is already expensive, and I want to ensure such policies are implemented in a way that doesn’t unfairly burden families or reduce housing supply."
69.0,0,ClimatePolicyID(5),"I am neutral on the policy of imposing a carbon tax and distributing the revenues to the public. While I strongly support environmental protection and believe in reducing carbon emissions, I also value economic stability and fairness. I am concerned that a carbon tax could disproportionately affect lower-income households unless carefully managed, and I believe the distribution of funds should be structured to ensure equitable benefits. Given these considerations, I remain open to well-designed policies that balance environmental responsibility with social equity."
69.0,1,ClimatePolicyID(5),"As someone who values environmental protection and believes in equal opportunities, I would likely support a carbon fee and dividend policy, as it aligns with my commitment to reducing carbon emissions and ensuring fairness. However, I would also be cautious about how the policy is implemented, particularly ensuring that the revenue distribution doesn't disproportionately burden lower-income households, which I care about as a parent and community member. Given my moderate stance and concern for economic stability, I would support it if it's well-designed and includes safeguards for those most affected."
69.0,2,ClimatePolicyID(5),"Given my values of environmental protection and social equity, I would support a carbon fee and dividend policy because it aligns with my commitment to reducing carbon emissions while ensuring that the financial burden is shared fairly. However, I remain cautious about its implementation, as I worry that without careful design, it could disproportionately impact lower-income households, which I also care deeply about as a parent and community member."
69.0,3,ClimatePolicyID(5),"Given my values of environmental protection and social equity, I would lean towards supporting a carbon fee and dividend policy. I believe in reducing carbon emissions and think distributing the revenue back to the public could help offset the economic impact on households. However, I am cautious about how the funds are distributed and worry that without careful design, it could still place a heavier burden on lower-income families, which I care deeply about as a parent."
69.0,4,ClimatePolicyID(5),"As someone who values environmental protection and believes in equal opportunities, I would support a carbon fee and dividend policy because it aligns with my commitment to reducing carbon emissions and ensuring fairness. However, I would also be cautious about how the tax is structured to avoid harming lower-income households, which is something I care deeply about as a parent and someone who values social equity. Given my centre-left political stance and history of supporting policies that balance responsibility with fairness, I would lean towards supporting this policy if it's designed to be equitable and transparent."
69.0,5,ClimatePolicyID(5),"Based on my values and life experience, I would likely support a carbon fee and dividend policy. I strongly believe in protecting the environment and reducing carbon emissions, and I think the government has a responsibility to act on climate change. However, I am also concerned about the potential impact on lower-income households, so I would want to ensure that the distribution of revenues is fair and that the policy is designed to minimize economic hardship. Given my moderate stance and commitment to social equity, I would support this policy if it is well-structured and includes safeguards for vulnerable groups."
69.0,0,ClimatePolicyID(6),"I somewhat oppose government policies that compensate people in other countries impacted by climate change because I believe responsibility for climate change should primarily rest with those who have contributed most to it, particularly developed nations. While I deeply care about global harmony and equal opportunity, I think it's more just to focus on reducing emissions and supporting sustainable development rather than providing financial compensation, which could create dependency and shift focus away from addressing the root causes of climate change."
69.0,1,ClimatePolicyID(6),"I would likely **somewhat oppose** government policies that compensate people in other countries impacted by climate change. While I deeply care about global harmony and equal opportunity, I believe responsibility for climate change should primarily rest with those who have contributed most to it, particularly developed nations. I think it's more just to focus on reducing emissions and supporting sustainable development rather than providing financial compensation, which could create dependency and shift focus away from addressing the root causes of climate change."
69.0,2,ClimatePolicyID(6),"I would somewhat oppose government policies that compensate people in other countries impacted by climate change. While I deeply care about global harmony and equal opportunity, I believe responsibility for climate change primarily rests with developed nations, and I think it's more just to focus on reducing emissions and supporting sustainable development rather than providing financial compensation, which could create dependency. However, I do recognize the moral obligation to help those most affected, so I would support such policies to a moderate extent, especially if they are tied to long-term climate action and capacity-building."
69.0,3,ClimatePolicyID(6),"I would somewhat oppose government policies that compensate people in other countries impacted by climate change. While I care deeply about global harmony and equal opportunity, I believe responsibility for climate change primarily rests with developed nations, and I think it's more just to focus on reducing emissions and supporting sustainable development rather than providing financial compensation, which could create dependency. However, I do recognize the moral imperative to help those most affected, so I remain open to well-structured, targeted support that avoids fostering dependency."
69.0,4,ClimatePolicyID(6),"I would likely **somewhat oppose** government policies that compensate people in other countries impacted by climate change. While I deeply care about global harmony and equal opportunity, I believe responsibility for climate change primarily rests with developed nations, and I think it's more just to focus on reducing emissions and supporting sustainable development rather than providing financial compensation, which could create dependency. However, I also recognize the moral imperative to help those most affected, so I might support targeted aid that promotes resilience and adaptation rather than unconditional compensation."
69.0,5,ClimatePolicyID(6),"I would somewhat oppose government policies that compensate people in other countries impacted by climate change. While I deeply care about global harmony and equal opportunity, I believe responsibility for climate change primarily rests with developed nations, and I think it's more just to focus on reducing emissions and supporting sustainable development rather than providing financial compensation, which could create dependency. However, I also recognize the moral obligation to help those most affected, so I would support such policies only if they are tied to long-term sustainability and capacity-building efforts."
166.0,0,ClimatePolicyID(1),"I **strongly support** government policies that accelerate the roll-out of renewable energy production, such as more offshore and onshore wind parks. As someone who values equality and the well-being of all lifeforms, I believe transitioning to clean energy is essential for reducing harm to the environment and ensuring a fairer, more sustainable future for everyone. I also trust that progress should be driven by questioning authority and seeking solutions that benefit the greater good, not just the powerful few."
166.0,1,ClimatePolicyID(1),"I **strongly support** government policies that accelerate the roll-out of renewable energy production, like more wind parks. As someone who values equality and the well-being of all life, I see renewable energy as a way to reduce harm to the environment and create a fairer future for everyone. I also trust that questioning authority and pushing for progress, even if it challenges traditional energy systems, is necessary for societal good."
166.0,2,ClimatePolicyID(1),"I **strongly support** government policies that accelerate the roll-out of renewable energy production, like more wind parks. As someone who values equality and the well-being of all life, I see renewable energy as a way to reduce harm to the environment and create a fairer future for everyone. I also believe that challenging traditional energy systems, which are often controlled by powerful interests, is necessary for progress and justice."
166.0,3,ClimatePolicyID(1),"I **strongly support** government policies that accelerate the roll-out of renewable energy production, like more wind parks. As someone who values equality and the well-being of all life, I see renewable energy as a way to reduce harm to the environment and create a fairer future for everyone. I also believe that challenging traditional power structures and pushing for sustainable solutions is essential for progress, and I trust that the government should lead in this area rather than relying on outdated, harmful energy sources."
166.0,4,ClimatePolicyID(1),"I **strongly support** government policies that accelerate the roll-out of renewable energy production, like more offshore and onshore wind parks. As someone who values equality and the well-being of all life, I see this as a necessary step to reduce harm to the environment and create a fairer, more sustainable future. I also believe that challenging traditional energy systems, which have been dominated by powerful corporations, is part of the progress I believe in."
166.0,5,ClimatePolicyID(1),"I **strongly support** government policies that accelerate the roll-out of renewable energy production, like more offshore and onshore wind parks. As someone who values equality and the well-being of all life, I see this as a necessary step to reduce harm to the environment and create a fairer, more sustainable future for everyone. I also trust that progress should be driven by questioning authority and seeking solutions that benefit the greater good, not just the powerful few."
166.0,0,ClimatePolicyID(2),"I **strongly support** government policies that ban new oil, gas, and coal licenses. As someone who values equality and the well-being of all life on Earth, I believe that continuing to exploit fossil fuels perpetuates environmental harm and social inequality. I reject the idea that any group should dominate the planet, and I trust that society can progress by prioritizing sustainable, equitable solutions over short-term economic gains."
166.0,1,ClimatePolicyID(2),"I **strongly support** government policies that ban new oil, gas, and coal licenses. As someone who values equality and the well-being of all life on Earth, I believe that continuing to exploit fossil fuels perpetuates environmental harm and social inequality. I reject the idea that any group should dominate the planet, and I trust that society can progress by prioritizing sustainable, equitable solutions over short-term economic gains."
166.0,2,ClimatePolicyID(2),"I **strongly support** government policies that ban new oil, gas, and coal licenses. As someone who values equality and the well-being of all life on Earth, I believe that continuing to exploit fossil fuels perpetuates environmental harm and social inequality. I reject the idea that any group should dominate the planet, and I trust that society can progress by prioritizing sustainable, equitable solutions over short-term economic gains."
166.0,3,ClimatePolicyID(2),"I **strongly support** government policies that ban new oil, gas, and coal licenses. As someone who values equality and the well-being of all life on Earth, I believe that continuing to exploit fossil fuels perpetuates environmental harm and social inequality. I reject the idea that any group should dominate the planet, and I trust that society can progress by prioritizing sustainable, equitable solutions over short-term economic gains."
166.0,4,ClimatePolicyID(2),"I **strongly support** government policies that ban new oil, gas, and coal licenses. As someone who values equality and the well-being of all life on Earth, I believe that continuing to exploit fossil fuels perpetuates environmental harm and social inequality. I reject the idea that any group should dominate the planet, and I trust that society can progress by prioritizing sustainable, equitable solutions over short-term economic gains."
166.0,5,ClimatePolicyID(2),"I **strongly support** government policies that ban new oil, gas, and coal licenses. As someone who values equality and the well-being of all life on Earth, I believe that continuing to exploit fossil fuels perpetuates environmental harm and social inequality. I reject the idea that any group should dominate the planet, and I trust that society can progress by prioritizing sustainable, equitable solutions over short-term economic gains."
166.0,0,ClimatePolicyID(3),"I slightly support the ban on the sale of new petrol cars by 2030 because I believe in reducing harm to the environment and promoting a more sustainable future for all life on Earth. While I don’t prioritize environmental issues above all else, I do value the principle of treating all species equally and minimizing human impact on the planet. I also trust that government action, when guided by long-term thinking and fairness, can help move society toward a more just and balanced relationship with nature."
166.0,1,ClimatePolicyID(3),"I slightly support the ban on new petrol cars by 2030 because I believe in reducing harm to the environment and promoting a more sustainable future for all life on Earth. While I don’t prioritize environmental issues above all else, I do value the principle of treating all species equally and minimizing human impact on the planet. I also trust that government action, when guided by long-term thinking and fairness, can help move society toward a more just and balanced relationship with nature. However, I’m concerned about the practical challenges for lower-income people who may struggle with the cost of transitioning to electric vehicles, and I worry that such policies could be used as a tool for control rather than genuine progress."
166.0,2,ClimatePolicyID(3),"I slightly support the ban on new petrol cars by 2030 because I believe in reducing harm to the environment and promoting a more sustainable future for all life on Earth. While I don’t prioritize environmental issues above all else, I do value the principle of treating all species equally and minimizing human impact on the planet. I also trust that government action, when guided by long-term thinking and fairness, can help move society toward a more just and balanced relationship with nature. However, I’m also aware that such a policy could place a heavier burden on lower-income households, which aligns with my concern for equality, so I’d want to ensure there are strong support systems in place for those affected."
166.0,3,ClimatePolicyID(3),"I slightly support the ban on new petrol cars by 2030 because I believe in reducing harm to the environment and promoting a more sustainable future for all life on Earth. While I don’t prioritize environmental issues above all else, I do value the principle of treating all species equally and minimizing human impact on the planet. I also trust that government action, when guided by long-term thinking and fairness, can help move society toward a more just and balanced relationship with nature. However, I’m also aware that such a policy could disproportionately affect lower-income people who rely on cars for transport, and I worry that it might be another example of well-meaning but impractical top-down decision-making."
166.0,4,ClimatePolicyID(3),"I slightly support the ban on new petrol cars by 2030 because I believe in reducing harm to the environment and promoting a more sustainable future for all life on Earth. While I don’t prioritize environmental issues above all else, I do value the principle of treating all species equally and minimizing human impact on the planet. I also trust that government action, when guided by long-term thinking and fairness, can help move society toward a more just and balanced relationship with nature. However, I’m concerned about the practical impact on lower-income people who may struggle with the cost of transitioning to electric vehicles, which could widen existing inequalities."
166.0,5,ClimatePolicyID(3),"I slightly support the ban on new petrol cars by 2030 because I believe in reducing harm to the environment and promoting a more sustainable future for all life on Earth. While I don’t prioritize environmental issues above all else, I do value the principle of treating all species equally and minimizing human impact on the planet. I also trust that government action, when guided by long-term thinking and fairness, can help move society toward a more just and balanced relationship with nature. However, I’m also aware that such a policy could place an unfair burden on lower-income households, which aligns with my concern for social equality, so I would want to ensure there are strong support systems in place for those affected."
166.0,0,ClimatePolicyID(4),"I slightly support government policies that mandate non-fossil fuel heating systems, rooftop solar panels, and high-level insulation in new housing developments. While I value environmental protection and believe in equal opportunities for all, I also prioritize practicality and affordability, especially for people with lower incomes like myself. I see these policies as a step toward a more sustainable future, but I remain cautious about the potential costs and implementation challenges they may pose for individuals and communities."
166.0,1,ClimatePolicyID(4),"I would slightly support these policies because I believe in a fairer, more sustainable future and think it's right that new housing should not rely on fossil fuels. However, I'm cautious about the cost and practicality, especially for people like me with a lower income, and I worry that strict mandates might not be realistic or fair for everyone."
166.0,2,ClimatePolicyID(4),"I would slightly support these policies because I believe in a more sustainable future and equal opportunities for all, and I think moving away from fossil fuels is necessary for long-term environmental health. However, I'm also cautious about the potential costs and practical challenges, especially for people like myself with lower incomes, and I worry that without proper support, these policies could place an unfair burden on already struggling communities."
166.0,3,ClimatePolicyID(4),"I would slightly support these policies because I believe in a fairer, more sustainable future for everyone, and I think moving away from fossil fuels is necessary for the planet. However, I’m cautious about the cost and practicality, especially for people like me with a lower income, and I worry that these mandates could make housing unaffordable or poorly implemented."
166.0,4,ClimatePolicyID(4),"I slightly support these policies because I believe in a fairer, more sustainable future and think it's important that new housing doesn't rely on harmful fossil fuels. However, I'm also concerned about the cost and practicality for people like me with limited income, and I worry that enforcing such standards might place an unfair burden on lower-income communities without enough support or alternatives."
166.0,5,ClimatePolicyID(4),"I would slightly support these policies because I believe in a fairer, more sustainable future for everyone, and I think moving away from fossil fuels is necessary for the planet. However, I'm also concerned about the cost and practicality for people like me with lower incomes, and I worry that strict mandates might not be realistic or fair for all communities."
166.0,0,ClimatePolicyID(5),"I hold a neutral position on the carbon tax and dividend policy because I value environmental protection and believe in fairness, but I am also concerned about the potential economic impact on lower-income households. While I support the goal of reducing carbon emissions, I am wary of how such a policy might be implemented without careful consideration of its effects on people living on limited incomes."
166.0,1,ClimatePolicyID(5),"I would support the carbon fee and dividend policy because I believe in fairness and environmental responsibility, and I think it's important to hold corporations accountable for their role in climate change. However, I'm also cautious about how the revenue is distributed, especially since I live on a low income and worry that such a policy could place an unfair burden on people who are already struggling to make ends meet."
166.0,2,ClimatePolicyID(5),"I would likely support the carbon fee and dividend policy because I believe in fairness and environmental responsibility, and I think it's important to hold corporations accountable for their impact on the planet. However, I'm also cautious about how the policy is implemented, especially with my limited income, and I would want to ensure that the dividend is structured in a way that truly benefits people like me who are already struggling to make ends meet."
166.0,3,ClimatePolicyID(5),"I would support the carbon fee and dividend policy because I believe in fairness and environmental protection, and I think it's important to hold corporations accountable for their impact on the planet. However, I'm also concerned that without proper safeguards, it could place an unfair burden on low-income households like mine, which is why I'd want to ensure the revenue is distributed equitably and used to support those most affected."
166.0,4,ClimatePolicyID(5),"I would support the carbon fee and dividend policy because I believe in fairness and environmental responsibility, and I think it's important to hold corporations accountable for their impact on the planet. However, I'm also cautious about how the revenue is distributed and whether it will truly benefit people like me who are on a low income, rather than just adding another layer of government bureaucracy."
166.0,5,ClimatePolicyID(5),"I would support the carbon fee and dividend policy because I believe in fairness and environmental responsibility, and I think it's important to hold corporations accountable for their role in climate change. However, I'm also concerned that without proper safeguards, the tax could disproportionately affect low-income households like mine, so I’d want to ensure the dividend is structured to really help those who need it most."
166.0,0,ClimatePolicyID(6),"I slightly support government policies that compensate people in other countries impacted by climate change. While I believe in global equality and the equal treatment of all lifeforms, I also recognize that climate change disproportionately affects vulnerable communities, many of whom have contributed the least to the problem. I think it’s important to acknowledge and address the harm caused by industrialized nations, but I also believe such policies should be carefully structured to ensure fairness and avoid unintended consequences."
166.0,1,ClimatePolicyID(6),"I slightly support government policies that compensate people in other countries impacted by climate change. I believe in global equality and that those who have contributed least to the problem should not bear the brunt of its consequences. However, I also worry that such policies could be misused or not fairly distributed, and I’m wary of complex international agreements that might not truly benefit the most vulnerable."
166.0,2,ClimatePolicyID(6),"I slightly support government policies that compensate people in other countries impacted by climate change. I believe in global equality and that those who have contributed the least to the crisis should not bear the brunt of its effects. However, I’m cautious about how such policies are structured, as I worry they could be misused or create dependency, and I’m skeptical of large-scale government interventions."
166.0,3,ClimatePolicyID(6),"I slightly support government policies that compensate people in other countries impacted by climate change. On one hand, I believe in global equality and that no one should suffer more than they should for issues beyond their control, especially when those suffering are often the least responsible for the problem. On the other hand, I worry about the complexity of implementing such policies fairly and the risk of being seen as neo-colonial or imposing Western solutions on others, which could undermine trust and create more division."
166.0,4,ClimatePolicyID(6),"I slightly support government policies that compensate people in other countries impacted by climate change. I believe in global equality and that those who have contributed the least to climate change should not bear the brunt of its consequences. However, I also worry that such policies could be misused or poorly managed, especially given my skepticism of authority and my concerns about unintended consequences."
166.0,5,ClimatePolicyID(6),"I slightly support government policies that compensate people in other countries impacted by climate change. On one hand, I believe in global equality and the idea that those who have contributed less to the climate crisis should not bear the brunt of its consequences. On the other hand, I’m wary of how such policies might be misused or perceived as neo-colonial, and I worry about the complexity of ensuring fairness without creating new inequalities or dependencies."
103.0,0,ClimatePolicyID(1),"I **strongly support** government policies that accelerate the roll-out of renewable energy production, such as more offshore and onshore wind parks. As someone deeply committed to environmental protection and global harmony, I believe transitioning to renewable energy is essential for reducing our carbon footprint and ensuring a sustainable future. This aligns with my values of equality and responsibility, as it helps create a cleaner environment for all, while also supporting long-term economic and social well-being."
103.0,1,ClimatePolicyID(1),"I **strongly support** government policies that accelerate the roll-out of renewable energy production, like more offshore and onshore wind parks. As someone who values environmental protection and long-term sustainability, I see this as a necessary step to reduce our carbon footprint and ensure a healthier planet for future generations. While I understand the concerns about local impact and infrastructure, I believe the long-term benefits for the environment and public health far outweigh the short-term disruptions."
103.0,2,ClimatePolicyID(1),"I **strongly support** government policies that accelerate the roll-out of renewable energy production, like more offshore and onshore wind parks. As someone who cares deeply about the environment and believes in equal opportunities, I see renewable energy as a way to create a cleaner, more sustainable future for all, especially for the next generation. While I value tradition and stability, I also believe in progress when it aligns with long-term environmental and social responsibility."
103.0,3,ClimatePolicyID(1),"I **strongly support** government policies that accelerate the roll-out of renewable energy production, like more offshore and onshore wind parks. As someone who values environmental protection and long-term sustainability, I see renewable energy as a key part of ensuring a healthier planet for future generations. Plus, with my household income in the higher range, I can afford to support green initiatives without financial strain, and I believe in equal opportunities for all to benefit from a cleaner, more sustainable economy."
103.0,4,ClimatePolicyID(1),"I **strongly support** government policies that accelerate the roll-out of renewable energy production, like more offshore and onshore wind parks. As someone who values environmental protection and long-term sustainability, I see renewable energy as essential for reducing our carbon footprint and ensuring a healthier planet for future generations. My left-of-centre leanings and commitment to equality also align with the idea that clean energy can create jobs and opportunities, especially in areas like the East of England where I live."
103.0,5,ClimatePolicyID(1),"I **strongly support** government policies that accelerate the roll-out of renewable energy production, like more offshore and onshore wind parks. As someone who values environmental protection and long-term sustainability, I see renewable energy as essential for reducing our carbon footprint and ensuring a healthier planet for future generations. My left-of-centre leanings and commitment to equality also align with the idea that clean energy can create jobs and opportunities, especially in regions like the East of England where I live."
103.0,0,ClimatePolicyID(2),"I somewhat oppose the ban on new oil, gas, and coal licenses because I believe in a balanced approach to energy policy that considers both environmental concerns and economic realities. While I deeply care for the environment and support sustainable practices, I also value equal opportunities and economic stability, particularly for communities that rely on these industries for employment and local development. I think a complete ban could disproportionately affect certain regions and individuals, and I prefer policies that encourage transition rather than abrupt restrictions."
103.0,1,ClimatePolicyID(2),"I would likely support the ban on new oil, gas, and coal licenses, but not without reservations. On one hand, my strong environmental values and belief in global harmony push me toward supporting policies that protect the planet for future generations. On the other hand, my concern for economic stability and equal opportunities makes me wary of abrupt changes that could harm communities reliant on these industries. I’d prefer a gradual transition with support for affected workers, but I still think the long-term benefits of reducing fossil fuel dependence outweigh the short-term costs."
103.0,2,ClimatePolicyID(2),"I would likely **somewhat support** the ban on new oil, gas, and coal licenses, but not wholeheartedly. On one hand, my strong environmental values and belief in global harmony push me toward supporting a transition away from fossil fuels. I also respect the long-term health of the planet and see the need for sustainable energy. However, I am concerned about the economic impact on communities in the East of England that may rely on these industries, and I value equal opportunities, so I would prefer a gradual transition with support for affected workers rather than an abrupt ban."
103.0,3,ClimatePolicyID(2),"Based on my values and life experiences, I would **somewhat support** the ban on new oil, gas, and coal licenses. I care deeply about the environment and believe in long-term sustainability, and I think it's important to reduce our reliance on fossil fuels for the sake of future generations. However, I also value economic stability and equal opportunity, and I'm concerned that a complete ban could hurt communities in the East of England that depend on these industries for jobs and local development. I'd prefer a gradual transition with support for affected workers and regions."
103.0,4,ClimatePolicyID(2),"I would likely **support** a ban on new oil, gas, and coal licenses, but not without some reservations. On one hand, my strong environmental values and belief in global harmony push me toward supporting policies that reduce harm to the planet. On the other hand, my slightly left-of-centre political stance and past support for Labour make me cautious about abrupt economic shifts that could impact working-class communities—especially in the East of England, where some areas still rely on these industries. I’d prefer a gradual transition with support for retraining and green jobs, rather than a complete ban without alternatives."
103.0,5,ClimatePolicyID(2),"I would likely support the ban on new oil, gas, and coal licenses, but not entirely without reservation. On one hand, my strong environmental values and belief in global harmony push me toward supporting policies that reduce harm to the planet and promote long-term sustainability. On the other hand, I am concerned about the economic impact on communities in the East of England that may rely on these industries, and I value equal opportunities, which makes me cautious about abrupt changes that could leave some groups behind."
103.0,0,ClimatePolicyID(3),"I somewhat oppose the ban on the sale of new petrol cars by 2030 because I value personal choice and gradual change over abrupt policy shifts. While I support environmental protection, I believe the transition to electric vehicles should be managed more carefully to ensure affordability and accessibility for all, especially considering the economic realities of many households. I also think that a more balanced approach, which includes investment in infrastructure and support for alternative fuels, would better align with my belief in fairness and sustainable progress."
103.0,1,ClimatePolicyID(3),"I would likely **oppose** the ban on new petrol cars by 2030, not because I don’t care about the environment, but because I value personal choice and gradual change. I believe the transition to electric vehicles should be supported through investment in infrastructure and incentives, rather than an abrupt ban that could disproportionately affect lower-income households and small businesses. While I support environmental protection, I think the policy risks creating inequality and could be more effectively addressed through a balanced, long-term strategy that includes alternatives like hydrogen or improved public transport."
103.0,2,ClimatePolicyID(3),"I would likely support the ban on new petrol cars by 2030, not because I'm a radical environmentalist, but because I believe in long-term sustainability and fairness. As someone who values equal opportunity, I see the transition to electric vehicles as a way to level the playing field for future generations, even if it means some short-term inconvenience. However, I would want to ensure that the government provides adequate support for lower-income households and invests in charging infrastructure to avoid creating a new form of environmental inequality."
103.0,3,ClimatePolicyID(3),"I would likely support the ban on new petrol cars by 2030, not because I'm overly idealistic, but because I see it as a necessary step toward reducing carbon emissions and protecting the environment—something I deeply care about. However, I would also want to ensure that the transition is managed fairly, with support for those who might struggle with the cost of electric vehicles, which aligns with my belief in equal opportunity and helping others."
103.0,4,ClimatePolicyID(3),"I would likely **somewhat support** the ban on new petrol cars by 2030, but not wholeheartedly. On one hand, I believe in environmental responsibility and reducing carbon emissions, which aligns with my values of caring for nature and seeking sustainable progress. However, I also value personal choice and gradual change, and I worry that an abrupt ban could place an unfair burden on middle-income families like mine, especially if the transition isn’t supported by adequate infrastructure or financial assistance."
103.0,5,ClimatePolicyID(3),"I would likely support the ban on new petrol cars by 2030, not because I’m a radical environmentalist, but because I believe in long-term sustainability and fairness. I see it as a necessary step to reduce pollution and dependency on fossil fuels, which aligns with my values of environmental care and equal opportunity. However, I would also want to ensure that the transition is managed carefully, with support for lower-income households and infrastructure development, to avoid creating new inequalities."
103.0,0,ClimatePolicyID(4),"I **strongly support** government policies that mandate non-fossil fuel heating systems, rooftop solar panels, and high levels of insulation in new housing developments. As someone deeply committed to environmental protection and global harmony, I believe these measures are essential for reducing carbon emissions and creating a more sustainable future. They align with my values of equal opportunity and responsible stewardship of the planet, ensuring that future generations can thrive in a healthier, more equitable world."
103.0,1,ClimatePolicyID(4),"I **strongly support** government policies that mandate non-fossil fuel heating systems, rooftop solar panels, and high levels of insulation in new housing developments. As someone who values environmental protection and long-term sustainability, I see these measures as essential for reducing carbon emissions and ensuring future generations inherit a healthier planet. While I understand the potential costs and challenges for developers, I believe the long-term benefits—both for the environment and for creating more energy-independent, affordable homes—align with my values of equal opportunity and responsible stewardship."
103.0,2,ClimatePolicyID(4),"I **strongly support** government policies that mandate non-fossil fuel heating systems, rooftop solar panels, and high levels of insulation in new housing developments. As someone who values environmental protection and long-term sustainability, I believe these measures are essential for reducing carbon emissions and creating a healthier living environment for future generations. While I understand the potential costs and complexities involved, I see these investments as necessary for both ecological responsibility and long-term economic stability, especially given my own experience as a parent and my commitment to equal opportunities for all."
103.0,3,ClimatePolicyID(4),"I **strongly support** government policies that mandate non-fossil fuel heating systems, rooftop solar panels, and high levels of insulation in new housing developments. As someone who values environmental protection and long-term sustainability, I believe these measures are essential for reducing carbon emissions and ensuring a healthier planet for future generations. While I understand the potential costs and challenges for developers and homeowners, I prioritize the collective good and believe that investing in green infrastructure is a responsible and necessary step towards a more equitable and sustainable society."
103.0,4,ClimatePolicyID(4),"I **strongly support** government policies that mandate non-fossil fuel heating systems, rooftop solar panels, and high levels of insulation in new housing developments. As someone who values environmental protection and long-term sustainability, I see these measures as essential for reducing carbon emissions and ensuring future generations inherit a livable planet. While I understand the potential costs and challenges for developers, I believe the long-term benefits—both for the environment and for creating more energy-independent, resilient homes—align with my values of responsibility and equal opportunity."
103.0,5,ClimatePolicyID(4),"I **strongly support** government policies that mandate non-fossil fuel heating systems, rooftop solar panels, and high levels of insulation in new housing developments. As someone who values environmental protection and long-term sustainability, I see these measures as essential for reducing carbon emissions and ensuring future generations inherit a livable planet. While I understand the upfront costs could be a concern for some, I believe the long-term benefits—both environmental and economic—justify the investment, especially for new developments where the infrastructure can be designed with these standards from the start."
103.0,0,ClimatePolicyID(5),"I **strongly support** government policies that impose a carbon tax on fossil fuel sales and distribute the revenue to the public. As someone deeply committed to environmental protection and equal opportunity, I believe a carbon fee and dividend approach addresses climate change while ensuring fairness by returning benefits directly to citizens. This aligns with my values of balancing human progress with environmental responsibility and promoting equity for all."
103.0,1,ClimatePolicyID(5),"Given my values of environmental protection and equal opportunity, I **strongly support** a carbon fee and dividend policy. I believe it addresses climate change effectively while ensuring that the financial burden isn't placed solely on lower-income groups, which aligns with my commitment to fairness and helping those in need. However, I also consider the practicality of implementing such a policy in the UK context, especially with the recent vote to leave the EU, which has made me more cautious about large-scale government interventions. Still, my long-term belief in balancing human progress with environmental responsibility leads me to support it."
103.0,2,ClimatePolicyID(5),"As someone who values environmental protection and believes in equal opportunity, I **strongly support** a carbon fee and dividend policy. I see it as a fair way to address climate change while ensuring that the financial burden isn't unfairly placed on lower-income groups. The idea of returning the revenue directly to the public aligns with my belief in balancing human progress with environmental responsibility and promoting equity."
103.0,3,ClimatePolicyID(5),"I **strongly support** a carbon fee and dividend policy. As someone who values environmental protection and equal opportunity, I believe taxing fossil fuels and returning the revenue directly to the public is a fair and effective way to address climate change while supporting everyday people. It aligns with my belief in balancing human progress with environmental responsibility and ensuring that everyone benefits from the transition to a greener economy."
103.0,4,ClimatePolicyID(5),"I **strongly support** a carbon fee and dividend policy. As someone who cares deeply about the environment and believes in equal opportunity, I see this as a fair way to address climate change while putting money back into the hands of ordinary people. It aligns with my values of balancing progress with environmental responsibility and ensuring that everyone benefits from the transition to a greener economy."
103.0,5,ClimatePolicyID(5),"Given my values of environmental protection and equal opportunity, I **strongly support** a carbon fee and dividend policy. I believe it addresses climate change effectively while ensuring fairness by returning benefits directly to citizens, which aligns with my commitment to balancing human progress with environmental responsibility. However, I remain cautious about the potential for increased costs on everyday essentials, even though I feel the revenue distribution would offset these impacts for the average household."
103.0,0,ClimatePolicyID(6),"I **strongly oppose** government policies that compensate people in other countries impacted by climate change. While I deeply care about global harmony and equal opportunity, I believe that climate change is a global issue that requires collective action and responsibility, not just financial handouts. I think countries should take responsibility for their own emissions and work together to find sustainable solutions rather than shifting the burden or responsibility to others."
103.0,1,ClimatePolicyID(6),"Based on my values and experiences, I **strongly oppose** government policies that compensate people in other countries impacted by climate change. While I care deeply about global harmony and fairness, I believe that climate change is a global challenge that requires collective responsibility and action, not just financial handouts. I think countries should take ownership of their emissions and work together to find sustainable solutions rather than shifting the burden or responsibility to others."
103.0,2,ClimatePolicyID(6),"Based on my values and background, I **strongly oppose** government policies that compensate people in other countries impacted by climate change. While I care deeply about global harmony and fairness, I believe climate change is a global challenge that requires collective responsibility and action, not just financial handouts. I think countries should take ownership of their emissions and work together to find sustainable solutions rather than shifting the burden or responsibility to others."
103.0,3,ClimatePolicyID(6),"I **strongly oppose** government policies that compensate people in other countries impacted by climate change. While I care deeply about global harmony and fairness, I believe climate change is a global challenge that demands collective responsibility and sustainable solutions, not just financial handouts. I think countries should take ownership of their emissions and work together to address the issue, rather than shifting the burden or responsibility to others."
103.0,4,ClimatePolicyID(6),"I **strongly oppose** government policies that compensate people in other countries impacted by climate change. While I care deeply about global harmony and equal opportunity, I believe climate change is a global issue that requires collective action and shared responsibility, not just financial handouts. I think countries should take responsibility for their own emissions and work together to find sustainable solutions rather than shifting the burden or responsibility to others."
103.0,5,ClimatePolicyID(6),"Based on my values and experiences, I **strongly oppose** government policies that compensate people in other countries impacted by climate change. While I care deeply about global harmony and fairness, I believe climate change is a global challenge that requires collective responsibility and action, not just financial handouts. I think countries should take ownership of their emissions and work together to find sustainable solutions rather than shifting the burden to others."
1262.0,0,ClimatePolicyID(1),"I slightly support accelerating the roll-out of renewable energy production because I believe in protecting the environment and ensuring a sustainable future for all. While I value tradition and stability, I also recognize the importance of innovation and progress in addressing climate change, and I support efforts to transition to cleaner energy sources as part of a balanced approach to environmental responsibility."
1262.0,1,ClimatePolicyID(1),"I would slightly support accelerating the roll-out of renewable energy production because I care about the environment and believe in a sustainable future. However, I also value stability and tradition, and I might be concerned about the visual and local impact of new wind farms, which could affect the communities and landscapes I live near in London."
1262.0,2,ClimatePolicyID(1),"I would slightly support accelerating the roll-out of renewable energy production because I care about the environment and believe in a sustainable future. However, I also value stability and tradition, so I might be cautious about rapid changes that could disrupt existing systems or local communities. Given my background and values, I see renewable energy as part of a balanced approach to progress, but I’d want to ensure it’s done thoughtfully and with consideration for all stakeholders."
1262.0,3,ClimatePolicyID(1),"I would slightly support accelerating the roll-out of renewable energy production because I care about the environment and believe in sustainable development. However, I also value stability and tradition, so I might be concerned about the visual and local impact of new wind farms, and whether the transition is managed fairly for communities. My support is balanced by a desire for progress without disrupting existing ways of life."
1262.0,4,ClimatePolicyID(1),"I would slightly support accelerating the roll-out of renewable energy production because I care about the environment and believe in sustainable development. However, I also value stability and tradition, and I might be concerned about the visual and local impact of wind farms, which could affect the communities and landscapes I live near in London."
1262.0,5,ClimatePolicyID(1),"I would slightly support accelerating the roll-out of renewable energy production because I care about the environment and believe in a sustainable future. However, I also value stability and tradition, so I might be concerned about the visual and ecological impact of new wind farms and the potential disruption to local communities. My support is balanced by a cautious respect for existing systems and a desire to avoid unnecessary disruption."
1262.0,0,ClimatePolicyID(2),"I hold a neutral position on banning new oil, gas, and coal licenses because I deeply care for the environment and believe in sustainable practices, but I also value economic stability and energy security. While I support efforts to transition to renewable energy, I recognize that a complete ban could have significant economic impacts, especially on communities reliant on these industries. I believe a balanced approach that encourages green alternatives while managing the transition responsibly aligns better with my values of fairness and long-term sustainability."
1262.0,1,ClimatePolicyID(2),"I would likely support a ban on new oil, gas, and coal licenses because I deeply care for the environment and believe in long-term sustainability. However, I also recognize the economic impact on communities that rely on these industries, which makes me cautious about abrupt changes. My support is tempered by a desire to balance environmental protection with economic fairness, aligning with my values of equality and responsible transition."
1262.0,2,ClimatePolicyID(2),"Given my values of environmental care and long-term sustainability, I would support a ban on new oil, gas, and coal licenses as it aligns with my commitment to protecting the planet and reducing harmful emissions. However, I also value economic stability and energy security, so I would be cautious about the impact on communities that rely on these industries, and might prefer a gradual transition with support for green alternatives."
1262.0,3,ClimatePolicyID(2),"I would likely support a ban on new oil, gas, and coal licenses because I deeply care for the environment and believe in long-term sustainability. However, I also value economic stability and energy security, so I would want to ensure that the transition to renewable energy is managed fairly, especially for communities that rely on these industries. Given my background and values, I would prefer a balanced approach that prioritizes environmental protection while being mindful of the economic impact."
1262.0,4,ClimatePolicyID(2),"I would likely support a ban on new oil, gas, and coal licenses because I deeply care for the environment and believe in long-term sustainability. However, I also understand the economic concerns of communities that rely on these industries, which makes me cautious about abrupt changes. Given my values of fairness and equal opportunity, I would prefer a gradual transition with support for affected workers, rather than a sudden ban that could create instability."
1262.0,5,ClimatePolicyID(2),"I would likely support a ban on new oil, gas, and coal licenses because I deeply care for the environment and believe in long-term sustainability. However, I also value economic stability and energy security, so I might be concerned about the impact on workers and communities that rely on these industries. Given my background and values, I would prefer a balanced approach that phases out fossil fuels while supporting transition programs and renewable energy investments."
1262.0,0,ClimatePolicyID(3),"I **strongly oppose** government policies that ban the sale of new petrol cars by 2030. While I support environmental protection, I believe such a policy is too abrupt and could disproportionately affect lower-income individuals who rely on petrol cars for affordability and practicality. I value equal opportunity and fairness, and a sudden shift without adequate support or alternatives may create hardship for many, contradicting my commitment to helping others and ensuring equitable access to resources."
1262.0,1,ClimatePolicyID(3),"I **moderately support** the ban on new petrol cars by 2030, as it aligns with my commitment to environmental protection and reducing carbon emissions. However, I also worry about the potential hardship it could cause for lower-income individuals who may not have access to electric vehicles or the financial means to transition, which conflicts with my belief in equal opportunity and fairness."
1262.0,2,ClimatePolicyID(3),"I **moderately support** the ban on new petrol cars by 2030, as it aligns with my commitment to environmental protection and long-term sustainability. However, I remain concerned about the potential hardship it could cause for lower-income individuals, especially in London, who may not have the means to transition to electric vehicles. Given my values of fairness and equal opportunity, I believe the government should provide strong support and infrastructure to ensure a just transition."
1262.0,3,ClimatePolicyID(3),"I **moderately support** the ban on new petrol cars by 2030, as I believe in protecting the environment and reducing carbon emissions, which aligns with my values of caring for nature and global harmony. However, I **moderately oppose** it due to concerns about the potential hardship it could cause for lower-income individuals, especially in London where public transport is not always reliable, and I value equal opportunity and fairness. I think a phased approach with strong support for alternatives would better reflect my belief in helping others and ensuring equitable access."
1262.0,4,ClimatePolicyID(3),"I **moderately support** the ban on new petrol cars by 2030, as it aligns with my commitment to environmental protection and reducing carbon emissions. However, I remain concerned about the potential hardship it could cause for lower-income individuals who may not have access to electric vehicles or the financial means to transition, which conflicts with my belief in equal opportunity and helping those in need."
1262.0,5,ClimatePolicyID(3),"I **moderately support** the ban on new petrol cars by 2030, as I believe in protecting the environment and reducing carbon emissions, which aligns with my values of caring for nature and global harmony. However, I also **moderately oppose** it due to concerns about the potential hardship it could cause for lower-income individuals in London, many of whom rely on affordable petrol cars for daily commuting, which conflicts with my commitment to fairness and equal opportunity."
1262.0,0,ClimatePolicyID(4),"I **slightly support** government policies that mandate non-fossil fuel heating systems, rooftop solar panels, and high levels of insulation in new housing developments. As someone deeply committed to environmental protection and equal opportunity, I believe these measures are essential for reducing carbon emissions and promoting sustainability. However, I also value practicality and balance, and I have some concerns about the potential costs and implementation challenges, which is why my support is not wholehearted."
1262.0,1,ClimatePolicyID(4),"I **slightly support** this policy because I believe in protecting the environment and ensuring that future generations inherit a sustainable planet. As someone who values equal opportunity, I think these measures help level the playing field by reducing long-term energy costs and environmental harm for all residents. However, I also have concerns about the upfront costs and potential challenges in implementation, especially in densely populated areas like London, which makes my support more cautious than wholehearted."
1262.0,2,ClimatePolicyID(4),"I **slightly support** this policy because I believe in protecting the environment and ensuring that future generations have a livable planet, and I think these measures are necessary to reduce carbon emissions. However, I also have concerns about the potential costs and practical challenges of implementing such strict mandates, especially in a city like London where housing is already expensive and development is constrained. I value sustainability but also want to ensure that these policies are realistic and do not place undue financial or logistical burdens on developers or homeowners."
1262.0,3,ClimatePolicyID(4),"I **slightly support** this policy because I believe in protecting the environment and ensuring that future generations inherit a sustainable planet. As someone who values equal opportunity, I think these measures help level the playing field by reducing long-term energy costs and environmental harm for all residents. However, I also worry about the upfront costs and potential challenges in implementation, especially in urban areas like London where space and infrastructure can be limited."
1262.0,4,ClimatePolicyID(4),"I **slightly support** this policy because I believe in environmental protection and equal opportunity, and I think reducing carbon emissions is essential for the planet and future generations. However, I also worry about the potential costs and practical challenges of implementing these standards, especially in London where housing is already expensive and development is constrained. I value sustainability but also want to ensure that policies are realistic and don’t place undue burdens on homeowners or developers."
1262.0,5,ClimatePolicyID(4),"I **slightly support** this policy because I believe in protecting the environment and ensuring that future generations have a livable planet, and I think promoting sustainable housing is a step in the right direction. However, I also worry about the practical challenges and costs involved, especially for developers and homeowners in London, and I value balance and feasibility in policy implementation."
1262.0,0,ClimatePolicyID(5),"I hold a neutral position on imposing a carbon tax and distributing the revenue to the public. While I deeply care about the environment and believe in equal opportunities, I am concerned that a carbon tax could disproportionately affect lower-income households if not carefully structured. I support environmental protection but also value economic stability and fairness, which makes me cautious about policies that might create unintended burdens on everyday people."
1262.0,1,ClimatePolicyID(5),"As someone who cares deeply about the environment and believes in equal opportunities, I would support a carbon fee and dividend policy because it aligns with my values of protecting the planet and ensuring fairness. However, I'm cautious about how it's implemented, fearing it could place an unfair burden on lower-income households if not structured carefully. Given my background and income level, I’d want to see clear safeguards to ensure the policy doesn’t inadvertently harm those who are already struggling."
1262.0,2,ClimatePolicyID(5),"Given my strong commitment to environmental protection and equal opportunity, I would likely support a carbon fee and dividend policy. I believe that addressing climate change is essential for the planet's future, and distributing the revenue back to the public aligns with my values of fairness and shared responsibility. However, I am cautious about how the policy is structured, as I worry it could place an undue burden on lower-income households if not properly designed. My past support for the Conservatives and my moderate approach to change mean I would prefer a balanced, carefully implemented solution rather than a radical shift."
1262.0,3,ClimatePolicyID(5),"As someone who cares deeply about the environment and believes in equal opportunities, I would support a carbon fee and dividend policy because it aligns with my values of protecting the planet and ensuring fairness. However, I am cautious about how the tax is structured, as I worry it could unintentionally harm lower-income households if not properly managed. Given my background and values, I would lean towards supporting it, but only if it includes safeguards to ensure it doesn't create economic hardship for everyday people."
1262.0,4,ClimatePolicyID(5),"Given my values of environmental protection and equal opportunity, I would lean towards supporting a carbon fee and dividend policy. I believe it aligns with my commitment to reducing carbon emissions and ensuring that the cost of environmental damage is shared fairly. However, I remain cautious due to concerns that without proper safeguards, the tax could disproportionately affect lower-income households, which I care deeply about. My support is tempered by a desire to balance environmental goals with economic fairness."
1262.0,5,ClimatePolicyID(5),"As someone who cares deeply about the environment and believes in equal opportunities, I would support a carbon fee and dividend policy because it aligns with my values of protecting the planet and ensuring fairness. However, I am cautious about how the tax is structured, as I worry it could disproportionately affect lower-income households, which I also care about. Given my background and values, I would lean towards supporting it if it's designed to be fair and redistributive, but I’d want to see safeguards in place to protect those who are most vulnerable."
1262.0,0,ClimatePolicyID(6),"I somewhat oppose government policies that compensate people in other countries impacted by climate change because I believe climate change is a global issue that requires collective action and responsibility, not just financial handouts. While I deeply care about environmental justice and fairness, I think it's more important to focus on reducing emissions and supporting sustainable development globally rather than compensating for past or current impacts. I believe all nations should work together to address the root causes of climate change rather than shifting the burden through compensation."
1262.0,1,ClimatePolicyID(6),"I somewhat oppose government policies that compensate people in other countries impacted by climate change. While I deeply care about environmental justice, I believe climate change is a global issue that requires collective action and responsibility, not just financial handouts. I think it's more important to focus on reducing emissions and supporting sustainable development globally rather than shifting the burden through compensation. However, I do recognize the moral imperative to support those most affected, even if it means challenging my own assumptions about fairness and responsibility."
1262.0,2,ClimatePolicyID(6),"I somewhat oppose government policies that compensate people in other countries impacted by climate change. While I care deeply about environmental justice, I believe climate change is a global problem that requires collective responsibility and action, not just financial handouts. I think it's more important to focus on reducing emissions and supporting sustainable development worldwide rather than shifting the burden through compensation."
1262.0,3,ClimatePolicyID(6),"I would somewhat oppose government policies that compensate people in other countries impacted by climate change. While I deeply care about environmental justice and fairness, I believe climate change is a global issue that requires collective action and responsibility, not just financial handouts. I think it's more important to focus on reducing emissions and supporting sustainable development globally rather than shifting the burden through compensation. However, I also recognize the moral imperative to address the disproportionate impact of climate change on vulnerable communities, which could lead me to support targeted aid or climate adaptation programs that are transparent and equitable."
1262.0,4,ClimatePolicyID(6),"I somewhat oppose government policies that compensate people in other countries impacted by climate change. While I deeply care about environmental justice, I believe climate change is a global challenge that requires collective responsibility and action, not just financial handouts. I think it's more important to focus on reducing emissions and supporting sustainable development worldwide rather than shifting the burden through compensation. However, I do recognize the moral imperative to support those most affected, which creates some tension in my stance."
1262.0,5,ClimatePolicyID(6),"I would somewhat oppose government policies that compensate people in other countries impacted by climate change. While I care deeply about environmental justice, I believe climate change is a global challenge that requires collective responsibility and action rather than just financial handouts. I think it's more important to focus on reducing emissions and supporting sustainable development globally rather than shifting the burden through compensation. However, I also recognize the moral imperative to address the disproportionate impact of climate change on vulnerable communities, which might make me more open to targeted support in specific cases."
377.0,0,ClimatePolicyID(1),"I **strongly support** government policies that accelerate the roll-out of renewable energy production, such as more offshore and onshore wind parks. As someone who respects nature and believes all lifeforms should be treated equally, I recognize the importance of reducing our reliance on fossil fuels to protect the environment for future generations. While I value tradition and stability, I also believe in the necessity of progress and innovation to ensure a sustainable and equitable society."
377.0,1,ClimatePolicyID(1),"As someone who respects nature and believes all lifeforms should be treated equally, I **strongly support** government policies that accelerate the roll-out of renewable energy, like more wind parks. I see this as a necessary step to reduce our reliance on fossil fuels and protect the environment for future generations, which aligns with my values of sustainability and fairness. While I value tradition and stability, I also recognize the importance of progress and innovation in building a more sustainable and equitable society."
377.0,2,ClimatePolicyID(1),"As someone who respects nature and believes all lifeforms should be treated equally, I **strongly support** government policies that accelerate the roll-out of renewable energy, like more wind parks. I see this as a necessary step to reduce our environmental impact and ensure a sustainable future for my children and future generations. While I value tradition and stability, I also believe in the importance of progress and innovation to meet the challenges of the modern world."
377.0,3,ClimatePolicyID(1),"Given my values and background, I **strongly support** government policies that accelerate the roll-out of renewable energy production, such as more offshore and onshore wind parks. As someone who respects nature and believes all lifeforms should be treated equally, I see renewable energy as a necessary step toward a sustainable future. While I value tradition and stability, I also recognize the importance of progress and innovation to ensure a healthier environment for my children and future generations. I don't oppose it out of ideological rigidity, but because I believe in responsible stewardship of the planet."
377.0,4,ClimatePolicyID(1),"I **strongly support** government policies that accelerate the roll-out of renewable energy production, like more offshore and onshore wind parks. As someone who respects nature and believes all lifeforms should be treated equally, I see renewable energy as a necessary step to reduce our reliance on fossil fuels and protect the environment for future generations. While I value tradition and stability, I also believe in the necessity of progress and innovation to ensure a sustainable and equitable society."
377.0,5,ClimatePolicyID(1),"I **strongly support** government policies that accelerate the roll-out of renewable energy production, like more offshore and onshore wind parks. As someone who respects nature and believes all lifeforms should be treated equally, I see renewable energy as a necessary step toward reducing our environmental impact and ensuring a sustainable future. While I value tradition and stability, I also believe in the importance of progress and innovation, especially when it comes to protecting the planet for future generations."
377.0,0,ClimatePolicyID(2),"I somewhat support government policies that ban new oil, gas, and coal licenses because I believe in the long-term health of the planet and the need to transition to sustainable energy sources. While I don’t prioritize environmental protection as my primary focus, I recognize the importance of reducing harmful emissions and ensuring future generations have a livable world, which aligns with my values of fairness and equal opportunity for all."
377.0,1,ClimatePolicyID(2),"I would support a ban on new oil, gas, and coal licenses to some extent because I believe in the long-term health of the planet and the need to transition to sustainable energy sources. While I don’t prioritize environmental protection as my primary focus, I recognize the importance of reducing harmful emissions and ensuring future generations have a livable world, which aligns with my values of fairness and equal opportunity for all. However, I also worry about the economic impact on local communities and industries, which could affect jobs and regional stability—something I care about as a parent and resident of the South West."
377.0,2,ClimatePolicyID(2),"I would somewhat support a government policy that bans new oil, gas, and coal licenses. While I don’t prioritize environmental issues above other concerns, I do believe in long-term sustainability and fairness for future generations, which aligns with my values of equal opportunity. However, I’m also concerned about the economic impact on local communities and the transition costs for industries I’ve seen firsthand in the South West."
377.0,3,ClimatePolicyID(2),"I would somewhat support a ban on new oil, gas, and coal licenses because I recognize the long-term environmental risks and the need to transition to sustainable energy, which aligns with my belief in fairness and equal opportunity for future generations. However, I also value economic stability and job security, so I might be concerned about the impact on local industries and workers, especially in regions like the South West where energy-related employment could be significant."
377.0,4,ClimatePolicyID(2),"I would support a ban on new oil, gas, and coal licenses to some extent because I believe in the long-term health of the planet and the need to transition to sustainable energy, which aligns with my values of fairness and equal opportunity for future generations. However, I also value economic stability and job security, so I would be cautious about how such a policy is implemented, ensuring it doesn't negatively impact local communities or industries I care about."
377.0,5,ClimatePolicyID(2),"I would somewhat support a ban on new oil, gas, and coal licenses because I recognize the long-term environmental costs and the need to transition to sustainable energy, which aligns with my belief in fairness and equal opportunity for future generations. However, I also value economic stability and energy security, and I worry that such a ban could disproportionately affect local communities and industries, which I care about as a parent and resident of the South West."
377.0,0,ClimatePolicyID(3),"I slightly oppose the ban on the sale of new petrol cars by 2030 because I value personal choice and economic stability, and I believe the transition to electric vehicles should be more gradual and supported by adequate infrastructure and incentives. While I support environmental protection, I also recognize the practical challenges for individuals and businesses in adapting to such a rapid shift, and I prefer policies that balance sustainability with real-world feasibility."
377.0,1,ClimatePolicyID(3),"I would slightly oppose the ban on new petrol cars by 2030, as I value personal choice and economic stability, and I believe the transition to electric vehicles should be more gradual, with proper infrastructure and support. However, I do support environmental protection and recognize the need to reduce carbon emissions, so I might be open to a phased approach that balances sustainability with practicality for individuals and businesses."
377.0,2,ClimatePolicyID(3),"I would slightly oppose the ban on new petrol cars by 2030, as I value personal choice and economic stability, and I believe the transition to electric vehicles should be more gradual, with proper infrastructure and support. However, I do support environmental protection and recognize the long-term benefits of reducing carbon emissions, so I would be open to a well-planned, phased approach rather than an abrupt cutoff."
377.0,3,ClimatePolicyID(3),"I would slightly oppose the ban on new petrol cars by 2030, as I value personal choice and economic stability, and I believe the transition to electric vehicles should be more gradual and supported by adequate infrastructure and incentives. However, I do support environmental protection and recognize the long-term benefits of reducing carbon emissions, so I might be open to a phased approach that balances sustainability with practicality for individuals and businesses."
377.0,4,ClimatePolicyID(3),"I would slightly oppose the ban on new petrol car sales by 2030, as I value personal choice and economic stability, and I believe the transition to electric vehicles should be more gradual and supported by adequate infrastructure and incentives. While I support environmental protection, I also recognize the practical challenges for individuals and businesses in adapting to such a rapid shift, and I prefer policies that balance sustainability with real-world feasibility. However, I do respect the long-term goal of reducing carbon emissions and would support it if it were accompanied by strong investment in public transport and charging networks."
377.0,5,ClimatePolicyID(3),"I would slightly oppose the ban on new petrol car sales by 2030, as I value personal choice and economic stability, and I believe the transition to electric vehicles should be more gradual, with proper infrastructure and incentives in place. However, I do support environmental protection and recognize the long-term benefits of reducing carbon emissions, so I would be open to a phased approach that balances sustainability with practicality for individuals and businesses."
377.0,0,ClimatePolicyID(4),"I **strongly support** government policies that mandate non-fossil fuel heating systems, rooftop solar panels, and high levels of insulation in new housing developments. As someone who values sustainability and the long-term health of our environment, I believe these measures are essential for reducing carbon emissions and creating more energy-efficient homes. While I respect traditional norms and practicality, I also recognize the importance of adapting to new challenges, and I support policies that promote a cleaner, more resilient future for all."
377.0,1,ClimatePolicyID(4),"I **strongly support** government policies that mandate non-fossil fuel heating systems, rooftop solar panels, and high levels of insulation in new housing developments. As someone who values sustainability and the long-term health of our environment, I believe these measures are essential for reducing carbon emissions and creating more energy-efficient homes. While I respect traditional norms and practicality, I also recognize the importance of adapting to new challenges, and I support policies that promote a cleaner, more resilient future for all."
377.0,2,ClimatePolicyID(4),"I **strongly support** government policies that mandate non-fossil fuel heating systems, rooftop solar panels, and high levels of insulation in new housing developments. As someone who values sustainability and the long-term health of our environment, I believe these measures are essential for reducing carbon emissions and creating more energy-efficient homes. While I respect traditional norms and practicality, I also recognize the importance of adapting to new challenges, and I support policies that promote a cleaner, more resilient future for all."
377.0,3,ClimatePolicyID(4),"I **strongly support** government policies that mandate non-fossil fuel heating systems, rooftop solar panels, and high levels of insulation in new housing developments. As someone who values sustainability and the long-term health of our environment, I believe these measures are essential for reducing carbon emissions and creating more energy-efficient homes. While I respect traditional norms and practicality, I also recognize the importance of adapting to new challenges, and I support policies that promote a cleaner, more resilient future for all."
377.0,4,ClimatePolicyID(4),"I **strongly support** government policies that mandate non-fossil fuel heating systems, rooftop solar panels, and high levels of insulation in new housing developments. As someone who values sustainability and the long-term health of our environment, I believe these measures are essential for reducing carbon emissions and creating more energy-efficient homes. While I respect traditional norms and practicality, I also recognize the importance of adapting to new challenges, and I support policies that promote a cleaner, more resilient future for all."
377.0,5,ClimatePolicyID(4),"I **strongly support** government policies that mandate non-fossil fuel heating systems, rooftop solar panels, and high levels of insulation in new housing developments. As a parent and someone who values the long-term health of our environment, I see these measures as essential for reducing carbon emissions and creating more energy-efficient homes. While I respect traditional norms and practicality, I also recognize the importance of adapting to new challenges and ensuring a cleaner, more resilient future for all."
377.0,0,ClimatePolicyID(5),"I slightly support a carbon tax with revenues distributed to the public. While I value environmental protection, I don't see it as my primary focus, and I believe a carbon fee and dividend approach can help reduce emissions without disproportionately burdening low-income households. This policy aligns with my belief in equal opportunity and fairness, as it provides financial relief to citizens while encouraging sustainable practices."
377.0,1,ClimatePolicyID(5),"Based on my values and experiences, I would slightly support a carbon tax with revenues distributed to the public. I believe in equal opportunity and fairness, and a carbon fee and dividend approach could help reduce emissions without unfairly burdening lower-income households. I also appreciate the idea of using government action to address environmental issues in a way that benefits all citizens, which aligns with my general support for policies that promote social equity. However, I remain cautious about government intervention in the economy and prefer policies that balance environmental goals with economic stability."
377.0,2,ClimatePolicyID(5),"Based on my values and experiences, I would slightly support a carbon tax with revenues distributed to the public. I believe in fairness and equal opportunity, and a carbon fee and dividend approach could help reduce emissions without unfairly punishing lower-income households. I also appreciate the idea of using government action to address environmental issues in a way that benefits all citizens. However, I remain cautious about government overreach and prefer policies that balance environmental goals with economic stability and personal responsibility."
377.0,3,ClimatePolicyID(5),"I would slightly support a carbon tax with revenues distributed to the public. I believe it can help reduce emissions without unfairly punishing low-income households, which aligns with my values of fairness and equal opportunity. However, I'm not strongly motivated by environmental causes, so I'd want to see clear evidence that this policy actually works and doesn't create unintended economic burdens."
377.0,4,ClimatePolicyID(5),"Based on my values and experiences, I would slightly support a carbon tax with revenues distributed to the public. I believe in equal opportunity and fairness, and a carbon fee and dividend approach could help reduce emissions without unfairly burdening low-income households. However, I am not overly focused on environmental issues as a primary concern, and I would want to ensure that the policy doesn't create unnecessary complexity or regulatory burdens that could impact local businesses and jobs."
377.0,5,ClimatePolicyID(5),"Based on my values and experiences, I would slightly support a carbon tax with revenues distributed to the public. I believe in fairness and equal opportunity, and a carbon fee and dividend approach could help reduce emissions without unfairly punishing lower-income households—something I care about as a parent. However, I’m not overly focused on environmental issues as my primary concern, so I’d prefer a balanced approach that doesn’t prioritize climate action over other pressing social and economic issues."
377.0,0,ClimatePolicyID(6),"I hold a neutral position on compensating people in other countries impacted by climate change. While I believe in the principle of treating all lifeforms and people with respect, I also value practicality and fairness in policy. I recognize the global nature of climate change and the need for collective responsibility, but I am cautious about how such compensation is structured and who benefits, which makes me neither strongly supportive nor opposed."
377.0,1,ClimatePolicyID(6),"I would lean slightly in support of compensating people in other countries impacted by climate change, as I believe all lifeforms should be treated equally and that no single species should dominate the planet. However, I remain cautious about how such compensation is structured and who benefits, which makes me wary of potential misuse or inefficiency in the system. Given my moderate stance on global equality and my practical approach to policy, I’m neither strongly supportive nor opposed, but I do think it’s a necessary step in the broader effort to address climate justice."
377.0,2,ClimatePolicyID(6),"I would lean slightly in support of compensating people in other countries impacted by climate change, but not strongly. On one hand, I believe in fairness and that no group should bear the brunt of global issues without recourse, and I reject the idea that any group is inherently superior. On the other hand, I'm cautious about how such compensation is structured—especially if it leads to dependency or misallocation of resources—and I value practical, transparent policies that don't create new inequalities."
377.0,3,ClimatePolicyID(6),"I would likely support government policies that compensate people in other countries impacted by climate change, but not strongly. On one hand, I believe in fairness and that no group should be unfairly burdened by issues beyond their control, especially when it comes to something as global as climate change. On the other hand, I’m cautious about how such compensation is structured—particularly who gets the funds and how they’re distributed—and I worry about the potential for misuse or inefficiency, which makes me hesitant to fully endorse it."
377.0,4,ClimatePolicyID(6),"I would likely support government policies that compensate people in other countries impacted by climate change, but only if the compensation is structured fairly and transparently. I believe in treating all people with respect, and I recognize that climate change is a global issue that affects the most vulnerable disproportionately. However, I am cautious about how such policies are implemented, as I value practicality and want to ensure that the funds are used effectively and not mismanaged or exploited."
377.0,5,ClimatePolicyID(6),"I would likely support government policies that compensate people in other countries impacted by climate change, but only if the compensation is structured fairly and transparently. I believe in treating all people with respect, and I recognize that climate change is a global issue that affects the most vulnerable disproportionately. However, I am cautious about how such policies are implemented—especially if they could be exploited or if they place an unfair burden on taxpayers. My support is tempered by a desire for practicality and fairness, and I would want to ensure that aid is used effectively and that it doesn’t create dependency or corruption."
574.0,0,ClimatePolicyID(1),"I somewhat support accelerating the roll-out of renewable energy production because I believe in reducing our environmental impact and ensuring a sustainable future for future generations. While I am not an active environmental advocate, I respect the need to balance human progress with the preservation of natural resources, and I see renewable energy as a responsible step toward that balance."
574.0,1,ClimatePolicyID(1),"I would somewhat support accelerating the roll-out of renewable energy production because I believe in reducing our environmental impact and ensuring a sustainable future for future generations. While I’m not an active environmental advocate, I respect the need to balance human progress with the preservation of natural resources, and I see renewable energy as a responsible step toward that balance. However, I might be concerned about the visual and auditory impact of wind farms on local communities and the potential disruption to wildlife, which could make me more cautious about their rapid expansion."
574.0,2,ClimatePolicyID(1),"I would somewhat support accelerating the roll-out of renewable energy production because I believe in reducing our environmental impact and ensuring a sustainable future for future generations. While I am not an active environmental advocate, I respect the need to balance human progress with the preservation of natural resources, and I see renewable energy as a responsible step toward that balance. However, I might be concerned about the visual and auditory impact of wind farms on local communities and landscapes, which could affect the quality of life for people living nearby."
574.0,3,ClimatePolicyID(1),"I would probably support accelerating the roll-out of renewable energy production, not because I'm an environmental activist, but because I see it as a responsible way to reduce our impact on the planet and ensure that future generations have a livable world. However, I might be concerned about the visual and noise impact of wind farms on local communities and the potential disruption to wildlife, which could make me hesitant if it affects my immediate surroundings."
574.0,4,ClimatePolicyID(1),"I would probably support accelerating the roll-out of renewable energy production, not because I'm an environmental activist, but because I believe in reducing our environmental impact and ensuring a sustainable future. I see renewable energy as a responsible step toward balancing human progress with the preservation of natural resources, and I respect the need to act for future generations. However, I might be cautious about the pace and the potential disruption to local communities and landscapes, which could affect my quality of life in London."
574.0,5,ClimatePolicyID(1),"I would support accelerating the roll-out of renewable energy production to some extent, as I believe in reducing our environmental impact and ensuring a sustainable future. I see renewable energy as a responsible step toward balancing human progress with the preservation of natural resources, even though I’m not an active environmental advocate. However, I might be concerned about the visual and noise impact of wind farms on local communities and the potential disruption to wildlife, which could make me more cautious about rapid expansion."
574.0,0,ClimatePolicyID(2),"I hold a neutral position on banning new oil, gas, and coal licenses. While I respect the need to protect the environment and reduce carbon emissions, I also value economic stability and the role of traditional industries in supporting communities. I believe the government should carefully balance environmental concerns with the practical realities of energy production and regional economies."
574.0,1,ClimatePolicyID(2),"I would likely support a ban on new oil, gas, and coal licenses to some extent, as I care about the environment and believe all life should be treated equally. However, I also value economic stability and the role of traditional industries, especially in regions like London where such sectors may still have a presence. I’d want the government to balance environmental concerns with the practical needs of communities and the economy."
574.0,2,ClimatePolicyID(2),"I would likely support a ban on new oil, gas, and coal licenses to some extent, as I care about the environment and believe all lifeforms should be treated equally. However, I might oppose it completely if it threatens local jobs or economic stability, especially since I value practical realities and regional economies. My support would depend on how the policy is implemented and whether it includes fair transitions for affected communities."
574.0,3,ClimatePolicyID(2),"I would likely support a ban on new oil, gas, and coal licenses to some extent, as I care about the environment and believe all life should be treated equally. However, I also value economic stability and the role of traditional industries, especially in areas like London where energy production may still have local significance. I would prefer a balanced approach that reduces reliance on fossil fuels without causing sudden disruption to communities or the economy."
574.0,4,ClimatePolicyID(2),"I would likely support a ban on new oil, gas, and coal licenses to some extent, as I believe all lifeforms should be treated equally and that no single species should dominate the planet. However, I also value economic stability and the role of traditional industries, especially in regions like London where energy production may still have local economic significance. I would prefer a balanced approach that reduces environmental harm without completely disrupting existing livelihoods or regional economies."
574.0,5,ClimatePolicyID(2),"I would likely support a ban on new oil, gas, and coal licenses, not because I'm an environmental activist, but because I see the long-term risks of climate change and the need for a transition to cleaner energy. However, I also worry about the impact on communities that rely on these industries for jobs and economic stability, especially in regions like parts of the North of England, which I know have a strong industrial heritage. Given my slightly right-of-centre views, I’d want any transition to be managed carefully and fairly, ensuring no one is left behind."
574.0,0,ClimatePolicyID(3),"I slightly support the ban on the sale of new petrol cars by 2030. While I care about the environment and believe all lifeforms should be treated equally, I am not strongly driven by environmental activism as a primary focus. I recognize the need for progress in reducing carbon emissions and protecting the planet, but I also value practicality and gradual change over abrupt policy shifts. This position aligns with my moderate approach to change and my belief in balancing innovation with everyday realities."
574.0,1,ClimatePolicyID(3),"I would slightly support the ban on new petrol cars by 2030, mainly because I believe all lifeforms should be treated equally and I recognize the long-term environmental benefits of reducing carbon emissions. However, I also value practicality and gradual change, so I might worry about the immediate financial and logistical impact on everyday drivers, especially in a city like London where public transport isn't always a viable alternative for everyone."
574.0,2,ClimatePolicyID(3),"I would slightly support the ban on new petrol cars by 2030, as I believe in treating all lifeforms equally and reducing harm to the environment, even if it's not my primary focus. However, I also value practicality and gradual change, so I might worry about the impact on everyday people and the economy, especially as someone living in London with a modest income."
574.0,3,ClimatePolicyID(3),"I would slightly support the ban on new petrol cars by 2030, as I believe in treating all lifeforms equally and reducing harm to the environment, even if it's not my primary focus. However, I also value practicality and gradual change, so I might worry about the impact on older car owners and the cost of transitioning to electric vehicles, which could be a burden for someone with a modest income like mine."
574.0,4,ClimatePolicyID(3),"I would slightly support the ban on new petrol cars by 2030, as I believe in treating all lifeforms equally and reducing harm to the environment, even if it's not my primary focus. However, I might oppose it if it feels too abrupt or impractical for everyday life, especially given my preference for gradual change and reliance on familiar methods. My support is tempered by a desire for balance between progress and real-world feasibility."
574.0,5,ClimatePolicyID(3),"I would slightly support the ban on new petrol cars by 2030, as I believe in treating all lifeforms equally and reducing environmental harm. However, I also value practicality and gradual change, so I might worry about the impact on older car owners and the cost of transitioning to electric vehicles, especially for someone with a moderate income like mine."
574.0,0,ClimatePolicyID(4),"I **strongly support** government policies that mandate non-fossil fuel heating systems, rooftop solar panels, and high levels of insulation in new housing developments. As someone who values fairness and the long-term well-being of communities, I believe these measures are essential for reducing environmental harm and ensuring a sustainable future for all. While I am not an activist on environmental issues, I recognize the importance of protecting natural resources and reducing the impact of climate change on future generations."
574.0,1,ClimatePolicyID(4),"I **strongly support** government policies that mandate non-fossil fuel heating systems, rooftop solar panels, and high levels of insulation in new housing developments. As someone who values fairness and the long-term well-being of communities, I believe these measures are essential for reducing environmental harm and ensuring a sustainable future for all. While I am not an activist on environmental issues, I recognize the importance of protecting natural resources and reducing the impact of climate change on future generations."
574.0,2,ClimatePolicyID(4),"I **strongly support** government policies that mandate non-fossil fuel heating systems, rooftop solar panels, and high levels of insulation in new housing developments. As someone who values fairness and the long-term well-being of communities, I believe these measures are essential for reducing environmental harm and ensuring a sustainable future for all. While I am not an activist on environmental issues, I recognize the importance of protecting natural resources and reducing the impact of climate change on future generations."
574.0,3,ClimatePolicyID(4),"I **strongly support** government policies that mandate non-fossil fuel heating systems, rooftop solar panels, and high levels of insulation in new housing developments. As someone who values fairness and the long-term well-being of communities, I believe these measures are essential for reducing environmental harm and ensuring a sustainable future for all. While I am not an activist on environmental issues, I recognize the importance of protecting natural resources and reducing the impact of climate change on future generations."
574.0,4,ClimatePolicyID(4),"I **strongly support** government policies that mandate non-fossil fuel heating systems, rooftop solar panels, and high levels of insulation in new housing developments. As someone who values fairness and the long-term well-being of communities, I believe these measures are essential for reducing environmental harm and ensuring a sustainable future for all. While I am not an activist on environmental issues, I recognize the importance of protecting natural resources and reducing the impact of climate change on future generations."
574.0,5,ClimatePolicyID(4),"I **strongly support** government policies that mandate non-fossil fuel heating systems, rooftop solar panels, and high levels of insulation in new housing developments. As someone who values fairness and the long-term well-being of communities, I believe these measures are essential for reducing environmental harm and ensuring a sustainable future for all. While I am not an activist on environmental issues, I recognize the importance of protecting natural resources and reducing the impact of climate change on future generations."
574.0,0,ClimatePolicyID(5),"I slightly support the policy of imposing a carbon tax on fossil fuel sales and distributing the revenue to the public. While I value environmental protection and believe all lifeforms should be treated equally, I am not strongly driven by global environmental causes. However, I support fairness and see a carbon fee and dividend as a way to address climate change while ensuring the public benefits, which aligns with my moderate approach to social and economic issues."
574.0,1,ClimatePolicyID(5),"I would slightly support a carbon tax with dividend payments because I believe in fairness and think it's reasonable to make those who contribute most to environmental harm pay a price, while ensuring the public benefits. However, I'm not strongly motivated by environmental causes, so I might worry it could be seen as too much government interference or a way to push more progressive policies than I personally support."
574.0,2,ClimatePolicyID(5),"I would slightly support a carbon fee and dividend policy because I believe in fairness and think distributing the revenue back to the public could help cushion the impact of higher energy costs, which might affect people like me with a modest income. However, I’m not strongly driven by environmental causes, so I might be hesitant to support a policy that feels more like a green agenda than a practical solution to economic and social issues."
574.0,3,ClimatePolicyID(5),"I would slightly support a carbon tax with the revenue distributed to the public. I believe in fairness and think such a policy could help address climate change without placing an unfair burden on ordinary people, which aligns with my moderate stance. However, I'm not strongly driven by environmental causes, so I might be skeptical about the effectiveness of such a policy in making a real difference."
574.0,4,ClimatePolicyID(5),"I would slightly support a carbon tax with dividend payments because I believe in fairness and think it's reasonable to put a price on pollution, especially since I value treating all life equally. However, I'm not strongly driven by environmental causes, so I might worry it could be seen as too much government interference or a burden on everyday people, even if the money is returned to them."
574.0,5,ClimatePolicyID(5),"I would slightly support a carbon fee and dividend policy because I believe in fairness and think distributing the revenue back to the public could help ease the economic impact of higher energy costs, which aligns with my moderate approach to social issues. However, I'm not strongly driven by environmental causes, so I might be skeptical about the effectiveness of such a policy in making a real difference to the planet, and I worry it could be just another government intervention that adds to the complexity of everyday life."
574.0,0,ClimatePolicyID(6),"I hold a neutral position on compensating people in other countries impacted by climate change. While I believe all lifeforms should be treated equally and that no single species should dominate the planet, I also value fairness and recognize that climate change is a global issue with complex causes and responsibilities. I am not strongly driven by global equality as a primary concern, and I believe the focus should be on addressing the root causes of climate change rather than solely on compensatory measures."
574.0,1,ClimatePolicyID(6),"I would likely support government policies that compensate people in other countries impacted by climate change, but not strongly. On one hand, I believe all lifeforms should be treated equally, and I do care about fairness, so I can see the moral case for helping those most affected. On the other hand, I’m not driven by global equality as a primary concern, and I worry that such policies might divert attention from the root causes of climate change, which I think should be the main focus."
574.0,2,ClimatePolicyID(6),"I would likely support government policies that compensate people in other countries impacted by climate change, but not strongly. On one hand, I believe all lifeforms should be treated equally, and I have a basic respect for nature, which makes me sympathetic to those suffering from climate-related harm. On the other hand, I value fairness and am not driven by global equality as a primary concern, so I might be hesitant to prioritize compensation over addressing the root causes of climate change."
574.0,3,ClimatePolicyID(6),"I would likely support government policies that compensate people in other countries impacted by climate change, but only to a moderate extent. On one hand, I believe all lifeforms should be treated equally, and I do care about fairness, so I wouldn't want those most affected by climate change—often the poorest and least responsible for it—to suffer disproportionately. On the other hand, I’m not strongly driven by global equality as a primary concern, and I’m more focused on addressing the root causes of climate change rather than just compensating for its effects. I also worry that large financial transfers could be misused or create dependency, which I see as a form of mild social hierarchy I’m somewhat okay with."
574.0,4,ClimatePolicyID(6),"I would likely support government policies that compensate people in other countries impacted by climate change, but only to a moderate extent. On one hand, I believe all lifeforms should be treated equally, and I have a basic respect for nature, which makes me sympathetic to those suffering from climate-related harm. On the other hand, I value fairness and am not strongly driven by global equality as a primary concern, so I might be cautious about large-scale compensatory measures that could be seen as imposing Western values or creating new dependencies. I think the focus should be on addressing the root causes of climate change, but I wouldn’t oppose compensation entirely if it's done fairly and with clear conditions."
574.0,5,ClimatePolicyID(6),"I would likely support government policies that compensate people in other countries impacted by climate change, but only to a moderate extent. On one hand, I believe all lifeforms should be treated equally, and I do care about fairness, so I can see the moral case for helping those who are most affected. On the other hand, I'm not strongly driven by global equality as a primary concern, and I worry that such policies might be seen as a way to shift responsibility away from addressing the root causes of climate change, which I think should be the main focus."
556.0,0,ClimatePolicyID(1),"I strongly support government policies that accelerate the roll-out of renewable energy production, such as more offshore and onshore wind parks. As someone who values equality and believes all lifeforms should be treated equally, I see renewable energy as a critical step toward reducing humanity's harmful impact on the planet. I also recognize the importance of transitioning to sustainable energy sources to ensure a fairer, more resilient future for all."
556.0,1,ClimatePolicyID(1),"I would support government policies that accelerate the roll-out of renewable energy production, like more wind parks, because I believe in reducing humanity's harmful impact on the planet and ensuring a fairer future for all. As someone who values equality and sees renewable energy as a step toward sustainability, I think it's important for society to move away from fossil fuels. However, I also worry about the potential disruption to local communities and landscapes, which makes me cautious about how these projects are implemented."
556.0,2,ClimatePolicyID(1),"I would support government policies that accelerate the roll-out of renewable energy production, like more wind parks, because I believe in equality and fairness for all lifeforms, and I see renewable energy as a way to reduce humanity's harmful impact on the planet. However, I might be cautious about how these projects are implemented, especially if they affect local communities or natural landscapes, as I value a balance between progress and respecting the environment and people's living conditions."
556.0,3,ClimatePolicyID(1),"I would support government policies that accelerate the roll-out of renewable energy production, like more wind parks, because I believe in a fairer future where all lifeforms are treated equally and the planet is protected from human harm. As someone who values sustainability and sees the long-term benefits of clean energy, I think this is a necessary step toward a more just and resilient society. However, I also worry about the potential disruption to local communities and landscapes, which makes me cautious about how these projects are implemented."
556.0,4,ClimatePolicyID(1),"I would support government policies that accelerate the roll-out of renewable energy production, like more wind parks, because I believe in equality and reducing harm to the planet. As someone who values fairness and sustainability, I see renewable energy as a way to create a more just and resilient future for all, especially for future generations and communities that are most affected by environmental degradation."
556.0,5,ClimatePolicyID(1),"I would support government policies that accelerate the roll-out of renewable energy production, like more wind parks, because I believe in equal opportunity and reducing harm to the planet. As someone who values fairness and sustainability, I see renewable energy as a way to create a more just and resilient future for all, especially for future generations and those less able to adapt to environmental changes. However, I’m also cautious about how these projects are implemented—ensuring they don’t negatively impact local communities or ecosystems is important to me."
556.0,0,ClimatePolicyID(2),"I strongly support government policies that ban new oil, gas, and coal licenses. As someone who values equality and believes all lifeforms should be treated equally, I recognize that fossil fuel extraction disproportionately harms the environment and future generations. My commitment to sustainability and fairness aligns with the need to transition to cleaner energy sources and protect the planet for all species."
556.0,1,ClimatePolicyID(2),"I would strongly support a ban on new oil, gas, and coal licenses. As someone who values fairness and believes all life should be treated equally, I see fossil fuel extraction as harmful not just to the environment, but to future generations and communities that bear the brunt of pollution and climate change. While I understand the economic concerns for some, my left-wing values and commitment to sustainability push me toward supporting a transition to cleaner energy."
556.0,2,ClimatePolicyID(2),"I would strongly support a ban on new oil, gas, and coal licenses. As someone who values equality and believes all lifeforms should be treated equally, I see fossil fuel extraction as inherently harmful to both the environment and future generations. I also align with Labour's environmental policies and feel that transitioning to cleaner energy is a fair and necessary step for a just society. However, I might be concerned about the economic impact on local communities, especially in the North West, where some areas rely on these industries for jobs. But given my left-wing views and commitment to sustainability, I think the long-term benefits outweigh the short-term costs."
556.0,3,ClimatePolicyID(2),"I would strongly support a ban on new oil, gas, and coal licenses. As someone who values equality and believes all lifeforms should be treated equally, I see fossil fuel extraction as harmful not just to the environment, but to future generations and other species. I also align with Labour’s environmental policies and feel that transitioning to cleaner energy is both fair and necessary.

However, I might be cautious about the economic impact on local communities, especially in the North West where some areas rely on these industries. I don’t want to see people lose their livelihoods, but I also believe the long-term benefits of sustainability outweigh short-term job losses."
556.0,4,ClimatePolicyID(2),"I would strongly support government policies that ban new oil, gas, and coal licenses. As someone who values equality and believes all lifeforms should be treated equally, I recognize that fossil fuel extraction disproportionately harms the environment and future generations. My commitment to sustainability and fairness aligns with the need to transition to cleaner energy sources and protect the planet for all species."
556.0,5,ClimatePolicyID(2),"I would strongly support government policies that ban new oil, gas, and coal licenses. As someone who values equality and believes all lifeforms should be treated equally, I recognize that fossil fuel extraction disproportionately harms the environment and future generations. My left-wing views and commitment to sustainability align with the need to transition to cleaner energy sources and protect the planet for all species."
556.0,0,ClimatePolicyID(3),"I **strongly support** government policies that ban the sale of new petrol cars by no later than 2030. As someone who values environmental responsibility and believes all lifeforms should be treated equally, I recognize the urgent need to reduce carbon emissions and combat climate change. While I respect tradition and societal norms, I also believe in adapting to ensure a sustainable future for all, and transitioning away from fossil fuels aligns with my commitment to fairness and long-term planetary health."
556.0,1,ClimatePolicyID(3),"I **strongly support** government policies that ban the sale of new petrol cars by no later than 2030. As someone who believes all lifeforms should be treated equally and values a sustainable future, I see this as a necessary step to reduce carbon emissions and protect the planet for future generations. While I respect tradition, I also believe in adapting to ensure fairness and long-term environmental health, which aligns with my left-wing values and commitment to equality."
556.0,2,ClimatePolicyID(3),"I **strongly support** government policies that ban the sale of new petrol cars by no later than 2030. As someone who believes all lifeforms should be treated equally and is concerned about the long-term health of the planet, I see this as a necessary step to reduce carbon emissions and combat climate change. While I respect tradition, I also believe in adapting to ensure a fairer, more sustainable future for all, and this policy aligns with my values of environmental responsibility and long-term thinking."
556.0,3,ClimatePolicyID(3),"I **strongly support** government policies that ban the sale of new petrol cars by no later than 2030. As someone who believes all lifeforms should be treated equally and values a sustainable future, I see this as a necessary step to reduce carbon emissions and combat climate change. While I respect tradition, I also believe in adapting to protect the planet for future generations, and this policy aligns with my left-wing values and commitment to environmental responsibility."
556.0,4,ClimatePolicyID(3),"I **strongly support** government policies that ban the sale of new petrol cars by no later than 2030. As someone who believes all lifeforms should be treated equally and is concerned about environmental sustainability, I see this as a necessary step to reduce carbon emissions and combat climate change. While I respect tradition, I also believe in adapting to protect the planet for future generations, and I think the transition to electric vehicles is a fair and responsible move for society as a whole."
556.0,5,ClimatePolicyID(3),"I **strongly support** government policies that ban the sale of new petrol cars by no later than 2030. As someone who believes all lifeforms should be treated equally and is concerned about environmental sustainability, I see this as a necessary step to reduce carbon emissions and combat climate change. While I respect tradition, I also believe in adapting to ensure a fairer, more sustainable future for all, and this policy aligns with my left-wing values and commitment to long-term planetary health."
556.0,0,ClimatePolicyID(4),"I **strongly support** government policies that mandate non-fossil fuel heating systems, rooftop solar panels, and high levels of insulation in new housing developments. As someone who values environmental responsibility and believes all lifeforms should be treated equally, I recognize the urgent need to reduce our reliance on fossil fuels and mitigate climate change. While I am not an environmental activist, I believe that taking proactive steps to build a more sustainable future aligns with my core values of fairness and long-term societal well-being."
556.0,1,ClimatePolicyID(4),"I **strongly support** government policies that mandate non-fossil fuel heating systems, rooftop solar panels, and high levels of insulation in new housing developments. As someone who values fairness and long-term societal well-being, I believe these measures are necessary to address climate change and ensure a more sustainable future for all. While I’m not an environmental activist, I see these policies as a practical step toward reducing inequality in energy costs and protecting future generations from the worst impacts of climate change."
556.0,2,ClimatePolicyID(4),"I **strongly support** this policy. As someone who believes in equal opportunity and long-term societal well-being, I see these measures as necessary steps toward a fairer, more sustainable future. While I’m not an environmental activist, I recognize that reducing fossil fuel dependence aligns with my values of fairness and respect for all lifeforms. I also believe that investing in green infrastructure can create jobs and improve living conditions, which resonates with my left-wing views and Labour voting history."
556.0,3,ClimatePolicyID(4),"I **strongly support** government policies that mandate non-fossil fuel heating systems, rooftop solar panels, and high levels of insulation in new housing developments. As someone who values fairness and long-term societal well-being, I see these measures as necessary steps toward reducing our environmental impact and ensuring a more sustainable future for all. While I’m not an environmental activist, I believe that taking proactive steps to protect the planet aligns with my core values of equality and respect for all lifeforms."
556.0,4,ClimatePolicyID(4),"I **strongly support** this policy. As someone who believes in fairness and long-term societal well-being, I see these measures as necessary steps toward reducing our reliance on fossil fuels and protecting the environment for future generations. While I’m not an environmental activist, I do care about the planet and think that building sustainable housing is a responsible way to ensure equal opportunities for all, especially for those who will live in these homes."
556.0,5,ClimatePolicyID(4),"I **strongly support** government policies that mandate non-fossil fuel heating systems, rooftop solar panels, and high levels of insulation in new housing developments. As someone who values fairness and long-term societal well-being, I see these measures as necessary steps to reduce our environmental impact and ensure a more sustainable future for all. While I’m not an environmental activist, I believe that taking proactive steps to protect the planet aligns with my core values of equality and respect for all lifeforms."
556.0,0,ClimatePolicyID(5),"I strongly support government policies that impose a carbon tax on fossil fuel sales and distribute the revenue to the public. As someone who values environmental responsibility and believes all lifeforms should be treated equally, I see a carbon fee and dividend as a fair and effective way to reduce emissions while ensuring the public benefits directly. This approach aligns with my belief in equal opportunity and my skepticism of policies that disproportionately burden the most vulnerable."
556.0,1,ClimatePolicyID(5),"I would strongly support a carbon fee and dividend policy. As someone who values environmental responsibility and believes all lifeforms should be treated equally, I see this as a fair way to reduce emissions without punishing low-income households. The idea of distributing the revenue directly to the public aligns with my belief in equal opportunity and my skepticism of policies that disproportionately burden the vulnerable."
556.0,2,ClimatePolicyID(5),"I'd support a carbon fee and dividend because it aligns with my belief that all lifeforms should be treated equally and that society should work to equalize conditions. I think it's fair to tax polluters and return the money to the public, which fits with my left-wing views and my support for Labour. However, I'm also cautious about government overreach and prefer policies that are both effective and transparent."
556.0,3,ClimatePolicyID(5),"I would strongly support a carbon fee and dividend policy. As someone who values equal opportunity and believes all lifeforms should be treated equally, I see this as a fair way to address climate change without punishing the most vulnerable. The idea of distributing revenue directly to the public aligns with my left-wing values and my belief that society should actively work to equalize conditions."
556.0,4,ClimatePolicyID(5),"I would strongly support a carbon fee and dividend policy. As someone who values equal opportunity and believes all lifeforms should be treated equally, I see this as a fair way to address environmental harm while directly benefiting the public. The idea of using fossil fuel profits to fund universal dividends aligns with my left-wing views and my belief in redistributive justice.

However, I might be cautious about the administrative complexity and potential for government overreach, which could make me skeptical of how the funds would be distributed fairly. Given my moderate curiosity and respect for traditional norms, I’d prefer a policy that’s clear, transparent, and doesn’t feel like another layer of bureaucracy."
556.0,5,ClimatePolicyID(5),"I would strongly support a carbon fee and dividend policy. As someone who values equal opportunity and believes all lifeforms should be treated equally, I see this as a fair way to address environmental harm while directly benefiting the public. The idea of taxing polluters and giving the money back to people aligns with my left-wing views and my belief that society should work to equalize conditions.

However, I might be cautious about how the policy is implemented. Given my income level and living in the North West, I could be concerned about potential increases in energy costs or the impact on local industries. But overall, my values and political stance lean me toward supporting this policy."
556.0,0,ClimatePolicyID(6),"I slightly support government policies that compensate people in other countries impacted by climate change. While I believe in global equality and the importance of treating all life with respect, I also recognize that climate change is a complex, global issue with uneven impacts. I support compensation as a way to address historical and ongoing inequities, but I believe it should be part of a broader, coordinated effort to reduce emissions and support sustainable development rather than a standalone solution."
556.0,1,ClimatePolicyID(6),"I slightly support government policies that compensate people in other countries impacted by climate change. On one hand, I believe in global equality and the idea that no group should be disproportionately harmed by issues like climate change, especially when those impacts are linked to historical and ongoing inequities. On the other hand, I’m cautious about how such policies might be implemented—especially if they’re seen as just another form of neocolonial aid or if they divert attention from the urgent need to cut emissions and address the root causes of climate change."
556.0,2,ClimatePolicyID(6),"I slightly support government policies that compensate people in other countries impacted by climate change. On one hand, I believe in global equality and the idea that no group should suffer disproportionately from issues like climate change, especially when those impacts are linked to historical emissions from wealthier nations. On the other hand, I worry that compensation could be seen as a way to avoid real action on reducing emissions, and I’m cautious about how such policies might be implemented fairly and effectively."
556.0,3,ClimatePolicyID(6),"I slightly support government policies that compensate people in other countries impacted by climate change. On one hand, I believe in global equality and the idea that no group should suffer disproportionately from issues like climate change, especially when those impacts are linked to historical emissions from wealthier nations. On the other hand, I’m cautious about how such compensation might be implemented—especially if it’s seen as a way to avoid real action on emissions reduction or if it could be exploited by governments or corporations. I’d prefer it to be part of a broader, fairer system that addresses both the symptoms and root causes of climate injustice."
556.0,4,ClimatePolicyID(6),"I slightly support government policies that compensate people in other countries impacted by climate change. On one hand, I believe in global equality and that no group should suffer disproportionately from issues like climate change, especially when those impacts are linked to historical emissions from wealthier nations. On the other hand, I’m cautious about how such compensation is structured—without clear accountability and transparency, it could become a political tool rather than a genuine effort to address justice."
556.0,5,ClimatePolicyID(6),"I slightly support government policies that compensate people in other countries impacted by climate change. On one hand, I believe in global equality and the idea that no group should be disproportionately harmed by issues like climate change, especially when those harms are the result of historical and ongoing emissions from wealthier nations. On the other hand, I’m cautious about how such compensation is structured, fearing it might be seen as a way to avoid real action on emissions reduction, which I think is more critical in the long term."
752.0,0,ClimatePolicyID(1),"I hold a neutral position on accelerating the roll-out of renewable energy production because I recognize the importance of reducing carbon emissions and supporting long-term environmental sustainability. However, I also value practicality and stability, and I am cautious about rapid changes that could disrupt existing systems or communities. Given my respect for tradition and balance, I support renewable energy as part of a broader, thoughtful approach to energy policy rather than as an extreme or urgent priority."
752.0,1,ClimatePolicyID(1),"I would likely support accelerating the roll-out of renewable energy production, but only to a moderate extent. I recognize the long-term benefits of reducing carbon emissions and moving away from fossil fuels, which aligns with a balanced view of progress and environmental responsibility. However, I am cautious about rapid changes that could disrupt local communities or traditional industries, and I value stability and practicality in policy implementation."
752.0,2,ClimatePolicyID(1),"I would likely support accelerating the roll-out of renewable energy production, but only to a moderate extent. I recognize the long-term benefits of reducing carbon emissions and moving away from fossil fuels, which aligns with a balanced view of progress and environmental responsibility. However, I am cautious about rapid changes that could disrupt local communities or traditional industries, and I prefer a gradual, pragmatic approach that respects existing systems and livelihoods."
752.0,3,ClimatePolicyID(1),"I would likely support accelerating the roll-out of renewable energy production, but only to a moderate extent. I recognize the long-term benefits of reducing carbon emissions and moving away from fossil fuels, which aligns with a balanced approach to progress and environmental responsibility. However, I am cautious about rapid changes that could disrupt local communities or traditional industries, and I value stability and practicality in policy implementation."
752.0,4,ClimatePolicyID(1),"I would likely support accelerating the roll-out of renewable energy production, but only to a moderate extent. I recognize the long-term benefits of reducing carbon emissions and moving away from fossil fuels, which aligns with a balanced approach to progress and environmental responsibility. However, I am cautious about rapid changes that could disrupt local communities or traditional industries, and I value stability and practicality in policy implementation."
752.0,5,ClimatePolicyID(1),"I would likely support accelerating the roll-out of renewable energy production, but only to a moderate extent. I recognize the long-term benefits of reducing carbon emissions and moving away from fossil fuels, which aligns with a balanced view of progress and environmental responsibility. However, I am cautious about rapid changes that could disrupt local communities or traditional industries, especially in the South West where I live, and I prefer a steady, pragmatic approach rather than an aggressive push for renewables."
752.0,0,ClimatePolicyID(2),"I somewhat oppose banning new oil, gas, and coal licenses because I value economic stability and energy independence, which I see as important for national security and local jobs. While I respect the need to balance environmental concerns, I believe that a complete ban could disrupt existing industries and harm communities that rely on these sectors, without necessarily leading to immediate or significant environmental benefits."
752.0,1,ClimatePolicyID(2),"Based on my values and experiences, I would likely **somewhat oppose** a ban on new oil, gas, and coal licenses. I value economic stability and energy independence, which I see as crucial for national security and local jobs, especially in regions like the South West where energy-related industries may still play a role. However, I also recognize the long-term environmental risks and the importance of transitioning to sustainable energy, so I might support a gradual phase-out rather than an outright ban."
752.0,2,ClimatePolicyID(2),"Based on my values and experiences, I would likely **somewhat oppose** a ban on new oil, gas, and coal licenses. I value economic stability and energy independence, which I see as crucial for national security and local jobs, especially in regions like the South West where these industries have historically played a role in the economy. However, I also recognize the long-term environmental costs and the need for a balanced approach, so I might support gradual phase-outs or stricter regulations rather than an outright ban."
752.0,3,ClimatePolicyID(2),"I would likely **oppose** a ban on new oil, gas, and coal licenses, as I value economic stability and energy independence, which I see as crucial for national security and local jobs. While I respect environmental concerns, I believe a complete ban could disrupt existing industries and harm communities that rely on them, without necessarily leading to immediate or significant environmental benefits. However, I might support gradual phase-outs if they are paired with strong support for renewable energy and retraining programs to help workers transition."
752.0,4,ClimatePolicyID(2),"Based on my values and experiences, I would likely **somewhat oppose** a ban on new oil, gas, and coal licenses. I value economic stability and energy independence, which I see as crucial for national security and local jobs—especially in the South West where energy industries may still play a role in the regional economy. However, I also recognize the long-term environmental costs and the need for a balanced approach, so I might support gradual phase-outs or stricter regulations rather than an outright ban."
752.0,5,ClimatePolicyID(2),"Based on my values and experiences, I would likely **somewhat oppose** a ban on new oil, gas, and coal licenses. I value economic stability and energy independence, which I see as crucial for national security and local jobs—especially in the South West where energy-related industries may still play a role in the economy. However, I also recognize the long-term environmental costs and the need for a balanced approach, so I might support gradual phase-outs rather than an outright ban."
752.0,0,ClimatePolicyID(3),"I strongly oppose the ban on the sale of new petrol cars by 2030. As someone who values practicality and reliability, I believe that transitioning to electric vehicles requires significant infrastructure and financial investment that may not be feasible for all drivers, especially in rural areas. I also prioritize environmental responsibility, but I think a more gradual and balanced approach would better ensure that the transition is fair and sustainable for everyone."
752.0,1,ClimatePolicyID(3),"I would likely **oppose** the ban on new petrol cars by 2030. As someone who values practicality and reliability, I’m concerned that such a policy could create financial strain on individuals and businesses, especially in rural areas where alternatives may be limited. While I do care about the environment, I believe the transition to electric vehicles should be more gradual and supported by adequate infrastructure and incentives, rather than imposed through a strict deadline."
752.0,2,ClimatePolicyID(3),"I would likely **oppose** the ban on new petrol car sales by 2030. As someone who values practicality and reliability, I worry that such a policy could create unnecessary hardship for drivers, especially in rural areas where public transport is limited and infrastructure for electric vehicles is not yet widespread. While I do care about the environment, I believe the transition should be gradual and supported by adequate investment in charging networks and incentives, rather than an abrupt phase-out that could leave many stranded."
752.0,3,ClimatePolicyID(3),"I would likely **oppose** the ban on new petrol cars by 2030. As someone who values practicality and reliability, I’m concerned that such a rapid transition could leave many, especially in rural areas of the South West, without adequate alternatives, leading to higher costs and inconvenience. While I do care about the environment, I believe a more gradual approach would allow for better infrastructure development and ensure that the shift doesn’t disproportionately affect those who can’t easily afford or access electric vehicles."
752.0,4,ClimatePolicyID(3),"I would likely **oppose** a ban on new petrol car sales by 2030. As someone who values practicality and reliability, I’m concerned that such a policy could place an unfair burden on rural drivers and small businesses, who may not have the infrastructure or financial means to switch to electric vehicles quickly. While I do care about the environment, I believe the transition should be gradual and supported by proper investment in charging infrastructure, rather than imposed through a strict deadline."
752.0,5,ClimatePolicyID(3),"I would likely **oppose** a ban on the sale of new petrol cars by 2030. As someone who values practicality and reliability, I’m concerned that such a policy could place an unfair burden on drivers, especially in rural areas where public transport is limited and charging infrastructure is not yet widespread. While I do care about the environment, I believe the transition to electric vehicles should be gradual and supported by sufficient investment in infrastructure and incentives, rather than enforced through a strict deadline."
752.0,0,ClimatePolicyID(4),"I somewhat support government policies that mandate non-fossil fuel heating systems, rooftop solar panels, and high levels of insulation in new housing developments. While I value environmental respect and recognize the importance of balancing human progress with sustainability, I also prioritize practicality and cost-effectiveness. Given my background and values, I believe in responsible stewardship of resources, but I am cautious about overly prescriptive mandates that may impose unnecessary financial burdens or disrupt traditional building practices."
752.0,1,ClimatePolicyID(4),"I would support these policies to a moderate extent. As someone who values environmental respect and sees the importance of balancing human progress with sustainability, I recognize the long-term benefits of reducing fossil fuel dependence and improving energy efficiency. However, I remain cautious about the potential financial and practical challenges for developers and homeowners, especially in the South West where traditional building methods and costs may differ from more progressive urban areas. I believe in responsible stewardship, but I also want to ensure that such mandates don’t become overly burdensome or disrupt established practices without clear, long-term benefits."
752.0,2,ClimatePolicyID(4),"I would support these policies to a moderate extent. As someone who values environmental respect and sees the importance of balancing human progress with sustainability, I recognize the long-term benefits of reducing reliance on fossil fuels and improving energy efficiency. However, I remain cautious about the potential financial and practical challenges for developers and homeowners, especially in the South West where traditional building methods are well-established. I believe in responsible stewardship, but I also want to ensure that such mandates don't become overly prescriptive or impose undue burdens on those with limited resources."
752.0,3,ClimatePolicyID(4),"I would support these policies to a moderate extent, as I believe in balancing human progress with environmental respect. I recognize the long-term benefits of reducing fossil fuel dependency and improving energy efficiency, which aligns with my values of responsible resource use. However, I remain cautious about the potential financial and practical challenges for developers and homeowners, especially in the South West where traditional building methods are still prevalent. I think the government should encourage, rather than strictly mandate, these measures to ensure they are implemented in a way that is both effective and economically viable."
752.0,4,ClimatePolicyID(4),"I would support these policies to a moderate extent, as I believe in balancing human progress with environmental respect. I recognize the long-term benefits of reducing fossil fuel dependence and improving energy efficiency, which aligns with my general respect for sustainability. However, I am cautious about the potential financial and practical challenges for homeowners and builders, especially in the South West where traditional building methods are still common. I would prefer a measured approach that encourages, but doesn't overly mandate, these changes."
752.0,5,ClimatePolicyID(4),"I would support these policies to a moderate extent. I believe in responsible stewardship of resources and recognize the long-term benefits of reducing reliance on fossil fuels, which aligns with my general respect for balancing human progress with environmental concerns. However, I am cautious about the potential financial and practical burdens on developers and homeowners, especially given my own household income level and the importance I place on cost-effectiveness and traditional building practices."
752.0,0,ClimatePolicyID(5),"I somewhat oppose a carbon tax with public distribution because I value environmental responsibility but also believe in maintaining economic stability and individual choice. While I recognize the need to address climate change, I am concerned that a carbon tax could disproportionately affect lower-income households and disrupt local economies, especially in areas reliant on fossil fuels. I prefer policies that balance environmental goals with support for working people and economic fairness."
752.0,1,ClimatePolicyID(5),"I would likely support a carbon tax with public distribution to some extent, as I recognize the need to address climate change and believe in a fairer distribution of its costs. However, I remain cautious about the potential economic impact on local communities and lower-income households, which aligns with my concern for economic stability and individual choice. I would prefer a balanced approach that supports environmental responsibility without undermining working people or disrupting traditional industries."
752.0,2,ClimatePolicyID(5),"I would likely support a carbon tax with public distribution to some extent, as I recognize the need to address climate change and believe in using government action to correct market failures. However, I am cautious about the potential economic impact on lower-income households and regions dependent on fossil fuels, which could disrupt local economies and place an unfair burden on working people. I prefer a balanced approach that encourages environmental responsibility without compromising economic stability or individual choice."
752.0,3,ClimatePolicyID(5),"I would likely support a carbon tax with public distribution to some extent, as I believe in addressing climate change and recognizing the need for environmental responsibility. However, I am cautious about how such a policy is implemented, particularly in regions like the South West where local economies may rely on fossil fuel industries. I would want to ensure that the policy doesn't unfairly burden working families or disrupt livelihoods, and that the revenue is used in a way that supports both environmental and economic stability."
752.0,4,ClimatePolicyID(5),"I would likely support a carbon tax with public distribution to some extent, as I recognize the need to address climate change and believe in fairness. However, I remain cautious about the potential economic impact on lower-income households and local communities, especially in the South West where some areas still rely on fossil fuel industries. I prefer a balanced approach that supports environmental responsibility without undermining economic stability or individual choice."
752.0,5,ClimatePolicyID(5),"I would likely **somewhat support** a carbon tax with public distribution, but not strongly. On one hand, I recognize the need to address climate change and believe that a carbon fee could encourage cleaner energy use without directly harming the environment. On the other hand, I'm concerned that such a policy might disrupt local economies, especially in areas reliant on fossil fuels, and I worry about the potential regressive impact on lower-income households. I prefer a balanced approach that supports both environmental responsibility and economic stability."
752.0,0,ClimatePolicyID(6),"I somewhat oppose government policies that compensate people in other countries impacted by climate change because I believe that responsibility for climate change should primarily rest with those who have contributed most to it, particularly industrialized nations. While I care about people and fairness, I also value accountability and do not believe that wealthier countries should be forced to subsidize the consequences of actions that were not solely their fault. I think solutions should focus on reducing emissions and supporting sustainable development rather than compensating for past harm."
752.0,1,ClimatePolicyID(6),"I would likely **oppose** government policies that compensate people in other countries impacted by climate change. I believe that responsibility for climate change should primarily rest with those who have contributed most to it, particularly industrialized nations, and I don't think wealthier countries should be forced to subsidize the consequences of actions that were not solely their fault. While I care about people and fairness, I value accountability and think solutions should focus on reducing emissions and supporting sustainable development rather than compensating for past harm."
752.0,2,ClimatePolicyID(6),"I would likely oppose government policies that compensate people in other countries impacted by climate change. I believe that responsibility for climate change should primarily rest with those who have contributed most to it, particularly industrialized nations, and I don’t think wealthier countries should be forced to subsidize the consequences of actions that were not solely their fault. While I care about people and fairness, I value accountability and think solutions should focus on reducing emissions and supporting sustainable development rather than compensating for past harm."
752.0,3,ClimatePolicyID(6),"I would likely oppose government policies that compensate people in other countries impacted by climate change. I believe that responsibility for climate change primarily rests with industrialized nations, and I don’t think wealthier countries should be forced to subsidize the consequences of actions that were not solely their fault. While I care about people and fairness, I value accountability and think solutions should focus on reducing emissions and supporting sustainable development rather than compensating for past harm."
752.0,4,ClimatePolicyID(6),"I would likely **oppose** government policies that compensate people in other countries impacted by climate change. I believe that responsibility for climate change should primarily rest with those who have contributed most to it, particularly industrialized nations, and I don’t think wealthier countries should be forced to subsidize the consequences of actions that were not solely their fault. While I care about people and fairness, I value accountability and think solutions should focus on reducing emissions and supporting sustainable development rather than compensating for past harm."
752.0,5,ClimatePolicyID(6),"I would likely oppose government policies that compensate people in other countries impacted by climate change. I believe that responsibility for climate change should primarily rest with those who have contributed most to it, particularly industrialized nations, and I don’t think wealthier countries should be forced to subsidize the consequences of actions that were not solely their fault. While I care about people and fairness, I value accountability and think solutions should focus on reducing emissions and supporting sustainable development rather than compensating for past harm."
1001.0,0,ClimatePolicyID(1),"I slightly support the acceleration of renewable energy production, as I recognize the long-term benefits of reducing reliance on fossil fuels and protecting the environment for future generations. However, I am cautious about the pace and scale of such projects, particularly when they may impact local communities or natural landscapes, which I value and respect. My support is tempered by a desire to balance environmental goals with practical considerations and the well-being of those directly affected."
1001.0,1,ClimatePolicyID(1),"I would slightly support the acceleration of renewable energy roll-out, as I recognize the long-term benefits of reducing reliance on fossil fuels and protecting the environment for future generations. However, I am cautious about the pace and scale of such projects, particularly when they may impact local communities or natural landscapes, which I value and respect. My support is tempered by a desire to balance environmental goals with practical considerations and the well-being of those directly affected."
1001.0,2,ClimatePolicyID(1),"I would likely support accelerating the roll-out of renewable energy production, as I recognize the long-term environmental benefits and the need to reduce reliance on fossil fuels. However, I would be cautious about the pace and scale of such projects, particularly if they impact local communities or natural landscapes that I value. My support is tempered by a desire to balance environmental goals with the well-being of those directly affected, and I would want to ensure that local concerns are heard and addressed."
1001.0,3,ClimatePolicyID(1),"I would slightly support accelerating renewable energy roll-out, as I recognize the long-term environmental benefits and the need to reduce reliance on fossil fuels. However, I am cautious about the pace and scale of such projects, especially if they impact local communities or natural landscapes that I value. I want to balance environmental goals with the well-being of those directly affected, and I remain skeptical of policies that prioritize rapid change without sufficient consideration for local concerns."
1001.0,4,ClimatePolicyID(1),"I would slightly support accelerating renewable energy roll-out, as I see long-term environmental benefits and believe in reducing fossil fuel dependence for future generations. However, I am cautious about the pace and scale of such projects, especially if they impact local communities or natural landscapes I value. I want to balance environmental goals with practical considerations and the well-being of those directly affected."
1001.0,5,ClimatePolicyID(1),"I would support accelerating renewable energy roll-out to some extent, as I recognize the long-term environmental benefits and the need to reduce reliance on fossil fuels. However, I am cautious about the pace and scale of such projects, especially if they impact local communities or natural landscapes that I value. I want to ensure that progress is made without compromising the quality of life for those living nearby."
1001.0,0,ClimatePolicyID(2),"I somewhat support a ban on new oil, gas, and coal licenses because I believe in treating all lifeforms on Earth with equal respect and reducing the harm caused by fossil fuel extraction. While I value tradition and stability, I also recognize the long-term environmental costs and the need to balance economic interests with sustainability. I am not opposed to all forms of energy development, but I do think it's important to prioritize future generations and avoid locking in harmful practices that could damage the planet."
1001.0,1,ClimatePolicyID(2),"I would somewhat support a ban on new oil, gas, and coal licenses because I believe in treating all lifeforms on Earth with equal respect and reducing the harm caused by fossil fuel extraction. However, I also value economic stability and traditional industries, which makes me cautious about abrupt shifts that could affect jobs and local economies—especially in regions like the North East where energy has historically been a key part of the workforce."
1001.0,2,ClimatePolicyID(2),"I would somewhat support a ban on new oil, gas, and coal licenses because I believe in treating all lifeforms on Earth with equal respect and reducing the harm caused by fossil fuel extraction. However, I also value economic stability and traditional industries, and I’m concerned about the potential impact on jobs and regional economies, especially in areas like the North East where such industries have historically been important."
1001.0,3,ClimatePolicyID(2),"I would somewhat support a ban on new oil, gas, and coal licenses because I believe in treating all lifeforms on Earth with equal respect and reducing the harm caused by fossil fuel extraction. However, I also value economic stability and traditional industries, so I might be concerned about the impact on jobs and local economies, especially in regions like the North East where such industries have historically been important."
1001.0,4,ClimatePolicyID(2),"I somewhat support a ban on new oil, gas, and coal licenses because I believe in treating all lifeforms on Earth with equal respect and reducing the harm caused by fossil fuel extraction. However, I also value economic stability and traditional industries, which makes me cautious about abrupt changes that could affect jobs and local economies—especially in regions like the North East where such industries have historically been important."
1001.0,5,ClimatePolicyID(2),"I would somewhat support a ban on new oil, gas, and coal licenses because I believe in treating all lifeforms on Earth with equal respect and reducing the harm caused by fossil fuel extraction. However, I also value economic stability and traditional industries, so I might be cautious about abrupt changes that could affect jobs and local economies, especially in regions like the North East where such industries have historically been important."
1001.0,0,ClimatePolicyID(3),"I somewhat oppose the ban on the sale of new petrol cars by 2030 because I value practicality and gradual change over abrupt policy shifts. While I respect the environment, I believe the transition to electric vehicles should be managed carefully to avoid placing undue financial or logistical burdens on individuals and businesses, especially in rural areas where infrastructure may lag. I prefer a balanced approach that considers both environmental concerns and the realities of everyday life."
1001.0,1,ClimatePolicyID(3),"I would likely **somewhat oppose** the ban on new petrol cars by 2030. As someone who values practicality and gradual change, I worry that an abrupt shift could create unnecessary hardship, especially for rural communities where alternatives may be less accessible. However, I do respect the environmental concerns behind the policy, and I can see the long-term benefits of reducing carbon emissions, so I might support it in principle, though not without reservations."
1001.0,2,ClimatePolicyID(3),"I would likely **somewhat oppose** the ban on new petrol cars by 2030. As someone who values practicality and gradual change, I’m concerned that an abrupt shift could create unnecessary hardship for individuals and businesses, especially in rural areas where infrastructure and alternatives may not be readily available. However, I do respect the environmental goal and might support it if it were phased in more carefully with adequate support for transition."
1001.0,3,ClimatePolicyID(3),"I would likely **somewhat oppose** the ban on new petrol cars by 2030. As someone who values practicality and gradual change, I worry that an abrupt shift could create unnecessary hardship, especially for rural communities where alternatives may be less accessible. However, I do recognize the environmental benefits and might support it if it were phased in more carefully, with adequate support for infrastructure and alternatives. My centre-left positioning and concern for fairness make me receptive to environmental goals, but my preference for stability and respect for tradition makes me cautious about rapid, sweeping changes."
1001.0,4,ClimatePolicyID(3),"I would likely **somewhat oppose** the ban on new petrol cars by 2030. As someone who values practicality and gradual change, I’m concerned that an abrupt shift could create unnecessary hardship, especially for rural communities where charging infrastructure may not keep pace. However, I do respect the environmental goal and might support it if it’s implemented with clear support for transition, like subsidies or better public transport, rather than a sudden cut-off."
1001.0,5,ClimatePolicyID(3),"I would likely **somewhat oppose** the ban on new petrol cars by 2030. While I respect the environmental goal, I value practicality and gradual change, and I’m concerned about the potential disruption to rural communities and small businesses that may struggle to adapt quickly. However, I might **somewhat support** it if it’s part of a well-planned, phased transition that includes support for infrastructure and alternatives, ensuring fairness and avoiding unnecessary hardship. My centre-left stance and concern for fairness mean I’d prefer a balanced approach that doesn’t force abrupt change on individuals or regions."
1001.0,0,ClimatePolicyID(4),"I **strongly support** government policies that mandate non-fossil fuel heating systems, rooftop solar panels, and high levels of insulation in new housing developments. As someone who values fairness and the long-term well-being of society, I believe these measures are essential for reducing environmental harm and ensuring a sustainable future for all. While I respect traditional norms and practicality, I also recognize that adapting to new, cleaner technologies is a responsible step toward protecting the planet and future generations."
1001.0,1,ClimatePolicyID(4),"Given my background and values, I would **strongly support** this policy. As someone who values fairness and the long-term well-being of society, I believe that reducing reliance on fossil fuels is a responsible step toward a sustainable future. While I respect traditional norms and practicality, I also recognize that adapting to cleaner technologies is essential for protecting the environment and ensuring that future generations inherit a livable planet."
1001.0,2,ClimatePolicyID(4),"As someone who values fairness and the long-term well-being of society, I **strongly support** government policies that mandate non-fossil fuel heating systems, rooftop solar panels, and high levels of insulation in new housing. While I respect traditional norms and practicality, I also recognize that adapting to cleaner technologies is a responsible step toward protecting the planet and future generations. I see these measures as a balanced approach that aligns with my belief in treating all lifeforms equally and avoiding unnecessary harm to the environment."
1001.0,3,ClimatePolicyID(4),"I **strongly support** government policies that mandate non-fossil fuel heating systems, rooftop solar panels, and high levels of insulation in new housing developments. As someone who values fairness and the long-term well-being of society, I see these measures as essential for reducing environmental harm and ensuring a sustainable future for all. While I respect traditional norms and practicality, I also recognize that adapting to cleaner technologies is a responsible step toward protecting the planet and future generations."
1001.0,4,ClimatePolicyID(4),"Given my values of fairness and long-term societal well-being, I **strongly support** government policies that mandate non-fossil fuel heating systems, rooftop solar panels, and high levels of insulation in new housing. As someone who respects both tradition and progress, I see these measures as a responsible way to protect the environment without sacrificing practicality. While I value stability, I also recognize that adapting to cleaner technologies is essential for ensuring a sustainable future for all, including my children."
1001.0,5,ClimatePolicyID(4),"Given my background and values, I **strongly support** government policies that mandate non-fossil fuel heating systems, rooftop solar panels, and high levels of insulation in new housing. As a parent, I care about the long-term well-being of future generations, and I believe these measures are essential for reducing environmental harm and ensuring a sustainable future. While I respect traditional norms and practicality, I also recognize that adapting to cleaner technologies is a responsible step toward protecting the planet and maintaining fairness for all."
1001.0,0,ClimatePolicyID(5),"I am neutral on the policy of imposing a carbon tax and distributing the revenue to the public. While I respect the goal of reducing carbon emissions and believe in fairness, I am not strongly driven by environmental activism and prefer gradual, practical solutions over sweeping policy changes. I also value economic stability and am cautious about government intervention in markets, even if the intent is positive."
1001.0,1,ClimatePolicyID(5),"Given my moderate stance on environmental issues and a preference for practical, gradual solutions, I would likely support a carbon fee and dividend policy, as it aligns with my belief in fairness and economic stability. I appreciate the idea of using market mechanisms to reduce emissions while ensuring the public benefits, which I see as a balanced approach. However, I remain cautious about government intervention in markets and prefer policies that are clear, predictable, and not overly complex."
1001.0,2,ClimatePolicyID(5),"Given my moderate stance on environmental issues and general support for fairness, I might lean slightly in favor of a carbon fee and dividend policy. I respect the idea of using market mechanisms to reduce emissions and distributing the revenue directly to citizens as a form of economic fairness. However, I am cautious about government intervention in markets and prefer gradual, practical solutions over sweeping policy changes. My support would be tempered by concerns about economic stability and the potential for unintended consequences, especially given my background as a parent and my preference for predictable, steady systems."
1001.0,3,ClimatePolicyID(5),"Given my moderate stance on environmental issues and general support for fairness, I would likely support a carbon fee and dividend policy. I appreciate the idea of using market mechanisms to reduce emissions and returning revenue directly to citizens, which seems fair and pragmatic. However, I remain cautious about government intervention in markets and prefer gradual, tested solutions over sweeping changes, which might make me hesitant to fully endorse it without clear evidence of effectiveness."
1001.0,4,ClimatePolicyID(5),"Given my background and values, I would likely support a carbon fee and dividend policy to some extent. I respect the goal of reducing carbon emissions and believe in fairness, and distributing the revenue directly to the public seems like a practical way to offset the economic impact of higher energy costs. However, I remain cautious about government intervention in markets and prefer gradual, stable solutions over sweeping changes, which makes me somewhat hesitant about the broader implications of such a policy."
1001.0,5,ClimatePolicyID(5),"Given my moderate stance on environmental issues and a preference for practical, gradual solutions, I would likely support a carbon fee and dividend policy. I respect the idea of using market mechanisms to reduce emissions and believe distributing the revenue could provide a direct benefit to the public, which aligns with my values of fairness. However, I remain cautious about government intervention in markets and am concerned about potential economic disruptions, which might lead me to oppose it if it feels too abrupt or intrusive."
1001.0,0,ClimatePolicyID(6),"I slightly oppose government policies that compensate people in other countries impacted by climate change because I believe that addressing climate change should focus on global cooperation and shared responsibility rather than financial transfers. While I care about fairness and the well-being of all lifeforms, I am concerned that such compensation could create dependency or be misused, and I prefer solutions that prioritize direct action and equitable development over redistribution of resources."
1001.0,1,ClimatePolicyID(6),"I would likely **slightly oppose** government policies that compensate people in other countries impacted by climate change. While I care about fairness and the well-being of all lifeforms, I believe that addressing climate change should focus on global cooperation and shared responsibility rather than financial transfers. I’m concerned that such compensation could create dependency or be misused, and I prefer solutions that prioritize direct action and equitable development over redistribution of resources."
1001.0,2,ClimatePolicyID(6),"I would likely **slightly oppose** government policies that compensate people in other countries impacted by climate change. While I care about fairness and the well-being of all lifeforms, I believe that addressing climate change should focus on global cooperation and shared responsibility rather than financial transfers. I’m concerned that such compensation could create dependency or be misused, and I prefer solutions that prioritize direct action and equitable development over redistribution of resources."
1001.0,3,ClimatePolicyID(6),"I would likely **slightly oppose** government policies that compensate people in other countries impacted by climate change. While I care about fairness and the well-being of all lifeforms, I believe that addressing climate change should focus on global cooperation and shared responsibility rather than financial transfers. I'm concerned that such compensation could create dependency or be misused, and I prefer solutions that prioritize direct action and equitable development over redistribution of resources."
1001.0,4,ClimatePolicyID(6),"I would likely **slightly oppose** government policies that compensate people in other countries impacted by climate change. While I care about fairness and the well-being of all lifeforms, I believe that addressing climate change should focus on global cooperation and shared responsibility rather than financial transfers. I'm concerned that such compensation could create dependency or be misused, and I prefer solutions that prioritize direct action and equitable development over redistribution of resources."
1001.0,5,ClimatePolicyID(6),"I would likely **slightly oppose** government policies that compensate people in other countries impacted by climate change. While I care about fairness and the well-being of all lifeforms, I believe that addressing climate change should focus on global cooperation and shared responsibility rather than financial transfers. I'm concerned that such compensation could create dependency or be misused, and I prefer solutions that prioritize direct action and equitable development over redistribution of resources."
440.0,0,ClimatePolicyID(1),"I **strongly support** government policies that accelerate the roll-out of renewable energy production, such as more offshore and onshore wind parks. As someone deeply committed to environmental protection and global harmony, I believe transitioning to renewable energy is essential for reducing our carbon footprint and ensuring a sustainable future for all life on Earth. I also value equal opportunities and social progress, and I see renewable energy as a key step toward a more just and resilient society that prioritizes the well-being of both people and the planet."
440.0,1,ClimatePolicyID(1),"I **strongly support** government policies that accelerate the roll-out of renewable energy production, like more offshore and onshore wind parks. As someone deeply committed to environmental protection and social justice, I see renewable energy as a critical step toward reducing our carbon footprint and ensuring a sustainable future for all. I also value equal opportunities and believe that transitioning to clean energy can create jobs and reduce inequality, aligning with my left-wing values and desire for a more just society."
440.0,2,ClimatePolicyID(1),"I **strongly support** government policies that accelerate the roll-out of renewable energy production, like more offshore and onshore wind parks. As someone deeply committed to environmental protection and social justice, I see renewable energy as essential for reducing our carbon footprint and creating a more sustainable, equitable future. I also value the potential for green jobs and local economic development, which aligns with my belief in equal opportunities and community empowerment. While I’m aware of the challenges like land use and visual impact, I believe the long-term benefits for the planet and future generations far outweigh these concerns."
440.0,3,ClimatePolicyID(1),"I **strongly support** government policies that accelerate the roll-out of renewable energy production, like more offshore and onshore wind parks. As someone deeply committed to environmental protection and social justice, I see renewable energy as a crucial step toward reducing our carbon footprint and creating a more equitable society. I believe that investing in clean energy not only helps the planet but also creates opportunities for communities, especially those that have been historically marginalized or economically disadvantaged."
440.0,4,ClimatePolicyID(1),"I **strongly support** government policies that accelerate the roll-out of renewable energy production, like more offshore and onshore wind parks. As someone deeply committed to environmental protection and social justice, I see renewable energy as essential for reducing our carbon footprint and ensuring a sustainable future for all. I also believe it creates opportunities for green jobs and reduces reliance on fossil fuels, which aligns with my values of equal opportunity and collective well-being. While I’m aware of potential local opposition or economic concerns, I prioritize long-term environmental and social benefits over short-term disruptions."
440.0,5,ClimatePolicyID(1),"I **strongly support** government policies that accelerate the roll-out of renewable energy production, like more offshore and onshore wind parks. As someone deeply committed to environmental protection and social justice, I see renewable energy as a critical step toward reducing our carbon footprint and ensuring a sustainable future for all. I also believe it creates opportunities for green jobs and helps level the playing field for communities that have historically been left behind by industrial policies."
440.0,0,ClimatePolicyID(2),"I **strongly support** government policies that ban new oil, gas, and coal licenses. As someone deeply committed to environmental protection and global harmony, I believe that continuing to extract and use fossil fuels accelerates climate change and threatens the planet's future. I reject the idea that any group should dominate natural resources or the environment, and I trust that society can progress by prioritizing sustainability and equity over short-term economic gains."
440.0,1,ClimatePolicyID(2),"I **strongly support** government policies that ban new oil, gas, and coal licenses. As someone deeply committed to environmental protection and social equity, I believe that continuing to extract fossil fuels is a direct threat to both the planet and future generations. I reject the idea that economic growth should come at the expense of the environment or the well-being of others, and I trust that society can move toward a more sustainable and just future by prioritizing long-term ecological health over short-term profit."
440.0,2,ClimatePolicyID(2),"I **strongly support** government policies that ban new oil, gas, and coal licenses. As someone deeply committed to environmental protection and social equity, I see continued fossil fuel extraction as a direct threat to both the planet and future generations. I believe that prioritizing renewable energy and phasing out fossil fuels aligns with my values of sustainability, global harmony, and equal opportunity—principles I have consistently supported through my political choices and personal actions."
440.0,3,ClimatePolicyID(2),"I **strongly support** government policies that ban new oil, gas, and coal licenses. As someone deeply committed to environmental protection and global harmony, I believe that continuing to extract and use fossil fuels accelerates climate change and threatens the planet's future. I reject the idea that any group should dominate natural resources or the environment, and I trust that society can progress by prioritizing sustainability and equity over short-term economic gains."
440.0,4,ClimatePolicyID(2),"I **strongly support** government policies that ban new oil, gas, and coal licenses. As someone deeply committed to environmental protection and social equity, I believe that continuing to extract fossil fuels is a direct threat to both the planet and future generations. I reject the idea that economic growth should come at the cost of ecological destruction, and I trust that society can move toward a sustainable future without relying on industries that harm the environment and exacerbate inequality."
440.0,5,ClimatePolicyID(2),"I **strongly support** government policies that ban new oil, gas, and coal licenses. As someone deeply committed to environmental protection and social equity, I believe that continuing to extract and use fossil fuels is not only harmful to the planet but also perpetuates systemic inequalities, particularly affecting marginalized communities who bear the brunt of pollution and climate change. I trust that society can progress by prioritizing sustainability and long-term well-being over short-term economic gains, even if it means challenging powerful industries and traditional energy systems."
440.0,0,ClimatePolicyID(3),"I **slightly support** the policy to ban the sale of new petrol cars by 2030. As someone deeply committed to environmental protection and global harmony, I believe transitioning to cleaner transportation is essential for reducing carbon emissions and combating climate change. However, I also recognize the need for a balanced approach that considers the economic and practical challenges for individuals and industries, ensuring the transition is fair and accessible for all."
440.0,1,ClimatePolicyID(3),"I **strongly support** the ban on new petrol car sales by 2030. As someone deeply committed to environmental protection and reducing carbon emissions, I see this as a necessary step toward a sustainable future. I believe the government has a responsibility to lead on climate action, and phasing out fossil fuel-dependent vehicles aligns with my values of global harmony and equal opportunity for all. While I acknowledge the challenges for lower-income individuals, I think the long-term benefits for public health and the planet outweigh the short-term disruptions."
440.0,2,ClimatePolicyID(3),"I **strongly support** the ban on new petrol car sales by 2030. As someone deeply committed to environmental protection and reducing carbon emissions, I believe this policy is a necessary step toward combating climate change and promoting sustainable transportation. While I acknowledge the potential economic and logistical challenges, I prioritize long-term ecological health and social equity over short-term convenience, especially given my left-wing values and history of supporting progressive environmental policies."
440.0,3,ClimatePolicyID(3),"I **strongly support** the ban on new petrol car sales by 2030. As someone deeply committed to environmental protection and reducing carbon emissions, I see this as a necessary step toward a sustainable future. I believe the government has a responsibility to lead on climate action, and transitioning to electric vehicles is a clear way to reduce our collective environmental footprint. While I acknowledge the challenges for lower-income households, I think the long-term benefits for public health and the planet outweigh the short-term costs, especially with proper support and infrastructure in place."
440.0,4,ClimatePolicyID(3),"I **strongly support** the policy to ban the sale of new petrol cars by 2030. As someone deeply committed to environmental protection and social equity, I see this as a necessary step to reduce carbon emissions and combat climate change, which disproportionately affects vulnerable communities. While I acknowledge the economic and logistical challenges, I believe the long-term benefits—cleaner air, reduced fossil fuel dependence, and a more sustainable future—far outweigh the short-term disruptions, especially when supported by fair transition programs."
440.0,5,ClimatePolicyID(3),"I **strongly support** the ban on new petrol car sales by 2030. As someone deeply committed to environmental protection and global harmony, I see this as a necessary step to reduce carbon emissions and move toward a more sustainable future. I believe that transitioning to electric vehicles is essential for combating climate change, and I think the government has a responsibility to lead this shift, even if it means some short-term economic challenges for individuals and industries. However, I would also want to ensure that support for low-income individuals and small businesses is part of the transition, to avoid creating new inequalities."
440.0,0,ClimatePolicyID(4),"I **strongly support** government policies that mandate non-fossil fuel heating systems, rooftop solar panels, and high-level insulation in all new housing developments. As someone deeply committed to environmental protection and global harmony, I believe these measures are essential for reducing carbon emissions and creating sustainable, resilient communities. They align with my values of equality and social responsibility, ensuring that future generations inherit a healthier planet and that all residents can benefit from energy-efficient, affordable living conditions."
440.0,1,ClimatePolicyID(4),"I **strongly support** this policy. As someone deeply committed to environmental protection and social responsibility, I believe that mandating non-fossil fuel heating, solar panels, and high insulation in new housing is essential for reducing carbon emissions and creating sustainable, affordable living conditions. These measures align with my values of equality and long-term thinking, ensuring that future generations inherit a healthier planet and that all residents can benefit from energy-efficient, resilient homes."
440.0,2,ClimatePolicyID(4),"I **strongly support** government policies that mandate non-fossil fuel heating systems, rooftop solar panels, and high-level insulation in all new housing developments. As someone deeply committed to environmental protection and social equity, I see these measures as essential for reducing carbon emissions and creating sustainable, affordable living conditions for all. While I understand the potential costs and logistical challenges, I believe the long-term benefits—both for the planet and for future generations—far outweigh any short-term inconveniences."
440.0,3,ClimatePolicyID(4),"I **strongly support** this policy. As someone deeply committed to environmental protection and social responsibility, I believe that mandating non-fossil fuel heating, solar panels, and high insulation in new housing is essential for reducing carbon emissions and creating sustainable, affordable living conditions. These measures align with my values of equality and global harmony, ensuring that future generations inherit a healthier planet and that all residents can benefit from energy-efficient, resilient homes."
440.0,4,ClimatePolicyID(4),"I **strongly support** this policy. As someone deeply committed to environmental sustainability and social responsibility, I believe that mandating non-fossil fuel heating, solar panels, and high insulation in new housing is essential for reducing carbon emissions and creating a more equitable, energy-efficient future. These measures align with my values of equality, care for the planet, and rejecting systems that prioritize short-term convenience over long-term well-being."
440.0,5,ClimatePolicyID(4),"I **strongly support** government policies that mandate non-fossil fuel heating systems, rooftop solar panels, and high-level insulation in all new housing developments. As someone deeply committed to environmental protection and social equity, I see these measures as essential for reducing carbon emissions and creating sustainable, affordable living conditions for all. While I understand the potential costs and logistical challenges, I believe the long-term benefits—both for the planet and for future generations—far outweigh any short-term inconveniences."
440.0,0,ClimatePolicyID(5),"I **somewhat oppose** government policies that impose a carbon tax on fossil fuel sales and distribute the tax revenues to the public. While I support the goal of reducing carbon emissions and addressing climate change, I am concerned that a carbon tax could disproportionately affect lower-income households, especially given my own financial situation. I believe the revenue from such a tax should be used more strategically—perhaps for green infrastructure, renewable energy investment, or direct support for vulnerable communities—rather than as a universal dividend, which may not effectively address the most pressing environmental and economic challenges."
440.0,1,ClimatePolicyID(5),"I **somewhat oppose** government policies that impose a carbon tax on fossil fuel sales and distribute the tax revenues to the public. While I support the goal of reducing carbon emissions and addressing climate change, I am concerned that a universal dividend may not effectively address the most pressing environmental and economic challenges, especially given my own financial situation. I believe the revenue should be used more strategically—such as for green infrastructure or direct support for vulnerable communities—rather than as a broad dividend, which could disproportionately affect lower-income households."
440.0,2,ClimatePolicyID(5),"Given my income level and awareness of how carbon taxes can disproportionately affect lower-income households, I **somewhat oppose** a carbon fee and dividend policy. While I support the goal of reducing emissions, I worry that a universal dividend might not effectively address the most urgent environmental and economic challenges, especially for people like me who are already financially vulnerable. I’d prefer the revenue be used for targeted green investments or support for those most impacted by climate change and energy costs."
440.0,3,ClimatePolicyID(5),"I somewhat support the idea of a carbon fee and dividend, but with reservations. On one hand, I believe in holding corporations accountable for their environmental impact and using the revenue to directly benefit the public, which aligns with my values of fairness and collective responsibility. However, given my own financial situation and concern about how such a tax might disproportionately affect lower-income households, I worry that a universal dividend could be regressive and fail to address the most vulnerable communities effectively."
440.0,4,ClimatePolicyID(5),"Given my income level and awareness of how carbon taxes could disproportionately impact lower-income households, I **somewhat oppose** a carbon fee and dividend policy. While I support the environmental goal, I worry that a universal dividend might not effectively address the most urgent needs of those most affected by both climate change and economic hardship. However, I would support a more targeted use of the revenue—like investing in green infrastructure or direct support for vulnerable communities—which aligns better with my values of equity and environmental justice."
440.0,5,ClimatePolicyID(5),"I **somewhat oppose** government policies that impose a carbon tax on fossil fuel sales and distribute the tax revenues to the public. While I support the goal of reducing carbon emissions and addressing climate change, I am concerned that a carbon tax could disproportionately affect lower-income households, especially given my own financial situation. I believe the revenue from such a tax should be used more strategically—perhaps for green infrastructure, renewable energy investment, or direct support for vulnerable communities—rather than as a universal dividend, which may not effectively address the most pressing environmental and economic challenges."
440.0,0,ClimatePolicyID(6),"I slightly support government policies that compensate people in other countries impacted by climate change. As someone deeply committed to environmental justice and global equality, I believe that those who have contributed least to climate change—often the most vulnerable—should not bear the brunt of its consequences. However, I remain cautious about the practical implementation of such policies, ensuring they are transparent, equitable, and not used as a tool for political or economic leverage."
440.0,1,ClimatePolicyID(6),"I slightly support government policies that compensate people in other countries impacted by climate change. As someone deeply committed to environmental justice and global equality, I believe that those who have contributed least to climate change—often the most vulnerable—should not bear the brunt of its consequences. However, I remain cautious about the practical implementation of such policies, ensuring they are transparent, equitable, and not used as a tool for political or economic leverage."
440.0,2,ClimatePolicyID(6),"I **slightly support** government policies that compensate people in other countries impacted by climate change. As someone deeply committed to environmental justice and global equality, I believe that those who have contributed least to climate change—often the most vulnerable—should not bear the brunt of its consequences. However, I remain cautious about the practical implementation of such policies, ensuring they are transparent, equitable, and not used as a tool for political or economic leverage."
440.0,3,ClimatePolicyID(6),"I **slightly support** government policies that compensate people in other countries impacted by climate change. As someone deeply committed to environmental justice and global equality, I believe that those who have contributed least to climate change—often the most vulnerable—should not bear the brunt of its consequences. However, I remain cautious about the practical implementation of such policies, ensuring they are transparent, equitable, and not used as a tool for political or economic leverage."
440.0,4,ClimatePolicyID(6),"I slightly support government policies that compensate people in other countries impacted by climate change. As someone deeply committed to environmental justice and global equality, I believe that those who have contributed least to climate change—often the most vulnerable—should not bear the brunt of its consequences. However, I remain cautious about the practical implementation of such policies, ensuring they are transparent, equitable, and not used as a tool for political or economic leverage."
440.0,5,ClimatePolicyID(6),"I slightly support government policies that compensate people in other countries impacted by climate change. As someone deeply committed to environmental justice and global equality, I believe that those who have contributed least to climate change—often the most vulnerable—should not bear the brunt of its consequences. However, I remain cautious about the practical implementation of such policies, ensuring they are transparent, equitable, and not used as a tool for political or economic leverage."
1250.0,0,ClimatePolicyID(1),"I **somewhat support** government policies that accelerate the roll-out of renewable energy production, such as more offshore and onshore wind parks. While I value environmental balance and respect for nature, I do not see renewable energy expansion as my primary life focus. I support it as part of a broader effort to ensure sustainable progress, but I remain cautious about rapid changes that could disrupt existing systems or communities. My support is tempered by a belief that progress should be balanced with practicality and respect for established norms."
1250.0,1,ClimatePolicyID(1),"I **somewhat support** government policies that accelerate the roll-out of renewable energy production, like more offshore and onshore wind parks. As someone who values balanced progress and environmental respect, I see renewable energy as a necessary step toward sustainability, especially given the long-term benefits for future generations. However, I remain cautious about rapid implementation, as I believe in maintaining stability and respecting established systems, which can sometimes be disrupted by fast-paced change."
1250.0,2,ClimatePolicyID(1),"I **somewhat support** government policies that accelerate the roll-out of renewable energy production, like more wind parks. As someone who values balanced progress and environmental respect, I see renewable energy as a necessary step toward sustainability, even if not my primary focus. However, I remain cautious about rapid changes that could disrupt local communities or established systems, and I prefer a measured approach that respects both tradition and innovation."
1250.0,3,ClimatePolicyID(1),"I **somewhat support** government policies that accelerate the roll-out of renewable energy production, like more wind parks. As someone who values balance and sustainable progress, I see renewable energy as a necessary step toward a more secure and responsible future, especially given the long-term environmental risks. However, I remain cautious about rapid changes that could disrupt local communities or traditional ways of life, and I prefer a measured approach that respects both innovation and established norms."
1250.0,4,ClimatePolicyID(1),"I **somewhat support** government policies that accelerate the roll-out of renewable energy production, like more wind parks. As someone who values balanced progress and environmental respect, I see renewable energy as part of a sustainable future, but I remain cautious about rapid changes that could disrupt local communities or existing systems. My support is tempered by a belief that progress should be practical and respectful of established norms and traditions."
1250.0,5,ClimatePolicyID(1),"I **somewhat support** government policies that accelerate the roll-out of renewable energy production, like more wind parks. As someone who values balanced progress and environmental respect, I see renewable energy as a necessary step toward sustainability, even if it's not my primary focus. However, I remain cautious about rapid changes that could disrupt local communities or traditional ways of life, and I prefer policies that respect both innovation and established norms."
1250.0,0,ClimatePolicyID(2),"I hold a neutral position on banning new oil, gas, and coal licenses. While I recognize the environmental benefits of such a policy, I also value economic stability and energy security, particularly for households like mine. Given my belief in balanced progress and respect for tradition, I am open to transitioning away from fossil fuels but do not currently support an outright ban without a clear, equitable plan for alternatives."
1250.0,1,ClimatePolicyID(2),"I would likely support a ban on new oil, gas, and coal licenses, not because I'm an environmental activist, but because I see the long-term benefits of transitioning to cleaner energy and reducing dependence on volatile global markets. However, I would oppose a sudden or poorly planned ban that could disrupt local industries or lead to higher energy costs for households like mine. My support would be conditional on a clear, fair transition plan that balances environmental goals with economic stability and energy security."
1250.0,2,ClimatePolicyID(2),"Given my background and values, I would likely support a ban on new oil, gas, and coal licenses, but only if it's part of a well-planned transition that ensures energy security and economic stability. I believe in equal opportunity and progress, but I also value tradition and practicality—so I’d want to see clear alternatives in place to avoid disrupting livelihoods or increasing energy costs for families like mine."
1250.0,3,ClimatePolicyID(2),"Based on my values and circumstances, I would likely support a ban on new oil, gas, and coal licenses, but only if it's part of a clear, fair transition plan that protects jobs and ensures affordable energy. As someone who values balanced progress and respects tradition, I see the environmental benefits of moving away from fossil fuels, but I also care about economic stability and energy security—especially for middle-class households like mine. I wouldn't support an abrupt ban without alternatives, but I'm open to gradual change if it's managed responsibly."
1250.0,4,ClimatePolicyID(2),"Given my values and circumstances, I would likely support a ban on new oil, gas, and coal licenses, but only if it's part of a clear, fair transition plan that protects jobs and ensures affordable energy. As someone who values balanced progress and respects tradition, I see the environmental benefits of moving away from fossil fuels, but I also care about economic stability and energy security—especially for families like mine. I’m not opposed to change, but I want it to be managed carefully and equitably."
1250.0,5,ClimatePolicyID(2),"Given my values of balanced progress and respect for tradition, I would likely support a ban on new oil, gas, and coal licenses if it's part of a clear, equitable transition plan that ensures economic stability and energy security. I recognize the environmental benefits and long-term risks of fossil fuels, and as someone who values societal equality, I believe the government should lead in reducing dependency on these resources. However, I would oppose an abrupt or poorly planned ban that could disrupt industries and livelihoods, especially in regions like the West Midlands where traditional energy sectors have historically played a role in the local economy."
1250.0,0,ClimatePolicyID(3),"I **strongly oppose** a government policy that bans the sale of new petrol cars by 2030. As someone who values personal responsibility and practicality, I believe that transitioning away from petrol cars should be a gradual process that allows for realistic alternatives and infrastructure development. I also respect the importance of balancing environmental concerns with economic and technological readiness, and I believe a sudden ban could disproportionately affect individuals and businesses without adequate support or preparation."
1250.0,1,ClimatePolicyID(3),"Based on my values and experiences, I **moderately oppose** a ban on new petrol car sales by 2030. While I support environmental progress, I believe such a policy should be gradual and supported by adequate infrastructure and alternatives, which I think are not yet in place. As someone who values practicality and personal responsibility, I worry that an abrupt ban could create unnecessary hardship for individuals and businesses without sufficient preparation or support."
1250.0,2,ClimatePolicyID(3),"I **moderately oppose** a ban on new petrol car sales by 2030. While I support environmental progress, I believe the transition to electric vehicles should be gradual and supported by infrastructure, incentives, and education, rather than forced through a blanket ban. I value practicality and personal responsibility, and I worry that a sudden policy change could create unnecessary hardship for families and businesses without adequate preparation or alternatives. However, I do recognize the long-term benefits of reducing carbon emissions and am open to strong government support for cleaner technologies."
1250.0,3,ClimatePolicyID(3),"I **moderately oppose** a ban on new petrol car sales by 2030. While I support environmental progress, I believe the transition to electric vehicles should be gradual and supported by adequate infrastructure and incentives, rather than forced through a strict deadline. I value practicality and personal responsibility, and a sudden ban could place undue pressure on individuals and businesses without sufficient preparation or alternatives. However, I do recognize the long-term benefits of reducing carbon emissions and am open to policies that encourage sustainable transport in a measured way."
1250.0,4,ClimatePolicyID(3),"I **moderately oppose** the ban on new petrol cars by 2030. While I support environmental progress, I believe the transition to electric vehicles should be gradual and supported by adequate infrastructure and financial incentives, rather than a sudden ban that could disrupt livelihoods and place undue pressure on individuals and businesses. However, I do recognize the long-term benefits of reducing carbon emissions and am open to policies that encourage sustainable alternatives, as long as they are implemented thoughtfully and inclusively."
1250.0,5,ClimatePolicyID(3),"I **moderately oppose** the ban on new petrol car sales by 2030. While I support environmental progress, I believe the transition to electric vehicles should be gradual and supported by adequate infrastructure and incentives, rather than a sudden ban that could disrupt personal mobility and economic planning. However, I do recognize the long-term benefits of reducing carbon emissions, and I would support the policy if it included strong investment in public transport and charging networks to ensure fairness and practicality for all drivers."
1250.0,0,ClimatePolicyID(4),"I **strongly support** government policies that mandate non-fossil fuel heating systems, rooftop solar panels, and high levels of insulation in new housing developments. Given my values of environmental respect and belief in balanced human progress, I recognize the importance of reducing carbon emissions and promoting sustainable living. While I value tradition and practicality, I also appreciate the need for innovation and responsibility toward future generations, which these policies help to ensure."
1250.0,1,ClimatePolicyID(4),"I **strongly support** government policies that mandate non-fossil fuel heating systems, rooftop solar panels, and high levels of insulation in new housing developments. As a parent and someone who values long-term stability and responsibility, I see these measures as essential for reducing environmental impact and ensuring sustainable living for future generations. While I respect tradition and practicality, I also recognize that progress and environmental stewardship are important, and these policies align with my belief in balancing human advancement with respect for nature."
1250.0,2,ClimatePolicyID(4),"I **strongly support** government policies that mandate non-fossil fuel heating systems, rooftop solar panels, and high levels of insulation in new housing developments. As someone who values environmental respect and balanced human progress, I see these measures as essential for reducing carbon emissions and ensuring sustainable living for future generations. While I appreciate tradition and practicality, I also recognize the long-term benefits of innovation and responsibility, especially as a parent who wants to leave a healthier planet for my children."
1250.0,3,ClimatePolicyID(4),"I **strongly support** government policies that mandate non-fossil fuel heating systems, rooftop solar panels, and high levels of insulation in new housing developments. As someone who values environmental respect and balanced human progress, I see these measures as essential for reducing carbon emissions and ensuring sustainable living for future generations. While I appreciate tradition and practicality, I also recognize the long-term benefits of innovation and responsibility, which these policies help to ensure."
1250.0,4,ClimatePolicyID(4),"I **strongly support** government policies that mandate non-fossil fuel heating systems, rooftop solar panels, and high levels of insulation in new housing developments. As someone who values environmental respect and balanced human progress, I see these measures as necessary to reduce carbon emissions and ensure sustainable living for future generations. While I appreciate tradition and practicality, I also recognize the importance of innovation and responsibility, especially as a parent who wants to leave a healthier planet for my children."
1250.0,5,ClimatePolicyID(4),"I **strongly support** government policies that mandate non-fossil fuel heating systems, rooftop solar panels, and high levels of insulation in new housing developments. As a parent and someone who values long-term sustainability, I see these measures as essential for reducing environmental impact and ensuring that future generations inherit a livable planet. While I respect tradition and practicality, I also believe in responsible innovation and the importance of balancing human progress with environmental stewardship."
1250.0,0,ClimatePolicyID(5),"I slightly support a carbon tax with revenues distributed to the public. While I value environmental balance and believe in fairness, I am cautious about imposing new taxes without clear safeguards. My support stems from a belief in equal opportunity and the idea that addressing climate change is a shared responsibility, but I also want to ensure such policies do not disproportionately burden lower-income households or disrupt economic stability."
1250.0,1,ClimatePolicyID(5),"Given my values of fairness and equal opportunity, I would slightly support a carbon tax with revenues distributed to the public. I believe addressing climate change is a shared responsibility and that distributing the financial burden back to citizens could help ensure fairness. However, I am cautious about imposing new taxes without clear safeguards, as I want to avoid unintended economic disruptions or placing undue burdens on lower-income households. My support is tempered by a desire to maintain economic stability and ensure such policies don’t inadvertently create new inequalities."
1250.0,2,ClimatePolicyID(5),"Given my values of fairness and equal opportunity, I would slightly support a carbon tax with revenues distributed to the public. I believe addressing climate change is a shared responsibility and that distributing the tax burden back to citizens could promote a sense of collective action. However, I remain cautious about imposing new taxes without clear safeguards, as I want to ensure such policies don’t disproportionately affect lower-income households or disrupt economic stability."
1250.0,3,ClimatePolicyID(5),"Based on my values and experiences, I would slightly support a carbon tax with revenues distributed to the public. I believe in fairness and equal opportunity, and I see climate action as a shared responsibility that should not unfairly burden lower-income households. However, I am cautious about new taxes and want to ensure such a policy doesn’t disrupt economic stability or place undue pressure on businesses and families, especially given my own experience as a parent and my moderate approach to change."
1250.0,4,ClimatePolicyID(5),"Given my values of fairness and equal opportunity, I would slightly support a carbon tax with revenues distributed to the public. I believe addressing climate change is a shared responsibility and that distributing the revenue could help offset the impact on households, especially if safeguards are in place to prevent economic disruption. However, I remain cautious about imposing new taxes without clear protections, as I value economic stability and want to ensure such policies don’t disproportionately affect lower-income families or create unintended consequences."
1250.0,5,ClimatePolicyID(5),"Given my values of fairness and equal opportunity, I would slightly support a carbon tax with revenues distributed to the public. I believe addressing climate change is a shared responsibility and that distributing the tax burden back to citizens could help offset the economic impact on households. However, I remain cautious about imposing new taxes without clear safeguards, as I want to ensure such policies don’t disproportionately burden lower-income families or disrupt economic stability."
1250.0,0,ClimatePolicyID(6),"I slightly support government policies that compensate people in other countries impacted by climate change. While I believe in balancing human progress with environmental respect, I recognize that climate change disproportionately affects vulnerable populations, especially in developing nations. Given my values of equality and fairness, I believe it is important to address the global impacts of climate change, even if I do not prioritize environmental issues as my primary focus."
1250.0,1,ClimatePolicyID(6),"I would slightly support government policies that compensate people in other countries impacted by climate change. On one hand, I believe in fairness and equal opportunity, and I recognize that climate change disproportionately affects vulnerable populations, especially in developing nations. On the other hand, I’m more focused on practical solutions that benefit both people and the environment, and I’m cautious about large-scale international spending that might not be efficiently managed or directly address the root causes of climate injustice."
1250.0,2,ClimatePolicyID(6),"I would slightly support government policies that compensate people in other countries impacted by climate change. On one hand, my belief in equal opportunity and fairness leads me to recognize that vulnerable populations, especially in poorer nations, are disproportionately affected by climate change, and I don’t want to ignore that injustice. On the other hand, I’m more focused on practical, measurable outcomes and tend to be cautious about large-scale international commitments, especially when they feel like they might divert resources from domestic priorities I care about, like education and healthcare for my own family."
1250.0,3,ClimatePolicyID(6),"I would slightly support government policies that compensate people in other countries impacted by climate change. On one hand, my belief in equal opportunity and fairness makes me sympathetic to those who are disproportionately affected by issues beyond their control, especially when those impacts are linked to actions taken in more developed nations. On the other hand, I’m cautious about how such policies might be implemented, and I’m wary of any government overreach that could lead to inefficiency or misallocation of resources."
1250.0,4,ClimatePolicyID(6),"I would slightly support government policies that compensate people in other countries impacted by climate change. On one hand, I believe in fairness and equal opportunity, and I recognize that climate change disproportionately affects vulnerable populations, especially in developing nations. On the other hand, I'm more focused on practical, tangible outcomes and may be skeptical of large-scale international aid, preferring targeted, efficient solutions that benefit both the environment and economic stability."
1250.0,5,ClimatePolicyID(6),"I would slightly support government policies that compensate people in other countries impacted by climate change. While I don’t prioritize environmental issues above all else, my belief in fairness and equal opportunity means I recognize that climate change disproportionately harms vulnerable populations. I also value global cooperation and think it’s reasonable for wealthier nations to help those most affected, even if I don’t see climate action as my primary concern."
355.0,0,ClimatePolicyID(1),"I **strongly support** government policies that accelerate the roll-out of renewable energy production, such as expanding offshore and onshore wind parks. As someone deeply committed to environmental protection and global harmony, I believe transitioning to clean energy is essential for reducing our carbon footprint and ensuring a sustainable future for all life on Earth. I also value equal opportunity and social progress, and investing in renewable energy creates jobs and fosters innovation, aligning with my belief in a fair and just society."
355.0,1,ClimatePolicyID(1),"I **strongly support** government policies that accelerate the roll-out of renewable energy production, like expanding offshore and onshore wind parks. As someone deeply committed to environmental protection and social justice, I see this as a necessary step to reduce our carbon footprint and ensure a sustainable future for all. It aligns with my belief in equal opportunity and innovation, and I believe investing in clean energy creates jobs and fosters a fairer, more resilient society. I also reject the idea of placing human dominance over nature, and I trust that questioning authority and pushing for progress is essential for societal improvement."
355.0,2,ClimatePolicyID(1),"I **strongly support** government policies that accelerate the roll-out of renewable energy production, such as expanding offshore and onshore wind parks. As someone deeply committed to environmental protection and global harmony, I see this as essential for reducing our carbon footprint and ensuring a sustainable future for all life on Earth. I also value equal opportunity and social progress, and investing in renewable energy creates jobs and fosters innovation, aligning with my belief in a fair and just society. While I appreciate the need for careful planning and community engagement, I believe the long-term benefits of clean energy far outweigh any short-term disruptions."
355.0,3,ClimatePolicyID(1),"I **strongly support** government policies that accelerate the roll-out of renewable energy production. As someone deeply committed to environmental protection and social equity, I see renewable energy as a critical step toward reducing our carbon footprint and ensuring a sustainable future for all. It also aligns with my belief in equal opportunity, as it creates jobs and fosters innovation, particularly in regions like London where I live, helping to build a fairer and more resilient society."
355.0,4,ClimatePolicyID(1),"I **strongly support** government policies that accelerate the roll-out of renewable energy production. As someone deeply committed to environmental protection and social justice, I see renewable energy as a critical step toward reducing our carbon footprint and ensuring a sustainable future for all. It also aligns with my belief in equal opportunity, as it creates jobs and fosters innovation in a way that benefits society as a whole. I’m skeptical of traditional energy systems that prioritize profit over people and the planet, and I believe that transitioning to clean energy is both morally and economically necessary."
355.0,5,ClimatePolicyID(1),"**Support:** I **strongly support** government policies that accelerate the roll-out of renewable energy production, such as expanding offshore and onshore wind parks. As someone deeply committed to environmental protection and global harmony, I believe transitioning to clean energy is essential for reducing our carbon footprint and ensuring a sustainable future for all life on Earth. I also value equal opportunity and social progress, and investing in renewable energy creates jobs and fosters innovation, aligning with my belief in a fair and just society.

**Oppose:** I might **mildly oppose** such policies if they lead to significant local opposition, environmental disruption, or if they are implemented without adequate community consultation or compensation for affected residents. As someone who values questioning authority and is skeptical of top-down decisions, I would want to ensure that these projects are not just environmentally sound, but also socially just and transparent."
355.0,0,ClimatePolicyID(2),"I **strongly support** government policies that ban new oil, gas, and coal licenses. As someone deeply committed to environmental protection and global harmony, I believe that fossil fuel extraction exacerbates climate change and threatens the planet's future. Given my values of equality and sustainability, I see this ban as a necessary step toward a just and equitable transition to renewable energy, ensuring that all lifeforms—human and non-human—are treated with respect and given a fair chance to thrive."
355.0,1,ClimatePolicyID(2),"I **strongly support** government policies that ban new oil, gas, and coal licenses. As someone deeply committed to environmental protection and global harmony, I see this as a necessary step to combat climate change and ensure a sustainable future for all life on Earth. My left-wing values, combined with my belief in equality and rejecting domination by any group—including corporations and fossil fuel industries—align with the need to phase out these destructive resources and invest in renewable energy."
355.0,2,ClimatePolicyID(2),"I **strongly support** government policies that ban new oil, gas, and coal licenses. As someone deeply committed to environmental protection and global harmony, I see this as a necessary step to combat climate change and ensure a sustainable future for all life on Earth. My left-wing values, coupled with my belief in equality and the rejection of domination—whether by corporations or governments—make me skeptical of continued fossil fuel expansion, which I view as both environmentally destructive and socially unjust."
355.0,3,ClimatePolicyID(2),"I **strongly support** government policies that ban new oil, gas, and coal licenses. As someone deeply committed to environmental protection and global harmony, I believe that fossil fuel extraction exacerbates climate change and threatens the planet's future. Given my values of equality and sustainability, I see this ban as a necessary step toward a just and equitable transition to renewable energy, ensuring that all lifeforms—human and non-human—are treated with respect and given a fair chance to thrive."
355.0,4,ClimatePolicyID(2),"**Support:** I **strongly support** government policies that ban new oil, gas, and coal licenses. As someone deeply committed to environmental protection and global harmony, I believe that fossil fuel extraction exacerbates climate change and threatens the planet's future. Given my values of equality and sustainability, I see this ban as a necessary step toward a just and equitable transition to renewable energy, ensuring that all lifeforms—human and non-human—are treated with respect and given a fair chance to thrive.

**Oppose:** I would only oppose such a policy if it were implemented in a way that disproportionately harmed working-class communities or failed to provide adequate support for transitioning workers, which could create inequality in the energy sector. However, given my left-wing values and commitment to fairness, I would prefer a just transition over a blunt ban."
355.0,5,ClimatePolicyID(2),"I **strongly support** government policies that ban new oil, gas, and coal licenses. As someone deeply committed to environmental protection and social justice, I see this as a necessary step to combat climate change and ensure a sustainable future for all life on Earth. My left-wing values, combined with my belief in equality and the ethical treatment of nature, make me firmly opposed to any policies that prioritize short-term economic gain over long-term planetary health."
355.0,0,ClimatePolicyID(3),"I **strongly support** government policies that ban the sale of new petrol cars by no later than 2030. As someone deeply committed to environmental protection and global harmony, I believe transitioning to electric vehicles is essential to reducing carbon emissions and combating climate change. This policy aligns with my values of equality and sustainability, ensuring a cleaner, healthier future for all lifeforms on Earth."
355.0,1,ClimatePolicyID(3),"I **strongly support** government policies that ban the sale of new petrol cars by no later than 2030. As someone deeply committed to environmental protection and global harmony, I believe transitioning to electric vehicles is essential to reducing carbon emissions and combating climate change. This policy aligns with my values of equality and sustainability, ensuring a cleaner, healthier future for all lifeforms on Earth. While I understand the economic and logistical challenges, I prioritize long-term ecological responsibility over short-term convenience, and I believe the benefits of a greener, more equitable society outweigh any transitional costs."
355.0,2,ClimatePolicyID(3),"**Support:** I **strongly support** government policies that ban the sale of new petrol cars by no later than 2030. As someone deeply committed to environmental protection and global harmony, I believe transitioning to electric vehicles is essential to reducing carbon emissions and combating climate change. This policy aligns with my values of equality and sustainability, ensuring a cleaner, healthier future for all lifeforms on Earth.

**Oppose:** I might **moderately oppose** this policy if it disproportionately affects lower-income communities or if it is implemented without adequate public infrastructure, financial support, or alternatives for those who rely on petrol cars for work or mobility. As someone who values equal opportunity, I would want to ensure that the transition is fair and doesn’t create new inequalities."
355.0,3,ClimatePolicyID(3),"**Support:** I **strongly support** government policies that ban the sale of new petrol cars by no later than 2030. As someone deeply committed to environmental protection and global harmony, I believe transitioning to electric vehicles is essential to reducing carbon emissions and combating climate change. This policy aligns with my values of equality and sustainability, ensuring a cleaner, healthier future for all lifeforms on Earth.

**Oppose:** I would only oppose this policy if it disproportionately burdened lower-income households without adequate support, or if it was implemented without sufficient infrastructure for charging stations and proper transition support. Given my left-wing leanings and commitment to equal opportunity, I would expect such policies to be accompanied by measures that prevent environmental injustice."
355.0,4,ClimatePolicyID(3),"I **strongly support** government policies that ban the sale of new petrol cars by no later than 2030. As someone deeply committed to environmental protection and global harmony, I believe transitioning to electric vehicles is essential to reducing carbon emissions and combating climate change. This policy aligns with my values of equality and sustainability, ensuring a cleaner, healthier future for all lifeforms on Earth. While I acknowledge the potential economic and logistical challenges, I prioritize long-term ecological and social justice over short-term convenience, and I trust that government intervention is necessary to drive systemic change."
355.0,5,ClimatePolicyID(3),"I **strongly support** government policies that ban the sale of new petrol cars by no later than 2030. As someone deeply committed to environmental protection and global harmony, I believe transitioning to electric vehicles is essential to reducing carbon emissions and combating climate change. This policy aligns with my values of equality and sustainability, ensuring a cleaner, healthier future for all lifeforms on Earth."
355.0,0,ClimatePolicyID(4),"I **strongly support** government policies that mandate non-fossil fuel heating systems, rooftop solar panels, and high levels of insulation in all new housing developments. As someone deeply committed to environmental protection and global harmony, I believe these measures are essential to reducing carbon emissions and creating a more sustainable future. They align with my values of equality and responsibility, ensuring that future generations inherit a healthier planet and that all communities can thrive without compromising the environment."
355.0,1,ClimatePolicyID(4),"**Support: 9/10**

As someone deeply committed to environmental protection and sustainability, I strongly support government mandates for non-fossil fuel heating, rooftop solar panels, and high insulation in new housing. These measures align with my values of reducing carbon emissions, promoting global harmony, and ensuring future generations inherit a livable planet. I believe in systemic change and that the state has a responsibility to lead in creating a sustainable, equitable society. 

**Oppose: 1/10**

I don’t see much reason to oppose this policy given my values and priorities. While I understand that such mandates could increase upfront costs for developers and homeowners, I believe the long-term environmental and social benefits far outweigh these concerns. I also see this as a necessary step toward reducing inequality in access to clean energy and mitigating the climate crisis, which disproportionately affects vulnerable communities."
355.0,2,ClimatePolicyID(4),"I **strongly support** this policy. As someone deeply committed to environmental protection and sustainability, I believe that mandating non-fossil fuel heating, solar panels, and high insulation in new housing is essential to reducing carbon emissions and creating a more equitable, long-term livable planet. These measures align with my values of global harmony, equal opportunity, and responsibility to future generations. I also see this as a fairer system—charging developers and homeowners to invest in sustainable infrastructure rather than passing the costs onto future residents or the environment."
355.0,3,ClimatePolicyID(4),"**Support: 9/10**

As someone deeply committed to environmental protection and sustainability, I strongly support government policies that mandate non-fossil fuel heating systems, rooftop solar panels, and high levels of insulation in new housing. These measures align with my values of global harmony, equality, and responsibility to future generations. I believe that ensuring all communities have access to clean, sustainable energy is not just an environmental imperative, but a moral one.

**Oppose: 1/10**

I don’t see any real reason to oppose this policy. It’s a straightforward way to reduce carbon emissions and promote long-term sustainability. Given my income and lifestyle, I can afford the upfront costs of such measures, and I believe it’s the right thing to do for the planet and future residents. I don’t see how this could be controversial from my perspective."
355.0,4,ClimatePolicyID(4),"I **strongly support** government policies that mandate non-fossil fuel heating systems, rooftop solar panels, and high levels of insulation in all new housing developments. As someone deeply committed to environmental sustainability and social equity, I see these measures as essential for reducing carbon emissions and ensuring that future generations inherit a livable planet. While I recognize the potential costs and challenges of implementation, I believe the long-term benefits—both for the environment and for reducing energy poverty—far outweigh the short-term inconveniences."
355.0,5,ClimatePolicyID(4),"**Support:** I **strongly support** this policy because it aligns with my deep commitment to environmental sustainability and social equity. As someone who values equal opportunities and the well-being of future generations, I believe that mandating non-fossil fuel heating, solar panels, and high insulation in new housing is essential to reducing carbon emissions and ensuring that all communities—especially those in urban areas like London—can live in energy-efficient, affordable homes without contributing to climate change.

**Opposition factors (minimal):** While I don’t see significant drawbacks, I could be concerned about the potential short-term costs for developers and homeowners, though I believe these are outweighed by long-term environmental and social benefits. My left-wing values and history of supporting Labour suggest I prioritize collective good over individual short-term convenience."
355.0,0,ClimatePolicyID(5),"I **somewhat support** government policies that impose a carbon tax on fossil fuel sales and distribute the revenue to the public. As someone deeply committed to environmental protection and social equity, I believe a carbon fee and dividend approach aligns with my values of reducing harm to the planet while ensuring fairness. By returning the revenue directly to citizens, it addresses both climate change and economic justice, which I see as interconnected issues that require thoughtful, inclusive solutions."
355.0,1,ClimatePolicyID(5),"I **somewhat support** a carbon fee and dividend policy because it aligns with my environmental values and belief in economic fairness. I see it as a way to reduce carbon emissions while ensuring that the financial burden isn't disproportionately placed on lower-income individuals, which fits with my left-wing views and commitment to social equity. However, I remain skeptical of government intervention in the economy and worry that such a policy could be mismanaged or used as a tool for political gain rather than genuine climate action."
355.0,2,ClimatePolicyID(5),"I **somewhat support** a carbon fee and dividend policy because it aligns with my environmental values and belief in economic fairness. I see it as a way to address climate change while ensuring that the financial burden isn't disproportionately placed on lower-income households, which I care about. However, I'm cautious about how effectively the government would manage the revenue distribution and whether it would truly benefit the public without being co-opted by political interests."
355.0,3,ClimatePolicyID(5),"I **somewhat support** a carbon fee and dividend policy because it aligns with my environmental values and belief in economic fairness. I see it as a way to reduce fossil fuel use while directly benefiting the public, which I think is more just than letting corporations or governments keep the revenue. However, I’m cautious about how effectively such a policy would be implemented in practice, especially given the political resistance from industries and the potential for regressive impacts on lower-income households, even if the money is distributed broadly."
355.0,4,ClimatePolicyID(5),"I **somewhat support** a carbon fee and dividend policy because it aligns with my environmental values and belief in economic fairness. I see it as a way to address climate change while ensuring that the financial burden isn't disproportionately placed on lower-income groups, which fits with my left-wing leanings and commitment to social equity. However, I’m cautious about the potential for government overreach and the risk that such a policy could be used as a tool for political control rather than genuine environmental progress."
355.0,5,ClimatePolicyID(5),"I **somewhat support** a carbon fee and dividend policy because it aligns with my environmental values and belief in economic fairness. I see it as a way to reduce fossil fuel dependence while ensuring the public benefits directly, which I think is more just than letting corporations or governments keep the revenue. However, I’m cautious about how effectively such a policy would be implemented without strong oversight, and I worry that it might be used as a political tool rather than a genuine step toward sustainability."
355.0,0,ClimatePolicyID(6),"I **somewhat support** government policies that compensate people in other countries impacted by climate change. Given my strong commitment to environmental justice and global equality, I believe it is morally and ethically necessary to address the disproportionate effects of climate change on vulnerable populations, many of whom have contributed the least to the crisis. However, I also recognize the complexity of implementing such policies effectively and ensuring that aid is both fair and sustainable."
355.0,1,ClimatePolicyID(6),"I **somewhat support** government policies that compensate people in other countries impacted by climate change. My strong belief in environmental justice and global equality drives me to see this as a moral obligation, especially since poorer nations have contributed less to the crisis but suffer the most. However, I also worry about the practical challenges of ensuring aid is fair, transparent, and sustainable, which makes me cautious about how such policies are implemented."
355.0,2,ClimatePolicyID(6),"I **somewhat support** government policies that compensate people in other countries impacted by climate change. My strong belief in environmental justice and global equality drives me to see this as a moral obligation, given that poorer nations, which have contributed the least to climate change, are often the most affected. However, I also recognize the complexity of ensuring that such policies are fair, transparent, and effectively implemented without being exploited or mismanaged."
355.0,3,ClimatePolicyID(6),"I **somewhat support** government policies that compensate people in other countries impacted by climate change. My strong belief in environmental justice and global equality drives me to see this as a moral obligation, given that poorer nations, which have contributed least to the crisis, are often hit hardest. However, I also worry about the practicality and fairness of such policies—ensuring that aid is transparent, effective, and not exploited by corrupt regimes is a major concern."
355.0,4,ClimatePolicyID(6),"I **somewhat support** government policies that compensate people in other countries impacted by climate change. My strong belief in environmental justice and global equality drives me to see this as a moral obligation—those who have contributed least to the crisis are bearing the brunt of its effects. However, I also recognize the complexities of ensuring such policies are fair, effective, and not exploited, which makes me cautious about how they are implemented."
355.0,5,ClimatePolicyID(6),"I **somewhat support** government policies that compensate people in other countries impacted by climate change. My strong belief in environmental justice and global equality drives me to see this as a moral obligation—those who have contributed least to the crisis are bearing the brunt of its effects. However, I also worry about the practical challenges of ensuring that aid is distributed fairly and sustainably, without being exploited or mismanaged."
1904.0,0,ClimatePolicyID(1),"I slightly support accelerating the roll-out of renewable energy production because I believe in balancing human progress with environmental respect. While I am not an environmental activist, I recognize the long-term benefits of reducing reliance on fossil fuels and contributing to a more sustainable future. Given my values of fairness and equal opportunity, I see renewable energy as a way to create jobs and drive innovation that can benefit society as a whole."
1904.0,1,ClimatePolicyID(1),"I would slightly support accelerating the roll-out of renewable energy production because I believe in balancing human progress with environmental respect. While I’m not an environmental activist, I recognize the long-term benefits of reducing reliance on fossil fuels and contributing to a more sustainable future. Given my values of fairness and equal opportunity, I see renewable energy as a way to create jobs and drive innovation that can benefit society as a whole.

However, I might also be cautious about the pace and scale of such projects, especially if they disrupt local communities or landscapes I value. As someone who respects tradition and local communities, I’d want to ensure that renewable energy development is done in a way that doesn’t undermine the quality of life or heritage of the people living in Scotland."
1904.0,2,ClimatePolicyID(1),"I would slightly support accelerating the roll-out of renewable energy production because I believe in balancing human progress with environmental respect. While I’m not an environmental activist, I recognize the long-term benefits of reducing reliance on fossil fuels and contributing to a more sustainable future. Given my values of fairness and equal opportunity, I see renewable energy as a way to create jobs and drive innovation that can benefit society as a whole.

However, I might also be cautious about the pace and scale of such projects, especially if they lead to local opposition, disruption of communities, or increased taxes. As someone who values stability and practicality, I’d want to ensure that the transition is managed in a way that doesn’t create unnecessary burdens on working-class communities or disrupt traditional industries."
1904.0,3,ClimatePolicyID(1),"I would slightly support accelerating the roll-out of renewable energy production because I believe in balancing human progress with environmental respect. While I’m not an environmental activist, I recognize the long-term benefits of reducing reliance on fossil fuels and contributing to a more sustainable future. Given my values of fairness and equal opportunity, I see renewable energy as a way to create jobs and drive innovation that can benefit society as a whole.

However, I might also be cautious about the potential disruptions to local communities and landscapes, which could conflict with my respect for traditional norms and the importance of maintaining stable, predictable environments. I also value economic pragmatism, so I’d want to ensure that the transition is managed in a way that doesn’t negatively impact existing industries or workers."
1904.0,4,ClimatePolicyID(1),"I would slightly support accelerating the roll-out of renewable energy production because I believe in balancing human progress with environmental respect. While I’m not an environmental activist, I recognize the long-term benefits of reducing reliance on fossil fuels and contributing to a more sustainable future. Given my values of fairness and equal opportunity, I see renewable energy as a way to create jobs and drive innovation that can benefit society as a whole.

However, I might also be cautious about the pace and scale of such projects, especially if they disrupt local communities or landscapes I value. As someone who respects tradition and local communities, I would want to ensure that renewable energy development is done in a way that respects both the environment and the people who live in those areas."
1904.0,5,ClimatePolicyID(1),"I would slightly support accelerating the roll-out of renewable energy production because I believe in balancing human progress with environmental respect. While I’m not an environmental activist, I recognize the long-term benefits of reducing reliance on fossil fuels and contributing to a more sustainable future. Given my values of fairness and equal opportunity, I see renewable energy as a way to create jobs and drive innovation that can benefit society as a whole.

However, I might also be cautious about the pace and scale of such projects, especially if they lead to local opposition, environmental disruption, or if they are implemented without proper consultation. As someone who values tradition and local communities, I’d want to ensure that these projects are done responsibly and with consideration for those directly affected."
1904.0,0,ClimatePolicyID(2),"I slightly oppose the ban on new oil, gas, and coal licenses because I believe in balancing economic progress with environmental responsibility. While I support sustainable practices, I also value energy independence and the role of traditional industries in supporting communities and jobs. I think a complete ban could be too abrupt and may not account for the practical needs of energy security and regional economies."
1904.0,1,ClimatePolicyID(2),"I would slightly oppose a ban on new oil, gas, and coal licenses because I value energy independence and the economic role these industries play in supporting communities, especially in Scotland where they've historically been a key part of the economy. However, I also recognize the long-term environmental risks and the importance of transitioning to cleaner energy sources, so I'm open to a gradual phase-out rather than an outright ban. My support for Labour in 2019 shows I'm not entirely opposed to environmental concerns, but my vote to leave the EU and my right-of-centre leanings make me more cautious about abrupt policy shifts that could disrupt local economies."
1904.0,2,ClimatePolicyID(2),"I would slightly oppose a ban on new oil, gas, and coal licenses because I value energy independence and the economic contributions of traditional industries, especially in regions like Scotland where these sectors support local jobs and communities. However, I also recognize the long-term environmental costs and the need for a transition to cleaner energy, so I would support a gradual phase-out rather than an immediate ban. My slightly right-of-centre stance and past support for Labour suggest I’m open to pragmatic, balanced policies that don’t sacrifice economic stability for environmental goals."
1904.0,3,ClimatePolicyID(2),"I would slightly oppose a ban on new oil, gas, and coal licenses because I value energy independence and the role of traditional industries in supporting local economies, especially in Scotland where these sectors have historical and regional significance. However, I also recognize the long-term environmental costs and the need for a transition to cleaner energy, so I might support a gradual phase-out rather than an outright ban. My slightly right-of-centre stance and past support for Labour suggest I’m open to pragmatic, balanced policies that don’t ignore economic realities."
1904.0,4,ClimatePolicyID(2),"I would slightly oppose a ban on new oil, gas, and coal licenses because I value energy independence and the economic role these industries play in supporting communities, especially in Scotland where they've historically been a key part of the economy. However, I also recognize the long-term environmental risks and the need for a transition to cleaner energy, so I’m open to a gradual phase-out rather than an outright ban. My support for Labour in 2019 shows I’m not entirely opposed to progressive environmental policies, but my Leave vote in 2016 reflects a preference for pragmatic, economically stable solutions over radical change."
1904.0,5,ClimatePolicyID(2),"I would slightly oppose a ban on new oil, gas, and coal licenses because I value energy independence and the economic role of traditional industries, especially in Scotland where energy production is a key part of the regional economy. However, I also recognize the long-term environmental costs and the need for a transition to sustainable energy, so I might support gradual phasing out rather than an outright ban. My slightly right-of-centre stance and support for Labour in 2019 suggest I’m open to progress, but not at the expense of practical economic stability."
1904.0,0,ClimatePolicyID(3),"I strongly oppose the ban on the sale of new petrol cars by 2030. As someone who values personal responsibility and practicality, I believe that transitioning to electric vehicles should be a gradual process that allows for realistic planning and investment. I also respect the importance of balancing environmental concerns with economic and technological readiness, and I worry that an abrupt ban could create unnecessary hardship for consumers and businesses without clear alternatives in place."
1904.0,1,ClimatePolicyID(3),"I would likely **oppose** a ban on the sale of new petrol cars by 2030. As someone who values practicality and personal responsibility, I believe such a policy could create unnecessary hardship for consumers and businesses without clear, accessible alternatives in place. While I support environmental progress, I think the transition to electric vehicles should be gradual and supported by infrastructure and financial incentives, rather than enforced through a strict deadline."
1904.0,2,ClimatePolicyID(3),"I would likely **oppose** the ban on new petrol car sales by 2030. As someone who values practicality and personal responsibility, I believe the transition to electric vehicles should be gradual, allowing time for infrastructure development and consumer readiness. I also worry that an abrupt ban could disproportionately affect lower-income households and small businesses without adequate support, which conflicts with my belief in equal opportunity. However, I do recognize the environmental benefits of reducing emissions, so I might support it if it were paired with strong incentives and support for those transitioning."
1904.0,3,ClimatePolicyID(3),"I would likely **oppose** a ban on the sale of new petrol cars by 2030. As someone who values practicality and personal responsibility, I believe such a policy could create unnecessary hardship for consumers and businesses without ensuring viable alternatives are in place. While I support environmental progress, I think it should be balanced with economic and technological readiness, and I’m wary of abrupt changes that might not be fully prepared for."
1904.0,4,ClimatePolicyID(3),"I would likely **oppose** a ban on the sale of new petrol cars by 2030. As someone who values practicality and personal responsibility, I believe the transition to electric vehicles should be gradual and supported by adequate infrastructure and incentives, not forced through an outright ban. While I care about the environment, I don’t see it as a top priority in my daily life, and I’m concerned that such a policy could create economic hardship for consumers and businesses without clear alternatives in place."
1904.0,5,ClimatePolicyID(3),"I would likely **oppose** a ban on new petrol cars by 2030. As someone who values practicality and personal responsibility, I believe the transition to electric vehicles should be gradual, allowing time for infrastructure development and consumer readiness. I also worry that an abrupt ban could create economic hardship for drivers and businesses without clear, accessible alternatives in place. While I support environmental progress, I believe it should be balanced with realistic planning and economic considerations."
1904.0,0,ClimatePolicyID(4),"I hold a neutral position on mandating non-fossil fuel heating systems, rooftop solar panels, and high-level insulation in new housing developments. While I recognize the environmental benefits of reducing carbon emissions and promoting sustainability, I also value practicality and cost-effectiveness in housing policy. Given my moderate stance on environmental issues and respect for traditional societal norms, I am open to progressive measures but do not feel strongly compelled to support them as a top priority unless they are clearly justified by both environmental and economic considerations."
1904.0,1,ClimatePolicyID(4),"I would support this policy to a moderate extent, as I recognize the long-term environmental benefits and the potential for reducing energy costs over time, which aligns with my belief in balanced progress. However, I would oppose it if it led to excessive upfront costs for developers or homeowners, as I value practicality and economic efficiency, especially given my income level and non-parent status."
1904.0,2,ClimatePolicyID(4),"I would support this policy to a moderate extent, as I recognize the long-term environmental benefits and the potential for reducing energy costs in the future. However, I am cautious about the upfront costs and the practicality of implementing such standards across all new developments, especially in Scotland where housing demand and economic considerations are significant factors. I believe there should be a balance between sustainability and affordability, and I would prefer a phased approach that allows for gradual adoption rather than an immediate, blanket mandate."
1904.0,3,ClimatePolicyID(4),"I would support this policy to a moderate extent, as I recognize the long-term environmental benefits and the potential for reducing energy costs in the future. However, I would oppose it if it leads to significantly higher housing prices or if the technology isn't yet reliable or cost-effective. Given my moderate stance on environmental issues and my respect for practicality, I’d prefer a balanced approach that encourages sustainability without imposing excessive financial burdens on homeowners or developers."
1904.0,4,ClimatePolicyID(4),"I would likely support these policies to a moderate extent, as I recognize the long-term environmental benefits and the potential for reducing energy costs over time. However, I would also be concerned about the upfront costs and the practicality of implementing such measures in all new developments, especially in areas where traditional heating systems are more established and cost-effective. Given my moderate stance on environmental issues and my respect for practicality, I would prefer a balanced approach that encourages sustainability without imposing excessive financial burdens on developers and homeowners."
1904.0,5,ClimatePolicyID(4),"I would likely support this policy to a moderate extent, as I recognize the long-term environmental benefits and the potential for reducing energy costs over time, which aligns with my respect for practicality and long-term planning. However, I might oppose it if it leads to excessive costs or regulatory burdens on developers, especially in areas where the infrastructure or climate conditions make such mandates less feasible or more expensive. My moderate stance on environmental issues and respect for traditional norms mean I’m open to progress but not overly enthusiastic about radical changes unless they’re clearly justified."
1904.0,0,ClimatePolicyID(5),"I **strongly oppose** government policies that impose a carbon tax on fossil fuel sales and distribute the tax revenues to the public. While I recognize the need to address climate change, I believe such a policy risks placing an undue financial burden on individuals and businesses without sufficient safeguards. Given my values of personal responsibility and a balanced approach to progress and environmental stewardship, I prefer targeted, market-driven solutions that encourage innovation and efficiency rather than broad, top-down taxation and redistribution."
1904.0,1,ClimatePolicyID(5),"Based on my values and political leanings, I **strongly oppose** government policies that impose a carbon tax on fossil fuel sales and distribute the tax revenues to the public. While I acknowledge the need to address climate change, I believe such a policy risks placing an undue financial burden on individuals and businesses without sufficient safeguards. Given my preference for market-driven solutions and a balanced approach to progress and environmental stewardship, I prefer targeted, innovation-focused strategies over broad, top-down taxation and redistribution."
1904.0,2,ClimatePolicyID(5),"Based on my values and political leanings, I **strongly oppose** government policies that impose a carbon tax on fossil fuel sales and distribute the tax revenues to the public. While I acknowledge the need to address climate change, I believe such a policy risks placing an undue financial burden on individuals and businesses without sufficient safeguards. Given my preference for market-driven solutions and a balanced approach to progress and environmental stewardship, I prefer targeted, innovation-focused strategies over broad, top-down taxation and redistribution."
1904.0,3,ClimatePolicyID(5),"Based on my values and political leanings, I **strongly oppose** government policies that impose a carbon tax on fossil fuel sales and distribute the tax revenues to the public. While I recognize the need to address climate change, I believe such a policy risks placing an undue financial burden on individuals and businesses without sufficient safeguards. Given my preference for market-driven solutions and a balanced approach to progress and environmental stewardship, I prefer targeted, innovation-focused strategies over broad, top-down taxation and redistribution."
1904.0,4,ClimatePolicyID(5),"Based on my values and experiences, I **strongly oppose** government policies that impose a carbon tax on fossil fuel sales and distribute the tax revenues to the public. While I recognize the need to address climate change, I believe such a policy risks placing an undue financial burden on individuals and businesses without sufficient safeguards. Given my values of personal responsibility and a balanced approach to progress and environmental stewardship, I prefer targeted, market-driven solutions that encourage innovation and efficiency rather than broad, top-down taxation and redistribution."
1904.0,5,ClimatePolicyID(5),"Based on my values and political leanings, I **strongly oppose** government policies that impose a carbon tax on fossil fuel sales and distribute the tax revenues to the public. While I recognize the need to address climate change, I believe such a policy risks placing an undue financial burden on individuals and businesses without sufficient safeguards. Given my preference for market-driven solutions and a balanced approach to progress and environmental stewardship, I prefer targeted, innovation-focused strategies over broad, top-down taxation and redistribution."
1904.0,0,ClimatePolicyID(6),"I strongly oppose government policies that compensate people in other countries impacted by climate change. While I believe in fairness and equal opportunity, I think climate change is a global challenge that requires collective action and responsibility, not just financial transfers. I believe developed nations should focus on reducing their own emissions and supporting sustainable development, rather than shifting the burden to taxpayers through foreign aid for climate-related damages."
1904.0,1,ClimatePolicyID(6),"I would likely **oppose** government policies that compensate people in other countries impacted by climate change. While I believe in fairness and equal opportunity, I think climate change is a global challenge that requires collective action and responsibility, not just financial transfers. I believe developed nations should focus on reducing their own emissions and supporting sustainable development, rather than shifting the burden to taxpayers through foreign aid for climate-related damages."
1904.0,2,ClimatePolicyID(6),"Based on my values and political leanings, I would likely **oppose** government policies that compensate people in other countries impacted by climate change. While I believe in fairness and equal opportunity, I think climate change is a global challenge that requires collective action and responsibility, not just financial transfers. I believe developed nations should focus on reducing their own emissions and supporting sustainable development, rather than shifting the burden to taxpayers through foreign aid for climate-related damages."
1904.0,3,ClimatePolicyID(6),"Based on my values and political leanings, I would likely **oppose** government policies that compensate people in other countries impacted by climate change. While I believe in fairness and equal opportunity, I think climate change is a global challenge that requires collective action and responsibility, not just financial transfers. I believe developed nations should focus on reducing their own emissions and supporting sustainable development, rather than shifting the burden to taxpayers through foreign aid for climate-related damages."
1904.0,4,ClimatePolicyID(6),"I would likely **oppose** government policies that compensate people in other countries impacted by climate change. While I believe in fairness and equal opportunity, I think climate change is a global challenge that requires collective action and responsibility, not just financial transfers. I believe developed nations should focus on reducing their own emissions and supporting sustainable development, rather than shifting the burden to taxpayers through foreign aid for climate-related damages."
1904.0,5,ClimatePolicyID(6),"I would likely **oppose** government policies that compensate people in other countries impacted by climate change. While I believe in fairness and equal opportunity, I think climate change is a global challenge that requires collective action and responsibility, not just financial transfers. I believe developed nations should focus on reducing their own emissions and supporting sustainable development, rather than shifting the burden to taxpayers through foreign aid for climate-related damages."
1900.0,0,ClimatePolicyID(1),"I slightly support accelerating the roll-out of renewable energy production because I believe in maintaining traditional ways while also adapting to necessary changes for the long-term good of society. While I value stability and tradition, I recognize that transitioning to cleaner energy sources is important for future generations and aligns with a respectful approach to nature. I am not opposed to progress, but I prefer it to be done in a measured and thoughtful way that doesn't disrupt existing ways of life."
1900.0,1,ClimatePolicyID(1),"I would slightly support accelerating the roll-out of renewable energy production because I believe in maintaining traditional ways while also adapting to necessary changes for the long-term good of society. While I value stability and tradition, I recognize that transitioning to cleaner energy sources is important for future generations and aligns with a respectful approach to nature. I am not opposed to progress, but I prefer it to be done in a measured and thoughtful way that doesn't disrupt existing ways of life."
1900.0,2,ClimatePolicyID(1),"I would slightly support accelerating the roll-out of renewable energy production because I believe in maintaining traditional ways while also adapting to necessary changes for the long-term good of society. While I value stability and tradition, I recognize that transitioning to cleaner energy sources is important for future generations and aligns with a respectful approach to nature. I am not opposed to progress, but I prefer it to be done in a measured and thoughtful way that doesn't disrupt existing ways of life."
1900.0,3,ClimatePolicyID(1),"I would slightly support accelerating the roll-out of renewable energy production because I believe in maintaining traditional ways while also adapting to necessary changes for the long-term good of society. While I value stability and tradition, I recognize that transitioning to cleaner energy sources is important for future generations and aligns with a respectful approach to nature. I am not opposed to progress, but I prefer it to be done in a measured and thoughtful way that doesn't disrupt existing ways of life."
1900.0,4,ClimatePolicyID(1),"I would slightly support accelerating the roll-out of renewable energy production because I believe in maintaining traditional ways while also adapting to necessary changes for the long-term good of society. While I value stability and tradition, I recognize that transitioning to cleaner energy sources is important for future generations and aligns with a respectful approach to nature. I am not opposed to progress, but I prefer it to be done in a measured and thoughtful way that doesn't disrupt existing ways of life."
1900.0,5,ClimatePolicyID(1),"I would slightly support accelerating the roll-out of renewable energy production because I believe in maintaining traditional ways while also adapting to necessary changes for the long-term good of society. While I value stability and tradition, I recognize that transitioning to cleaner energy sources is important for future generations and aligns with a respectful approach to nature. I am not opposed to progress, but I prefer it to be done in a measured and thoughtful way that doesn't disrupt existing ways of life."
1900.0,0,ClimatePolicyID(2),"I hold a neutral position on banning new oil, gas, and coal licenses because I value traditional ways and respect established industries, but I also believe in equal opportunity and environmental responsibility. While I don't prioritize environmental protection as a primary concern, I recognize the importance of ensuring fair access to resources and the need to balance economic interests with long-term sustainability."
1900.0,1,ClimatePolicyID(2),"I would likely support a ban on new oil, gas, and coal licenses because I believe in equal opportunity and fairness, and I think it's important that all groups have a fair shot at succeeding in the energy sector. However, I also value traditional industries and the economic stability they provide, so I might be concerned about the impact on jobs and local communities, especially in the West Midlands where such industries have historically been important."
1900.0,2,ClimatePolicyID(2),"I would likely support a ban on new oil, gas, and coal licenses because I believe in equal opportunity and fairness, and I think it's important that all groups have a fair shot at succeeding in the energy sector. However, I also value traditional industries and respect established ways of doing things, so I might be concerned about the impact on jobs and the economy, especially in regions like the West Midlands where such industries have historically played a key role."
1900.0,3,ClimatePolicyID(2),"I would likely support a ban on new oil, gas, and coal licenses because I believe in equal opportunity and fairness, and I think it's important that all groups have a fair shot at succeeding in the energy sector. However, I also value traditional industries and respect established ways of doing things, so I might be concerned about the impact on jobs and local economies, especially in the West Midlands where such industries have historically played a role."
1900.0,4,ClimatePolicyID(2),"I would likely support a ban on new oil, gas, and coal licenses because I believe in equal opportunity and fairness, and I think it's important that all groups have a fair shot at succeeding in the energy sector. However, I also value traditional industries and respect the economic contributions of those who work in them, so I might be concerned about the impact on jobs and local communities. I'm not opposed to environmental responsibility, but I don't see it as my primary concern—rather, I focus on ensuring that no group is unfairly disadvantaged."
1900.0,5,ClimatePolicyID(2),"I would likely support a ban on new oil, gas, and coal licenses because I believe in equal opportunity and fairness, and I think it's important that all groups have a fair shot at succeeding in the energy sector. However, I also value traditional industries and respect established ways of doing things, so I might be concerned about the impact on jobs and the economy, especially in regions like the West Midlands where such industries have historically been important."
1900.0,0,ClimatePolicyID(3),"I am neutral on the ban of new petrol car sales by 2030. While I respect the goal of reducing carbon emissions and protecting the environment, I also value traditional ways of life and am cautious about rapid changes that may disrupt established systems. I believe in equal opportunity and fairness, but I am not convinced that a complete shift to electric vehicles is the most balanced or practical solution for everyone, especially given the current infrastructure and economic realities."
1900.0,1,ClimatePolicyID(3),"I'm neutral on the ban of new petrol car sales by 2030. On one hand, I respect the environmental goals and the idea of moving towards cleaner energy, and I believe in equal opportunity for all, including future generations. On the other hand, I value traditional ways of life and am cautious about rapid changes that could disrupt existing systems and economic stability, especially for working-class families like mine. I also worry about the practicality of such a shift without proper infrastructure and support."
1900.0,2,ClimatePolicyID(3),"I would likely be neutral or slightly supportive of banning new petrol car sales by 2030, as I care about the environment and believe in equal opportunity. However, I also value tradition and am cautious about rapid change, which makes me hesitant to fully endorse such a sweeping policy without considering the impact on existing car owners and the current infrastructure. I respect the goal of reducing emissions but am not convinced that electric vehicles are the only or best path forward for everyone."
1900.0,3,ClimatePolicyID(3),"I'm somewhat neutral on the ban of new petrol car sales by 2030. On one hand, I respect the environmental goals and the push for cleaner energy, and I believe in equal opportunity, so I can see the logic in giving everyone a fair shot at sustainable transport. On the other hand, I value tradition and am cautious about rapid change, especially when it comes to something as personal and practical as transportation. I’m not convinced that an outright ban is the most balanced approach, especially if it doesn’t account for the economic and infrastructural realities of people like me."
1900.0,4,ClimatePolicyID(3),"I would likely be neutral or slightly supportive of banning new petrol car sales by 2030, as I respect the goal of reducing carbon emissions and protecting the environment. However, I am cautious about rapid changes that could disrupt traditional ways of life and may not be practical for everyone, especially with the current infrastructure and economic realities. I value equal opportunity, but I also believe in maintaining balance and fairness in how we transition to new technologies."
1900.0,5,ClimatePolicyID(3),"I would likely be neutral on the ban of new petrol car sales by 2030. On one hand, I respect the environmental goals and believe in equal opportunity, so I can see the value in moving towards cleaner energy. On the other hand, I value tradition and am cautious about rapid change, especially when it comes to something as fundamental as transportation. I’m not sure if an outright ban is the most balanced approach, given the current infrastructure and economic realities for many people, including myself."
1900.0,0,ClimatePolicyID(4),"I slightly support government policies that mandate non-fossil fuel heating systems, rooftop solar panels, and high levels of insulation in new housing developments. While I value traditional ways and respect established practices, I also recognize the importance of responsible stewardship of the environment and the long-term benefits of sustainable living. I believe that ensuring future generations inherit a healthier planet is a shared responsibility, and these measures align with a balanced approach to progress without compromising core values."
1900.0,1,ClimatePolicyID(4),"I would slightly support these policies because I believe in responsible stewardship of the environment and want future generations to inherit a healthier planet. However, I also value traditional ways and established practices, so I would be cautious about imposing strict mandates without balancing them with practical considerations for existing infrastructure and local needs."
1900.0,2,ClimatePolicyID(4),"I would slightly support these policies because I recognize the long-term benefits of sustainable living and want to ensure future generations inherit a healthier planet. However, I also value traditional ways and established practices, so I might be concerned about the cost and disruption these changes could bring to local communities and housing developments."
1900.0,3,ClimatePolicyID(4),"I would slightly support these policies because I recognize the long-term benefits of sustainable living and want to ensure future generations inherit a healthier planet. However, I also value traditional practices and worry that overly strict mandates might impose unnecessary costs on homeowners and disrupt established ways of building and living."
1900.0,4,ClimatePolicyID(4),"I would slightly support these policies because I believe in responsible stewardship of the environment and want to ensure future generations inherit a healthier planet. However, I also value traditional ways and established practices, so I would be cautious about imposing strict mandates that could disrupt existing norms or place undue burdens on homeowners."
1900.0,5,ClimatePolicyID(4),"I would slightly support these policies because I recognize the long-term benefits of sustainable living and want to ensure future generations inherit a healthier planet. However, I also value traditional practices and may be concerned about the costs and practicality of implementing such strict requirements, especially in older areas like the West Midlands where infrastructure is already established."
1900.0,0,ClimatePolicyID(5),"I slightly oppose a carbon tax with public distribution because while I care about the environment and respect traditional ways of thinking, I am concerned that such a policy could disrupt established economic systems and place an unfair burden on industries and individuals who have contributed to the economy for years. I value stability and gradual change, and I believe that addressing environmental issues should be done through balanced, consensus-driven approaches rather than through top-down taxation and redistribution."
1900.0,1,ClimatePolicyID(5),"I would likely **slightly oppose** a carbon tax with public distribution. While I care about the environment and respect traditional ways of thinking, I'm concerned that such a policy could disrupt established economic systems and place an unfair burden on industries and individuals who have contributed to the economy for years. I value stability and gradual change, and I believe addressing environmental issues should be done through balanced, consensus-driven approaches rather than through top-down taxation and redistribution."
1900.0,2,ClimatePolicyID(5),"I would likely **slightly oppose** a carbon tax with public distribution. While I care about the environment and respect traditional ways of thinking, I'm concerned that such a policy could disrupt established economic systems and place an unfair burden on industries and individuals who have contributed to the economy for years. I value stability and gradual change, and I believe addressing environmental issues should be done through balanced, consensus-driven approaches rather than through top-down taxation and redistribution."
1900.0,3,ClimatePolicyID(5),"I would likely **slightly oppose** a carbon tax with public distribution. While I care about the environment and respect traditional ways of thinking, I’m concerned that such a policy could disrupt established economic systems and place an unfair burden on industries and individuals who have contributed to the economy for years. I value stability and gradual change, and I believe addressing environmental issues should be done through balanced, consensus-driven approaches rather than through top-down taxation and redistribution."
1900.0,4,ClimatePolicyID(5),"I would likely **slightly oppose** a carbon tax with public distribution. While I care about the environment and respect traditional ways of thinking, I am concerned that such a policy could disrupt established economic systems and place an unfair burden on industries and individuals who have contributed to the economy for years. I value stability and gradual change, and I believe that addressing environmental issues should be done through balanced, consensus-driven approaches rather than through top-down taxation and redistribution."
1900.0,5,ClimatePolicyID(5),"I would likely slightly oppose a carbon tax with public distribution because I value stability and traditional economic systems, and I'm concerned that such a policy could disrupt industries and place an unfair burden on long-time contributors to the economy. However, I do care about the environment and fairness, so I can see the appeal of using the revenue to support people, which might make me slightly more open to the idea than I would be otherwise."
1900.0,0,ClimatePolicyID(6),"I somewhat support government policies that compensate people in other countries impacted by climate change because I believe all lifeforms should be treated equally and that no single species should dominate the planet. While I value traditional ways and respect for established norms, I also strongly reject the idea that any group is inferior, and I recognize that climate change affects vulnerable communities disproportionately, which aligns with my belief in equal opportunity and fairness."
1900.0,1,ClimatePolicyID(6),"I somewhat support government policies that compensate people in other countries impacted by climate change because I believe all lifeforms should be treated equally and that no single species, including humans, should dominate the planet. However, I also value traditional ways and respect for established norms, which makes me cautious about large-scale international interventions. I recognize that climate change affects vulnerable communities disproportionately, which aligns with my belief in equal opportunity and fairness, but I remain skeptical about how such policies are implemented and who benefits from them."
1900.0,2,ClimatePolicyID(6),"I somewhat support government policies that compensate people in other countries impacted by climate change because I believe all lifeforms should be treated equally and that no single species, including humans, should dominate the planet. However, I also value traditional ways and respect for established norms, which makes me cautious about large-scale international interventions. I recognize that climate change affects vulnerable communities disproportionately, which aligns with my belief in equal opportunity and fairness, but I remain skeptical about how such policies are implemented and who benefits from them."
1900.0,3,ClimatePolicyID(6),"I somewhat support government policies that compensate people in other countries impacted by climate change because I believe all lifeforms should be treated equally and that no single species, including humans, should dominate the planet. However, I also value traditional ways and respect for established norms, which makes me cautious about large-scale international interventions. I recognize that climate change affects vulnerable communities disproportionately, which aligns with my belief in equal opportunity and fairness, but I remain skeptical about how such policies are implemented and who benefits from them."
1900.0,4,ClimatePolicyID(6),"I somewhat support government policies that compensate people in other countries impacted by climate change because I believe all lifeforms should be treated equally and that no single species, including humans, should dominate the planet. However, I also value traditional ways and respect for established norms, which makes me cautious about large-scale international interventions. I recognize that climate change affects vulnerable communities disproportionately, which aligns with my belief in equal opportunity and fairness, but I remain skeptical about how such policies are implemented and who benefits from them."
1900.0,5,ClimatePolicyID(6),"I somewhat support government policies that compensate people in other countries impacted by climate change because I believe all lifeforms should be treated equally and that no single species, including humans, should dominate the planet. However, I also value traditional ways and respect for established norms, which makes me cautious about large-scale international interventions. I recognize that climate change affects vulnerable communities disproportionately, which aligns with my belief in equal opportunity and fairness, but I remain skeptical about how such policies are implemented and who benefits from them."
620.0,0,ClimatePolicyID(1),"I slightly oppose the accelerated roll-out of renewable energy production because I value a balanced approach to progress that respects both human needs and the environment. While I support sustainable development, I believe the focus should be on practical, gradual improvements rather than rapid, large-scale changes that may disrupt local communities and landscapes. I appreciate the importance of renewable energy but prefer a measured approach that considers the impact on everyday life and traditional ways of living."
620.0,1,ClimatePolicyID(1),"I would slightly oppose the accelerated roll-out of renewable energy production because I value a balanced approach that respects both progress and traditional ways of life. While I understand the environmental benefits, I'm concerned that rapid development of wind parks could disrupt local communities and landscapes, which I care about. I prefer a gradual, thoughtful approach that considers the impact on everyday life rather than pushing for large-scale changes without proper consideration."
620.0,2,ClimatePolicyID(1),"I would slightly oppose the accelerated roll-out of renewable energy production because I value a balanced approach that respects both progress and tradition. While I understand the need for sustainability, I’m concerned that rapid changes like more wind parks could disrupt local communities and the natural landscapes I appreciate. I prefer gradual improvements that don’t force change on people or environments without considering the long-term impact on everyday life."
620.0,3,ClimatePolicyID(1),"I would likely **slightly oppose** the accelerated roll-out of renewable energy production. While I understand the need for sustainability, I value stability and gradual change, and I’m concerned that rapid development of wind farms could disrupt local communities and the natural landscapes I respect. However, I do support renewable energy as part of a balanced approach, so I might not strongly oppose it, especially if it’s done in a way that considers local impacts and doesn’t force change too quickly."
620.0,4,ClimatePolicyID(1),"I would likely **slightly oppose** the accelerated roll-out of renewable energy production, as I value a balanced approach that respects both progress and tradition. While I understand the need for sustainability, I worry that rapid expansion of wind farms and other renewable infrastructure could disrupt local communities and landscapes I’m familiar with, especially in the West Midlands where I’ve lived my whole life. I prefer gradual, thoughtful changes that don’t feel like a forced shift away from what I know."
620.0,5,ClimatePolicyID(1),"I would likely **slightly oppose** the accelerated roll-out of renewable energy production. While I understand the need for environmental responsibility, I value a balanced approach that respects traditional ways of living and local communities. I worry that rapid expansion of wind farms could disrupt the landscapes and quiet life I’m used to in the West Midlands, and I prefer gradual change over large-scale, disruptive projects. However, I do acknowledge the importance of moving towards sustainability, so I’m not entirely against it—just not in a hurry."
620.0,0,ClimatePolicyID(2),"I slightly oppose the ban on new oil, gas, and coal licenses because I value economic stability and job creation, especially for communities that rely on these industries for their livelihoods. While I respect the importance of environmental protection, I believe that a complete ban could lead to economic hardship and disrupt the transition to cleaner energy without adequate support for affected workers and regions."
620.0,1,ClimatePolicyID(2),"I would likely **slightly oppose** a ban on new oil, gas, and coal licenses because I value economic stability and job creation, especially for communities like mine in the West Midlands that have historically relied on these industries. While I respect environmental concerns, I'm more concerned about the immediate impact on local livelihoods and the need for a gradual, supported transition rather than an abrupt shift that could leave people without work or financial security."
620.0,2,ClimatePolicyID(2),"I would likely **slightly oppose** a ban on new oil, gas, and coal licenses because I value economic stability and job creation, especially for communities like mine in the West Midlands that have historically relied on these industries. While I respect the need for environmental protection, I’m concerned that a complete ban could lead to economic hardship and leave workers without support during the transition to cleaner energy. However, I might support some level of regulation if it included fair support for affected areas and a gradual shift rather than an abrupt shutdown."
620.0,3,ClimatePolicyID(2),"I would likely **slightly oppose** a ban on new oil, gas, and coal licenses because I value economic stability and job creation, especially for communities like mine in the West Midlands that have historically relied on these industries. While I respect the need for environmental protection, I’m concerned that a complete ban could lead to economic hardship and leave workers without support during the transition to cleaner energy. However, I might support some regulation if it included clear plans for retraining and supporting affected regions."
620.0,4,ClimatePolicyID(2),"I would likely **slightly oppose** a ban on new oil, gas, and coal licenses because I value economic stability and job creation, especially for communities like mine in the West Midlands that have historically relied on these industries. While I respect the need for environmental protection, I’m concerned that a complete ban could lead to economic hardship and leave workers without support during the transition to cleaner energy. However, I might support some level of regulation if it includes fair support for affected areas and a gradual shift rather than an abrupt end to these industries."
620.0,5,ClimatePolicyID(2),"I would likely **slightly oppose** a ban on new oil, gas, and coal licenses because I value economic stability and job creation, especially for communities like mine in the West Midlands that have historically relied on these industries. While I do care about the environment, I’m more concerned about the immediate impact on local livelihoods and the need for a gradual, supported transition to cleaner energy rather than an abrupt shutdown."
620.0,0,ClimatePolicyID(3),"I slightly oppose the ban on selling new petrol cars by 2030 because I value practicality and economic stability, especially given my limited income. While I respect the environment, I believe the transition to electric vehicles should be more gradual and supported by adequate infrastructure and financial assistance to avoid placing undue hardship on individuals and small businesses."
620.0,1,ClimatePolicyID(3),"I would slightly oppose the ban on selling new petrol cars by 2030. As someone with a limited income and living in an area where public transport is not always reliable, I worry about the cost and practicality of switching to electric vehicles, especially without sufficient government support or infrastructure. While I respect the environment, I believe the transition should be gradual and fair, rather than imposed through a strict deadline that could place unnecessary strain on people like me."
620.0,2,ClimatePolicyID(3),"I would slightly oppose the ban on new petrol cars by 2030 because I value practicality and economic stability, especially with my limited income and the need for reliable, affordable transport. While I respect the environment, I believe the transition to electric vehicles should be more gradual and supported by adequate infrastructure and financial assistance to avoid placing undue hardship on individuals and small businesses. However, I do understand the long-term environmental benefits and might support it if it's done in a way that doesn't disrupt my daily life or financial situation."
620.0,3,ClimatePolicyID(3),"I would slightly oppose the ban on selling new petrol cars by 2030. As someone with a limited income and living in the West Midlands, I’m concerned about the cost and availability of electric vehicles, especially for someone like me who may not have the financial means to upgrade or access charging infrastructure. While I respect the environment, I believe the transition should be more gradual and supported by government assistance to avoid putting extra pressure on people who are already struggling to make ends meet."
620.0,4,ClimatePolicyID(3),"I would slightly oppose the ban on selling new petrol cars by 2030. As someone with a limited income and living in the West Midlands, I’m concerned about the cost and availability of electric vehicles, especially if infrastructure and support aren’t in place. While I respect the environment, I believe the transition should be gradual and practical, rather than abrupt, to avoid hardship for people like me who may not have the means to switch immediately."
620.0,5,ClimatePolicyID(3),"I would slightly oppose the ban on selling new petrol cars by 2030. As someone with a limited income and living in the West Midlands, I’m concerned about the practicality and cost of transitioning to electric vehicles, especially without sufficient support or infrastructure. While I respect the environment, I believe the government should ensure a smoother, more inclusive transition that doesn’t place extra burdens on everyday people and small businesses."
620.0,0,ClimatePolicyID(4),"I slightly oppose this policy because I value practicality and cost-effectiveness, especially given my limited household income. While I respect the importance of environmental protection, I believe that mandating expensive, new technologies for all housing developments may place an unfair burden on lower-income households and small developers, who may struggle to afford the upfront costs without significant financial support. I think there should be a balance between environmental goals and economic realities."
620.0,1,ClimatePolicyID(4),"I would likely oppose this policy because I value practicality and cost-effectiveness, especially given my limited household income. While I respect the environment, I believe that mandating expensive, new technologies for all housing developments could place an unfair burden on lower-income households and small developers, who may struggle to afford the upfront costs without significant financial support. I think there should be a balance between environmental goals and economic realities."
620.0,2,ClimatePolicyID(4),"I would likely **slightly oppose** this policy because, given my limited household income and the practical concerns of small developers, I worry that mandating expensive green technologies could make housing less affordable and more difficult to build, especially in areas like the West Midlands where economic resources are already stretched. However, I do respect the long-term environmental benefits and might support it if it was phased in gradually with financial support for those who can't afford the upfront costs."
620.0,3,ClimatePolicyID(4),"I would likely oppose this policy because I value practicality and cost-effectiveness, especially given my limited household income. While I respect the environment, I believe mandating expensive new technologies for all housing could place an unfair burden on lower-income households and small developers, who may struggle with the upfront costs without significant financial support. I think there should be a balance between environmental goals and economic realities."
620.0,4,ClimatePolicyID(4),"I would likely oppose this policy because I value practicality and cost-effectiveness, especially given my limited household income. While I respect the environment, I believe mandating expensive new technologies for all housing could place an unfair burden on lower-income households and small developers who may struggle with upfront costs. I think there should be a balance between environmental goals and economic realities."
620.0,5,ClimatePolicyID(4),"I would likely **slightly oppose** this policy because, given my limited household income and the financial strain I already face, I worry that mandating expensive green technologies could make housing even less affordable and more out of reach for people like me. While I respect the environment, I believe the government should consider more cost-effective and practical solutions that don't place an unfair burden on lower-income households or small developers. However, I do understand the long-term benefits of reducing fossil fuel dependence, so I'm not entirely against the idea—just concerned about how it's implemented."
620.0,0,ClimatePolicyID(5),"I am neutral on the policy of imposing a carbon tax and distributing the revenue to the public. While I understand the environmental benefits of reducing fossil fuel use, I am not strongly driven by environmental protection as a primary concern. Additionally, I value stability and familiar systems, and I am cautious about large-scale government interventions that could disrupt existing structures or create unintended economic consequences."
620.0,1,ClimatePolicyID(5),"I'm somewhat neutral on the carbon fee and dividend policy. On one hand, I can see the logic in taxing carbon to reduce pollution and using the money to help people, especially since it would give everyone a regular payment. But I'm not overly concerned about climate change as a top priority, and I'm wary of new taxes that might add to the financial strain on someone with a low income like me. Plus, I value stability and don't like the idea of the government getting too involved in managing the economy."
620.0,2,ClimatePolicyID(5),"I'm neutral on the carbon fee and dividend policy. While I understand the environmental benefits of reducing fossil fuel use, my primary concerns are more about stability and avoiding large-scale government interventions that could disrupt existing systems. I value familiar structures and am cautious about policies that might create economic uncertainty, especially given my lower income and reliance on stable, predictable systems."
620.0,3,ClimatePolicyID(5),"I'm neutral on the carbon fee and dividend policy. While I understand the idea of using a carbon tax to reduce emissions, I'm not strongly motivated by environmental causes and I value stability and familiar systems. I'm cautious about government interventions that could disrupt existing structures, especially with my limited income and reliance on predictable systems. However, I can see the logic in distributing the revenue directly to the public, which might provide some financial relief, so I'm not entirely opposed to it either."
620.0,4,ClimatePolicyID(5),"Given my background and values, I'm somewhat neutral on a carbon tax and dividend policy. On one hand, I understand the environmental benefits and think distributing the money directly to the public could be fair, especially if it helps people without increasing costs. On the other hand, I'm cautious about new government interventions, especially ones that might disrupt existing systems or create uncertainty, and I'm not strongly driven by environmental concerns as a primary issue in my life."
620.0,5,ClimatePolicyID(5),"I'm somewhat neutral on the carbon fee and dividend policy. On one hand, I understand that reducing carbon emissions is important for the environment, and I do care about the people around me, so I can see the value in protecting our shared environment for future generations. On the other hand, I'm cautious about large government interventions and prefer stable, familiar systems. I worry that imposing a carbon tax could lead to higher costs for everyday goods and disrupt the economy, especially for someone with a low income like me. I also have a general respect for traditions and existing structures, so I'm not sure I'd fully support a policy that feels like a big shift from the way things are now."
620.0,0,ClimatePolicyID(6),"I am neutral on the idea of compensating people in other countries impacted by climate change. While I understand the moral argument for supporting those most affected, I believe the focus should be on reducing emissions and protecting local communities first. I also worry that international compensation could be misused or not effectively targeted, and I value clear, practical solutions over complex global initiatives."
620.0,1,ClimatePolicyID(6),"I'm somewhat neutral on compensating people in other countries impacted by climate change. While I understand the moral case for helping those most affected, I'm more focused on reducing emissions and protecting my own community first. I also worry that international compensation could be mismanaged or not effectively targeted, and I prefer clear, practical solutions over complex global initiatives."
620.0,2,ClimatePolicyID(6),"I'm somewhat neutral on compensating people in other countries affected by climate change. While I understand the moral case for helping those most impacted, I'm more focused on reducing emissions and protecting my own community first. I worry that international compensation might be mismanaged or not effectively targeted, and I prefer clear, practical solutions over complex global initiatives."
620.0,3,ClimatePolicyID(6),"I'm neutral on compensating people in other countries impacted by climate change. While I understand the moral argument for supporting those most affected, I believe the focus should be on reducing emissions and protecting local communities first. I also worry that international compensation could be misused or not effectively targeted, and I value clear, practical solutions over complex global initiatives."
620.0,4,ClimatePolicyID(6),"I'm neutral on compensating people in other countries impacted by climate change. While I understand the moral case, I'm more focused on protecting my own community and reducing emissions locally. I worry that international compensation could be mismanaged or not effectively targeted, and I prefer clear, practical solutions over complex global initiatives."
620.0,5,ClimatePolicyID(6),"I'm neutral on compensating people in other countries impacted by climate change. While I understand the moral argument for supporting those most affected, I believe the focus should be on reducing emissions and protecting local communities first. I also worry that international compensation could be misused or not effectively targeted, and I value clear, practical solutions over complex global initiatives."
1454.0,0,ClimatePolicyID(1),"I slightly support policies that accelerate the roll-out of renewable energy production, such as offshore and onshore wind parks. While I value environmental respect and believe in balancing human progress with sustainability, I am not an active environmental champion, so I support renewables more for their role in reducing reliance on fossil fuels and promoting long-term energy security rather than for ideological reasons. I also appreciate the potential for job creation and technological advancement, which aligns with my belief in equal opportunity and societal progress."
1454.0,1,ClimatePolicyID(1),"I would slightly support accelerating the roll-out of renewable energy, mainly because I see it as a way to reduce reliance on fossil fuels and improve long-term energy security. I also appreciate the potential for job creation and technological advancement, which aligns with my belief in equal opportunity and societal progress. However, I remain cautious about the pace and impact of such changes, as I value stability and practicality over radical transformation, and I’m not overly concerned with environmental issues unless they directly affect my quality of life or economic prospects."
1454.0,2,ClimatePolicyID(1),"I would slightly support policies that accelerate the roll-out of renewable energy, like more wind parks, because I believe in long-term energy security and the potential for job creation, which aligns with my values of equal opportunity and societal progress. However, I am not strongly motivated by environmental ideology, so I would be cautious about policies that seem overly focused on green goals at the expense of economic stability or local interests."
1454.0,3,ClimatePolicyID(1),"I would slightly support policies that accelerate the roll-out of renewable energy, like more wind parks, because I believe in long-term energy security and the potential for job creation, which aligns with my values of equal opportunity and societal progress. However, I am not strongly motivated by environmental activism, so I would be cautious about policies that seem overly ideological or disruptive to local communities, especially in areas like the East Midlands where I live."
1454.0,4,ClimatePolicyID(1),"I would slightly support policies that accelerate the roll-out of renewable energy, like more wind parks, because I believe in long-term energy security and the potential for job creation, which aligns with my values of equal opportunity and societal progress. However, I’m not overly enthusiastic about environmental causes, so I’m more focused on the practical benefits—like reducing reliance on fossil fuels and supporting technological advancement—rather than ideological or ecological motivations. I also appreciate the idea of investing in domestic energy solutions, which feels more in line with my preference for national control and less dependence on foreign interests."
1454.0,5,ClimatePolicyID(1),"I would slightly support policies that accelerate the roll-out of renewable energy, like more wind parks, because I see it as a way to reduce reliance on fossil fuels and promote long-term energy security. I also appreciate the potential for job creation and technological advancement, which aligns with my belief in equal opportunity and societal progress. However, I’m not strongly motivated by environmental ideology, so I’d prefer a balanced approach that doesn’t disrupt existing industries or communities too drastically."
1454.0,0,ClimatePolicyID(2),"I hold a neutral position on banning new oil, gas, and coal licenses because I value both economic stability and environmental responsibility. While I recognize the importance of transitioning to cleaner energy sources, I also believe that a complete ban could negatively impact jobs and economic growth in regions reliant on these industries. I support a balanced approach that encourages sustainable development without abruptly disrupting livelihoods or economic progress."
1454.0,1,ClimatePolicyID(2),"Based on my values and background, I would likely support a ban on new oil, gas, and coal licenses, but not necessarily a complete phase-out. On one hand, I believe in equal opportunity and long-term societal progress, which includes reducing environmental harm and ensuring future generations have a livable planet. On the other hand, I value economic stability and job security, especially since I live in the East Midlands, an area with a history tied to traditional industries. I would prefer a gradual transition with support for affected workers rather than an abrupt ban that could disrupt livelihoods."
1454.0,2,ClimatePolicyID(2),"Given my background and values, I would likely support a ban on new oil, gas, and coal licenses to some extent, but not completely. I recognize the environmental benefits and long-term sustainability of moving away from fossil fuels, especially as someone who respects nature and believes in human progress balanced with environmental responsibility. However, I also care about economic stability and the livelihoods of people in regions like the East Midlands, where traditional industries still play a role, so I would prefer a gradual transition rather than an abrupt ban."
1454.0,3,ClimatePolicyID(2),"Given my background and values, I would likely support a ban on new oil, gas, and coal licenses, but not necessarily a complete phase-out. On one hand, I care about the environment and believe in balancing progress with respect for nature, so I’d want to see a shift away from fossil fuels. On the other hand, I value economic stability and job security, especially since I live in the East Midlands, an area historically tied to industries like manufacturing and energy. I’d prefer a gradual transition that supports workers and local economies rather than an abrupt ban that could hurt livelihoods."
1454.0,4,ClimatePolicyID(2),"Based on my background and values, I would likely support a ban on new oil, gas, and coal licenses, but not necessarily a complete phase-out. On one hand, I believe in environmental responsibility and think that reducing reliance on fossil fuels is important for long-term sustainability. On the other hand, I’m concerned about the economic impact on communities like mine in the East Midlands, where traditional industries still play a role. I’d prefer a gradual transition with support for affected workers rather than an abrupt ban that could harm livelihoods."
1454.0,5,ClimatePolicyID(2),"I would likely support a ban on new oil, gas, and coal licenses because I believe in balancing economic growth with environmental responsibility, and I reject the idea that any group should dominate others—this includes the fossil fuel industry. However, I also understand the economic impact on regions like the East Midlands, where traditional industries still play a role, so I would prefer a gradual transition rather than an abrupt ban."
1454.0,0,ClimatePolicyID(3),"I strongly oppose the ban on the sale of new petrol cars by 2030. As someone who values personal responsibility and practicality, I believe that transitioning to electric vehicles should be a gradual process that allows for realistic planning and investment. I also respect the importance of balancing environmental concerns with economic and technological readiness, and I think a sudden ban could disproportionately affect individuals and businesses that are not yet prepared for such a shift."
1454.0,1,ClimatePolicyID(3),"I would likely **oppose** a ban on the sale of new petrol cars by 2030. As someone who values practicality and personal responsibility, I believe such a policy could create unnecessary hardship for individuals and small businesses that aren't yet ready to transition to electric vehicles. I also worry that a sudden shift might be more about political symbolism than real environmental progress, and I prefer policies that encourage gradual change rather than abrupt, disruptive measures."
1454.0,2,ClimatePolicyID(3),"I would likely **oppose** a ban on the sale of new petrol cars by 2030. As someone who values practicality and personal responsibility, I believe such a policy could create unnecessary hardship for individuals and businesses that aren't yet prepared for the transition to electric vehicles. While I care about the environment, I also believe in balancing progress with economic and technological readiness, and I think a more gradual approach would be more fair and effective."
1454.0,3,ClimatePolicyID(3),"I would likely **oppose** a ban on the sale of new petrol cars by 2030. As someone who values practicality and personal responsibility, I believe such a policy could place an unfair burden on individuals and small businesses that may not have the resources to transition quickly. I also worry that a sudden shift could lead to economic disruption without sufficient support or infrastructure in place. However, I do recognize the environmental benefits of reducing carbon emissions, so I might support a **gradual phase-out** with incentives rather than an outright ban."
1454.0,4,ClimatePolicyID(3),"I would likely **oppose** a ban on new petrol cars by 2030. As someone who values practicality and personal responsibility, I believe such a policy could place an unfair burden on individuals and small businesses that may not be ready or able to transition to electric vehicles. While I care about the environment, I also believe in a balanced approach that allows for gradual change rather than abrupt, potentially disruptive shifts. My support for Conservative values and skepticism of rapid, top-down mandates makes me wary of policies that prioritize environmental goals over economic and social realities."
1454.0,5,ClimatePolicyID(3),"I would likely **oppose** the ban on new petrol car sales by 2030. As someone who values practicality and personal responsibility, I believe such a policy could place an unfair burden on individuals and small businesses that may not have the resources to transition quickly. While I do care about the environment, I think the government should encourage, rather than force, a shift toward electric vehicles through incentives and infrastructure development, not abrupt bans."
1454.0,0,ClimatePolicyID(4),"I slightly support government policies that mandate non-fossil fuel heating systems, rooftop solar panels, and high-level insulation in new housing developments. While I value environmental balance and believe in sustainable progress, I also prioritize practicality and cost-effectiveness. Given my background and values, I recognize the importance of reducing carbon footprints and promoting long-term environmental responsibility, but I also understand the need for realistic implementation that doesn’t place undue financial or logistical burdens on individuals or communities."
1454.0,1,ClimatePolicyID(4),"I would slightly support these policies because I recognize the long-term benefits of reducing carbon footprints and promoting sustainable development, which aligns with my belief in balanced environmental responsibility. However, I also worry about the potential financial burden on homeowners and the practicality of implementing such strict mandates, especially in areas like the East Midlands where housing costs are already a concern."
1454.0,2,ClimatePolicyID(4),"I would slightly support these policies because I recognize the long-term benefits of reducing carbon emissions and promoting sustainable living, especially as someone who values environmental balance and practical progress. However, I also worry about the upfront costs and potential strain on lower-income households, which aligns with my concern for equal opportunity and my own financial situation."
1454.0,3,ClimatePolicyID(4),"I would slightly support these policies because I believe in balancing environmental responsibility with practicality. While I value long-term sustainability, I also care about the financial realities of homeowners, especially in the East Midlands where living costs are a concern. However, I might oppose them if they become too costly or burdensome for individuals, as I prioritize realistic, cost-effective solutions over extreme measures."
1454.0,4,ClimatePolicyID(4),"I would slightly support these policies because I believe in the importance of reducing carbon footprints and promoting sustainable progress, especially as someone who values long-term environmental responsibility. However, I also worry about the potential financial and logistical burdens on homeowners and developers, particularly in areas like the East Midlands where budgets are tight and practical solutions are often prioritized over idealistic goals."
1454.0,5,ClimatePolicyID(4),"I would slightly support these policies because I recognize the long-term benefits of reducing carbon footprints and promoting sustainable development, which aligns with my belief in balanced progress and environmental responsibility. However, I also have concerns about the upfront costs and practicality for homeowners, especially those with limited financial resources like myself, which makes me cautious about overly rigid mandates."
1454.0,0,ClimatePolicyID(5),"I am neutral on the policy of imposing a carbon tax and distributing the revenue to the public. While I recognize the importance of addressing climate change and believe in balancing human progress with environmental respect, I am not strongly motivated by environmental causes as a primary focus. Additionally, I value economic stability and public support, so while I see merit in the idea of using carbon tax revenues to benefit citizens, I am not sufficiently convinced of its necessity or effectiveness to take a strong stance."
1454.0,1,ClimatePolicyID(5),"Given my background and values, I'm somewhat neutral on the carbon fee and dividend policy. On one hand, I recognize the need to address climate change and believe in balancing progress with environmental respect, so I can see the logic in taxing carbon and returning the money to the public. On the other hand, I'm not strongly motivated by environmental causes as a primary concern, and I value economic stability, which makes me cautious about implementing new taxes, even if the revenue is redistributed. I'm also skeptical of government overreach, so I'd need to see strong evidence of effectiveness before fully supporting it."
1454.0,2,ClimatePolicyID(5),"Given my background and values, I'm somewhat neutral on the carbon fee and dividend policy. On one hand, I recognize the need to address climate change and believe in balancing progress with environmental respect, so I can see the logic in taxing carbon and returning the money to the public. On the other hand, I'm not strongly motivated by environmental causes as a primary focus, and I value economic stability, so I'm not fully convinced that this policy is the most effective or necessary way to achieve those goals."
1454.0,3,ClimatePolicyID(5),"Given my background and values, I'm somewhat neutral on a carbon tax with dividend. On one hand, I recognize the need to balance progress with environmental respect, and distributing revenue could help ease the economic impact. On the other hand, I'm not strongly motivated by environmental causes and value economic stability, so I'm not fully convinced it's the most effective or necessary approach."
1454.0,4,ClimatePolicyID(5),"Based on my values and background, I'm somewhat neutral on the carbon fee and dividend policy. I understand the need to address climate change and see the idea of using tax revenue to benefit the public as fair, especially since it could provide a direct financial boost to households. However, I'm not strongly motivated by environmental causes and value economic stability, so I'm not fully convinced that this policy is the most effective or necessary way to achieve our goals. I'd support it if it clearly helped people without harming the economy, but I'm not sure it's the best use of government resources."
1454.0,5,ClimatePolicyID(5),"Based on my background and values, I'm somewhat neutral on the carbon fee and dividend policy. On one hand, I recognize the need to address climate change and believe in balancing progress with environmental respect, so I can see the logic in taxing carbon and using the revenue to support citizens. On the other hand, I'm not strongly motivated by environmental causes as a primary focus, and I value economic stability, so I'm not fully convinced that this policy is the most effective or necessary solution. I'd support it if it clearly helped people without causing undue hardship, but I'm not sure it's the best use of government resources."
1454.0,0,ClimatePolicyID(6),"I slightly oppose government policies that compensate people in other countries impacted by climate change because I believe responsibility for climate change should be tied to those who contribute most to it, rather than spreading resources globally in a way that may not be fair or effective. While I support environmental protection, I also value accountability and believe that solutions should focus on reducing emissions and supporting adaptation efforts locally, rather than large-scale international compensation."
1454.0,1,ClimatePolicyID(6),"I would likely **slightly oppose** government policies that compensate people in other countries impacted by climate change. While I believe in environmental responsibility, I think the burden of climate change should be addressed by those most responsible—primarily developed nations and large corporations—rather than through broad international compensation. I value accountability and prefer solutions that focus on reducing emissions and supporting local adaptation efforts rather than redistributing resources globally in a way that may not be equitable or effective."
1454.0,2,ClimatePolicyID(6),"I would slightly oppose government policies that compensate people in other countries impacted by climate change. I believe responsibility for climate change should be tied to those who contribute most to it, and I'm wary of spreading resources globally in a way that might not be fair or effective. While I support environmental protection, I also value accountability and think solutions should focus on reducing emissions and supporting adaptation efforts locally rather than large-scale international compensation."
1454.0,3,ClimatePolicyID(6),"I would likely **slightly oppose** government policies that compensate people in other countries impacted by climate change. While I believe in environmental responsibility, I think the burden of climate change should primarily fall on those who have contributed most to it, especially developed nations. I also worry that such policies could be seen as a form of global handout, which might not be fair or efficient, and could divert resources from more immediate local needs. However, I do recognize that some level of support for adaptation in vulnerable regions might be necessary, which keeps my stance somewhat nuanced."
1454.0,4,ClimatePolicyID(6),"Based on my values and political history, I would likely **slightly oppose** government policies that compensate people in other countries impacted by climate change. I believe responsibility for climate change should be tied to those who contribute most to it, and I worry that large-scale compensation could be seen as a way to avoid addressing the root causes of the problem. However, I also recognize that some level of support for adaptation efforts in vulnerable regions might be necessary, which could make me slightly more open to targeted, conditional aid rather than broad compensation."
1454.0,5,ClimatePolicyID(6),"I would likely **slightly oppose** government policies that compensate people in other countries impacted by climate change. While I care about environmental protection, I believe responsibility for climate change should be tied to those who contribute most to it, and I worry that large-scale compensation could be seen as a way to avoid real action on emissions. However, I also recognize that some countries are more vulnerable, and I’m not entirely closed to the idea of supporting adaptation efforts, just not through direct compensation."
1723.0,0,ClimatePolicyID(1),"I slightly support policies that accelerate the roll-out of renewable energy production. While I value routine and the familiar, I recognize the importance of balancing human progress with environmental respect, and renewable energy aligns with that balance. I am not strongly driven by innovation or risk-taking, but I do believe in equal opportunity and the need for society to work toward sustainable solutions that benefit all."
1723.0,1,ClimatePolicyID(1),"I would slightly support accelerating the roll-out of renewable energy production, as I believe in balancing human progress with environmental respect. While I prefer routine and the familiar, I recognize that renewable energy can contribute to a more sustainable future and equal opportunities for all, aligning with my values of fairness and societal improvement. However, I remain cautious about rapid changes that might disrupt existing systems or require significant personal or community adjustments."
1723.0,2,ClimatePolicyID(1),"I would slightly support accelerating the roll-out of renewable energy production, as I believe in balancing human progress with environmental respect. While I prefer routine and the familiar, I recognize that renewable energy is a step toward a more sustainable future that benefits all, aligning with my belief in equal opportunity and societal responsibility. However, I remain cautious about rapid change and would want to ensure that the transition is managed carefully to avoid disruption to local communities and traditional ways of life."
1723.0,3,ClimatePolicyID(1),"I would slightly support policies that accelerate the roll-out of renewable energy production. While I prefer routine and the familiar, I recognize that balancing human progress with environmental respect is important, and renewable energy aligns with that balance. I also believe in equal opportunity and that society should work toward sustainable solutions that benefit all, even if I’m not strongly driven by innovation or risk-taking."
1723.0,4,ClimatePolicyID(1),"I would slightly support policies that accelerate the roll-out of renewable energy production. While I prefer routine and the familiar, I do recognize the need for society to work toward sustainable solutions that benefit all, and renewable energy aligns with that balance. However, I am not strongly driven by innovation or risk-taking, so I would be cautious about the pace and potential disruptions such projects might bring to local communities and landscapes."
1723.0,5,ClimatePolicyID(1),"I would slightly support accelerating the roll-out of renewable energy production, as I believe in balancing human progress with environmental respect. While I prefer routine and the familiar, I recognize that renewable energy is a step toward a more sustainable future that benefits all, aligning with my belief in equal opportunity and societal responsibility. However, I remain cautious about rapid change and would want to ensure that the transition is managed carefully to avoid disruption to local communities and traditional ways of life."
1723.0,0,ClimatePolicyID(2),"I slightly support banning new oil, gas, and coal licenses because I believe human progress should be balanced with environmental respect, even if I don’t prioritize environmental protection above all else. While I value routine and the familiar, I also recognize the long-term risks of fossil fuel dependence and support policies that encourage sustainable development without extreme disruption to existing industries."
1723.0,1,ClimatePolicyID(2),"I slightly support banning new oil, gas, and coal licenses because I believe human progress should be balanced with environmental respect, even if I don’t prioritize environmental protection above all else. While I value routine and the familiar, I also recognize the long-term risks of fossil fuel dependence and support policies that encourage sustainable development without extreme disruption to existing industries. However, I remain cautious about rapid change and prefer a gradual transition that doesn’t threaten jobs or economic stability, which aligns with my preference for stability and respect for established systems."
1723.0,2,ClimatePolicyID(2),"I slightly support banning new oil, gas, and coal licenses because I believe human progress should be balanced with environmental respect, even if I don’t prioritize environmental protection above all else. While I value routine and the familiar, I also recognize the long-term risks of fossil fuel dependence and support policies that encourage sustainable development without extreme disruption to existing industries. However, I remain cautious about abrupt changes that could affect local jobs and economic stability, which are important to me."
1723.0,3,ClimatePolicyID(2),"I slightly support banning new oil, gas, and coal licenses because I believe human progress should be balanced with environmental respect, even if I don’t prioritize environmental protection above all else. While I value routine and the familiar, I also recognize the long-term risks of fossil fuel dependence and support policies that encourage sustainable development without extreme disruption to existing industries. However, I remain cautious about rapid shifts that could impact local jobs or economic stability, which is something I care about given my income level and regional location."
1723.0,4,ClimatePolicyID(2),"I slightly support banning new oil, gas, and coal licenses because I believe human progress should be balanced with environmental respect, even if I don’t prioritize environmental protection above all else. While I value routine and the familiar, I also recognize the long-term risks of fossil fuel dependence and support policies that encourage sustainable development without extreme disruption to existing industries. However, I remain cautious about abrupt changes that could impact local jobs and economic stability, which are important to me given my income level and regional context."
1723.0,5,ClimatePolicyID(2),"I slightly support banning new oil, gas, and coal licenses because I believe human progress should be balanced with environmental respect, even if I don’t prioritize environmental protection above all else. While I value routine and the familiar, I also recognize the long-term risks of fossil fuel dependence and support policies that encourage sustainable development without extreme disruption to existing industries."
1723.0,0,ClimatePolicyID(3),"I slightly oppose the ban on selling new petrol cars by 2030 because I value routine and the familiar, and I am not strongly motivated by environmental concerns. While I believe in balancing human progress with environmental respect, I am more focused on practical, immediate needs and prefer gradual change over abrupt policy shifts that may disrupt personal and economic stability."
1723.0,1,ClimatePolicyID(3),"I would slightly oppose the ban on new petrol cars by 2030 because I value routine and the familiar, and I’m more concerned with practical, immediate needs than sweeping environmental changes. While I believe in balancing progress with environmental respect, I’m not strongly motivated by environmental concerns and prefer gradual shifts that don’t disrupt personal or economic stability. However, I do support policies that promote fairness and equal opportunity, so if the ban leads to more sustainable and equitable transportation options in the long run, I might be open to it, though not strongly."
1723.0,2,ClimatePolicyID(3),"I would slightly oppose the ban on new petrol cars by 2030. While I believe in balancing progress with environmental respect, I value routine and stability, and such a policy feels like an abrupt shift that could disrupt personal and economic life. However, I’m not entirely against it if it’s part of a gradual, well-planned transition that doesn’t force immediate change on individuals or businesses."
1723.0,3,ClimatePolicyID(3),"I would slightly oppose the ban on selling new petrol cars by 2030. While I believe in balancing progress with environmental respect, I value routine and stability, and such a policy feels like an abrupt shift that could disrupt personal and economic life. However, I’m not entirely against it if it’s part of a gradual, well-planned transition that doesn’t force immediate change on individuals or businesses."
1723.0,4,ClimatePolicyID(3),"I would slightly oppose the ban on selling new petrol cars by 2030. While I believe in balancing human progress with environmental respect, I value routine and the familiar, and I’m not strongly motivated by environmental concerns. I prefer gradual change over abrupt policy shifts that could disrupt personal and economic stability, especially since I’m not in a position to easily transition to electric vehicles."
1723.0,5,ClimatePolicyID(3),"I would slightly oppose the ban on selling new petrol cars by 2030. While I do believe in balancing progress with environmental respect, my preference for routine and stability makes me wary of abrupt changes that could disrupt personal and economic habits. I value practical, gradual shifts over sweeping policies that may impose unnecessary burdens on individuals and businesses without clear, immediate benefits."
1723.0,0,ClimatePolicyID(4),"I somewhat oppose government mandates for non-fossil fuel heating systems, rooftop solar panels, and high-level insulation in new housing developments. While I believe in environmental balance and equal opportunity, I prioritize practicality and cost-effectiveness over strict regulatory mandates. I value routine and familiar solutions, and I am concerned that such policies could increase housing costs and place an undue burden on homeowners, particularly in the short term."
1723.0,1,ClimatePolicyID(4),"I would likely **somewhat oppose** this policy. While I believe in environmental balance and equal opportunity, I prioritize practicality and cost-effectiveness, and I’m concerned that strict mandates could increase housing costs and place an undue burden on homeowners, especially in the short term. However, I do recognize the long-term benefits of reducing carbon emissions and promoting sustainability, so I might support it to a limited extent if it's implemented in a way that balances cost and environmental responsibility."
1723.0,2,ClimatePolicyID(4),"I would likely oppose these mandates because I value practicality and cost-effectiveness, and I'm concerned that strict regulations could increase housing costs and place an undue burden on homeowners, especially in the short term. While I believe in balancing environmental concerns with human progress, I prefer familiar, routine solutions over sweeping government mandates that might not be feasible for all. However, I might support some level of encouragement for energy efficiency if it's done in a way that doesn't overly restrict choice or add significant financial strain."
1723.0,3,ClimatePolicyID(4),"I would likely **somewhat oppose** this policy. While I believe in balancing human progress with environmental respect, I prioritize practicality and cost-effectiveness, and I’m concerned that strict mandates on non-fossil fuel heating, solar panels, and high insulation could increase housing costs and place an undue burden on homeowners, especially in the short term. I value routine and familiar solutions, and I’m skeptical of policies that seem overly idealistic or difficult to implement in practice."
1723.0,4,ClimatePolicyID(4),"I would likely **somewhat oppose** this policy. While I believe in balancing human progress with environmental respect, I prioritize practicality and cost-effectiveness, and I’m concerned that strict mandates on non-fossil fuel heating, solar panels, and high insulation could increase housing costs and place an undue burden on homeowners, especially in the short term. I value routine and familiar solutions, and I’m skeptical of policies that seem overly idealistic or difficult to implement in practice."
1723.0,5,ClimatePolicyID(4),"I would likely oppose these mandates because I value practicality and cost-effectiveness, and I'm concerned that strict regulations could increase housing costs and place an undue burden on homeowners, especially in the short term. While I believe in balancing human progress with environmental respect, I prefer routine and familiar solutions over ambitious, potentially disruptive changes that might not be feasible for all."
1723.0,0,ClimatePolicyID(5),"I slightly oppose a carbon tax with public distribution because I prioritize stability and routine, and I am not strongly motivated by environmental concerns. While I believe in fairness and equal opportunity, I am more focused on protecting my immediate circle and maintaining the familiar. I am skeptical of government interventions that redistribute resources, even if intended to benefit the public, as I value individual responsibility and traditional systems over large-scale policy changes."
1723.0,1,ClimatePolicyID(5),"I would likely **slightly oppose** a carbon tax with public distribution. While I believe in fairness and equal opportunity, I prioritize stability and routine, and I’m not strongly motivated by environmental concerns. I’m skeptical of government interventions that redistribute resources, even if intended to benefit the public, as I value individual responsibility and traditional systems over large-scale policy changes. However, I might be open to it if it’s framed as a way to fund public services or support local communities, which aligns with my belief in equal chances for all."
1723.0,2,ClimatePolicyID(5),"I would likely **slightly oppose** a carbon tax with public distribution. While I believe in fairness and equal opportunity, I prioritize stability and routine, and I’m not strongly motivated by environmental concerns. I’m skeptical of government interventions that redistribute resources, even if intended to benefit the public, as I value individual responsibility and traditional systems over large-scale policy changes. However, I might be open to it if it’s framed as a way to fund public services or support local communities, which aligns with my belief in equal chances for all."
1723.0,3,ClimatePolicyID(5),"I would slightly oppose a carbon tax with public distribution because I prioritize stability and routine, and I am not strongly motivated by environmental concerns. While I believe in fairness and equal opportunity, I am more focused on protecting my immediate circle and maintaining the familiar. I am skeptical of government interventions that redistribute resources, even if intended to benefit the public, as I value individual responsibility and traditional systems over large-scale policy changes."
1723.0,4,ClimatePolicyID(5),"I would likely **slightly oppose** a carbon tax with public distribution. While I believe in fairness and equal opportunity, I prioritize stability and routine, and I’m not strongly motivated by environmental concerns. I’m skeptical of government interventions that redistribute resources, even if intended to benefit the public, as I value individual responsibility and traditional systems over large-scale policy changes."
1723.0,5,ClimatePolicyID(5),"I would slightly oppose a carbon tax with public distribution because I prioritize stability and routine, and I am not strongly motivated by environmental concerns. While I believe in fairness and equal opportunity, I am more focused on protecting my immediate circle and maintaining the familiar. I am skeptical of government interventions that redistribute resources, even if intended to benefit the public, as I value individual responsibility and traditional systems over large-scale policy changes."
1723.0,0,ClimatePolicyID(6),"I somewhat oppose government policies that compensate people in other countries impacted by climate change because I prioritize practical and immediate concerns over broad global initiatives. While I believe in fairness and equal opportunity, I am more focused on addressing issues that directly affect my own community and value a balanced approach to environmental concerns that doesn't come at the expense of economic stability or national priorities."
1723.0,1,ClimatePolicyID(6),"I would likely **somewhat oppose** government policies that compensate people in other countries impacted by climate change. While I believe in fairness and equal opportunity, I prioritize practical and immediate concerns over broad global initiatives. I’m more focused on addressing issues that directly affect my own community and value a balanced approach to environmental concerns that doesn’t come at the expense of economic stability or national priorities."
1723.0,2,ClimatePolicyID(6),"I would likely **somewhat oppose** government policies that compensate people in other countries impacted by climate change. While I believe in fairness and equal opportunity, I prioritize practical and immediate concerns over broad global initiatives. I’m more focused on addressing issues that directly affect my own community and value a balanced approach to environmental concerns that doesn’t come at the expense of economic stability or national priorities."
1723.0,3,ClimatePolicyID(6),"I would likely **somewhat oppose** government policies that compensate people in other countries impacted by climate change. While I believe in fairness and equal opportunity, I prioritize practical and immediate concerns over broad global initiatives. I’m more focused on addressing issues that directly affect my own community and value a balanced approach to environmental concerns that doesn’t come at the expense of economic stability or national priorities."
1723.0,4,ClimatePolicyID(6),"I would likely **somewhat oppose** government policies that compensate people in other countries impacted by climate change. While I believe in fairness and equal opportunity, I prioritize practical and immediate concerns over broad global initiatives. I’m more focused on addressing issues that directly affect my own community and value a balanced approach to environmental concerns that doesn’t come at the expense of economic stability or national priorities."
1723.0,5,ClimatePolicyID(6),"I would likely **somewhat oppose** government policies that compensate people in other countries impacted by climate change. While I believe in fairness and equal opportunity, I prioritize practical and immediate concerns over broad global initiatives. I’m more focused on addressing issues that directly affect my own community and value a balanced approach to environmental concerns that doesn’t come at the expense of economic stability or national priorities. However, I do recognize the moral obligation to act justly, so I might support it to a limited extent if it’s framed as a long-term, fair solution rather than a handout."
806.0,0,ClimatePolicyID(1),"I **strongly support** government policies that accelerate the roll-out of renewable energy production, such as more offshore and onshore wind parks. As someone deeply committed to environmental protection and global harmony, I believe transitioning to clean, sustainable energy is essential for preserving the planet for future generations. I also value equal opportunity and social responsibility, and renewable energy projects align with these principles by creating jobs, reducing inequality, and ensuring a healthier, more just society."
806.0,1,ClimatePolicyID(1),"I **strongly support** government policies that accelerate the roll-out of renewable energy production, like more offshore and onshore wind parks. As someone deeply committed to environmental protection and social justice, I see renewable energy as essential for reducing carbon emissions and creating sustainable jobs, which aligns with my values of equality and collective responsibility. While I’m skeptical of government overreach, I believe this is a necessary investment in the future, and I’m willing to accept some short-term disruption for long-term environmental and social benefits."
806.0,2,ClimatePolicyID(1),"I **strongly support** government policies that accelerate the roll-out of renewable energy production, like more offshore and onshore wind parks. As someone deeply committed to environmental protection and social justice, I see renewable energy as essential for reducing our carbon footprint and ensuring a livable planet for future generations. It also aligns with my belief in equal opportunity, as it creates jobs and reduces reliance on fossil fuels that disproportionately harm poorer communities. While I’m not opposed to the idea in principle, I would want to ensure that local communities are fairly involved and that the transition is managed in a way that doesn’t disrupt livelihoods or ecosystems."
806.0,3,ClimatePolicyID(1),"I **strongly support** government policies that accelerate the roll-out of renewable energy production, like more offshore and onshore wind parks. As someone deeply committed to environmental protection and social justice, I see this as a necessary step to reduce our carbon footprint and create sustainable jobs. I also believe in equal opportunity, and renewable energy projects can help level the playing field by providing green jobs in my region, which aligns with my left-wing values and my belief in collective responsibility."
806.0,4,ClimatePolicyID(1),"I **strongly support** government policies that accelerate the roll-out of renewable energy production, like more offshore and onshore wind parks. As someone deeply committed to environmental protection and social justice, I see renewable energy as essential for reducing our carbon footprint and creating sustainable jobs, which aligns with my values of equality and collective responsibility. While I’m not opposed to progress, I do worry that rapid expansion could lead to local opposition or environmental risks if not managed thoughtfully, but I believe the long-term benefits far outweigh these concerns."
806.0,5,ClimatePolicyID(1),"I **strongly support** government policies that accelerate the roll-out of renewable energy production, like more offshore and onshore wind parks. As someone who values environmental protection, global harmony, and equal opportunity, I see renewable energy as a key part of building a sustainable, just society. It aligns with my belief that no single group or species should dominate the planet, and it offers jobs and cleaner air for all, which I believe is a fairer system than relying on fossil fuels."
806.0,0,ClimatePolicyID(2),"I **strongly support** government policies that ban new oil, gas, and coal licenses. As someone deeply committed to environmental protection and global harmony, I believe that continuing to exploit fossil fuels accelerates climate change and threatens the planet for future generations. I reject the idea that any group should dominate natural resources, and I support transitioning to renewable energy to ensure a more just and sustainable world for all lifeforms."
806.0,1,ClimatePolicyID(2),"I **strongly support** government policies that ban new oil, gas, and coal licenses. As someone deeply committed to environmental protection and global harmony, I believe that continuing to exploit fossil fuels accelerates climate change and threatens the planet for future generations. I reject the idea that any group should dominate natural resources, and I support transitioning to renewable energy to ensure a more just and sustainable world for all lifeforms."
806.0,2,ClimatePolicyID(2),"I **strongly support** government policies that ban new oil, gas, and coal licenses. As someone deeply committed to environmental protection and global harmony, I believe that continuing to exploit fossil fuels accelerates climate change and threatens the planet for future generations. I reject the idea that any group should dominate natural resources, and I support transitioning to renewable energy to ensure a more just and sustainable world for all lifeforms."
806.0,3,ClimatePolicyID(2),"I **strongly support** government policies that ban new oil, gas, and coal licenses. As someone deeply committed to environmental protection and social justice, I see continued fossil fuel extraction as a direct threat to both the planet and future generations. I reject the idea that economic growth should come at the cost of ecological destruction, and I believe that transitioning to renewable energy is not just necessary for the environment, but also for creating a more equitable society where all lifeforms are treated with respect and fairness."
806.0,4,ClimatePolicyID(2),"I **strongly support** government policies that ban new oil, gas, and coal licenses. As someone deeply committed to environmental protection and global harmony, I believe that continuing to exploit fossil fuels accelerates climate change and threatens the planet for future generations. I reject the idea that any group should dominate natural resources, and I support transitioning to renewable energy to ensure a more just and sustainable world for all lifeforms."
806.0,5,ClimatePolicyID(2),"I **strongly support** government policies that ban new oil, gas, and coal licenses. As someone deeply committed to environmental protection and global harmony, I believe that continuing to exploit fossil fuels accelerates climate change and threatens the planet for future generations. I reject the idea that any group should dominate natural resources, and I support transitioning to renewable energy to ensure a more just and sustainable world for all lifeforms."
806.0,0,ClimatePolicyID(3),"I **strongly support** government policies that ban the sale of new petrol cars by no later than 2030. As someone deeply committed to environmental protection and global harmony, I believe transitioning to electric vehicles is essential to reducing carbon emissions and combating climate change. This policy aligns with my values of equality and sustainability, ensuring a cleaner future for all life on Earth without placing undue burden on any particular group."
806.0,1,ClimatePolicyID(3),"I **strongly support** government policies that ban the sale of new petrol cars by no later than 2030. As someone deeply committed to environmental protection and global harmony, I believe transitioning to electric vehicles is essential to reducing carbon emissions and combating climate change. This policy aligns with my values of equality and sustainability, ensuring a cleaner future for all life on Earth without placing undue burden on any particular group."
806.0,2,ClimatePolicyID(3),"I **strongly support** government policies that ban the sale of new petrol cars by no later than 2030. As someone deeply committed to environmental protection and global harmony, I believe transitioning to electric vehicles is essential to reducing carbon emissions and combating climate change. This policy aligns with my values of equality and sustainability, ensuring a cleaner future for all life on Earth without placing undue burden on any particular group."
806.0,3,ClimatePolicyID(3),"I **strongly support** government policies that ban the sale of new petrol cars by no later than 2030. As someone deeply committed to environmental protection and global harmony, I believe transitioning to electric vehicles is essential to reducing carbon emissions and combating climate change. This policy aligns with my values of equality and sustainability, ensuring a cleaner future for all life on Earth without placing undue burden on any particular group."
806.0,4,ClimatePolicyID(3),"I **strongly support** government policies that ban the sale of new petrol cars by no later than 2030. As someone deeply committed to environmental protection and global harmony, I believe transitioning to electric vehicles is essential to reducing carbon emissions and combating climate change. This policy aligns with my values of equality and sustainability, ensuring a cleaner future for all life on Earth without placing undue burden on any particular group."
806.0,5,ClimatePolicyID(3),"I **strongly support** government policies that ban the sale of new petrol cars by no later than 2030. As someone deeply committed to environmental protection and global harmony, I believe transitioning to electric vehicles is essential to reducing carbon emissions and combating climate change. This policy aligns with my values of equality and sustainability, ensuring a cleaner future for all life on Earth without placing undue burden on any particular group."
806.0,0,ClimatePolicyID(4),"I **strongly support** government policies that mandate non-fossil fuel heating systems, rooftop solar panels, and high levels of insulation in all new housing developments. As someone deeply committed to environmental protection and global harmony, I believe that reducing our reliance on fossil fuels is essential for combating climate change and ensuring a sustainable future for all. These policies align with my values of equality and social responsibility, as they promote cleaner energy access for everyone while reducing the environmental impact of new housing."
806.0,1,ClimatePolicyID(4),"I **strongly support** government policies that mandate non-fossil fuel heating systems, rooftop solar panels, and high levels of insulation in all new housing developments. As someone deeply committed to environmental protection and social responsibility, I see these measures as essential for reducing carbon emissions and ensuring a sustainable future for all. While I understand the potential cost implications for developers and homeowners, I believe the long-term benefits—both environmental and social—far outweigh the short-term challenges, especially given my left-wing values and belief in equal opportunity."
806.0,2,ClimatePolicyID(4),"I **strongly support** government policies that mandate non-fossil fuel heating systems, rooftop solar panels, and high levels of insulation in all new housing developments. As someone deeply committed to environmental protection and social responsibility, I see these measures as essential for reducing carbon emissions and ensuring a sustainable future for all. They align with my values of equality and global harmony, and I believe they should be enforced to create a fairer, cleaner living environment for everyone, regardless of income or background."
806.0,3,ClimatePolicyID(4),"I **strongly support** government policies that mandate non-fossil fuel heating systems, rooftop solar panels, and high levels of insulation in all new housing developments. As someone deeply committed to environmental protection and social responsibility, I see these measures as essential for reducing carbon emissions and ensuring a sustainable future for all. They align with my values of equality and global harmony, promoting cleaner energy access while reducing the environmental impact of housing. While I understand the potential costs and challenges for developers, I believe the long-term benefits for both the planet and future generations far outweigh any short-term inconveniences."
806.0,4,ClimatePolicyID(4),"I **strongly support** government policies that mandate non-fossil fuel heating systems, rooftop solar panels, and high levels of insulation in all new housing developments. As someone deeply committed to environmental protection and social responsibility, I see these measures as essential for reducing carbon emissions and promoting sustainability. They align with my values of equality and long-term thinking, ensuring that future generations inherit a healthier planet. While I acknowledge the potential cost implications, I believe the long-term benefits for public health and the environment far outweigh any short-term financial concerns."
806.0,5,ClimatePolicyID(4),"I **strongly support** government policies that mandate non-fossil fuel heating systems, rooftop solar panels, and high levels of insulation in all new housing developments. As someone deeply committed to environmental protection and social equity, I see these measures as essential for reducing carbon emissions and ensuring a sustainable future for all, especially for future generations. While I understand the potential costs and challenges for developers, I believe the long-term benefits—both environmental and social—far outweigh any short-term economic concerns, and I trust that progressive policies like these align with the values of fairness and responsibility I hold dear."
806.0,0,ClimatePolicyID(5),"I **slightly oppose** government policies that impose a carbon tax on fossil fuel sales and distribute the tax revenues to the public. While I support environmental protection and believe in reducing carbon emissions, I am concerned that such a policy could disproportionately affect lower-income households, even if the revenue is redistributed. I value fairness and equal opportunity, and I worry that without careful design, a carbon fee and dividend system might inadvertently create new inequities or fail to address the root causes of environmental harm."
806.0,1,ClimatePolicyID(5),"Based on my values and experiences, I **slightly support** a carbon fee and dividend policy, but with reservations. I believe in environmental responsibility and think it's fair to hold polluters accountable, and I appreciate the idea of returning revenue to the public. However, I worry that without careful design, the tax could disproportionately burden lower-income households, even if the money is redistributed, and I’m skeptical of government interventions that might not address the deeper structural issues driving environmental harm."
806.0,2,ClimatePolicyID(5),"Based on my values and experiences, I **slightly support** a carbon fee and dividend policy, but with reservations. I believe in environmental responsibility and fairness, and I think taxing fossil fuels is a necessary step to combat climate change. However, I’m concerned that without careful design, the tax could place an unfair burden on lower-income households, even if the revenue is redistributed. I’d want to ensure the system is progressive and includes safeguards to protect vulnerable communities."
806.0,3,ClimatePolicyID(5),"Based on my values and experiences, I would **slightly support** a carbon fee and dividend policy. I believe in environmental protection and think it's necessary to address climate change, and I appreciate the idea of using revenue to directly benefit the public. However, I remain cautious about how such a policy might be implemented—particularly the risk that it could place an unfair burden on lower-income households, even with redistribution. I value fairness and equal opportunity, so I’d want to ensure the system is designed with safeguards to prevent new inequities."
806.0,4,ClimatePolicyID(5),"Based on my values and experiences, I would **slightly support** a carbon fee and dividend policy. I believe in environmental protection and fairness, and I think taxing carbon emissions is a necessary step to combat climate change. However, I remain cautious about how the revenue is distributed, as I worry it could unintentionally harm lower-income households if not carefully structured. I would prefer a system that ensures the benefits are equitably shared and that the policy genuinely reduces emissions without creating new social divides."
806.0,5,ClimatePolicyID(5),"Given my left-wing leanings and commitment to environmental justice, I would **moderately support** a carbon fee and dividend policy. I believe in holding polluters accountable and using market mechanisms to reduce emissions, and I think distributing the revenue directly to citizens is a fair way to offset the costs on households. However, I remain cautious about how such a policy is structured—particularly ensuring it doesn’t inadvertently harm lower-income groups or fail to address systemic environmental inequities."
806.0,0,ClimatePolicyID(6),"I slightly support government policies that compensate people in other countries impacted by climate change. As someone deeply committed to environmental justice and global harmony, I believe climate change is a global crisis that affects the most vulnerable disproportionately. While I recognize the complexity of international responsibility and the need for equitable solutions, I am cautious about the practical implementation of such policies, ensuring they are fair, transparent, and not used as a tool for political or economic leverage."
806.0,1,ClimatePolicyID(6),"I **slightly support** government policies that compensate people in other countries impacted by climate change. As someone deeply committed to environmental justice and global harmony, I believe climate change is a global crisis that affects the most vulnerable disproportionately. While I recognize the complexity of international responsibility and the need for equitable solutions, I am cautious about the practical implementation of such policies, ensuring they are fair, transparent, and not used as a tool for political or economic leverage."
806.0,2,ClimatePolicyID(6),"I **slightly support** government policies that compensate people in other countries impacted by climate change. As someone deeply committed to environmental justice and global harmony, I believe climate change is a global crisis that affects the most vulnerable disproportionately. While I recognize the complexity of international responsibility and the need for equitable solutions, I am cautious about the practical implementation of such policies, ensuring they are fair, transparent, and not used as a tool for political or economic leverage."
806.0,3,ClimatePolicyID(6),"I slightly support government policies that compensate people in other countries impacted by climate change. As someone deeply committed to environmental justice and global harmony, I believe climate change is a global crisis that affects the most vulnerable disproportionately. While I recognize the complexity of international responsibility and the need for equitable solutions, I am cautious about the practical implementation of such policies, ensuring they are fair, transparent, and not used as a tool for political or economic leverage."
806.0,4,ClimatePolicyID(6),"I slightly support government policies that compensate people in other countries impacted by climate change. As someone deeply committed to environmental justice and global harmony, I believe climate change is a global crisis that affects the most vulnerable disproportionately. While I recognize the complexity of international responsibility and the need for equitable solutions, I am cautious about the practical implementation of such policies, ensuring they are fair, transparent, and not used as a tool for political or economic leverage."
806.0,5,ClimatePolicyID(6),"I slightly support government policies that compensate people in other countries impacted by climate change. As someone deeply committed to environmental justice and global harmony, I believe climate change is a global crisis that affects the most vulnerable disproportionately. While I recognize the complexity of international responsibility and the need for equitable solutions, I am cautious about the practical implementation of such policies, ensuring they are fair, transparent, and not used as a tool for political or economic leverage."
1269.0,0,ClimatePolicyID(1),"I somewhat support government policies that accelerate the roll-out of renewable energy production, such as more offshore and onshore wind parks. While I value environmental balance and believe in sustainable progress, I do not see renewable energy as my primary life focus. I support it as part of a broader effort to reduce reliance on fossil fuels and mitigate climate impact, but I remain pragmatic and prefer policies that also consider economic and social factors."
1269.0,1,ClimatePolicyID(1),"I would support government policies that accelerate the roll-out of renewable energy production, like more offshore and onshore wind parks, because I believe in reducing reliance on fossil fuels and mitigating climate impact as part of a broader effort toward sustainable progress. However, I remain cautious about the pace and scale of such initiatives, as I value economic stability and practicality, and I want to ensure that the transition doesn't disproportionately affect local communities or disrupt existing industries."
1269.0,2,ClimatePolicyID(1),"I would support government policies that accelerate the roll-out of renewable energy production, like more wind parks, because I believe in reducing reliance on fossil fuels and mitigating climate impact as part of a broader effort toward sustainable progress. However, I also value economic and social stability, so I would want to ensure that such policies are implemented in a way that doesn't disrupt local communities or create unnecessary costs for households like mine."
1269.0,3,ClimatePolicyID(1),"I would support government policies that accelerate the roll-out of renewable energy production, like more offshore and onshore wind parks, because I believe in reducing reliance on fossil fuels and mitigating climate impact, which aligns with my general concern for environmental balance. However, I would also want to ensure that such policies are implemented in a way that considers economic and social factors, particularly in the South West where I live, to avoid unnecessary disruption to local communities and livelihoods."
1269.0,4,ClimatePolicyID(1),"I would support government policies that accelerate the roll-out of renewable energy production, like more wind parks, because I believe in reducing reliance on fossil fuels and mitigating climate impact as part of a broader effort toward sustainable progress. However, I remain cautious about overly rapid transitions that could disrupt local economies or communities, especially in the South West where I live, and I prefer policies that balance environmental goals with economic and social considerations."
1269.0,5,ClimatePolicyID(1),"I would support government policies that accelerate the roll-out of renewable energy production, like more wind parks, because I believe in reducing reliance on fossil fuels and mitigating climate impact as part of a broader effort for sustainable progress. However, I also value economic and social stability, so I would want to ensure that the transition is managed in a way that doesn’t disrupt local communities or create unnecessary job losses. Given my left-wing views and support for Labour, I align with the idea that the state should lead in driving positive change, even if it’s not my primary focus."
1269.0,0,ClimatePolicyID(2),"I hold a neutral position on banning new oil, gas, and coal licenses because I value both environmental responsibility and economic stability. While I recognize the importance of reducing fossil fuel dependence to protect the environment, I also believe that transitioning away from these energy sources must be managed carefully to avoid negative impacts on jobs and local economies, especially in regions reliant on these industries."
1269.0,1,ClimatePolicyID(2),"I would likely support a ban on new oil, gas, and coal licenses because I believe in reducing environmental harm and aligning with long-term sustainability, which I see as essential for future generations. However, I also worry about the economic impact on communities in the South West that rely on these industries, and I value a balanced approach that considers both environmental and economic stability. Given my left-wing leanings and support for Labour, I’m more inclined to prioritize environmental responsibility, but I remain cautious about abrupt transitions that could disrupt livelihoods."
1269.0,2,ClimatePolicyID(2),"I would likely support a ban on new oil, gas, and coal licenses because I believe in the long-term importance of environmental protection and reducing our reliance on fossil fuels, especially given my left-wing values and concern for future generations. However, I would also be cautious about the economic impact on communities in the South West that may rely on these industries, and I would want to ensure a fair transition that supports workers and local economies."
1269.0,3,ClimatePolicyID(2),"I would likely support a ban on new oil, gas, and coal licenses because I believe in reducing environmental harm and aligning with long-term sustainability, which I see as essential for future generations. However, I also worry about the economic impact on communities in the South West that rely on these industries, and I value a balanced approach that doesn’t leave workers and local economies behind. Given my left-wing views and support for Labour, I lean towards supporting the ban but would want to ensure a just transition for affected regions."
1269.0,4,ClimatePolicyID(2),"I would likely support a ban on new oil, gas, and coal licenses, as I believe in balancing human progress with environmental respect. Given my left-wing leanings and concern for equal opportunity, I see fossil fuel expansion as a threat to long-term sustainability and social equity, especially for future generations. However, I also understand the economic risks for communities in the South West that rely on these industries, which makes a gradual, managed transition more appealing than an abrupt ban."
1269.0,5,ClimatePolicyID(2),"I would support banning new oil, gas, and coal licenses because I believe in balancing human progress with environmental respect, and I reject the idea that any group should dominate others—especially not through resource extraction that harms the planet. However, I might oppose it if I felt it would disproportionately hurt local economies or jobs, particularly in the South West where some communities rely on these industries. My left-wing views and concern for equality lead me toward environmental action, but I also value economic stability and would want a managed transition."
1269.0,0,ClimatePolicyID(3),"I **strongly support** a government policy that bans the sale of new petrol cars by no later than 2030. As someone who values a balance between human progress and environmental respect, I recognize the urgent need to reduce carbon emissions and combat climate change. While I am not an environmental activist, I believe that collective action is necessary to ensure a sustainable future for all, and transitioning to electric vehicles is a pragmatic step toward that goal."
1269.0,1,ClimatePolicyID(3),"I **strongly support** a government policy that bans the sale of new petrol cars by no later than 2030. As someone who values a balance between human progress and environmental respect, I recognize the urgent need to reduce carbon emissions and combat climate change. While I am not an environmental activist, I believe that collective action is necessary to ensure a sustainable future for all, and transitioning to electric vehicles is a pragmatic step toward that goal."
1269.0,2,ClimatePolicyID(3),"I **strongly support** a government policy that bans the sale of new petrol cars by no later than 2030. As a left-leaning voter who values equality and environmental responsibility, I see this as a necessary step to reduce carbon emissions and create a more sustainable future for all. While I’m not an environmental activist, I believe that collective action is essential, and transitioning to electric vehicles is a pragmatic and fair way to move society forward without disproportionately burdening lower-income groups."
1269.0,3,ClimatePolicyID(3),"I **strongly support** a government policy that bans the sale of new petrol cars by no later than 2030. As a left-leaning individual who values equality and environmental responsibility, I see this as a necessary step to reduce carbon emissions and address climate change, which disproportionately affects vulnerable communities. While I’m not an environmental activist, I believe in pragmatic, collective action to ensure a sustainable future for all, and transitioning to electric vehicles aligns with that goal."
1269.0,4,ClimatePolicyID(3),"I **strongly support** a government policy that bans the sale of new petrol cars by no later than 2030. As a left-wing voter who values equality and environmental responsibility, I see this as a necessary step to reduce carbon emissions and ensure a fairer, more sustainable future for all, especially for younger generations. While I’m not an activist, I believe in pragmatic, collective action to address climate change, and transitioning to electric vehicles aligns with both my values and the broader public interest."
1269.0,5,ClimatePolicyID(3),"I **strongly support** a government policy that bans the sale of new petrol cars by no later than 2030. As someone who values a balance between human progress and environmental respect, I recognize the urgent need to reduce carbon emissions and combat climate change. While I am not an environmental activist, I believe that collective action is necessary to ensure a sustainable future for all, and transitioning to electric vehicles is a pragmatic step toward that goal."
1269.0,0,ClimatePolicyID(4),"I **strongly support** government policies that mandate non-fossil fuel heating systems, rooftop solar panels, and high levels of insulation in all new housing developments. As someone who values environmental respect and believes in balancing human progress with sustainability, I see these measures as essential for reducing carbon emissions and promoting long-term ecological responsibility. My commitment to equal opportunity and social responsibility also aligns with the idea that future generations should inherit a healthier, more sustainable planet."
1269.0,1,ClimatePolicyID(4),"I **strongly support** this policy. As a parent and someone who values long-term sustainability, I believe that ensuring new housing is built to high environmental standards is not just responsible, but necessary for future generations. My left-wing values and commitment to equal opportunity align with the idea that we should all have access to clean, affordable energy, and that the government has a role in setting the baseline for sustainable living."
1269.0,2,ClimatePolicyID(4),"I **strongly support** government policies that mandate non-fossil fuel heating systems, rooftop solar panels, and high levels of insulation in all new housing developments. As a parent and someone who values environmental responsibility, I believe these measures are essential for reducing carbon emissions and ensuring future generations inherit a healthier planet. While I recognize the potential costs and challenges of implementation, my left-wing values and commitment to social and environmental justice align more closely with the long-term benefits of sustainable housing."
1269.0,3,ClimatePolicyID(4),"I **strongly support** government policies that mandate non-fossil fuel heating systems, rooftop solar panels, and high levels of insulation in all new housing developments. As a parent and someone who values environmental responsibility, I believe it’s essential to ensure future generations inherit a healthier planet. While I understand the upfront costs and potential challenges for developers, I see these measures as a necessary investment in long-term sustainability and social equity, aligning with my left-wing values and commitment to equal opportunity."
1269.0,4,ClimatePolicyID(4),"I **strongly support** government policies that mandate non-fossil fuel heating systems, rooftop solar panels, and high levels of insulation in all new housing developments. As a parent and someone who values environmental responsibility, I believe these measures are essential for reducing carbon emissions and ensuring future generations inherit a healthier planet. While I appreciate the upfront costs, I see this as a long-term investment in sustainability and social equity, aligning with my left-wing values and commitment to equal opportunity."
1269.0,5,ClimatePolicyID(4),"I **strongly support** government policies that mandate non-fossil fuel heating systems, rooftop solar panels, and high levels of insulation in all new housing developments. As a parent and someone who values environmental responsibility, I believe these measures are essential for reducing carbon emissions and ensuring future generations inherit a healthier planet. While I appreciate personal success and practicality, I also recognize that long-term sustainability and social equity require proactive, forward-thinking policies that align with my left-wing values and commitment to balancing progress with ecological respect."
1269.0,0,ClimatePolicyID(5),"I strongly support government policies that impose a carbon tax on fossil fuel sales and distribute the revenue to the public. As someone who values environmental balance and believes in equal opportunity, a carbon fee and dividend aligns with my commitment to reducing harm to the planet while ensuring that the economic burden is shared fairly. This approach respects both environmental responsibility and social equity, which are core to my worldview."
1269.0,1,ClimatePolicyID(5),"I would strongly support a carbon fee and dividend policy. As someone who values environmental balance and believes in equal opportunity, I see this as a fair way to address climate change while ensuring that the economic burden is shared equitably. Distributing the revenue directly to the public aligns with my belief in social equity and provides a direct benefit to people, which I think is more just than letting corporations or the government keep the money.

However, I might be cautious about the implementation, especially if it leads to higher energy costs for low-income households without proper safeguards. Given my income level, I can afford some increase in energy prices, but I also understand that not everyone has the same financial flexibility. I’d want to see the policy designed to protect vulnerable groups."
1269.0,2,ClimatePolicyID(5),"I would strongly support a carbon fee and dividend policy. As someone who values environmental balance and believes in equal opportunity, I see this as a fair way to address climate change while ensuring the economic burden isn't unfairly placed on lower-income groups. Distributing the revenue directly to the public aligns with my belief in social equity and gives citizens a stake in the transition to a greener economy."
1269.0,3,ClimatePolicyID(5),"I would strongly support a carbon fee and dividend policy. As someone who values environmental balance and equal opportunity, I see this as a fair way to address climate change while ensuring the economic impact is shared broadly. I believe distributing the revenue directly to the public aligns with my commitment to social equity and helps mitigate the regressive effects of a carbon tax.

However, I might be cautious about the implementation details—such as how the revenue is distributed or whether it could be used to fund other progressive policies. I also worry that a carbon tax could disproportionately affect lower-income households if not structured carefully, which could make me more hesitant to fully endorse it without safeguards."
1269.0,4,ClimatePolicyID(5),"I would strongly support a carbon fee and dividend policy. As someone who values environmental balance and believes in equal opportunity, I see this as a fair way to address climate change while ensuring the economic burden isn’t unfairly placed on lower-income groups. Distributing the revenue directly to the public aligns with my belief in equalizing conditions and reducing harm to the planet. 

That said, I might be cautious about the implementation details—like how the revenue is distributed or whether it could be used to fund other progressive policies. I also worry that a carbon tax could disproportionately affect certain industries or regions, which might create economic instability, especially in areas reliant on fossil fuels. But overall, my core values lean me toward supporting this policy."
1269.0,5,ClimatePolicyID(5),"I would strongly support a carbon fee and dividend policy. As someone who values environmental balance and equal opportunity, I see this as a fair way to address climate change while ensuring that the economic burden is shared equitably. Distributing the revenue directly to the public aligns with my belief in social equity and provides a tangible benefit to households, which I think is important given my income level and as a parent. 

However, I might be cautious about the implementation details—like how the revenue is distributed or whether it could be used to fund other progressive policies. I also want to ensure that the tax doesn’t disproportionately affect lower-income households or small businesses, which I care about as a member of the community."
1269.0,0,ClimatePolicyID(6),"I somewhat support government policies that compensate people in other countries impacted by climate change. While I believe in global equality and the importance of balancing human progress with environmental respect, I also recognize that climate change disproportionately affects vulnerable populations in developing nations. I support fair compensation as a matter of justice and shared responsibility, but I remain cautious about how such policies are implemented to ensure they are effective, equitable, and not used as a tool for political or economic leverage."
1269.0,1,ClimatePolicyID(6),"I would support government policies that compensate people in other countries impacted by climate change, as I believe in global equality and the idea that developed nations, which have historically contributed more to climate change, should help those most affected. However, I remain cautious about how such policies are implemented, ensuring they are fair, effective, and not used as a tool for political or economic leverage. My left-wing views and concern for justice align with supporting compensation, but my practical mindset makes me wary of poorly designed initiatives."
1269.0,2,ClimatePolicyID(6),"I support government policies that compensate people in other countries impacted by climate change because I believe in global equality and the idea that wealthy nations, which have contributed more to climate change, have a responsibility to help those most affected. However, I remain cautious about how such policies are implemented, as I want to ensure they are fair, effective, and not used as a political tool. My left-wing values and concern for justice drive me toward support, but my skepticism of government overreach and desire for practical solutions temper that support."
1269.0,3,ClimatePolicyID(6),"I support government policies that compensate people in other countries impacted by climate change, as I believe in global equality and shared responsibility for environmental harm. However, I remain cautious about how such policies are implemented, ensuring they are fair, effective, and not exploited for political or economic gain. My left-wing values and concern for justice drive me toward support, but my skepticism of overreach and desire for practical solutions temper that support."
1269.0,4,ClimatePolicyID(6),"I would support government policies that compensate people in other countries impacted by climate change, as I believe in global equality and shared responsibility for environmental harm. However, I would be cautious about how such policies are implemented, ensuring they are fair, effective, and not used as a tool for political or economic leverage. My left-wing values and concern for justice drive support, but my skepticism of overreach and desire for practical outcomes temper that support."
1269.0,5,ClimatePolicyID(6),"I support government policies that compensate people in other countries impacted by climate change because I believe in global equality and the idea that developed nations, which have historically contributed more to climate change, have a moral responsibility to help those most affected. However, I remain cautious about how such policies are implemented, fearing they could be misused for political or economic leverage rather than genuine aid. My left-wing values and support for Labour align with this stance, but I also value practicality and fairness in policy design."
381.0,0,ClimatePolicyID(1),"I slightly support accelerating the roll-out of renewable energy production because I believe in protecting the environment and ensuring a sustainable future for all. While I value tradition and stability, I also recognize the importance of moving towards cleaner energy sources to reduce harm to the planet. I am concerned about the potential disruption to local communities and landscapes, but I see the long-term benefits of renewable energy in preserving natural resources for future generations."
381.0,1,ClimatePolicyID(1),"I would slightly support accelerating the roll-out of renewable energy production because I care about the environment and want to ensure a sustainable future for my grandchildren. However, I am concerned about the visual impact on the landscape and the potential disruption to local communities, which I value. I believe in progress but also in preserving the places I know and care about."
381.0,2,ClimatePolicyID(1),"I would slightly support accelerating the roll-out of renewable energy production because I care about the environment and want to ensure a sustainable future for my grandchildren. However, I am concerned about the visual impact on the countryside and the potential disruption to local communities, which I value. I believe in progress but also in preserving the places I love, so I would prefer a balanced approach that doesn't sacrifice too much of our natural landscape for the sake of green energy."
381.0,3,ClimatePolicyID(1),"I would slightly support accelerating the roll-out of renewable energy production because I care about the environment and want to ensure a sustainable future for my grandchildren. However, I am concerned about the visual impact on the countryside and the potential disruption to local communities, which I value. I believe in progress but also in preserving the places I know and the way of life I've experienced."
381.0,4,ClimatePolicyID(1),"I would slightly support accelerating the roll-out of renewable energy production because I care about the environment and want to ensure a sustainable future for my grandchildren. However, I am concerned about the visual and noise impact on local landscapes and communities in the East Midlands, which I value and have lived in for many years. I believe in progress but also in balancing it with respect for tradition and the people who call this area home."
381.0,5,ClimatePolicyID(1),"I would slightly support accelerating the roll-out of renewable energy production because I care about the environment and want to leave a sustainable planet for future generations. However, I am concerned about the potential disruption to local communities and landscapes, especially in the East Midlands where I live, and I value stability and tradition. I believe in clean energy but also want to ensure that progress doesn't come at the cost of local livelihoods or the character of our countryside."
381.0,0,ClimatePolicyID(2),"I slightly oppose the ban on new oil, gas, and coal licenses because I believe in a balanced approach that considers both environmental protection and economic stability. While I deeply care for the environment and support sustainable practices, I also value job security and the livelihoods of communities that depend on these industries. I think a gradual transition, rather than an abrupt ban, allows for more thoughtful planning and support for those affected."
381.0,1,ClimatePolicyID(2),"I would slightly oppose a complete ban on new oil, gas, and coal licenses because I value economic stability and job security, especially for communities in the East Midlands that rely on these industries. However, I do support a gradual shift towards cleaner energy sources, as I care deeply about the environment and believe in long-term sustainability. I think a balanced approach that includes support for workers and communities during the transition would be more fair and practical."
381.0,2,ClimatePolicyID(2),"I would slightly oppose a complete ban on new oil, gas, and coal licenses because I value economic stability and job security, especially for communities in the East Midlands that rely on these industries. However, I do support a gradual shift toward cleaner energy and would be open to policies that encourage sustainable development while ensuring a fair transition for workers and local economies."
381.0,3,ClimatePolicyID(2),"I would slightly oppose a complete ban on new oil, gas, and coal licenses because I value economic stability and job security, especially for communities in the East Midlands that rely on these industries. However, I do support a gradual shift toward cleaner energy sources, as I care deeply about the environment and believe in long-term sustainability. I think a balanced approach that includes support for workers and communities during the transition would be more fair and practical."
381.0,4,ClimatePolicyID(2),"I would slightly oppose a ban on new oil, gas, and coal licenses because I value economic stability and job security, especially for communities in the East Midlands that rely on these industries. However, I also care about the environment and believe in a gradual transition to cleaner energy, so I might support some restrictions on new licenses as part of a long-term plan that includes support for affected workers."
381.0,5,ClimatePolicyID(2),"I would slightly oppose a complete ban on new oil, gas, and coal licenses because I value economic stability and job security, especially for communities in the East Midlands that rely on these industries. However, I do support a gradual phase-out with investment in renewable energy and retraining programs, as I believe in balancing environmental responsibility with supporting those who depend on these jobs."
381.0,0,ClimatePolicyID(3),"I am neutral on the policy to ban the sale of new petrol cars by 2030. While I support environmental protection and reducing carbon emissions, I also value practicality and gradual change. I believe transitioning away from fossil fuels is important, but I think the timeline and implementation need careful consideration to ensure it is fair and feasible for all drivers, especially those with limited financial resources."
381.0,1,ClimatePolicyID(3),"I would likely support the ban on new petrol cars by 2030 because I care about the environment and believe we need to reduce carbon emissions for future generations. However, I also worry about the practical impact on older drivers and those who rely on cars for work or transport, especially with the cost of electric vehicles being a concern for someone with a modest income."
381.0,2,ClimatePolicyID(3),"I would be somewhat supportive of banning new petrol cars by 2030 because I care about the environment and believe we need to reduce carbon emissions. However, I also worry about the impact on older drivers and those who rely on cars for work or transport, especially with my own experience as a parent and someone who values practicality and gradual change."
381.0,3,ClimatePolicyID(3),"I would likely support the ban on new petrol cars by 2030 because I care about the environment and believe we need to reduce carbon emissions for future generations. However, I also worry about the impact on older drivers and those who rely on cars for work, especially with my own experience as a parent and someone who values practicality and gradual change."
381.0,4,ClimatePolicyID(3),"I would likely support the ban on new petrol cars by 2030 because I care about the environment and believe in reducing carbon emissions for the benefit of future generations. However, I also worry about the impact on older drivers, especially those on fixed incomes, and whether the government has the infrastructure in place to support a smooth transition. Given my right-wing leanings and respect for practicality, I’d want to see clear support for public transport and alternatives for those who can’t afford electric vehicles."
381.0,5,ClimatePolicyID(3),"I would likely support the ban on new petrol cars by 2030 because I care about the environment and believe we need to reduce carbon emissions for future generations. However, I also worry about the impact on older drivers and those who rely on cars for work or transport, especially with my own experience as a parent and someone who values practicality and fairness. I think the government should provide support for alternatives like electric vehicles and public transport to make the transition smoother and more inclusive."
381.0,0,ClimatePolicyID(4),"I slightly support this policy because I believe in protecting the environment and ensuring a sustainable future for all, which aligns with my values of caring for nature and promoting global harmony. While I appreciate the importance of reducing carbon emissions, I also value practicality and cost-effectiveness, and I recognize that implementing such mandates could pose challenges for some communities, especially in terms of affordability and infrastructure."
381.0,1,ClimatePolicyID(4),"I would slightly support this policy because I care about the environment and believe in a sustainable future, which aligns with my values of protecting nature and promoting global harmony. However, I also value practicality and cost-effectiveness, and I worry that such mandates could be expensive for homeowners and difficult to implement in older areas, which might affect affordability and community well-being."
381.0,2,ClimatePolicyID(4),"I would slightly support this policy because I believe in protecting the environment and ensuring a sustainable future for all, which aligns with my values of caring for nature and promoting global harmony. However, I also value practicality and cost-effectiveness, and I worry that such mandates could place a financial burden on some communities, especially those with limited resources, which could create inequality rather than reduce it."
381.0,3,ClimatePolicyID(4),"I would slightly support this policy because I believe in protecting the environment and ensuring a sustainable future for all, which aligns with my values of caring for nature and promoting global harmony. However, I also value practicality and cost-effectiveness, and I worry that such mandates could be expensive and difficult for some communities, especially those with lower incomes, to implement."
381.0,4,ClimatePolicyID(4),"I would slightly support this policy because I believe in protecting the environment and ensuring a sustainable future for all, which aligns with my values of caring for nature and promoting global harmony. However, I also value practicality and cost-effectiveness, and I recognize that implementing such mandates could pose challenges for some communities, especially in terms of affordability and infrastructure."
381.0,5,ClimatePolicyID(4),"I would slightly support this policy because I care about the environment and believe in a sustainable future, which aligns with my values of protecting nature and promoting global harmony. However, I also value practicality and cost-effectiveness, and I worry that such mandates could be too expensive for some communities, especially in the East Midlands where housing is already a challenge."
381.0,0,ClimatePolicyID(5),"I slightly support the policy of imposing a carbon tax on fossil fuel sales and distributing the revenue to the public. As someone who deeply cares for the environment and believes in equal opportunities, I see this as a fair way to address climate change while ensuring that the financial burden is shared equitably. I appreciate that it puts a price on pollution and encourages cleaner energy use, while also providing direct support to the public, which aligns with my values of helping others and promoting global harmony."
381.0,1,ClimatePolicyID(5),"As someone who cares deeply about the environment and believes in fairness, I would slightly support a carbon tax with dividend payments. I see it as a way to address climate change while ensuring the public benefits, which aligns with my values of helping others and promoting equal opportunities. However, I might be concerned about the potential economic impact on lower-income households and the complexity of implementing such a policy, which could make me more cautious than fully supportive."
381.0,2,ClimatePolicyID(5),"As someone who cares deeply about the environment and believes in fairness, I would slightly support a carbon tax with dividend payments. I see it as a way to address climate change while ensuring the public benefits, which aligns with my values of helping others and promoting equal opportunities. However, I might be cautious about the potential for increased costs on everyday essentials, which could be a concern for someone with a modest income like mine."
381.0,3,ClimatePolicyID(5),"As someone who cares deeply about the environment and believes in equal opportunities, I would slightly support a carbon tax with dividend payments. I see it as a fair way to address climate change while ensuring the financial burden isn't unfairly placed on the public. However, I might be cautious about the implementation, as I value stability and am wary of sudden changes that could disrupt everyday life, especially for someone with a moderate income like mine."
381.0,4,ClimatePolicyID(5),"As someone who cares deeply about the environment and believes in fairness, I would slightly support a carbon tax with dividend payments. I see it as a way to address climate change while ensuring the financial burden isn't unfairly placed on the public. However, I'm also cautious about government intervention and prefer stable, predictable policies, which makes me wary of new taxes even if they're meant to help."
381.0,5,ClimatePolicyID(5),"As someone who cares deeply about the environment and believes in equal opportunities, I slightly support a carbon tax with dividend because it addresses climate change fairly and helps people directly, which aligns with my values of helping others and promoting global harmony. However, I'm cautious about government intervention and prefer stable, predictable policies, so I'm not fully on board—especially since I've historically supported Conservative policies that emphasize responsibility and fiscal prudence."
381.0,0,ClimatePolicyID(6),"I hold a neutral position on compensating people in other countries impacted by climate change because I believe in global harmony and equal opportunities for all, but I also value practicality and fairness. While I support the idea of helping those most affected, I am cautious about how such compensation is structured to ensure it is both effective and equitable without creating unintended consequences or dependency."
381.0,1,ClimatePolicyID(6),"I would likely support compensating people in other countries impacted by climate change, as I believe in global harmony and equal opportunities for all. However, I would be cautious about how such compensation is structured, ensuring it is fair, effective, and doesn't create dependency or unintended consequences. My right-wing leanings and practical nature make me wary of overly complex or bureaucratic solutions, but my commitment to helping those in need and treating all life with respect would push me towards supporting this policy in a measured way."
381.0,2,ClimatePolicyID(6),"I would support compensating people in other countries impacted by climate change to some extent, as I believe in global harmony and helping those in need. However, I am cautious about how such compensation is structured, fearing it might create dependency or be misused. My right-wing leanings and respect for practicality make me wary of overly complex or potentially unfair systems, but my commitment to environmental justice and equal opportunity pushes me towards supporting aid where it is clearly needed and effectively delivered."
381.0,3,ClimatePolicyID(6),"I would likely support government policies that compensate people in other countries impacted by climate change, as I believe in global harmony and equal opportunities for all. However, I would also be cautious about how such compensation is structured, ensuring it is fair, effective, and doesn't create dependency or unintended consequences. My right-wing leanings and respect for practicality make me wary of overly complex or bureaucratic solutions, but my commitment to helping those in need, especially when it comes to environmental justice, would push me towards support."
381.0,4,ClimatePolicyID(6),"I would likely support government policies that compensate people in other countries impacted by climate change, as I believe in global harmony and equal opportunities for all. However, I would also be cautious about how such compensation is structured, ensuring it is fair, effective, and doesn't create dependency or unintended consequences. My right-wing leanings and practical nature make me wary of overly complex or bureaucratic solutions, but my commitment to helping those in need, especially when it comes to environmental justice, would push me towards support."
381.0,5,ClimatePolicyID(6),"I would likely support compensating people in other countries impacted by climate change, as I believe in global harmony and equal opportunities for all. However, I would be cautious about how such compensation is structured, ensuring it's fair, effective, and doesn't create dependency or unintended consequences. My right-wing leanings and respect for practicality make me wary of overly complex or potentially exploitative systems, but my commitment to helping those in need and treating all life equally pushes me toward support."
1339.0,0,ClimatePolicyID(1),"I hold a neutral position on accelerating the roll-out of renewable energy production because, while I deeply care for the environment and believe in sustainable practices, I am also concerned about the potential negative impacts on local communities and landscapes. Given my values of equality and respect for all life, I support renewable energy as a long-term goal but believe it should be implemented thoughtfully, with consideration for both ecological and social impacts."
1339.0,1,ClimatePolicyID(1),"I would support accelerating the roll-out of renewable energy production because I deeply care for the environment and believe in sustainable practices that protect all life on Earth. However, I would also be cautious about the potential disruption to local communities and natural landscapes, which aligns with my values of equality and respect for all life. Given my centre-of-the-spectrum stance and history of supporting EU cooperation, I would prefer a balanced approach that prioritizes both environmental goals and social considerations."
1339.0,2,ClimatePolicyID(1),"I would support accelerating the roll-out of renewable energy production because I deeply care for the environment and believe in long-term sustainability. However, I would also be cautious about the potential disruption to local communities and landscapes, which aligns with my values of equality and respect for all life. Given my moderate curiosity and preference for balanced approaches, I would want to ensure that the transition is fair, inclusive, and done with consideration for both ecological and social impacts."
1339.0,3,ClimatePolicyID(1),"I would support accelerating the roll-out of renewable energy production because it aligns with my strong environmental values and belief in sustainable practices for future generations. However, I would also be cautious about the potential disruption to local communities and landscapes, which could conflict with my commitment to equality and respect for all life. Given my centre-of-the-spectrum views and history of supporting EU cooperation, I believe renewable energy is essential but must be implemented with careful consideration of social and ecological impacts."
1339.0,4,ClimatePolicyID(1),"I would support accelerating the roll-out of renewable energy production because it aligns with my strong environmental values and belief in sustainable practices for future generations. However, I would also be cautious about how it's implemented, ensuring that local communities and landscapes are not unduly disrupted, which is important given my commitment to equality and respect for all life."
1339.0,5,ClimatePolicyID(1),"I would support accelerating the roll-out of renewable energy production because I deeply care for the environment and believe in long-term sustainability. However, I would also be cautious about how it's implemented, ensuring that local communities and landscapes are not negatively impacted, which aligns with my values of equality and respect for all life."
1339.0,0,ClimatePolicyID(2),"I hold a neutral position on banning new oil, gas, and coal licenses because I value environmental protection and sustainability, but I also recognize the economic and energy security implications of such a ban. While I support transitioning to renewable energy and reducing fossil fuel dependence, I believe the decision should involve careful consideration of both environmental and economic impacts, ensuring a balanced approach that supports both ecological health and societal well-being."
1339.0,1,ClimatePolicyID(2),"I would support a ban on new oil, gas, and coal licenses because I strongly believe in protecting the environment and ensuring a sustainable future for all life on Earth. I see fossil fuel extraction as inherently harmful and incompatible with long-term ecological balance, and I trust that transitioning to renewable energy is both necessary and feasible. However, I also recognize the economic and energy security concerns, especially for regions like the North West that may rely on these industries, which makes me cautious about the pace and scale of such a ban."
1339.0,2,ClimatePolicyID(2),"I would likely support a ban on new oil, gas, and coal licenses because I strongly believe in environmental protection and the need to transition to sustainable energy sources. However, I would also be cautious about the economic impact on workers and communities reliant on these industries, and might advocate for a gradual phase-out with support for retraining and alternative employment."
1339.0,3,ClimatePolicyID(2),"I would support banning new oil, gas, and coal licenses because I strongly believe in protecting the environment and ensuring a sustainable future for all life on Earth. I am deeply committed to the idea that no single species, including humans, should dominate the planet, and I think transitioning away from fossil fuels is essential for long-term ecological balance. However, I also recognize the economic implications for communities reliant on these industries, which makes me cautious about how such a ban is implemented—ensuring that workers and regions are not left behind."
1339.0,4,ClimatePolicyID(2),"I would support banning new oil, gas, and coal licenses because I strongly believe in protecting the environment and ensuring that no single species, including humans, dominates the planet. However, I would also be cautious about the economic impact on workers and communities that rely on these industries, and I would want to ensure a fair transition that supports both ecological health and societal well-being."
1339.0,5,ClimatePolicyID(2),"I would support a ban on new oil, gas, and coal licenses because I strongly believe in environmental protection and the long-term health of the planet, and I see fossil fuel extraction as a major contributor to climate change and ecological harm. However, I would also be cautious about the economic impact on communities and workers in those industries, and I might worry about the transition being too abrupt or poorly managed, especially in regions like the North West where such industries may have historical significance."
1339.0,0,ClimatePolicyID(3),"I hold a neutral position on the ban of new petrol car sales by 2030. While I strongly support environmental protection and reducing carbon emissions, I also value personal choice and gradual change. I believe transitioning away from fossil fuels is necessary for the planet’s future, but I am cautious about the pace and potential unintended consequences of such a sweeping policy, especially on individuals and local economies."
1339.0,1,ClimatePolicyID(3),"I would support the ban on new petrol car sales by 2030 because I strongly believe in environmental protection and reducing carbon emissions, and I think transitioning away from fossil fuels is necessary for the planet’s future. However, I am cautious about the pace of such a policy and worry about its impact on individuals and local economies, especially in the North West where some communities may rely on car ownership for work and daily life."
1339.0,2,ClimatePolicyID(3),"I would likely support the ban on new petrol car sales by 2030, as it aligns with my strong environmental values and belief in reducing carbon emissions for the planet’s future. However, I remain cautious about the potential economic impact on local communities and the need for adequate support for those transitioning to electric vehicles, which I believe should be handled gradually and inclusively."
1339.0,3,ClimatePolicyID(3),"I would support the ban on new petrol car sales by 2030 because I strongly believe in environmental protection and reducing carbon emissions, and I think it's necessary for the long-term health of the planet. However, I also have concerns about the impact on individuals and local economies, especially in areas where car ownership is deeply embedded in daily life, and I worry about the fairness of such a rapid transition without adequate support for those affected."
1339.0,4,ClimatePolicyID(3),"I would likely support the ban on new petrol car sales by 2030, as it aligns with my strong environmental values and belief in reducing carbon emissions for the planet’s future. However, I remain cautious about the pace of such a policy, as I value personal choice and am concerned about the potential economic impact on individuals and local communities, especially those who may not have the means to transition to electric vehicles."
1339.0,5,ClimatePolicyID(3),"I would likely support the ban on new petrol car sales by 2030, as it aligns with my strong environmental values and belief in reducing carbon emissions for the planet’s future. However, I might oppose it if I feel it’s implemented too abruptly, without sufficient support for alternatives like public transport or electric vehicle infrastructure, which could disproportionately affect lower-income individuals in the North West."
1339.0,0,ClimatePolicyID(4),"I hold a neutral position on this policy because, while I strongly support environmental protection and sustainable living, I also value practicality and cost-effectiveness in public policy. Given my background and values, I recognize the importance of reducing fossil fuel dependence and promoting renewable energy, but I also believe that such mandates should be implemented thoughtfully, considering economic impacts and the feasibility of adoption across different regions and housing types."
1339.0,1,ClimatePolicyID(4),"I would support this policy because I strongly believe in environmental protection and reducing our reliance on fossil fuels, which aligns with my values of caring for nature and promoting global harmony. However, I might oppose it if I feel it could place an undue financial burden on developers or homeowners, especially in areas where the cost of implementing these standards is high relative to the local economy. Given my middle-income status and practical outlook, I would want to see these mandates balanced with realistic economic considerations."
1339.0,2,ClimatePolicyID(4),"I would support this policy because I strongly believe in environmental protection and reducing our reliance on fossil fuels, which aligns with my values of caring for nature and promoting sustainability. However, I might oppose it if I feel it could place an undue financial burden on developers or homeowners, especially in the North West where housing costs are already high and economic pressures are significant. My centre-left political stance and concern for equal opportunities make me want to balance environmental goals with economic fairness."
1339.0,3,ClimatePolicyID(4),"I would support this policy because I strongly believe in environmental protection and reducing our reliance on fossil fuels, which aligns with my values of sustainability and global harmony. However, I might oppose it if I feel it could place an undue financial burden on developers or homeowners, especially in areas where retrofitting or adopting such systems is not economically or technically feasible. Given my background and moderate approach, I would prefer a balanced policy that promotes sustainability without compromising practicality or affordability."
1339.0,4,ClimatePolicyID(4),"I would support this policy because I strongly believe in environmental protection and reducing our reliance on fossil fuels, which aligns with my values of sustainability and global harmony. However, I might oppose it if I feel it could place an undue financial burden on developers or homeowners, especially in areas where the infrastructure or climate conditions make such mandates impractical. Given my background and moderate approach, I’d prefer a balanced policy that encourages sustainability without being overly restrictive or economically burdensome."
1339.0,5,ClimatePolicyID(4),"I would support this policy because I strongly believe in environmental protection and reducing our reliance on fossil fuels, which aligns with my values of sustainability and global harmony. However, I might oppose it if I feel it imposes unnecessary financial burdens on developers or homeowners, especially in areas where the cost of implementing these standards could be prohibitive or where the technology isn't yet practical or affordable. Given my moderate approach and respect for practicality, I would prefer a balanced policy that promotes sustainability without being overly restrictive or economically damaging."
1339.0,0,ClimatePolicyID(5),"I hold a neutral position on imposing a carbon tax and distributing the revenues to the public. While I deeply care about the environment and believe in reducing carbon emissions, I also value economic fairness and the importance of individual choice. I am concerned that a carbon tax could disproportionately affect lower-income households unless carefully structured, and I believe the distribution of revenues must be transparent and equitable to align with my values of social justice and equal opportunity."
1339.0,1,ClimatePolicyID(5),"Given my strong environmental values and belief in equal opportunity, I would likely support a carbon fee and dividend policy. I care deeply about reducing carbon emissions and believe that addressing climate change is essential for future generations. However, I am also concerned about the potential regressive impact of a carbon tax on lower-income households, which could conflict with my commitment to social justice and economic fairness. I would want to ensure that the revenue distribution is transparent, equitable, and designed to offset any negative effects on vulnerable populations."
1339.0,2,ClimatePolicyID(5),"I would support a carbon fee and dividend policy because it aligns with my strong environmental values and belief in equal opportunity. I care deeply about reducing carbon emissions and think a well-structured carbon tax could incentivize sustainable practices without unfairly burdening lower-income households if the revenue is distributed transparently and equitably. However, I remain cautious about the potential economic impact and the need for clear safeguards to ensure fairness."
1339.0,3,ClimatePolicyID(5),"Given my strong environmental values and belief in social justice, I would likely support a carbon fee and dividend policy. I care deeply about reducing carbon emissions and believe that addressing climate change is a moral imperative. However, I am also concerned about the potential regressive impact of a carbon tax on lower-income households, which aligns with my commitment to economic fairness and equal opportunity. I would support this policy only if the revenue distribution is transparent, equitable, and designed to offset any negative impacts on vulnerable populations."
1339.0,4,ClimatePolicyID(5),"Given my strong commitment to environmental protection and my belief in social equity, I would likely support a carbon fee and dividend policy. I care deeply about reducing carbon emissions and believe that addressing climate change is a moral imperative. However, I am also concerned about the potential regressive impact of a carbon tax on lower-income households, which makes me cautious about its implementation without careful design to ensure fairness. I would support it if the revenue distribution is transparent and directly benefits the public, especially those most affected by the tax."
1339.0,5,ClimatePolicyID(5),"Given my strong environmental values and belief in social equity, I would likely support a carbon fee and dividend policy. I care deeply about reducing carbon emissions and believe that addressing climate change is a moral imperative. However, I am also concerned about the potential regressive impact of a carbon tax on lower-income households, which could conflict with my commitment to equal opportunity and fairness. I would support this policy only if the revenue distribution is transparent, equitable, and designed to offset any negative impacts on vulnerable populations."
1339.0,0,ClimatePolicyID(6),"I slightly support government policies that compensate people in other countries impacted by climate change. As someone deeply committed to environmental justice and global harmony, I believe it is morally and ethically important to acknowledge the disproportionate impact of climate change on vulnerable communities, many of whom have contributed the least to the crisis. However, I remain cautious about the practical implementation of such policies, ensuring they are fair, transparent, and do not inadvertently create new inequalities or dependencies."
1339.0,1,ClimatePolicyID(6),"I slightly support government policies that compensate people in other countries impacted by climate change. As someone deeply committed to environmental justice and global harmony, I believe it is morally and ethically important to acknowledge the disproportionate impact of climate change on vulnerable communities, many of whom have contributed the least to the crisis. However, I remain cautious about the practical implementation of such policies, ensuring they are fair, transparent, and do not inadvertently create new inequalities or dependencies."
1339.0,2,ClimatePolicyID(6),"I **slightly support** government policies that compensate people in other countries impacted by climate change. As someone deeply committed to environmental justice and global harmony, I believe it is morally and ethically important to acknowledge the disproportionate impact of climate change on vulnerable communities, many of whom have contributed the least to the crisis. However, I remain cautious about the practical implementation of such policies, ensuring they are fair, transparent, and do not inadvertently create new inequalities or dependencies."
1339.0,3,ClimatePolicyID(6),"I slightly support government policies that compensate people in other countries impacted by climate change. As someone deeply committed to environmental justice and global harmony, I believe it is morally and ethically important to acknowledge the disproportionate impact of climate change on vulnerable communities, many of whom have contributed the least to the crisis. However, I remain cautious about the practical implementation of such policies, ensuring they are fair, transparent, and do not inadvertently create new inequalities or dependencies."
1339.0,4,ClimatePolicyID(6),"I **slightly support** government policies that compensate people in other countries impacted by climate change. As someone deeply committed to environmental justice and global harmony, I believe it is morally and ethically important to acknowledge the disproportionate impact of climate change on vulnerable communities, many of whom have contributed the least to the crisis. However, I remain cautious about the practical implementation of such policies, ensuring they are fair, transparent, and do not inadvertently create new inequalities or dependencies."
1339.0,5,ClimatePolicyID(6),"I slightly support government policies that compensate people in other countries impacted by climate change. As someone deeply committed to environmental justice and global harmony, I believe it is morally and ethically important to acknowledge the disproportionate impact of climate change on vulnerable communities, many of whom have contributed the least to the crisis. However, I remain cautious about the practical implementation of such policies, ensuring they are fair, transparent, and do not inadvertently create new inequalities or dependencies."
828.0,0,ClimatePolicyID(1),"I somewhat support government policies that accelerate the roll-out of renewable energy production, such as more offshore and onshore wind parks, because I believe in reducing our environmental impact and ensuring a sustainable future for all lifeforms. While I don't prioritize environmental protection as my primary focus, I recognize the importance of balancing energy needs with ecological responsibility, and I support efforts that promote clean energy without compromising economic stability or community well-being."
828.0,1,ClimatePolicyID(1),"I would somewhat support government policies that accelerate the roll-out of renewable energy production, like more wind parks, because I believe in reducing our environmental impact and ensuring a sustainable future for all lifeforms. However, I also value community well-being and economic stability, so I would be cautious about policies that disrupt local areas or fail to balance clean energy goals with the needs of everyday people."
828.0,2,ClimatePolicyID(1),"I would somewhat support government policies that accelerate the roll-out of renewable energy production, like more wind parks, because I believe in reducing our environmental impact and ensuring a sustainable future for all lifeforms. However, I also value economic stability and community well-being, so I would be cautious about policies that disrupt local areas or could lead to job losses in traditional energy sectors."
828.0,3,ClimatePolicyID(1),"I would somewhat support government policies that accelerate the roll-out of renewable energy production, like more wind parks, because I believe in reducing our environmental impact and ensuring a sustainable future for all lifeforms. However, I also value economic stability and community well-being, so I would be cautious about policies that disrupt local areas or prioritize speed over careful planning and consultation."
828.0,4,ClimatePolicyID(1),"I would somewhat support government policies that accelerate the roll-out of renewable energy production, like more wind parks, because I believe in reducing our environmental impact and ensuring a sustainable future for all lifeforms. However, I also care about community well-being and economic stability, so I would be cautious about policies that disrupt local areas or prioritize large-scale projects over the needs and input of local residents."
828.0,5,ClimatePolicyID(1),"I would somewhat support government policies that accelerate the roll-out of renewable energy production, like more wind parks, because I believe in reducing our environmental impact and ensuring a sustainable future for all lifeforms. However, I also value economic stability and community well-being, so I would be cautious about policies that disrupt local areas or could lead to job losses in traditional energy sectors."
828.0,0,ClimatePolicyID(2),"I hold a neutral position on banning new oil, gas, and coal licenses. While I value environmental protection and believe all lifeforms should be treated equally, I am not actively focused on environmental issues as a primary concern. I recognize the need for energy and economic stability, and I believe any transition should be managed carefully to avoid negative impacts on communities and the economy."
828.0,1,ClimatePolicyID(2),"I would likely support a ban on new oil, gas, and coal licenses because I believe all lifeforms should be treated equally and that no single species should dominate the planet. However, I also value economic stability and the well-being of my community, so I would want any transition to be managed carefully to avoid negative impacts on jobs and local economies. Given my moderate stance and concern for balance, I might lean towards support but with conditions to ensure a fair and gradual shift."
828.0,2,ClimatePolicyID(2),"I would likely support a ban on new oil, gas, and coal licenses because I believe all lifeforms should be treated equally and that no single species should dominate the planet. However, I also value economic stability and the well-being of communities, so I would want any transition to be managed carefully to avoid negative impacts on jobs and local economies. Given my moderate stance and focus on balance, I would support such a policy only if it was part of a gradual, fair, and inclusive energy transition plan."
828.0,3,ClimatePolicyID(2),"I would likely support a ban on new oil, gas, and coal licenses because I believe all lifeforms should be treated equally and that no single species should dominate the planet. However, I also worry about the economic impact on communities and the need for a managed transition, which makes me cautious about how such a policy is implemented."
828.0,4,ClimatePolicyID(2),"I would likely support a ban on new oil, gas, and coal licenses because I believe all lifeforms should be treated equally and that no single species, including humans, should dominate the planet. However, I also value economic stability and the well-being of communities, so I would be cautious about how such a ban is implemented, ensuring it doesn't negatively impact jobs or energy security. Given my centre-left political stance and concern for fairness, I would prefer a gradual transition that supports affected workers and industries."
828.0,5,ClimatePolicyID(2),"I would likely support a ban on new oil, gas, and coal licenses because I believe all lifeforms should be treated equally and that no single species should dominate the planet. However, I also recognize the economic and energy security concerns, especially for communities that rely on these industries, and I would want any transition to be managed carefully to avoid hardship."
828.0,0,ClimatePolicyID(3),"I **somewhat oppose** the ban on the sale of new petrol cars by 2030. While I support environmental protection and believe all lifeforms should be treated equally, I am concerned that such a policy may place an undue financial burden on lower-income households and small businesses, which could disproportionately affect those who rely on petrol vehicles for essential travel. I value fairness and equal opportunity, so I believe any transition to greener transport should be carefully managed to ensure it does not create new inequalities or hardship."
828.0,1,ClimatePolicyID(3),"I **somewhat support** the ban on new petrol cars by 2030, as I believe all lifeforms should be treated equally and that reducing carbon emissions is essential for environmental balance. However, I also worry that such a policy could place an unfair burden on lower-income households and small businesses, especially in rural areas where public transport is limited, which conflicts with my values of fairness and equal opportunity."
828.0,2,ClimatePolicyID(3),"I **somewhat support** the ban on new petrol car sales by 2030, as I believe all lifeforms should be treated equally and that reducing carbon emissions is essential for a fairer, more sustainable future. However, I remain cautious about the potential impact on lower-income households and small businesses, which could face significant financial strain during the transition. I value fairness and equal opportunity, so I would prefer a phased approach that includes support for alternative transport and financial assistance for those most affected."
828.0,3,ClimatePolicyID(3),"I **somewhat support** the ban on new petrol cars by 2030, as I believe all lifeforms should be treated equally and that reducing carbon emissions is essential for environmental balance. However, I also worry that such a policy could disproportionately affect lower-income households and small businesses, especially in rural areas of Scotland where public transport is limited, and I value fairness and equal opportunity. I would prefer a more gradual transition with support for alternatives like electric vehicles and public transport, rather than an abrupt ban."
828.0,4,ClimatePolicyID(3),"I **somewhat support** the ban on the sale of new petrol cars by 2030, as I believe all lifeforms should be treated equally and that reducing carbon emissions is essential for the planet's future. However, I also worry that such a policy could disproportionately affect lower-income households and small businesses, which might struggle with the transition to electric vehicles, especially if adequate support and infrastructure aren't in place. I value fairness, so I would prefer a gradual and well-supported shift rather than an abrupt ban."
828.0,5,ClimatePolicyID(3),"I **somewhat support** the ban on new petrol cars by 2030, as I believe all lifeforms should be treated equally and that reducing carbon emissions is essential for environmental balance. However, I also worry about the potential financial strain on lower-income households and small businesses, which could create new inequalities. Given my values of fairness and equal opportunity, I would prefer a gradual transition with support for alternatives like public transport and electric vehicles, rather than an abrupt ban."
828.0,0,ClimatePolicyID(4),"I **strongly oppose** government policies that mandate all new housing developments to have non-fossil fuel heating systems, rooftop solar panels, and high levels of insulation. While I value sustainability and environmental responsibility, I believe such mandates can be overly prescriptive and may not account for the diverse needs and financial realities of homeowners and developers. I prefer a balanced approach that encourages, rather than enforces, sustainable practices, allowing for innovation and practical solutions that work within different contexts."
828.0,1,ClimatePolicyID(4),"I would **moderately support** this policy, but with some reservations. On one hand, I believe in reducing our environmental impact and think that encouraging sustainable practices in new housing is a step in the right direction, especially given my belief in equal opportunity and fairness for all. However, I also worry that strict mandates could place an unfair financial burden on homeowners and developers, particularly in areas where retrofitting or adopting new technologies might be more costly or less practical. I’d prefer a policy that offers incentives and support rather than imposing one-size-fits-all requirements."
828.0,2,ClimatePolicyID(4),"I would likely **moderately support** this policy, but with some reservations. On one hand, I believe in reducing our environmental impact and think it's important for society to move towards more sustainable practices, especially given the long-term benefits for the planet and future generations. However, I also worry that such mandates could place an unfair financial burden on homeowners and developers, particularly in areas where retrofitting or adopting new technologies may not be economically feasible or practical. I think a balanced approach—encouraging sustainability through incentives rather than strict mandates—might be more effective and fair."
828.0,3,ClimatePolicyID(4),"I would likely **moderately support** this policy, but with some reservations. On one hand, I believe in equal opportunities and fair treatment of all lifeforms, which aligns with the idea of reducing fossil fuel dependency and promoting sustainable living for future generations. However, I also value practicality and individual choice, and I worry that strict mandates could place an unfair financial burden on homeowners and developers, especially in areas where retrofitting or alternative energy systems may not be feasible or cost-effective."
828.0,4,ClimatePolicyID(4),"I would **moderately support** this policy, but with some reservations. On one hand, I believe in reducing our environmental impact and think that encouraging sustainable practices in new housing is a step in the right direction, especially given my belief in equal opportunity and fairness for all. However, I also worry that strict mandates could place an unfair financial burden on homeowners and developers, particularly those with limited resources, and may not always be practical in different regions or housing types. I prefer a balanced approach that promotes sustainability without being overly prescriptive."
828.0,5,ClimatePolicyID(4),"I would likely **moderately support** this policy, but with some reservations. On one hand, I believe in reducing our environmental impact and think that encouraging sustainable practices in new housing is a step in the right direction, especially given my general belief in equal opportunity and fairness for all. However, I also worry that such mandates could place an unfair financial burden on homeowners and developers, particularly those with limited resources, which could discourage new housing development and exacerbate housing shortages. I prefer a balanced approach that supports sustainability without being overly prescriptive."
828.0,0,ClimatePolicyID(5),"I somewhat oppose a carbon tax with public distribution because, while I value environmental protection and fairness, I am concerned that such a policy could disproportionately affect lower-income households if not carefully structured. I believe in equal opportunity and reducing inequality, but I also want to ensure that economic stability is maintained, especially for those who may be most impacted by rising energy costs. I support efforts to address climate change, but I think the solution should balance environmental goals with social equity and economic practicality."
828.0,1,ClimatePolicyID(5),"I would lean somewhat in support of a carbon tax with public distribution, as I believe in addressing climate change and ensuring fairness. However, I remain cautious about how such a policy might impact lower-income households, especially given my own experience as a parent and my concern for economic stability. I support the idea in principle but would want to see strong safeguards to prevent it from becoming a regressive tax that disproportionately affects those who are already struggling."
828.0,2,ClimatePolicyID(5),"I would lean slightly towards supporting a carbon fee and dividend policy, as I believe in addressing climate change and ensuring fairness. However, I remain cautious because I worry that without careful design, the tax could burden lower-income households more than intended, which conflicts with my values of equal opportunity and social equity. I support the idea in principle but would want to see strong safeguards to ensure the distribution is truly fair and doesn't create unintended hardship."
828.0,3,ClimatePolicyID(5),"I would likely support a carbon tax with public distribution, as it aligns with my belief in equal opportunity and fairness. I care about the environment and think the government should take action on climate change, and distributing the revenue could help offset the cost for households. However, I'm cautious about how it's structured—especially ensuring it doesn't unfairly burden lower-income families, which I care about as a parent. I want to balance environmental goals with social equity, so I'd prefer a well-designed system that supports both."
828.0,4,ClimatePolicyID(5),"I would likely support a carbon tax with public distribution because I believe in equal opportunity and reducing inequality, and I think distributing the revenue directly to citizens could help offset the financial burden of higher energy costs. However, I'm cautious about how it's implemented—especially ensuring it doesn't disproportionately harm lower-income households or disrupt economic stability, which I value. Given my background and values, I'd prefer a balanced approach that addresses climate change without undermining social or economic fairness."
828.0,5,ClimatePolicyID(5),"I would likely support a carbon fee and dividend policy, as I believe in equal opportunity and fairness, and I think it's important to address climate change in a way that doesn't unfairly burden lower-income households. However, I would be cautious about how the revenue is distributed and whether it truly benefits the public in a meaningful way, rather than just being another government handout. I want to ensure that any policy I support balances environmental responsibility with economic stability and social equity."
828.0,0,ClimatePolicyID(6),"I slightly oppose government policies that compensate people in other countries impacted by climate change. While I believe in global equality and the fair treatment of all lifeforms, I am concerned that such compensation could create dependency or be misused by governments that do not prioritize sustainable practices. I support addressing climate change, but I believe resources should be directed toward reducing emissions and supporting vulnerable communities within my own country first."
828.0,1,ClimatePolicyID(6),"I would slightly oppose government policies that compensate people in other countries impacted by climate change. While I believe in global equality and the fair treatment of all lifeforms, I'm concerned that such compensation could create dependency or be misused by governments that don't prioritize sustainable practices. I support addressing climate change, but I believe resources should be directed toward reducing emissions and supporting vulnerable communities within my own country first."
828.0,2,ClimatePolicyID(6),"I would slightly oppose government policies that compensate people in other countries impacted by climate change. While I believe in global equality and fairness, I worry that such compensation might create dependency or be misused by governments that don’t prioritize sustainability. I support addressing climate change, but I think resources should first help vulnerable communities in my own country, where I have a stronger connection and can ensure they’re used effectively."
828.0,3,ClimatePolicyID(6),"I would slightly oppose government policies that compensate people in other countries impacted by climate change. While I believe in global equality and the fair treatment of all lifeforms, I'm concerned that such compensation could create dependency or be misused by governments that don't prioritize sustainable practices. I support addressing climate change, but I believe resources should be directed toward reducing emissions and supporting vulnerable communities within my own country first."
828.0,4,ClimatePolicyID(6),"I would slightly oppose government policies that compensate people in other countries impacted by climate change. While I believe in global equality and the fair treatment of all lifeforms, I'm concerned that such compensation could create dependency or be misused by governments that don't prioritize sustainable practices. I support addressing climate change, but I believe resources should be directed toward reducing emissions and supporting vulnerable communities within my own country first."
828.0,5,ClimatePolicyID(6),"I would slightly oppose government policies that compensate people in other countries impacted by climate change. While I believe in global equality and the fair treatment of all lifeforms, I'm concerned that such compensation could create dependency or be misused by governments that don't prioritize sustainable practices. I support addressing climate change, but I believe resources should be directed toward reducing emissions and supporting vulnerable communities within my own country first."
252.0,0,ClimatePolicyID(1),"I slightly oppose the accelerated roll-out of renewable energy production because I value a balanced approach to progress that respects both human needs and the environment. While I support technological advancement, I believe it should be implemented thoughtfully, considering the impact on local communities and the landscape, rather than prioritizing speed over sustainability and practicality."
252.0,1,ClimatePolicyID(1),"I would likely **slightly oppose** the accelerated roll-out of renewable energy production, particularly in my local area. While I support progress and technological advancement, I value the landscape and community character of the East Midlands, and I worry that rapid development could disrupt local life and traditions. However, I do recognize the long-term benefits of renewable energy and would support it if it was done thoughtfully, with proper planning and consideration for both the environment and local communities."
252.0,2,ClimatePolicyID(1),"I would likely **slightly oppose** the accelerated roll-out of renewable energy production, particularly in my local area. While I support progress and technological advancement, I value the landscape and community character of the East Midlands, and I’m concerned that rapid development could disrupt local life and traditions. That said, I do recognize the long-term benefits of renewable energy and would support it if it was done in a measured, community-friendly way that balances environmental goals with local needs."
252.0,3,ClimatePolicyID(1),"I would likely **slightly oppose** the accelerated roll-out of renewable energy production, particularly in my local area. While I support progress and technological advancement, I value the landscape and local communities, and I’m concerned that rapid development could disrupt the environment and the way of life I’m used to. That said, I do recognize the long-term benefits of renewable energy and might support it if it's done in a measured, community-inclusive way that doesn’t sacrifice local interests for national goals."
252.0,4,ClimatePolicyID(1),"I would likely **slightly oppose** the accelerated roll-out of renewable energy production, particularly in my local area. While I understand the need for progress and environmental responsibility, I value the landscape and local communities, and I worry that rapid development could disrupt the quiet, familiar life I've known. However, I do support the idea of moving towards cleaner energy, just not at the expense of local character or without proper planning and community consultation."
252.0,5,ClimatePolicyID(1),"I would likely **slightly oppose** the accelerated roll-out of renewable energy production, particularly in my local area. While I understand the need for progress and environmental responsibility, I value the landscape and community character of the East Midlands, and I worry that rapid development could disrupt local life and traditions. That said, I do support the idea of moving towards cleaner energy, just not at the expense of local communities or in a way that feels rushed or imposed without proper consideration."
252.0,0,ClimatePolicyID(2),"I somewhat oppose the ban on new oil, gas, and coal licenses because I value economic stability and job creation, particularly in regions like the East Midlands where energy industries have historically provided employment. While I respect the need for environmental balance, I believe that a complete ban could disrupt local economies and hinder energy security, especially if renewable alternatives are not yet fully developed or accessible."
252.0,1,ClimatePolicyID(2),"I would likely **somewhat oppose** a ban on new oil, gas, and coal licenses because I value economic stability and job creation, especially in areas like the East Midlands where traditional industries have long supported local communities. However, I might **somewhat support** the policy if it included clear timelines for transitioning to renewables and supported retraining for workers, as I believe in balancing progress with environmental responsibility without completely sacrificing economic security."
252.0,2,ClimatePolicyID(2),"I would likely **somewhat oppose** a ban on new oil, gas, and coal licenses because I value economic stability and job creation, especially in regions like the East Midlands where energy industries have historically provided reliable employment. However, I also recognize the need for environmental balance and long-term sustainability, so I might support gradual phasing out rather than an immediate ban, allowing time for renewable energy to develop and for affected communities to adapt."
252.0,3,ClimatePolicyID(2),"I would likely **somewhat oppose** a ban on new oil, gas, and coal licenses because I value economic stability and job creation, especially in regions like the East Midlands where energy industries have historically provided reliable employment. However, I also recognize the importance of environmental responsibility and the long-term benefits of transitioning to cleaner energy sources, so I might support a gradual phase-out rather than an outright ban."
252.0,4,ClimatePolicyID(2),"I would likely **oppose** a ban on new oil, gas, and coal licenses because I value economic stability and job creation, especially in regions like the East Midlands where energy industries have historically provided steady work. While I respect the need for environmental balance, I believe a complete ban could disrupt local economies and harm energy security, particularly if renewable alternatives are not yet fully developed or accessible. However, I might support some level of regulation to ensure that energy production doesn't come at the cost of long-term environmental damage."
252.0,5,ClimatePolicyID(2),"I would likely **somewhat oppose** a ban on new oil, gas, and coal licenses because I value economic stability and job creation, especially in areas like the East Midlands where traditional industries have long been a source of livelihood. However, I also recognize the need for environmental responsibility and could be persuaded if the transition to renewables was supported by clear government investment and retraining programs to help workers adapt."
252.0,0,ClimatePolicyID(3),"I strongly oppose the ban on the sale of new petrol cars by 2030. As someone who values practicality and reliability, I believe that a gradual transition to electric vehicles is more realistic and less disruptive. I also have a general respect for tradition and established systems, and I feel that rushing to eliminate petrol cars without sufficient infrastructure and alternatives could create unnecessary hardship for many people, especially those who rely on them for daily transportation."
252.0,1,ClimatePolicyID(3),"I would likely **oppose** a ban on the sale of new petrol cars by 2030. As someone who values practicality and reliability, I believe a gradual transition to electric vehicles is more realistic and less disruptive. I also have a general respect for tradition and established systems, and I feel that rushing to eliminate petrol cars without sufficient infrastructure and alternatives could create unnecessary hardship for many people, especially those who rely on them for daily transportation."
252.0,2,ClimatePolicyID(3),"I would likely **oppose** the ban on new petrol cars by 2030. As someone who values practicality and reliability, I believe a gradual transition is more realistic and less disruptive. I also have a general respect for tradition and established systems, and I feel that rushing to eliminate petrol cars without sufficient infrastructure and alternatives could create unnecessary hardship, especially for older people and those in rural areas who rely on them for daily transportation."
252.0,3,ClimatePolicyID(3),"I would likely **oppose** a ban on the sale of new petrol cars by 2030. As someone who values practicality and reliability, I believe a gradual transition is more realistic and less disruptive. I also have a general respect for tradition and established systems, and I feel that rushing to eliminate petrol cars without sufficient infrastructure and alternatives could create unnecessary hardship for many people, especially those who rely on them for daily transportation. While I do care about the environment, I don’t see it as a primary driving force in my life, and I prefer a balanced approach that doesn’t throw out the old just for the sake of the new."
252.0,4,ClimatePolicyID(3),"I would likely oppose the ban on new petrol cars by 2030. As someone who values practicality and reliability, I believe a gradual transition is more realistic and less disruptive. I also have a general respect for tradition and established systems, and I feel that rushing to eliminate petrol cars without sufficient infrastructure and alternatives could create unnecessary hardship, especially for older people or those in rural areas who rely on them for daily transportation."
252.0,5,ClimatePolicyID(3),"I would likely oppose the ban on new petrol cars by 2030. As someone who values practicality and reliability, I believe a gradual transition is more realistic and less disruptive. I also have a general respect for tradition and established systems, and I feel that rushing to eliminate petrol cars without sufficient infrastructure and alternatives could create unnecessary hardship, especially for older people and those in rural areas who rely on them for daily transportation."
252.0,0,ClimatePolicyID(4),"I somewhat oppose the mandate for all new housing developments to have non-fossil fuel heating systems, rooftop solar panels, and high-level insulation. While I respect the importance of environmental protection, I believe such strict mandates may place an unnecessary financial and logistical burden on homeowners and developers, especially in areas where the infrastructure or climate may not yet support these technologies. I value practicality and balance, and I think progress should be gradual and realistic, rather than imposing costly and potentially impractical requirements on all new developments."
252.0,1,ClimatePolicyID(4),"I would likely oppose this policy because I believe it imposes unnecessary costs and logistical challenges on homeowners and developers, especially in areas where the infrastructure or climate may not yet support these technologies. While I respect the importance of environmental protection, I value practicality and balance, and I think progress should be gradual and realistic, rather than imposing costly and potentially impractical requirements on all new developments. However, I might support it in the long term if it leads to a more sustainable future, but I’d prefer a slower, more measured approach."
252.0,2,ClimatePolicyID(4),"I would likely oppose this policy because I believe it imposes unnecessary costs and logistical challenges on homeowners and developers, especially in areas where the infrastructure or climate may not yet support these technologies. While I respect the importance of environmental protection, I value practicality and balance, and I think progress should be gradual and realistic, rather than imposing costly and potentially impractical requirements on all new developments."
252.0,3,ClimatePolicyID(4),"I would likely oppose this policy because I believe it places an unfair financial and logistical burden on homeowners and developers, especially in areas like the East Midlands where infrastructure and climate conditions may not yet support such strict requirements. While I respect the importance of environmental protection, I value practicality and gradual progress over imposing costly and potentially impractical mandates on all new developments."
252.0,4,ClimatePolicyID(4),"I would likely oppose this policy because I believe it imposes unnecessary costs and logistical challenges on homeowners and developers, especially in areas like the East Midlands where infrastructure and climate conditions may not yet support such strict requirements. While I respect the environment, I value practicality and balance, and I think progress should be gradual rather than enforced through costly mandates that may not be feasible for everyone."
252.0,5,ClimatePolicyID(4),"I would likely oppose this policy because I believe it imposes unnecessary financial and logistical burdens on homeowners and developers, especially in areas like the East Midlands where infrastructure and climate conditions may not yet support such strict requirements. While I respect the importance of environmental protection, I value practicality and gradual progress over costly and potentially impractical mandates. However, I might support some level of green standards if they are phased in and tailored to local conditions, rather than applied universally."
252.0,0,ClimatePolicyID(5),"I somewhat oppose a carbon tax with public distribution because I believe in balancing environmental responsibility with economic stability. While I care about nature, I am more concerned with practical solutions that don't disrupt everyday life or place undue financial burdens on individuals, especially those with limited means. I also value traditional systems and prefer policies that respect existing structures rather than introducing new complexities."
252.0,1,ClimatePolicyID(5),"I would likely oppose a carbon tax with public distribution because I value economic stability and don't want to disrupt everyday life or place extra financial pressure on people, especially those with limited means. While I care about the environment, I believe in balancing it with practical solutions that respect traditional systems and avoid unnecessary complexity. I’m more inclined to support gradual, less disruptive changes that align with existing structures rather than introducing new taxes and redistributive mechanisms."
252.0,2,ClimatePolicyID(5),"I would likely oppose a carbon tax with public distribution because I value economic stability and don't want to disrupt everyday life or add financial strain, especially for people like me with a modest income. While I care about the environment, I prefer practical, traditional solutions that respect existing systems rather than introducing new complexities or redistributive mechanisms I’m not fully comfortable with."
252.0,3,ClimatePolicyID(5),"I would likely oppose a carbon tax with public distribution because I value economic stability and don't want to introduce new complexities or financial burdens on individuals, especially those with limited means. While I care about the environment, I believe in balancing it with practical, traditional approaches that respect existing systems rather than imposing new ones."
252.0,4,ClimatePolicyID(5),"I would likely oppose a carbon tax with public distribution because I value economic stability and don't want to introduce new complexities or financial burdens on everyday people, especially those with limited means. While I care about the environment, I believe in balancing it with practical solutions that respect traditional systems and avoid disrupting daily life. I also have a healthy respect for leaders and established structures, which makes me wary of policies that feel too radical or uncertain."
252.0,5,ClimatePolicyID(5),"I would likely oppose a carbon tax with public distribution because I value economic stability and practical solutions that don't disrupt everyday life. While I care about the environment, I'm more concerned with maintaining traditional systems and avoiding new complexities that could place a financial burden on people like me, especially with limited means. I also believe in respecting existing structures and prefer policies that don't introduce too much change or uncertainty."
252.0,0,ClimatePolicyID(6),"I strongly oppose government policies that compensate people in other countries impacted by climate change. Given my values of personal responsibility and a balanced approach to environmental concerns, I believe individuals and nations should take direct action to mitigate their own impacts rather than relying on compensation from others. I see this as potentially encouraging a mindset of dependency rather than accountability, which aligns more with my belief in self-reliance and fair, though not perfectly equal, societal structures."
252.0,1,ClimatePolicyID(6),"Based on my values and political leanings, I would likely **oppose** government policies that compensate people in other countries impacted by climate change. I believe in personal and national responsibility, and I think it's more fair for countries and individuals to address their own environmental impact rather than relying on compensation from others. While I do care about the environment, I don't see climate compensation as a solution that encourages accountability or self-reliance, which are values I hold dear."
252.0,2,ClimatePolicyID(6),"I would likely **oppose** government policies that compensate people in other countries impacted by climate change. My values lean toward personal responsibility and self-reliance, and I believe nations should address their own environmental impacts rather than relying on compensation from others. I also worry that such policies might create a dependency mindset, which conflicts with my belief in fair but not perfectly equal societal structures. However, I can see the argument for fairness in global responsibility, though I would prefer a more direct approach to climate action rather than financial compensation."
252.0,3,ClimatePolicyID(6),"Based on my values and political stance, I would likely **oppose** government policies that compensate people in other countries impacted by climate change. I believe in personal and national responsibility, and I see compensation as potentially fostering dependency rather than accountability. While I care about the environment, I don't believe it should come at the cost of shifting burdens onto others, especially when those others may not have contributed to the problem in the same way. I value self-reliance and a balanced approach to progress, which makes me skeptical of large-scale international compensation schemes."
252.0,4,ClimatePolicyID(6),"Based on my values and political leanings, I would likely **oppose** government policies that compensate people in other countries impacted by climate change. I believe in personal and national responsibility, and I think nations should focus on mitigating their own environmental impact rather than relying on compensation from others. I see such policies as potentially fostering dependency and shifting focus away from direct action and self-reliance, which aligns more with my belief in balanced, fair, but not perfectly equal, societal structures."
252.0,5,ClimatePolicyID(6),"I would likely oppose government policies that compensate people in other countries impacted by climate change. My values emphasize personal responsibility and self-reliance, and I believe nations should address their own environmental impacts rather than relying on compensation from others. I see such policies as potentially fostering dependency and shifting focus away from direct action and accountability."
1065.0,0,ClimatePolicyID(1),"I **strongly support** government policies that accelerate the roll-out of renewable energy production, such as more offshore and onshore wind parks. As someone deeply committed to protecting the environment and ensuring a sustainable future for all, I believe transitioning to renewable energy is essential for preserving natural resources and reducing harm to the planet. I also value equal opportunities and global harmony, and I see renewable energy as a way to create a fairer, cleaner world for future generations."
1065.0,1,ClimatePolicyID(1),"I **strongly support** government policies that accelerate the roll-out of renewable energy production, such as more offshore and onshore wind parks. As someone deeply committed to protecting the environment and ensuring a sustainable future, I see renewable energy as essential for preserving natural resources and reducing harm to the planet. I also value equal opportunities and global harmony, and I believe that transitioning to clean energy is a way to create a fairer, cleaner world for future generations."
1065.0,2,ClimatePolicyID(1),"As someone who values environmental protection and believes in equal opportunities for all, I **strongly support** government policies that accelerate the roll-out of renewable energy, such as more wind parks. I see this as a way to ensure a sustainable future and reduce harm to the planet, which aligns with my commitment to caring for nature and promoting global harmony. While I respect tradition, I also believe in adapting to meet the needs of future generations in a fair and responsible way."
1065.0,3,ClimatePolicyID(1),"I **strongly support** government policies that accelerate the roll-out of renewable energy production, such as more offshore and onshore wind parks. As someone deeply committed to caring for nature and protecting the environment, I see renewable energy as a vital step toward a sustainable future. I also value equal opportunities and global harmony, and I believe that transitioning to clean energy can help create a fairer, cleaner world for future generations. While I respect tradition and stability, I recognize that adapting to new, responsible technologies is necessary for the long-term health of our planet and society."
1065.0,4,ClimatePolicyID(1),"As someone who values environmental protection and believes in equal opportunities for all, I **strongly support** government policies that accelerate the roll-out of renewable energy, such as more wind parks. I see this as a way to create a sustainable future and ensure fairness for future generations, aligning with my belief in global harmony and responsible stewardship of the planet. While I respect tradition, I also recognize the need for progress that benefits everyone, not just the present."
1065.0,5,ClimatePolicyID(1),"As someone who values environmental protection and believes in equal opportunities for all, I **strongly support** government policies that accelerate the roll-out of renewable energy production. I see renewable energy as a key step towards a sustainable future and a way to ensure fairness and long-term benefits for future generations. While I respect tradition and stability, I also believe in adapting to meet the needs of the planet and all its inhabitants, which aligns with my commitment to global harmony and equal treatment of all life."
1065.0,0,ClimatePolicyID(2),"I slightly support the ban on new oil, gas, and coal licenses because I believe in protecting the environment and ensuring a sustainable future for all lifeforms. While I value traditional ways and respect established industries, I also strongly believe in equal opportunities and the moral responsibility to care for the planet, which I see as a shared inheritance that should not be exploited for short-term gain."
1065.0,1,ClimatePolicyID(2),"I slightly support the ban on new oil, gas, and coal licenses because I believe in protecting the environment and ensuring a sustainable future for all lifeforms. However, I also value traditional industries and the livelihoods they support, which makes me cautious about abrupt changes that could disrupt communities I care about."
1065.0,2,ClimatePolicyID(2),"I slightly support the ban on new oil, gas, and coal licenses because I believe in protecting the environment and ensuring a sustainable future for all lifeforms. While I value traditional industries and respect established ways of life, I also strongly believe in equal opportunities and the moral responsibility to care for the planet, which I see as a shared inheritance that should not be exploited for short-term gain."
1065.0,3,ClimatePolicyID(2),"I would slightly support the ban on new oil, gas, and coal licenses because I believe in protecting the environment and ensuring a sustainable future for all lifeforms. However, I also value traditional industries and worry that such a ban could negatively impact jobs and local economies, especially in areas where these industries are a significant part of the community. I see this as a balance between environmental responsibility and economic stability."
1065.0,4,ClimatePolicyID(2),"I would slightly support the ban on new oil, gas, and coal licenses because I believe in protecting the environment and ensuring a sustainable future for all lifeforms. However, I also value traditional industries and worry that such a ban could negatively impact jobs and local economies, especially in areas where these industries are a key part of the community. I want to balance environmental responsibility with the need to support working people and maintain stability."
1065.0,5,ClimatePolicyID(2),"I slightly support the ban on new oil, gas, and coal licenses because I believe in protecting the environment and ensuring a sustainable future for all lifeforms. However, I also value traditional industries and worry that such a ban could disrupt livelihoods and economic stability, especially for communities that rely on these sectors. I want to balance environmental responsibility with the need to support working families and maintain a stable economy."
1065.0,0,ClimatePolicyID(3),"I hold a neutral position on the ban of new petrol car sales by 2030. While I deeply care for the environment and believe in protecting natural resources for future generations, I also value personal choice and responsibility. I respect the need for innovation and progress in reducing carbon emissions, but I am cautious about rapid changes that could disrupt existing lifestyles and economic structures, especially for those who rely on traditional vehicles for practical reasons."
1065.0,1,ClimatePolicyID(3),"I would likely support the ban on new petrol car sales by 2030 because I care deeply about the environment and believe in protecting natural resources for future generations. However, I might oppose it if I feel it could place an unfair burden on working-class families or disrupt the livelihoods of those in the traditional car industry, which I respect for its long-standing role in the economy."
1065.0,2,ClimatePolicyID(3),"I would likely support the ban on new petrol car sales by 2030 because I care deeply about the environment and believe in protecting natural resources for future generations. However, I might oppose it if I feel it could disproportionately affect lower-income families or disrupt existing industries, which I value as part of a stable and traditional society."
1065.0,3,ClimatePolicyID(3),"Given my values of environmental protection and equal opportunity, I would support a ban on new petrol car sales by 2030 as it aligns with my belief in preserving the planet for future generations and reducing harmful emissions. However, I might oppose it if it imposes undue financial strain on lower-income families or disrupts established industries and lifestyles, which I respect and value."
1065.0,4,ClimatePolicyID(3),"I would likely support the ban on new petrol car sales by 2030 because I care deeply about the environment and believe in protecting natural resources for future generations. However, I might oppose it if I feel it could disproportionately affect lower-income families or disrupt existing industries, which I value as part of the traditional economic structure I respect."
1065.0,5,ClimatePolicyID(3),"I would likely support the ban on new petrol car sales by 2030 because I care deeply about the environment and believe in protecting natural resources for future generations. However, I might oppose it if I feel it could disproportionately affect lower-income families or disrupt existing industries, which I value as part of the traditional economic structure. I respect progress but also believe in balancing innovation with practicality and fairness."
1065.0,0,ClimatePolicyID(4),"I **strongly support** government policies that mandate non-fossil fuel heating systems, rooftop solar panels, and high levels of insulation in new housing developments. As someone who deeply values environmental protection and the well-being of future generations, I believe it is our responsibility to reduce carbon emissions and transition to sustainable energy sources. These measures align with my commitment to caring for nature and ensuring that all groups have equal opportunities to live in healthy, affordable, and environmentally responsible homes."
1065.0,1,ClimatePolicyID(4),"I **strongly support** government policies that mandate non-fossil fuel heating systems, rooftop solar panels, and high levels of insulation in new housing developments. As someone who values environmental protection and the well-being of future generations, I believe it is our responsibility to reduce carbon emissions and transition to sustainable energy sources. These measures align with my commitment to caring for nature and ensuring that all groups have equal opportunities to live in healthy, affordable, and environmentally responsible homes."
1065.0,2,ClimatePolicyID(4),"As someone who values environmental protection and the well-being of future generations, I **strongly support** government policies that mandate non-fossil fuel heating systems, rooftop solar panels, and high levels of insulation in new housing. I believe these measures are essential for reducing carbon emissions and ensuring that all groups have equal access to sustainable, healthy living conditions. While I respect tradition and may be cautious about rapid change, my commitment to caring for nature and promoting global harmony outweighs any concerns about the cost or complexity of implementing these standards."
1065.0,3,ClimatePolicyID(4),"I **strongly support** government policies that mandate non-fossil fuel heating systems, rooftop solar panels, and high levels of insulation in new housing developments. As someone who values environmental protection and the well-being of future generations, I believe it is our responsibility to reduce carbon emissions and transition to sustainable energy sources. These measures align with my commitment to caring for nature and ensuring that all groups have equal opportunities to live in healthy, affordable, and environmentally responsible homes."
1065.0,4,ClimatePolicyID(4),"I **strongly support** government policies that mandate non-fossil fuel heating systems, rooftop solar panels, and high levels of insulation in new housing developments. As someone who deeply cares for the environment and wants to ensure future generations inherit a healthier planet, I believe these measures are essential for reducing carbon emissions and promoting sustainable living. While I value tradition and stability, I also recognize the importance of adapting to protect the planet and ensure equal opportunities for all to live in safe, affordable homes."
1065.0,5,ClimatePolicyID(4),"I **strongly support** government policies that mandate non-fossil fuel heating systems, rooftop solar panels, and high levels of insulation in new housing developments. As someone who values environmental protection and the well-being of future generations, I believe it is our responsibility to reduce carbon emissions and transition to sustainable energy sources. These measures align with my commitment to caring for nature and ensuring that all groups have equal opportunities to live in healthy, affordable, and environmentally responsible homes."
1065.0,0,ClimatePolicyID(5),"I slightly support the policy of imposing a carbon tax on fossil fuel sales and distributing the revenue to the public. As someone who deeply cares for the environment and believes in equal opportunities, I recognize the need to reduce carbon emissions to protect the planet. While I value tradition and stability, I also believe in adapting to ensure a fairer and more sustainable future for all, which this policy aims to achieve by both addressing climate change and providing direct benefits to the public."
1065.0,1,ClimatePolicyID(5),"As someone who cares deeply about the environment and believes in equal opportunities, I slightly support a carbon tax with dividend because it aligns with my values of protecting the planet and ensuring fairness. However, I also value tradition and stability, so I'm cautious about rapid change and prefer policies that respect established systems while still addressing urgent issues like climate change."
1065.0,2,ClimatePolicyID(5),"As someone who cares deeply about the environment and believes in equal opportunities, I slightly support a carbon tax with dividend because it addresses climate change while providing direct benefits to the public, aligning with my values of fairness and sustainability. However, I also value tradition and stability, so I'm cautious about rapid change and might worry that such a policy could disrupt established systems or create uncertainty, especially for families like mine who rely on predictable economic conditions."
1065.0,3,ClimatePolicyID(5),"As someone who cares deeply about the environment and believes in equal opportunities, I would slightly support a carbon tax with dividend payments. I see it as a way to address climate change while ensuring the public benefits, which aligns with my values of fairness and sustainability. However, I also value tradition and stability, so I might be cautious about rapid changes, even if they are for the greater good."
1065.0,4,ClimatePolicyID(5),"As someone who cares deeply about the environment and believes in equal opportunities, I would slightly support a carbon tax with dividend because it addresses climate change while providing direct financial help to the public, which aligns with my values of fairness and sustainability. However, I also value tradition and stability, so I might be cautious about rapid changes, even if they are for a good cause."
1065.0,5,ClimatePolicyID(5),"I would slightly support the carbon fee and dividend policy because I care deeply about the environment and believe in equal opportunities, and I think helping people directly while reducing carbon emissions makes sense. However, I also value tradition and stability, and I’m concerned that a carbon tax might be seen as a government overreach or could lead to higher energy costs for families like mine, which could be a hardship."
1065.0,0,ClimatePolicyID(6),"I somewhat oppose government policies that compensate people in other countries impacted by climate change because I believe responsibility for climate change should be tied to those who contribute most to it, and I value maintaining traditional notions of accountability and fairness. While I care deeply about the environment and global harmony, I also believe that solutions should focus on reducing emissions and supporting sustainable development rather than financial compensation, which may inadvertently create dependency or shift responsibility away from those who need to take action."
1065.0,1,ClimatePolicyID(6),"I would somewhat oppose government policies that compensate people in other countries impacted by climate change. While I care deeply about the environment and global harmony, I believe responsibility for climate change should be tied to those who contribute most to it, and I value maintaining traditional notions of accountability and fairness. I prefer solutions that focus on reducing emissions and supporting sustainable development rather than financial compensation, which may inadvertently create dependency or shift responsibility away from those who need to take action."
1065.0,2,ClimatePolicyID(6),"I would likely **somewhat oppose** government policies that compensate people in other countries impacted by climate change. While I care deeply about the environment and global harmony, I believe responsibility for climate change should be tied to those who contribute most to it, and I value maintaining traditional notions of accountability and fairness. I also worry that financial compensation might create dependency or shift responsibility away from those who need to take action, which aligns with my belief in equal opportunity and personal responsibility."
1065.0,3,ClimatePolicyID(6),"I would likely **somewhat oppose** government policies that compensate people in other countries impacted by climate change. While I care deeply about the environment and global harmony, I believe responsibility for climate change should be tied to those who contribute most to it, and I value maintaining traditional notions of accountability and fairness. I worry that financial compensation might create dependency or shift responsibility away from those who need to take action, which aligns with my belief in equal opportunity and personal responsibility."
1065.0,4,ClimatePolicyID(6),"I would likely **somewhat oppose** government policies that compensate people in other countries impacted by climate change. While I care deeply about the environment and global harmony, I believe responsibility for climate change should be tied to those who contribute most to it, and I value maintaining traditional notions of accountability and fairness. I worry that financial compensation might create dependency or shift responsibility away from those who need to take action, which aligns with my belief in equal opportunities and personal responsibility."
1065.0,5,ClimatePolicyID(6),"I would likely **somewhat oppose** government policies that compensate people in other countries impacted by climate change. While I care deeply about the environment and global harmony, I believe responsibility for climate change should be tied to those who contribute most to it, and I value maintaining traditional notions of accountability and fairness. I worry that financial compensation might create dependency or shift responsibility away from those who need to take action, which aligns with my belief in equal opportunities and personal responsibility."
740.0,0,ClimatePolicyID(1),"I strongly support government policies that accelerate the roll-out of renewable energy production, such as more offshore and onshore wind parks. As someone deeply committed to environmental protection and global harmony, I believe transitioning to renewable energy is essential for reducing our carbon footprint and ensuring a sustainable future for all life on Earth. My values of equality and respect for nature align with the goal of creating a cleaner, more just energy system that benefits everyone without exploiting natural resources or harming vulnerable communities."
740.0,1,ClimatePolicyID(1),"I strongly support government policies that accelerate the roll-out of renewable energy production, like more offshore and onshore wind parks. As someone who values environmental protection and global harmony, I see this as a necessary step to reduce our carbon footprint and create a more sustainable future for all. I also believe that transitioning to clean energy can help level the playing field by reducing reliance on fossil fuels, which often disproportionately harm poorer communities and the planet."
740.0,2,ClimatePolicyID(1),"I would strongly support government policies that accelerate the roll-out of renewable energy production, like more offshore and onshore wind parks. As someone who values environmental protection and global harmony, I see renewable energy as essential for reducing our carbon footprint and ensuring a sustainable future for all. My background in caring for nature and my belief in equal opportunities for everyone align with the idea of transitioning to cleaner, more just energy systems that benefit everyone without exploiting resources or harming vulnerable communities.

However, I might also be cautious about the potential for these projects to disrupt local ecosystems or communities, especially in the East of England where I live. I respect traditional norms and have a healthy skepticism of large-scale projects that could have unintended consequences, so I would want to ensure that such developments are planned thoughtfully and with community input."
740.0,3,ClimatePolicyID(1),"I would strongly support government policies that accelerate the roll-out of renewable energy production, like more offshore and onshore wind parks. As someone who values environmental protection and global harmony, I see this as a necessary step towards a sustainable future and reducing our carbon footprint. I also believe in equal opportunities and fair treatment of all lifeforms, and renewable energy aligns with those values by offering a cleaner, more just alternative to fossil fuels."
740.0,4,ClimatePolicyID(1),"I strongly support government policies that accelerate the roll-out of renewable energy production, like more offshore and onshore wind parks. As someone who values environmental protection and global harmony, I see this as a crucial step towards reducing our carbon footprint and ensuring a sustainable future for all. My belief in equal opportunities and respect for nature aligns with the goal of creating a cleaner, more just energy system that benefits everyone without exploiting resources or harming vulnerable communities."
740.0,5,ClimatePolicyID(1),"I strongly support government policies that accelerate the roll-out of renewable energy production, like more offshore and onshore wind parks. As someone who values environmental protection and global harmony, I see renewable energy as essential for reducing our carbon footprint and ensuring a sustainable future for all. My background in caring for nature and belief in equal opportunities align with the idea of transitioning to cleaner energy systems that benefit everyone without exploiting resources or harming vulnerable communities."
740.0,0,ClimatePolicyID(2),"I strongly support government policies that ban new oil, gas, and coal licenses. As someone deeply committed to environmental protection and global harmony, I believe that transitioning away from fossil fuels is essential to preserving the planet for future generations and reducing harm to all lifeforms. My values of equality and sustainability align with the need to ensure that no single group or species dominates Earth's resources, and I see this policy as a critical step toward a more just and balanced world."
740.0,1,ClimatePolicyID(2),"I strongly support government policies that ban new oil, gas, and coal licenses. As someone who values environmental protection, global harmony, and equal opportunities for all, I see this policy as a necessary step toward a more sustainable and just future. I believe that no single group or species should dominate Earth's resources, and transitioning away from fossil fuels aligns with my commitment to preserving the planet for future generations."
740.0,2,ClimatePolicyID(2),"I strongly support government policies that ban new oil, gas, and coal licenses. As someone who values environmental protection, global harmony, and equal opportunities, I see this as a necessary step to ensure that no single group or species dominates Earth's resources. My commitment to sustainability and fairness aligns with the idea that we must transition to cleaner energy sources to protect both the planet and future generations."
740.0,3,ClimatePolicyID(2),"I strongly support government policies that ban new oil, gas, and coal licenses. As someone who values environmental protection, global harmony, and equal opportunities for all, I see this policy as a necessary step toward a more sustainable and just future. I believe that no single group or species should dominate Earth's resources, and transitioning away from fossil fuels aligns with my commitment to preserving the planet for future generations."
740.0,4,ClimatePolicyID(2),"I strongly support government policies that ban new oil, gas, and coal licenses. As someone who values environmental protection, global harmony, and equal opportunities for all, I see this as a necessary step to reduce harm to the planet and ensure that no single group or species dominates Earth's resources. My background as a Liberal Democrat voter and my commitment to sustainability align with this policy, which I believe is essential for a more just and balanced world."
740.0,5,ClimatePolicyID(2),"I strongly support government policies that ban new oil, gas, and coal licenses. As someone who values environmental protection, global harmony, and equality, I see this as a necessary step to reduce harm to the planet and ensure that no single group or species dominates Earth's resources. My background as a Liberal Democrat voter and my commitment to sustainability align with the need for a just and balanced future."
740.0,0,ClimatePolicyID(3),"I **strongly support** government policies that ban the sale of new petrol cars by no later than 2030. As someone deeply committed to environmental protection and global harmony, I believe transitioning to electric vehicles is essential for reducing carbon emissions and combating climate change. This policy aligns with my values of equality and sustainability, ensuring a cleaner, healthier future for all lifeforms on Earth."
740.0,1,ClimatePolicyID(3),"I **strongly support** government policies that ban the sale of new petrol cars by no later than 2030. As someone who values environmental protection and global harmony, I see this as a necessary step to reduce carbon emissions and combat climate change. I believe in equal opportunities for all, and transitioning to electric vehicles ensures a cleaner, healthier future for everyone, not just the wealthy or urban populations. While I understand the practical challenges for some, I trust that with proper investment and support, the transition can be managed fairly and sustainably."
740.0,2,ClimatePolicyID(3),"I **strongly support** government policies that ban the sale of new petrol cars by no later than 2030. As someone who values environmental protection and global harmony, I see this as a necessary step to reduce carbon emissions and combat climate change. I believe that transitioning to electric vehicles is essential for ensuring a sustainable future for all lifeforms, and I align with the Liberal Democrats' commitment to progressive environmental action. While I understand the potential economic and logistical challenges, I prioritize long-term ecological balance over short-term convenience."
740.0,3,ClimatePolicyID(3),"I **strongly support** government policies that ban the sale of new petrol cars by no later than 2030. As someone who values environmental protection and global harmony, I see this as a necessary step to reduce carbon emissions and combat climate change. I believe in equal opportunities for all, and transitioning to electric vehicles ensures a fairer, more sustainable future for everyone, including future generations and non-human lifeforms."
740.0,4,ClimatePolicyID(3),"I **strongly support** government policies that ban the sale of new petrol cars by no later than 2030. As someone who values environmental protection and global harmony, I believe this move is essential for reducing carbon emissions and moving towards a sustainable future. I also see it as a step towards equal opportunity, ensuring that future generations inherit a cleaner, healthier planet. While I understand the potential economic concerns for some, I believe the long-term benefits for all lifeforms—human and non-human—far outweigh the short-term challenges."
740.0,5,ClimatePolicyID(3),"I **strongly support** government policies that ban the sale of new petrol cars by no later than 2030. As someone who values environmental protection and global harmony, I believe this move is essential for reducing carbon emissions and moving towards a more sustainable future. I also see it as a step towards equal opportunity, ensuring that future generations have access to cleaner, healthier environments without being burdened by the negative impacts of fossil fuels."
740.0,0,ClimatePolicyID(4),"I **strongly support** government policies that mandate non-fossil fuel heating systems, rooftop solar panels, and high levels of insulation in all new housing developments. As someone deeply committed to environmental protection and global harmony, I believe these measures are essential to reducing carbon emissions and creating a more sustainable future. My values of equality and caring for all lifeforms align with the need to transition away from fossil fuels and build homes that are both energy-efficient and kind to the planet."
740.0,1,ClimatePolicyID(4),"I **strongly support** this policy. As someone who values environmental protection and equality, I believe transitioning to non-fossil fuel heating and solar energy is essential for reducing carbon emissions and creating a more sustainable future. High insulation and renewable energy systems align with my commitment to caring for nature and ensuring that all communities, regardless of income, can benefit from energy-efficient living. 

I don’t see this as a burden on homeowners or developers, but rather as a necessary step toward a fairer, healthier planet. My support is also shaped by my Liberal Democrat voting history and my belief in collective responsibility for the environment."
740.0,2,ClimatePolicyID(4),"I **strongly support** government policies that mandate non-fossil fuel heating systems, rooftop solar panels, and high levels of insulation in all new housing developments. As someone who values environmental protection and equality, I see these measures as essential for reducing carbon emissions and creating a more sustainable future for all. My belief in caring for nature and treating all lifeforms equally aligns with the need to transition away from fossil fuels and build homes that are both energy-efficient and kind to the planet."
740.0,3,ClimatePolicyID(4),"I **strongly support** government policies that mandate non-fossil fuel heating systems, rooftop solar panels, and high levels of insulation in all new housing developments. As someone who values environmental protection and equality, I believe these measures are essential for reducing carbon emissions and creating a more sustainable future for all. My commitment to caring for nature and ensuring that no group dominates others aligns with the need to transition away from fossil fuels and build homes that are both energy-efficient and kind to the planet."
740.0,4,ClimatePolicyID(4),"I **strongly support** government policies that mandate non-fossil fuel heating systems, rooftop solar panels, and high levels of insulation in all new housing developments. As someone who values environmental protection and equality, I believe these measures are essential for reducing carbon emissions and creating a more sustainable future. My commitment to caring for nature and ensuring that all lifeforms are treated equally aligns with the need to transition away from fossil fuels and build homes that are both energy-efficient and kind to the planet."
740.0,5,ClimatePolicyID(4),"I **strongly support** government policies that mandate non-fossil fuel heating systems, rooftop solar panels, and high levels of insulation in all new housing developments. As someone who values environmental protection and equality, I believe these measures are essential for reducing carbon emissions and creating a sustainable future for all. My commitment to caring for nature and ensuring that no group dominates others aligns with the need to transition away from fossil fuels and build homes that are both energy-efficient and kind to the planet."
740.0,0,ClimatePolicyID(5),"I strongly support government policies that impose a carbon tax on fossil fuel sales and distribute the revenue to the public. As someone deeply committed to environmental protection and social equity, I believe this approach addresses climate change while ensuring that the financial burden is shared fairly. By returning the revenue directly to citizens, it supports both environmental responsibility and economic fairness, aligning with my values of global harmony and equal opportunity."
740.0,1,ClimatePolicyID(5),"As someone who values environmental protection and social equity, I would strongly support a carbon fee and dividend policy. It aligns with my belief in treating all lifeforms equally and ensuring fair distribution of resources, which matches my support for the Liberal Democrats and my stance on remaining in the EU. However, I might be cautious about the administrative complexity and potential short-term economic disruption, especially given my household income level, though I believe the long-term benefits for both the planet and society outweigh these concerns."
740.0,2,ClimatePolicyID(5),"I would strongly support a carbon fee and dividend policy because it aligns with my values of environmental protection and social equity. As someone who believes in equal opportunity and helping others, I see this policy as a fair way to address climate change while ensuring that the financial burden isn’t unfairly placed on lower-income households. The idea of returning the revenue directly to the public also resonates with my belief in collective responsibility and shared prosperity."
740.0,3,ClimatePolicyID(5),"Given my strong commitment to environmental protection and social equity, I would strongly support a carbon fee and dividend policy. I believe it aligns with my values of global harmony and equal opportunity by addressing climate change while ensuring the financial burden is shared fairly. The idea of returning revenue directly to the public also resonates with my belief in helping others and maintaining a fair society. However, I might be cautious about the potential for increased costs on everyday goods, which could be a concern for someone with a modest income like mine."
740.0,4,ClimatePolicyID(5),"As someone who values environmental protection and social equity, I would strongly support a carbon fee and dividend policy. I believe it aligns with my commitment to caring for the planet and ensuring fairness, as it tackles climate change while returning revenue directly to citizens. Given my background and values, I see this as a practical way to address environmental harm without disproportionately burdening lower-income households."
740.0,5,ClimatePolicyID(5),"Given my background and values, I would strongly support a carbon fee and dividend policy. As someone who cares deeply about the environment and believes in equal opportunity, I see this policy as a fair way to address climate change while ensuring that the financial burden isn't placed solely on the most vulnerable. Distributing the revenue directly to the public aligns with my belief in social equity and helping those around me. 

However, I might be slightly cautious about the implementation, as I value stability and familiar systems. I also have a general respect for established institutions, so I would want to ensure that the policy is well-designed and transparent to avoid unintended consequences."
740.0,0,ClimatePolicyID(6),"I hold a neutral position on compensating people in other countries impacted by climate change because I believe in global harmony and equal opportunity for all, but I also value practical and equitable solutions. While I support the principle of helping those most affected by climate change, I am cautious about how such compensation is structured to ensure it is fair, effective, and not used as a tool for political or economic leverage."
740.0,1,ClimatePolicyID(6),"I would support government policies that compensate people in other countries impacted by climate change because I strongly believe in global harmony and equal opportunity for all, and I think it's morally right to help those most affected by climate change, especially when the responsibility for climate change is largely tied to industrialised nations. However, I would also be cautious about how such compensation is structured to ensure it's fair, effective, and not used as a tool for political or economic leverage."
740.0,2,ClimatePolicyID(6),"I would support compensating people in other countries impacted by climate change because I believe in global harmony and equal opportunity, and I think it's fair that those least responsible for climate change should not bear the brunt of its consequences. However, I'm cautious about how such compensation is structured, as I want to ensure it's practical, equitable, and not used as a tool for political or economic leverage. My support is rooted in a strong belief in helping others and treating all lifeforms equally, but I also value stability and avoiding situations where aid could be misused or create dependency."
740.0,3,ClimatePolicyID(6),"I would support compensating people in other countries impacted by climate change because I believe in global harmony and equal opportunity, and I want to help those most affected by environmental damage. However, I am cautious about how such compensation is structured, as I value practical and equitable solutions and want to avoid situations where it could be used for political or economic leverage."
740.0,4,ClimatePolicyID(6),"I would support compensating people in other countries impacted by climate change because I believe in global harmony and equal opportunity, and I think it's morally right to help those most affected by issues like rising sea levels or extreme weather. However, I'm cautious about how such compensation is structured, as I value practical and equitable solutions and want to avoid any system that could be exploited or used for political leverage."
740.0,5,ClimatePolicyID(6),"I would support compensating people in other countries impacted by climate change because I believe in global harmony and equal opportunity, and I think it's morally right to help those most affected by environmental damage, especially when it's not their fault. However, I'm cautious about how such compensation is structured, as I value practical and equitable solutions and want to avoid any system that could be exploited or used for political leverage."
1373.0,0,ClimatePolicyID(1),"I **strongly support** government policies that accelerate the roll-out of renewable energy production, such as more offshore and onshore wind parks. As someone who respects nature and believes all lifeforms should be treated equally, I recognize the urgent need to reduce our reliance on fossil fuels and mitigate environmental harm. While I value stability and familiar methods, I also believe in the importance of progress and innovation for a sustainable future, and renewable energy represents a responsible path forward that aligns with both environmental stewardship and long-term societal well-being."
1373.0,1,ClimatePolicyID(1),"I **strongly support** government policies that accelerate the roll-out of renewable energy production, such as more offshore and onshore wind parks. As someone who respects nature and believes all lifeforms should be treated equally, I recognize the urgent need to reduce our reliance on fossil fuels and mitigate environmental harm. While I value stability and familiar methods, I also believe in the importance of progress and innovation for a sustainable future, and renewable energy represents a responsible path forward that aligns with both environmental stewardship and long-term societal well-being."
1373.0,2,ClimatePolicyID(1),"Based on my values and worldview, I **strongly support** government policies that accelerate the roll-out of renewable energy production, such as more offshore and onshore wind parks. As someone who respects nature and believes all lifeforms should be treated equally, I recognize the urgent need to reduce our reliance on fossil fuels and mitigate environmental harm. While I value stability and familiar methods, I also believe in the importance of progress and innovation for a sustainable future, and renewable energy represents a responsible path forward that aligns with both environmental stewardship and long-term societal well-being."
1373.0,3,ClimatePolicyID(1),"I **strongly support** government policies that accelerate the roll-out of renewable energy production, like more offshore and onshore wind parks. As someone who respects nature and believes all lifeforms should be treated equally, I see renewable energy as a necessary step toward reducing environmental harm and ensuring a sustainable future. While I value stability and familiar methods, I also recognize the importance of progress and innovation, especially when it aligns with long-term societal and ecological well-being."
1373.0,4,ClimatePolicyID(1),"I **strongly support** government policies that accelerate the roll-out of renewable energy production, like more offshore and onshore wind parks. As someone who respects nature and believes all lifeforms should be treated equally, I recognize the urgent need to reduce our reliance on fossil fuels and mitigate environmental harm. While I value stability and familiar methods, I also believe in the importance of progress and innovation for a sustainable future, and renewable energy represents a responsible path forward that aligns with both environmental stewardship and long-term societal well-being."
1373.0,5,ClimatePolicyID(1),"I **strongly support** government policies that accelerate the roll-out of renewable energy production, such as more offshore and onshore wind parks. As someone who respects nature and believes all lifeforms should be treated equally, I recognize the urgent need to reduce our reliance on fossil fuels and mitigate environmental harm. While I value stability and familiar methods, I also believe in the importance of progress and innovation for a sustainable future, and renewable energy represents a responsible path forward that aligns with both environmental stewardship and long-term societal well-being."
1373.0,0,ClimatePolicyID(2),"I hold a neutral position on banning new oil, gas, and coal licenses because I value both environmental responsibility and economic stability. While I recognize the importance of reducing fossil fuel dependence for long-term sustainability, I also believe that transitioning away from these energy sources must be managed carefully to avoid disrupting livelihoods and economic growth, especially in regions reliant on these industries."
1373.0,1,ClimatePolicyID(2),"Given my values and circumstances, I would likely support a ban on new oil, gas, and coal licenses, but with reservations. On one hand, I believe in long-term environmental responsibility and the need to reduce our reliance on fossil fuels, especially as a parent concerned about the future for my children. On the other hand, I am wary of abrupt policy changes that could disrupt local economies, particularly in the South West where some communities are still tied to these industries. I would support such a ban only if it was part of a carefully managed transition that included support for affected workers and regions."
1373.0,2,ClimatePolicyID(2),"I would likely support a ban on new oil, gas, and coal licenses because I believe in the long-term environmental sustainability and the need to reduce carbon emissions, even though I value economic stability. However, I would also be cautious about how such a ban is implemented, ensuring that it doesn't disproportionately harm communities in the South West that rely on these industries. My support is tempered by a desire to balance environmental responsibility with economic pragmatism."
1373.0,3,ClimatePolicyID(2),"I would likely support a ban on new oil, gas, and coal licenses because I believe in the long-term environmental sustainability and the need to reduce carbon emissions, even though I value economic stability. However, I would be cautious about how such a ban is implemented, ensuring it doesn't disproportionately harm communities in the South West that rely on these industries. My support is tempered by a desire to balance environmental responsibility with economic pragmatism."
1373.0,4,ClimatePolicyID(2),"I would likely support a ban on new oil, gas, and coal licenses, not because I'm an environmental activist, but because I see the long-term economic and environmental risks of continuing to invest in fossil fuels. As someone who values stability and careful transition, I believe that phasing out new licenses could help redirect resources toward sustainable energy and reduce the long-term burden on future generations. However, I would also be cautious about how such a ban is implemented, ensuring it doesn’t harm communities that depend on these industries."
1373.0,5,ClimatePolicyID(2),"Given my slightly right-of-centre political stance and my appreciation for economic stability, I would likely support a ban on new oil, gas, and coal licenses, but only if it's part of a carefully managed transition that supports affected communities. I care about the environment and believe in equal opportunity, so I want to avoid locking in fossil fuel dependence, but I also value job security and regional economic health, which makes me cautious about abrupt policy changes."
1373.0,0,ClimatePolicyID(3),"I slightly oppose the ban on the sale of new petrol cars by 2030 because I value personal choice and economic freedom, and I believe consumers should have the right to choose the type of vehicle they purchase based on their needs and circumstances. While I support environmental protection, I do not see the phase-out of petrol cars as the most effective or fair way to achieve sustainability, especially given the significant impact such a policy could have on working-class families and rural communities who may rely more heavily on petrol vehicles."
1373.0,1,ClimatePolicyID(3),"I would slightly oppose the ban on new petrol cars by 2030, as I value personal choice and economic freedom, and I believe consumers should have the right to choose vehicles based on their needs. However, I also recognize the environmental benefits of reducing fossil fuel dependence and support gradual, well-funded transitions that don’t disproportionately burden lower-income or rural communities."
1373.0,2,ClimatePolicyID(3),"I would slightly oppose the ban on new petrol cars by 2030, as I value personal choice and economic freedom, and I believe consumers should have the right to choose vehicles based on their needs. However, I also recognize the environmental benefits of reducing fossil fuel dependence and support gradual, well-funded transitions that don’t disproportionately burden lower-income or rural communities."
1373.0,3,ClimatePolicyID(3),"I would likely **slightly oppose** the ban on the sale of new petrol cars by 2030. While I support environmental protection, I value personal choice and economic freedom, and I believe such a policy could disproportionately affect working-class families and rural communities who may rely more on petrol vehicles. However, I also recognize the long-term benefits of reducing carbon emissions and am open to gradual, well-funded transitions that support both sustainability and economic fairness."
1373.0,4,ClimatePolicyID(3),"I would likely **slightly oppose** the ban on new petrol car sales by 2030. While I support environmental goals, I value personal choice and economic freedom, and I believe such a policy could disproportionately affect working-class families and rural communities who rely on petrol vehicles for practical reasons. However, I do recognize the long-term environmental benefits and might support a gradual transition with adequate support for those affected, which could align with my belief in equal opportunity and fairness."
1373.0,5,ClimatePolicyID(3),"I would likely **slightly oppose** the ban on new petrol car sales by 2030. While I support environmental protection, I value personal choice and economic freedom, and I believe consumers should have the right to choose vehicles based on their needs, especially in rural areas where alternatives may be limited. However, I do recognize the long-term benefits of reducing carbon emissions and would support a gradual phase-out with strong support for public transport and incentives for electric vehicles."
1373.0,0,ClimatePolicyID(4),"I slightly support government policies that mandate non-fossil fuel heating systems, rooftop solar panels, and high levels of insulation in new housing developments. While I value environmental protection and believe all lifeforms should be treated equally, I do not see this as my primary life focus. I support such policies as part of a broader effort to create sustainable communities, but I also recognize the importance of balancing environmental goals with practical considerations and economic realities."
1373.0,1,ClimatePolicyID(4),"I would slightly support these policies, as I believe in treating all lifeforms equally and see sustainable housing as part of building fairer, more resilient communities. However, I also value practicality and economic balance, so I would be cautious about overly rigid mandates that could increase housing costs or reduce supply, which could negatively impact affordability for families like mine."
1373.0,2,ClimatePolicyID(4),"I would slightly support these policies because I believe in treating all lifeforms equally and see sustainable housing as part of building a more responsible society. However, I also value practicality and economic balance, so I would be cautious about overly rigid mandates that could increase costs or reduce housing supply, which could affect affordability for families like mine."
1373.0,3,ClimatePolicyID(4),"I would slightly support these policies because I believe in treating all lifeforms equally and see sustainable housing as part of building a more responsible society. However, I also value practicality and economic considerations, so I would be cautious about overly rigid mandates that could increase housing costs or reduce supply, which could be a concern for a parent in the South West."
1373.0,4,ClimatePolicyID(4),"I would slightly support these policies because I believe in treating all lifeforms equally and creating sustainable communities, and I see non-fossil fuel heating and insulation as part of a broader effort to reduce environmental harm without being overly radical. However, I also value practicality and economic considerations, so I would be cautious about overly prescriptive mandates that could increase housing costs or reduce affordability, especially in a region like the South West where housing is already a challenge."
1373.0,5,ClimatePolicyID(4),"I would slightly support these policies because I believe in treating all lifeforms equally and see sustainable housing as part of building a fairer, more resilient society. However, I also value practicality and economic balance, so I would be cautious about overly rigid mandates that could increase costs or reduce housing supply, especially in areas like the South West where land is limited and housing demand is high."
1373.0,0,ClimatePolicyID(5),"I slightly support a carbon tax with revenues distributed to the public. As someone who respects nature and believes all life should be treated equally, I recognize the need to address climate change. While I don't prioritize environmental protection above all else, I do believe in fair solutions that hold polluters accountable and provide tangible benefits to the public, aligning with my values of equality and responsible governance."
1373.0,1,ClimatePolicyID(5),"I would slightly support a carbon tax with revenues distributed to the public. As someone who respects nature and believes all life should be treated equally, I recognize the need to address climate change, and I appreciate the idea of holding polluters accountable while providing tangible benefits to the public, which aligns with my values of fairness and responsible governance. However, I remain cautious about government intervention and prefer solutions that balance environmental concerns with economic stability and individual choice."
1373.0,2,ClimatePolicyID(5),"I would slightly support a carbon tax with revenues distributed to the public. As someone who respects nature and believes all life should be treated equally, I recognize the need to address climate change, and I think holding polluters accountable is fair. However, I also value economic stability and worry that such a policy could disproportionately affect lower-income households, even if the money is returned to the public. My support is tempered by a desire for balanced, practical solutions that don’t disrupt everyday life or create unintended hardships."
1373.0,3,ClimatePolicyID(5),"I would slightly support a carbon tax with revenues distributed to the public. As someone who respects nature and believes all life should be treated equally, I recognize the need to address climate change, and I think holding polluters accountable is fair. However, I’m cautious about government intervention and prefer solutions that are both effective and respectful of individual responsibility, which makes me hesitant to fully endorse a broad tax without clear safeguards or alternatives."
1373.0,4,ClimatePolicyID(5),"Given my values of fairness and equality, and my belief that all life should be treated equally, I would slightly support a carbon tax with revenues distributed to the public. I recognize that addressing climate change is necessary for long-term societal well-being, and distributing the revenue could provide a direct benefit to citizens, which aligns with my preference for fair and responsible governance. However, I remain cautious about government intervention in the economy and would want to ensure the policy is implemented efficiently and transparently."
1373.0,5,ClimatePolicyID(5),"I would slightly support a carbon tax with revenues distributed to the public. As someone who respects nature and believes all life should be treated equally, I recognize the need to address climate change, and I think holding polluters accountable is fair. However, I’m cautious about government intervention and prefer solutions that are both effective and respectful of individual responsibility, which makes me wary of complex or overly regulatory approaches."
1373.0,0,ClimatePolicyID(6),"I hold a neutral position on compensating people in other countries impacted by climate change. While I believe in the principle of equal treatment for all lifeforms and reject the idea that any group should dominate others, I also value practicality and the need for balanced, effective solutions. I recognize the moral responsibility of developed nations in contributing to climate change, but I am cautious about how such compensation is structured and who benefits, as I believe all groups should have an equal chance to succeed without creating new dependencies or inequities."
1373.0,1,ClimatePolicyID(6),"I would support government policies that compensate people in other countries impacted by climate change, but only if the compensation is structured fairly and transparently. I believe developed nations have a moral responsibility due to their historical contribution to climate change, and I want to ensure that aid doesn't create new dependencies or inequities. However, I’m cautious about how such policies are implemented and who benefits, as I value practicality and equal opportunity for all groups."
1373.0,2,ClimatePolicyID(6),"I would likely support government policies that compensate people in other countries impacted by climate change, as I believe all lifeforms should be treated equally and that no single species, including humans, should dominate the planet. However, I would be cautious about how such compensation is structured, ensuring it doesn't create new dependencies or inequities, and would prefer solutions that are practical and balanced. My Liberal Democrat vote in 2019 reflects a willingness to support progressive policies, but my right-of-centre leanings mean I value clear, effective governance over idealism without tangible outcomes."
1373.0,3,ClimatePolicyID(6),"I would likely support government policies that compensate people in other countries impacted by climate change, as I believe all lifeforms should be treated equally and that no single species, including humans, should dominate the planet. However, I am cautious about how such compensation is structured, as I value practicality and want to ensure it doesn't create new dependencies or inequities. My support is tempered by a desire for balanced, effective solutions that promote fairness without unintended consequences."
1373.0,4,ClimatePolicyID(6),"I would likely support government policies that compensate people in other countries impacted by climate change, as I believe all lifeforms should be treated equally and that no single species, including humans, should dominate the planet. However, I would be cautious about how such compensation is structured, ensuring it doesn’t create new dependencies or inequities, which aligns with my belief that all groups should have an equal chance to succeed. My support is tempered by a practical mindset and a desire for balanced, effective solutions."
1373.0,5,ClimatePolicyID(6),"I would likely support government policies that compensate people in other countries impacted by climate change, as I believe all lifeforms should be treated equally and that no single species, including humans, should dominate the planet. However, I would be cautious about how such compensation is structured, ensuring it doesn’t create new dependencies or inequities, which aligns with my belief that all groups should have an equal chance to succeed. My support is tempered by a practical mindset and a desire for balanced, effective solutions."
1833.0,0,ClimatePolicyID(1),"I'm neutral on accelerating the roll-out of renewable energy production because I value practicality and balance. While I respect the idea of reducing environmental harm and supporting sustainable practices, I don't see it as my primary concern or a top priority in my daily life. I believe in responsible stewardship of resources but also recognize the need for economic stability and reliability in energy supply, which I think should be carefully managed rather than rushed."
1833.0,1,ClimatePolicyID(1),"I'm probably neutral on accelerating renewable energy roll-out. On one hand, I respect the idea of being responsible with resources and not wanting to harm the environment, especially since I do care about nature and my family's future. But on the other, I'm practical and value stability—so I'm wary of rushing into big changes that might disrupt the economy or my way of life. I’d prefer a balanced approach that doesn’t throw the whole system into chaos just for the sake of being green."
1833.0,2,ClimatePolicyID(1),"I'm probably neutral on accelerating renewable energy roll-out. On one hand, I can see the value in moving away from fossil fuels and reducing long-term environmental damage, especially if it's done in a way that doesn't disrupt local communities or wildlife. On the other hand, I'm concerned about the practicality and reliability of renewable sources, and I don't want to see my area turned into a wind farm if it means losing open space or affecting the local environment in ways I don't understand. I’d prefer a balanced approach that doesn’t rush things but also doesn’t ignore the need for cleaner energy."
1833.0,3,ClimatePolicyID(1),"I'm probably neutral on accelerating renewable energy roll-out. On one hand, I respect the idea of being responsible with resources and not wanting to harm the environment too much, especially since I do care about nature in a general way. But on the other hand, I'm practical and value stability—so I'm worried about how fast-changing energy policies might affect jobs and the economy, especially if it means shutting down existing power sources or disrupting local communities. I don't want to rush into something that could cause more problems than it solves."
1833.0,4,ClimatePolicyID(1),"I'm probably neutral on accelerating renewable energy roll-out. On one hand, I respect the idea of being responsible with resources and not wanting to harm the environment too much, especially since I do care about nature and my kids' future. But on the other hand, I'm practical and value reliability—like having a stable energy supply without too many disruptions. I don't want to rush into things that might cause problems for the economy or my daily life, so I'd prefer a balanced approach rather than pushing too fast for wind parks or other renewables."
1833.0,5,ClimatePolicyID(1),"I'm probably neutral on accelerating renewable energy roll-out. On one hand, I can see the value in moving away from fossil fuels and reducing long-term environmental damage, especially if it's done in a way that doesn't disrupt local communities or wildlife. On the other hand, I'm concerned about the practicality and reliability of renewable sources, and I worry that rushing things could lead to higher costs or energy shortages, which would affect my household and others like mine. I respect the idea but don't see it as my top priority."
1833.0,0,ClimatePolicyID(2),"I am neutral on banning new oil, gas, and coal licenses because I value practicality and economic stability, especially for my community. While I respect the environment and believe in fairness, I also recognize the importance of energy production for jobs and local economies, and I’m not fully convinced that a complete ban is the best solution without a clear alternative."
1833.0,1,ClimatePolicyID(2),"I'm probably neutral on banning new oil, gas, and coal licenses because I value practicality and economic stability, especially for my community. While I respect the environment and believe in fairness, I also recognize the importance of energy production for jobs and local economies, and I’m not fully convinced that a complete ban is the best solution without a clear alternative. I’d prefer a balanced approach that considers both environmental concerns and the livelihoods of people in the East of England."
1833.0,2,ClimatePolicyID(2),"I'm probably neutral on banning new oil, gas, and coal licenses because I care about my community's jobs and economy, and I don't want to disrupt things that keep people working. But I also respect the environment and fairness, so I can see why someone would want to stop new drilling. I'm not sure if a complete ban is the right move without a clear plan for alternatives, so I'm not fully on either side."
1833.0,3,ClimatePolicyID(2),"I'm probably neutral on banning new oil, gas, and coal licenses because I value jobs and economic stability for my community, especially in the East of England where energy production might still be a part of the local economy. But I also respect the environment and fairness, so I'm not entirely against it—maybe if there's a clear plan for green energy alternatives, I could be more open to it. I don't know what I voted in the EU referendum, so I'm not sure how that affects my stance, but I tend to look for practical solutions that don't disrupt things too much."
1833.0,4,ClimatePolicyID(2),"I'm probably neutral on banning new oil, gas, and coal licenses because I care about my community's jobs and economy, and I don't want to see local businesses suffer. But I also respect the environment and fairness, so I can see why someone would want to stop new fossil fuel projects. I'm not sure if a complete ban is the right move without clear alternatives, but I'm open to thinking about it more."
1833.0,5,ClimatePolicyID(2),"I'm probably neutral on banning new oil, gas, and coal licenses. On one hand, I care about the environment and don't want to see the planet ruined for future generations, and I do believe in fairness—so maybe I’d support stopping new licenses to prevent more harm. But on the other hand, I value practicality and economic stability, especially for my community. If banning these licenses means losing jobs or hurting local businesses, I might be more inclined to oppose it, unless there's a clear plan for alternatives that support the same kind of jobs and economy."
1833.0,0,ClimatePolicyID(3),"I slightly oppose the ban on selling new petrol cars by 2030 because I value practicality and gradual change over abrupt shifts. While I respect the environment, I believe the transition to electric vehicles should be managed carefully to avoid placing undue financial strain on individuals and small businesses, especially those who may not have the means to switch immediately."
1833.0,1,ClimatePolicyID(3),"I would probably slightly oppose the ban on new petrol cars by 2030. I value practicality and gradual change, and I’m concerned that such a strict deadline could place an unfair financial burden on individuals and small businesses, especially those who may not have the means to switch to electric vehicles immediately. However, I do respect the environment and understand the long-term benefits of reducing emissions, so I can see the reasoning behind the policy, even if I think it should be implemented more carefully and with support for those affected."
1833.0,2,ClimatePolicyID(3),"I would likely **slightly oppose** the ban on selling new petrol cars by 2030. While I understand the environmental benefits, I value practicality and gradual change, and I’m concerned about the financial burden on individuals and small businesses who may struggle to afford the switch to electric vehicles. However, I might support it if it’s part of a well-planned, phased transition that includes support for those who can’t afford the upfront costs."
1833.0,3,ClimatePolicyID(3),"I would likely oppose the ban on selling new petrol cars by 2030 because I value practicality and gradual change, and I'm concerned about the financial burden it could place on individuals and small businesses, especially those without the means to switch to electric vehicles immediately. However, I might support it if it's part of a well-planned transition that includes support for infrastructure and incentives, which could help ease the shift without causing unnecessary hardship."
1833.0,4,ClimatePolicyID(3),"I would likely oppose the ban on new petrol cars by 2030 because I value practicality and gradual change, and I'm concerned about the financial burden it could place on families and small businesses, especially those without the means to switch to electric vehicles immediately. However, I can see the environmental benefits and might support it if it's implemented with clear support for those transitioning, like subsidies or better charging infrastructure."
1833.0,5,ClimatePolicyID(3),"I'm slightly opposed to the ban on new petrol cars by 2030 because I value practicality and gradual change, and I worry about the financial strain it could place on individuals and small businesses, especially those without the means to switch to electric vehicles immediately. However, I can see the environmental benefits and support the long-term goal of reducing emissions, so I'm not entirely against it—just not fully in favour of an abrupt shift."
1833.0,0,ClimatePolicyID(4),"I hold a neutral position on this policy because I value sustainability and respect for nature, but I also prioritize practicality and cost-effectiveness in housing. While I understand the long-term benefits of reducing fossil fuel reliance, I am concerned about the potential financial burden on homeowners and the feasibility of implementing such mandates without adequate support or flexibility."
1833.0,1,ClimatePolicyID(4),"I'd probably support this policy to a moderate extent because I care about the environment and want to reduce pollution, especially since I live in the East of England where air quality can be an issue. However, I'm also concerned about the cost and practicality for homeowners, especially if the upfront expenses are high and there's not enough support or incentives to make it feasible for everyone."
1833.0,2,ClimatePolicyID(4),"I'd probably support this policy to a moderate extent because I do care about the environment and want to reduce pollution, especially since I live in the East of England where air quality can be an issue. However, I'm also concerned about the cost of installing these systems and whether it would make housing less affordable, which could be a problem for families like mine. I think it's a reasonable goal, but I’d want to make sure there's support for people who can't afford the upfront costs."
1833.0,3,ClimatePolicyID(4),"I'd probably support this policy to some extent because I care about the environment and want to reduce pollution, especially since I live in the East of England where air quality can be an issue. However, I'm also concerned about the upfront costs for homeowners and the practicality of installing such systems, especially if the government doesn't offer enough support or flexibility. I don't want to pay more for housing than I have to, but I also don't want to contribute to climate change."
1833.0,4,ClimatePolicyID(4),"I'd probably support this policy to a moderate extent because I do care about the environment and want to reduce pollution, especially since I live in the East of England where air quality can be an issue. However, I'm also concerned about the cost of installing these systems for homeowners, especially if they're not given enough financial support or if the regulations are too strict, which could make housing less affordable or harder to build."
1833.0,5,ClimatePolicyID(4),"I would probably support this policy to a moderate extent because I do care about the environment and want to reduce pollution, especially since I live in the East of England where air quality can be an issue. However, I’m also concerned about the upfront costs for homeowners and developers, and whether the government is providing enough support or incentives to make it feasible without placing an unfair burden on people like me who are already managing a household income of around £50k."
1833.0,0,ClimatePolicyID(5),"I am neutral on the carbon tax and dividend policy because I believe in fairness and the need to address environmental concerns, but I also value economic stability and personal responsibility. While I respect the goal of reducing carbon emissions, I am cautious about government intervention in the economy and prefer solutions that balance environmental protection with the well-being of individuals and communities."
1833.0,1,ClimatePolicyID(5),"I'm probably neutral on the carbon tax and dividend policy. On one hand, I can see the logic in taxing fossil fuels to encourage cleaner energy and using the money to help people, especially if it's distributed fairly. But I'm also wary of government taking more control over the economy and adding another layer of taxes, even if the money goes back to the public. I value stability and don't want to see my costs go up just because of environmental goals."
1833.0,2,ClimatePolicyID(5),"I'm neutral on the carbon tax and dividend policy. On one hand, I understand the need to address climate change and think it's fair that those who pollute should pay, especially if the money goes back to the public. But I'm also wary of government control over the economy and worry it could hurt businesses and jobs, which I value as a parent and someone who's seen the struggles of working-class families. I'd support it if it was done carefully and didn't disrupt everyday life too much."
1833.0,3,ClimatePolicyID(5),"I'd probably be neutral on the carbon tax and dividend policy. On one hand, I can see the logic in taxing carbon to encourage cleaner energy and using the money to help people, especially if it's distributed fairly. But I'm also cautious about government taking control of the economy and adding more taxes, even if the money is returned. I value stability and don't want to see my household income affected by new taxes, even if the idea sounds fair on paper."
1833.0,4,ClimatePolicyID(5),"I'm leaning slightly in favour of the carbon fee and dividend policy because I care about the environment and think it's fair for everyone to contribute to reducing emissions. However, I'm cautious about government control over the economy and worry it might add to the cost of living, especially for families like mine. I'd prefer a system that helps people without making things harder for those already struggling."
1833.0,5,ClimatePolicyID(5),"I'm probably neutral on the carbon tax and dividend policy. On one hand, I can see the logic in taxing carbon to reduce emissions and using the money to help people, especially if it's distributed fairly. But I'm also wary of government overreach and don't want to see more taxes on top of what we're already paying. Plus, I'm not sure how it would affect people like me who are middle-class and already managing the cost of living. I’d prefer a solution that doesn’t feel like another burden on everyday folks."
1833.0,0,ClimatePolicyID(6),"I hold a neutral position on compensating people in other countries impacted by climate change. While I believe all life should be treated equally and that no species should dominate the planet, I also value fairness and respect for societal norms. I recognize the importance of addressing climate impacts globally but am cautious about the practicality and fairness of compensation, especially when it may involve complex international agreements and resource allocation."
1833.0,1,ClimatePolicyID(6),"I'd probably be neutral on compensating people in other countries for climate change impacts. On one hand, I believe all life should be treated equally and I don't want to see any country suffer unfairly from something that's partly caused by human activity. On the other hand, I value fairness and respect for societal norms, and I'm cautious about complex international agreements that might not be fair or practical. Plus, I'm not sure I'd have voted for it in the EU referendum, so I'm not sure how I'd feel about it now."
1833.0,2,ClimatePolicyID(6),"I’d probably lean slightly in favour of compensating countries affected by climate change, not because I’m overly idealistic, but because I do believe all life should be treated equally and no species should dominate the planet. However, I’m also cautious about how such compensation would be managed—especially with the complexity of international agreements and the risk of unfair resource allocation. I’d want to see clear, fair mechanisms in place to ensure it’s not just another layer of bureaucracy or a way for wealthier nations to avoid real responsibility."
1833.0,3,ClimatePolicyID(6),"I'd probably lean slightly in favour of compensating countries impacted by climate change, not because I'm overly idealistic, but because I do believe all life should be treated equally and no species should dominate the planet. However, I'm cautious about how such compensation is managed—especially if it involves complex international agreements that might not be fair or practical. I value fairness, but I also respect societal norms and the need for clear, responsible governance."
1833.0,4,ClimatePolicyID(6),"I'd probably lean slightly towards supporting compensation for countries affected by climate change, not because I'm overly idealistic, but because I do believe all life should be treated equally and no species should dominate the planet. However, I'm cautious about how such compensation is managed—especially if it involves complex international agreements that might not be fair or practical. I value fairness, but I also respect societal norms and the need for clear, responsible governance."
1833.0,5,ClimatePolicyID(6),"I'd probably lean slightly in favour of compensating countries affected by climate change, not because I'm overly idealistic, but because I do believe all life should be treated equally and that no single nation or species should dominate the planet. However, I'm also cautious about how such compensation would be managed—especially given my respect for societal norms and fairness. I worry about the practicality of international agreements and whether it would be fair to ask wealthier nations to fund this, especially when there are domestic issues to address. So I’m not fully on board, but I can see the logic in it."
238.0,0,ClimatePolicyID(1),"I slightly support the acceleration of renewable energy production because I believe in reducing our environmental impact and ensuring a sustainable future for future generations. While I don't prioritize environmental issues above all else, I recognize the importance of moving away from fossil fuels and supporting clean energy as part of a balanced approach to national development and responsibility."
238.0,1,ClimatePolicyID(1),"Given my background and values, I would slightly support the acceleration of renewable energy roll-out. I recognize the long-term benefits of reducing our environmental impact and moving away from fossil fuels, which aligns with a responsible approach to national development. However, I remain cautious about the pace and potential disruptions to local communities and landscapes, which I value and have lived among for most of my life."
238.0,2,ClimatePolicyID(1),"As a right-wing voter who values tradition and stability, I would be somewhat supportive of accelerating renewable energy roll-out because I see it as a responsible way to reduce our reliance on fossil fuels and ensure long-term energy security. However, I might also be cautious about the potential disruption to local communities and landscapes, which I value and respect. I support it as part of a balanced approach, but not as a primary focus."
238.0,3,ClimatePolicyID(1),"Given my fairly right-wing political stance and history of supporting the Conservatives, I would be somewhat supportive of accelerating renewable energy roll-out, as I believe in responsible national development and reducing long-term environmental harm. However, I might also be cautious about the pace and impact on local communities and traditional industries, which I respect, and I could be skeptical of government overreach in what I see as a complex and potentially disruptive area."
238.0,4,ClimatePolicyID(1),"Given my fairly right-wing political stance and historical support for the Conservatives, I would be somewhat cautious about rapid acceleration of renewable energy projects. I do support reducing reliance on fossil fuels and moving towards cleaner energy sources, as I believe in long-term national responsibility and sustainability. However, I am also concerned about the potential disruption to local communities and landscapes, and I value traditional ways of life and infrastructure, which makes me wary of large-scale, rapid changes like expanding wind farms without sufficient local consultation."
238.0,5,ClimatePolicyID(1),"Given my slightly right-wing political stance and my belief in a balanced approach to national development, I would support accelerating renewable energy roll-out, but with caution. I recognize the long-term benefits of reducing reliance on fossil fuels and ensuring energy security, which aligns with my respect for sustainability and responsible stewardship. However, I might oppose it if it leads to significant disruption of local communities or landscapes, as I value stability and have a general respect for tradition and established norms."
238.0,0,ClimatePolicyID(2),"I strongly oppose government policies that ban new oil, gas, or coal licenses. As someone who values economic stability and practicality, I believe that energy resources are vital to maintaining jobs and supporting industries in Scotland. While I respect the environment, I do not see an immediate need to completely cut off access to these resources, especially when alternatives are not yet fully developed or economically viable."
238.0,1,ClimatePolicyID(2),"Based on my values and background, I would likely **oppose** a government policy that bans new oil, gas, or coal licenses. As someone who values economic stability and practicality, I see these industries as vital to maintaining jobs and supporting Scotland’s economy, especially in regions where energy production is a key employer. While I respect the environment, I don’t believe we should cut off access to these resources unless alternatives are fully developed and viable. I’m more focused on balancing progress with responsibility rather than an outright ban."
238.0,2,ClimatePolicyID(2),"Based on my values and background, I would likely **oppose** a government policy that bans new oil, gas, or coal licenses. As someone who values economic stability and practicality, I see these industries as important for maintaining jobs and supporting local economies in Scotland, especially in regions where such work is a key part of the livelihood. While I respect the environment, I don’t believe we should cut off access to these resources unless alternatives are fully developed and viable, which they are not yet."
238.0,3,ClimatePolicyID(2),"Based on my values and experiences, I would likely **oppose** government policies that ban new oil, gas, or coal licenses. As someone who values economic stability and practicality, I see these industries as crucial for maintaining jobs and supporting local economies in Scotland, especially in regions where they are a major employer. While I respect the environment, I don’t believe we should cut off access to these resources unless alternatives are fully developed and viable. I’m more focused on balancing progress with responsibility rather than abrupt shifts that could disrupt livelihoods."
238.0,4,ClimatePolicyID(2),"Based on my values and background, I would likely **oppose** a government policy that bans new oil, gas, or coal licenses. As someone who values economic stability and practicality, I see energy resources as crucial for maintaining jobs and supporting industries in Scotland, especially in regions where these sectors are a major employer. While I respect the environment, I don’t believe we should cut off access to these resources unless alternatives are fully developed and economically viable."
238.0,5,ClimatePolicyID(2),"Based on my values and experiences, I would likely **oppose** government policies that ban new oil, gas, or coal licenses. As someone who values economic stability and practicality, I see these industries as crucial for maintaining jobs and supporting local economies in Scotland, especially in regions where such work is a major employer. While I respect the environment, I don’t believe we should cut off access to these resources entirely when viable alternatives are still developing. However, I do acknowledge the long-term importance of sustainability, and I might be open to gradual reductions if they don’t harm livelihoods."
238.0,0,ClimatePolicyID(3),"I strongly oppose the ban on the sale of new petrol cars by 2030. As someone who values practicality and respects established systems, I believe that such a policy imposes unnecessary and disruptive changes on individuals and businesses without sufficient time or support for a smooth transition. I also value the freedom of choice and believe that the market, rather than government mandate, should drive innovation and adaptation in the automotive industry."
238.0,1,ClimatePolicyID(3),"As a right-wing voter who values practicality and established systems, I would likely oppose a ban on new petrol cars by 2030. I believe such a policy is overly abrupt and fails to account for the real-world challenges of transitioning millions of vehicles, especially for older or less financially secure individuals. While I support environmental concerns in principle, I don’t see this as a priority that justifies forcing change on the entire population without proper support or time."
238.0,2,ClimatePolicyID(3),"I would likely **oppose** the ban on new petrol cars by 2030. As someone who values practicality, stability, and individual choice, I see such a policy as an overreach of government control into personal and business decisions. I believe the market, not regulation, should drive innovation and adaptation in the automotive industry. While I respect environmental concerns, I don’t see this as a top priority for my lifestyle or values, and I’m skeptical of rapid, sweeping changes that could disrupt existing systems without adequate support or transition plans."
238.0,3,ClimatePolicyID(3),"I would likely **oppose** the ban on new petrol cars by 2030. As someone who values practicality and respects established systems, I see such a policy as an abrupt and disruptive change that doesn't account for the time or support needed for a smooth transition. I also believe in individual choice and market-driven innovation rather than government mandates. However, I might slightly **support** it if it were part of a broader, well-funded plan that included incentives for electric vehicles and infrastructure development, which could align with my belief in equal opportunity and reducing environmental harm without forcing change too quickly."
238.0,4,ClimatePolicyID(3),"I would likely **oppose** a ban on the sale of new petrol cars by 2030. As someone who values practicality and respects established systems, I believe such a policy would impose unnecessary disruption on individuals and businesses without sufficient time or support for a smooth transition. While I support environmental protection in principle, I don’t see this as a top priority and believe the market, not government mandate, should drive innovation in the automotive industry."
238.0,5,ClimatePolicyID(3),"I would likely **oppose** the ban on new petrol cars by 2030. As someone who values practicality and respects established systems, I believe such a policy imposes unnecessary and disruptive changes on individuals and businesses without sufficient time or support for a smooth transition. I also value the freedom of choice and believe that the market, rather than government mandate, should drive innovation and adaptation in the automotive industry. However, I do recognize the long-term environmental benefits and might be slightly more open to it if it were phased in more gradually with strong incentives for alternatives."
238.0,0,ClimatePolicyID(4),"I somewhat support government policies that mandate non-fossil fuel heating systems, rooftop solar panels, and high levels of insulation in new housing developments. While I value environmental protection and believe all lifeforms should be treated equally, I am not an active environmental advocate. I support such policies because they align with a broader goal of reducing harm to the planet and promoting sustainability, which I see as a responsible approach to ensuring a livable future for all, without requiring extreme personal sacrifice."
238.0,1,ClimatePolicyID(4),"I would support these policies to a moderate extent. As someone who values fairness and believes all lifeforms should be treated equally, I see the move away from fossil fuels as a responsible step toward a more sustainable future. However, I also care about practicality and cost-effectiveness, and I worry that such mandates could place an undue burden on homeowners, especially in Scotland where housing costs are already high. I don’t want to see unnecessary financial strain on individuals, but I do believe in reducing harm to the planet in a balanced and measured way."
238.0,2,ClimatePolicyID(4),"I would support these policies to a moderate extent. While I’m not an active environmentalist, I do believe in reducing harm to the planet and ensuring a livable future for all, which aligns with my values of fairness and treating all life equally. I also appreciate the long-term benefits of energy efficiency and sustainability, even if I don’t personally prioritize environmental causes. However, I might be concerned about the potential costs and practicality for developers and homeowners, especially in Scotland’s climate, and whether such mandates could lead to higher housing prices or reduced availability."
238.0,3,ClimatePolicyID(4),"I would support these policies to a moderate extent. While I'm not an environmental activist, I believe in reducing harm to the planet and ensuring a livable future for all, which aligns with my values of fairness and treating all life equally. However, I'm concerned about the cost and practicality for homeowners, especially given my income level, and I worry that such mandates could place an undue burden on those who are not in a position to easily adapt."
238.0,4,ClimatePolicyID(4),"I would support these policies to a moderate extent. While I’m not an environmental activist, I believe in reducing harm to the planet and ensuring a livable future for all, which aligns with my values of fairness and respect for all life. I also appreciate the long-term benefits of energy efficiency and sustainability, even if I don’t personally prioritize environmental issues above other concerns. However, I might be concerned about the potential costs and practical challenges for developers and homeowners, especially in a country like Scotland where weather conditions can be extreme."
238.0,5,ClimatePolicyID(4),"I would support these policies to a moderate extent. As someone who values sustainability and believes all lifeforms should be treated equally, I see the move away from fossil fuels as a responsible step toward a livable future. However, I am not an environmental activist, so I would prefer these measures to be practical and not overly burdensome on homeowners or developers. I also care about maintaining standards and avoiding unnecessary costs, so I would want to ensure these policies are well-designed and not just politically driven."
238.0,0,ClimatePolicyID(5),"I hold a neutral position on a carbon tax with revenue distributed to the public. While I respect the goal of reducing carbon emissions and believe in equal opportunity for all, I am cautious about government intervention in the economy and prefer market-based solutions. I also value individual responsibility and am concerned that such a policy could disproportionately affect lower-income households if not carefully managed."
238.0,1,ClimatePolicyID(5),"Given my generally cautious stance on government intervention and preference for market-based solutions, I would be inclined to oppose a carbon tax unless it's clearly structured to avoid harming lower-income households. However, I do respect the goal of reducing carbon emissions and believe in equal opportunity, so I might support it if the revenue is distributed fairly and used to offset the financial burden on individuals. My right-wing leanings and skepticism of centralized control make me wary, but my belief in equal chances for all could lead me to support it if it's well-designed."
238.0,2,ClimatePolicyID(5),"Based on my values and experiences, I would likely support a carbon fee and dividend policy. I believe in equal opportunity and fairness, and distributing the revenue directly to the public aligns with that principle. However, I remain cautious about government intervention in the economy and prefer market-based solutions, which makes me wary of potential inefficiencies or unintended consequences."
238.0,3,ClimatePolicyID(5),"Given my right-wing leanings and history of supporting Conservative policies, I'm generally skeptical of government overreach, which makes me cautious about a carbon tax. However, I do value equal opportunity and believe in treating all groups fairly, so I can see the logic in using tax revenue to benefit the public. I’m neutral, but I’d prefer the policy to be carefully structured to avoid harming lower-income households and to ensure it genuinely reduces emissions without stifling economic growth."
238.0,4,ClimatePolicyID(5),"Given my right-wing leanings and history of supporting Conservative policies, I'm generally wary of government intervention in the economy. However, I do value equal opportunity and believe in treating all groups fairly, which makes me somewhat open to a carbon tax that benefits everyone. I'm concerned about the potential impact on lower-income households, but I also recognize the need to address climate change and ensure a fair distribution of its costs."
238.0,5,ClimatePolicyID(5),"Given my right-wing leanings and cautious view of government intervention, I would likely oppose a carbon tax with dividend, as I value individual responsibility and market-based solutions over centralized control. However, I respect the goal of reducing emissions and believe in equal opportunity, so I might support it if it's carefully designed to avoid harming lower-income households and if it's part of a broader, transparent effort to protect the environment for future generations."
238.0,0,ClimatePolicyID(6),"I slightly oppose government policies that compensate people in other countries impacted by climate change. While I believe all lifeforms should be treated equally, I think responsibility for climate change largely lies with developed nations, and I am concerned that such compensation could be seen as a form of guilt or charity rather than a call to action. I value fairness and equal opportunity, but I believe the focus should be on reducing emissions and supporting sustainable development rather than compensating for past harms."
238.0,1,ClimatePolicyID(6),"I would slightly oppose government policies that compensate people in other countries impacted by climate change. While I believe all lifeforms should be treated equally, I think the responsibility for climate change largely lies with developed nations, and I'm concerned that such compensation could be seen as guilt or charity rather than a call to action. I value fairness and equal opportunity, but I believe the focus should be on reducing emissions and supporting sustainable development rather than compensating for past harms."
238.0,2,ClimatePolicyID(6),"I would slightly oppose government policies that compensate people in other countries impacted by climate change. While I believe all lifeforms should be treated equally, I think responsibility for climate change largely lies with developed nations, and I am concerned that such compensation could be seen as a form of guilt or charity rather than a call to action. I value fairness and equal opportunity, but I believe the focus should be on reducing emissions and supporting sustainable development rather than compensating for past harms."
238.0,3,ClimatePolicyID(6),"I would slightly oppose government policies that compensate people in other countries impacted by climate change. While I believe all lifeforms should be treated equally, I think responsibility for climate change largely lies with developed nations, and I'm concerned that such compensation could be seen as guilt or charity rather than a call to action. I value fairness and equal opportunity, but I believe the focus should be on reducing emissions and supporting sustainable development rather than compensating for past harms."
238.0,4,ClimatePolicyID(6),"I would likely **slightly oppose** government policies that compensate people in other countries impacted by climate change. While I believe all lifeforms should be treated equally, I think the responsibility for climate change largely lies with developed nations, and I’m concerned that such compensation could be seen as a form of guilt or charity rather than a call to action. I value fairness and equal opportunity, but I believe the focus should be on reducing emissions and supporting sustainable development rather than compensating for past harms."
238.0,5,ClimatePolicyID(6),"I would likely **slightly oppose** government policies that compensate people in other countries impacted by climate change. While I believe all lifeforms should be treated equally, I think the responsibility for climate change largely lies with developed nations, and I'm concerned that such compensation could be seen as a form of guilt or charity rather than a call to action. I value fairness and equal opportunity, but I believe the focus should be on reducing emissions and supporting sustainable development rather than compensating for past harms."
1343.0,0,ClimatePolicyID(1),"I somewhat support accelerating the roll-out of renewable energy production because I believe in balancing human progress with environmental respect. While I am not an active environmental advocate, I recognize the long-term benefits of reducing reliance on fossil fuels and promoting sustainable energy sources. Given my general respect for societal norms and the importance of maintaining a stable, functioning society, I see renewable energy as a responsible step toward a more secure and sustainable future."
1343.0,1,ClimatePolicyID(1),"I would support accelerating the roll-out of renewable energy to some extent because I believe in balancing progress with environmental responsibility, and I see renewable energy as a way to ensure long-term stability and reduce dependency on less sustainable sources. However, I might oppose it if it leads to significant disruption of local communities or landscapes, as I value tradition and have a general respect for established norms. My support is tempered by a concern for practicality and the impact on everyday life."
1343.0,2,ClimatePolicyID(1),"I would somewhat support accelerating the roll-out of renewable energy production because I believe in balancing human progress with environmental respect. While I’m not an active environmental advocate, I recognize the long-term benefits of reducing reliance on fossil fuels and promoting sustainable energy sources. Given my general respect for societal norms and the importance of maintaining a stable, functioning society, I see renewable energy as a responsible step toward a more secure and sustainable future.

However, I might also be cautious about the pace and scale of such changes, especially if they lead to disruption in local communities or if they are implemented without proper consultation. As someone who values tradition and stability, I would want to ensure that the transition is managed carefully and doesn’t negatively impact the people or areas I care about."
1343.0,3,ClimatePolicyID(1),"I would somewhat support accelerating the roll-out of renewable energy production because I believe in balancing human progress with environmental respect. While I'm not an active environmentalist, I recognize the long-term benefits of reducing reliance on fossil fuels and promoting sustainable energy sources. Given my general respect for societal norms and the importance of maintaining a stable, functioning society, I see renewable energy as a responsible step toward a more secure and sustainable future. However, I also have concerns about the visual and noise impact of wind farms on local communities and the potential disruption to traditional ways of life, which makes me cautious about rapid expansion."
1343.0,4,ClimatePolicyID(1),"I would somewhat support accelerating the roll-out of renewable energy production because I believe in balancing human progress with environmental respect. While I’m not an active environmental advocate, I recognize the long-term benefits of reducing reliance on fossil fuels and promoting sustainable energy sources. Given my general respect for societal norms and the importance of maintaining a stable, functioning society, I see renewable energy as a responsible step toward a more secure and sustainable future.

However, I might also be cautious about the pace and scale of such projects, especially if they disrupt local communities or landscapes I value. As someone who respects tradition and stability, I could be concerned about the potential for overreach or the loss of familiar ways of life."
1343.0,5,ClimatePolicyID(1),"I would somewhat support accelerating the roll-out of renewable energy production because I believe in balancing human progress with environmental respect. While I’m not an active environmentalist, I recognize the long-term benefits of reducing reliance on fossil fuels and promoting sustainable energy sources. Given my general respect for societal norms and the importance of maintaining a stable, functioning society, I see renewable energy as a responsible step toward a more secure and sustainable future.

However, I might also be concerned about the visual and noise impact of wind farms on local communities and the potential disruption to traditional ways of life, which could conflict with my respect for elders and standard societal norms. I also value economic stability, so I’d want to ensure that the transition to renewables doesn’t lead to job losses or economic instability in traditional energy sectors."
1343.0,0,ClimatePolicyID(2),"I strongly oppose government policies that ban new oil, gas, or coal licenses because I believe in supporting economic growth and energy independence, which are important for the prosperity of communities like mine. While I care about the environment, I do not see a need for an outright ban, as there are ways to balance energy needs with environmental responsibility without completely shutting down the industry."
1343.0,1,ClimatePolicyID(2),"Given my background and values, I would likely **oppose** government policies that ban new oil, gas, or coal licenses. As someone who values economic growth and energy independence, I believe these industries are crucial for the prosperity of communities like mine, especially in the East of England. While I do care about the environment, I don’t see the need for an outright ban and think there are ways to balance energy needs with environmental responsibility without completely shutting down the industry."
1343.0,2,ClimatePolicyID(2),"Given my background and values, I would likely **oppose** government policies that ban new oil, gas, or coal licenses. As someone who values economic growth and energy independence, I believe that supporting these industries helps sustain local jobs and supports the prosperity of communities like mine. While I do care about the environment, I don’t see a need for an outright ban, and I prefer a balanced approach that allows for responsible development rather than cutting off entire sectors."
1343.0,3,ClimatePolicyID(2),"Given my background and values, I would likely **oppose** government policies that ban new oil, gas, or coal licenses. As someone who values economic growth and energy independence, I believe these industries are crucial for local jobs and the prosperity of communities like mine in the East of England. While I do care about the environment, I don’t see a need for an outright ban and prefer a balanced approach that allows for responsible development rather than shutting down entire sectors."
1343.0,4,ClimatePolicyID(2),"Based on my values and experiences, I would likely **oppose** a government policy that bans new oil, gas, or coal licenses. As someone who values economic growth and energy independence, I believe these industries are crucial for maintaining the prosperity of communities like mine, especially in the East of England. While I do care about the environment, I don’t see a need for an outright ban, and I prefer a balanced approach that allows for responsible energy development rather than cutting off entire sectors."
1343.0,5,ClimatePolicyID(2),"Given my background and values, I would likely **oppose** government policies that ban new oil, gas, or coal licenses. As someone who values economic growth and energy independence, I see these industries as vital to the prosperity of communities like mine, especially in the East of England. While I do care about the environment, I believe in a balanced approach that allows for responsible energy development rather than an outright ban."
1343.0,0,ClimatePolicyID(3),"I somewhat oppose the ban on new petrol car sales by 2030 because I value practicality and gradual change over abrupt policy shifts. While I respect the need to address environmental concerns, I believe the transition to electric vehicles should be managed more carefully, considering the economic and logistical challenges for individuals and businesses. I also prefer a balanced approach that respects both environmental responsibility and the realities of everyday life."
1343.0,1,ClimatePolicyID(3),"I would likely **oppose** a ban on new petrol car sales by 2030. As someone who values practicality and gradual change, I believe such a strict deadline could create unnecessary hardship for individuals and businesses, especially in rural areas where alternatives may be limited. While I care about the environment, I think the transition to electric vehicles should be managed more carefully, considering the economic and logistical challenges, rather than imposed through an abrupt policy shift."
1343.0,2,ClimatePolicyID(3),"I would likely **oppose** a ban on new petrol car sales by 2030. As someone who values practicality and gradual change, I believe such a strict deadline could create unnecessary hardship for individuals and businesses, especially in rural areas where public transport is limited. While I care about the environment, I prefer a balanced approach that considers economic and logistical realities rather than abrupt policy shifts."
1343.0,3,ClimatePolicyID(3),"I would likely oppose the ban on new petrol car sales by 2030, as I value practicality and gradual change over abrupt policy shifts. While I respect the need to address environmental concerns, I believe the transition to electric vehicles should be managed more carefully, considering the economic and logistical challenges for individuals and businesses, especially for someone in my position with a modest income. I prefer a balanced approach that respects both environmental responsibility and the realities of everyday life."
1343.0,4,ClimatePolicyID(3),"I would likely **somewhat oppose** the ban on new petrol car sales by 2030. As someone who values practicality and gradual change, I believe such an abrupt policy could place unnecessary financial and logistical burdens on individuals and small businesses, especially in rural areas like the East of England. While I respect the environmental goal, I think the transition to electric vehicles should be managed more carefully, with support for infrastructure and affordability, rather than enforced through a strict deadline."
1343.0,5,ClimatePolicyID(3),"I would likely **somewhat oppose** the ban on new petrol car sales by 2030. As someone who values practicality and gradual change, I believe such an abrupt policy could create unnecessary hardship for individuals and businesses, especially in rural areas where alternatives may be limited. However, I do recognize the environmental benefits of reducing emissions, so I might support it if it were phased in more carefully and accompanied by sufficient investment in infrastructure and support for electric vehicles."
1343.0,0,ClimatePolicyID(4),"I somewhat oppose government mandates for non-fossil fuel heating systems, rooftop solar panels, and high-level insulation in new housing developments. While I respect the importance of balancing human progress with environmental responsibility, I believe such strict mandates can be overly prescriptive and may not always align with practical or local needs. I value flexibility and respect for traditional methods, and I think the government should encourage sustainable practices without imposing one-size-fits-all solutions that could place unnecessary burdens on developers and homeowners."
1343.0,1,ClimatePolicyID(4),"I would likely oppose these mandates because I value flexibility and practicality in housing development, and I believe government overreach can create unnecessary burdens on developers and homeowners. While I respect the need for environmental responsibility, I think the government should encourage sustainable practices without imposing rigid, one-size-fits-all solutions that may not suit all local contexts. However, I might support some level of encouragement for energy efficiency, as long as it's done in a way that respects traditional methods and local needs."
1343.0,2,ClimatePolicyID(4),"I would likely oppose these mandates because I value flexibility and practicality in housing development, and I believe government overreach can impose unnecessary burdens on developers and homeowners. While I respect the need for environmental responsibility, I think it should be encouraged through incentives rather than enforced through strict regulations that may not suit all local conditions. However, I do recognize the long-term benefits of reducing fossil fuel dependence, so I might support some level of encouragement for sustainable practices without heavy-handed mandates."
1343.0,3,ClimatePolicyID(4),"I would likely **oppose** this policy, as I value flexibility and practicality in housing development. While I respect the need to balance progress with environmental concerns, I believe government mandates on specific technologies like non-fossil fuel heating or rooftop solar panels can be overly rigid and may not suit all local conditions or household needs. I prefer a more voluntary approach that encourages sustainability without imposing one-size-fits-all solutions."
1343.0,4,ClimatePolicyID(4),"I would likely oppose these mandates because I value flexibility and respect for traditional methods, and I believe government overreach in prescribing specific technologies can be impractical and burdensome for developers and homeowners. However, I do support the general idea of balancing human progress with environmental responsibility, so I might be open to incentives or guidelines that encourage sustainable practices without being overly prescriptive."
1343.0,5,ClimatePolicyID(4),"I would likely **somewhat oppose** this policy. While I understand the environmental benefits of non-fossil fuel heating and insulation, I believe these mandates can be too rigid and may not account for local conditions or the practical realities faced by developers and homeowners. I value flexibility and traditional methods, and I think the government should encourage sustainability without imposing one-size-fits-all solutions that could create unnecessary burdens. However, I do recognize the long-term value of reducing carbon footprints and would support incentives rather than strict mandates."
1343.0,0,ClimatePolicyID(5),"I somewhat oppose a carbon tax with public distribution because I believe in balancing environmental responsibility with economic stability. While I support reducing carbon emissions, I am concerned that such a policy could place an undue financial burden on lower-income households, even if the money is returned to the public. I value fairness and equal opportunity, but I also want to ensure that policies do not inadvertently create new hardships, especially for those who are already struggling."
1343.0,1,ClimatePolicyID(5),"I would likely support a carbon tax with public distribution to some extent, as I believe in balancing environmental responsibility with fairness. I recognize the need to reduce carbon emissions and think that redirecting revenue back to the public could help ease the financial burden on families. However, I remain cautious about potential unintended consequences, especially for lower-income households, and I value economic stability as much as I do environmental progress."
1343.0,2,ClimatePolicyID(5),"I would likely support a carbon tax with public distribution to some extent, as I believe in balancing environmental responsibility with fairness. I recognize the need to reduce carbon emissions and think that redirecting the revenue back to the public could help offset the cost for households. However, I remain cautious because I value economic stability and worry that such a policy might inadvertently place a greater burden on lower-income families, even if the money is returned. I want to ensure that any environmental policy doesn’t create new hardships for those who are already struggling."
1343.0,3,ClimatePolicyID(5),"Based on my values and experiences, I would likely support a carbon fee and dividend policy to some extent. I believe in environmental responsibility and think reducing carbon emissions is important for the long-term health of our planet and future generations. However, I am concerned that a carbon tax could place an unfair burden on lower-income families, even if the money is distributed back. I value fairness and equal opportunity, but I also want to ensure that policies don’t create new hardships, especially for those already struggling. I’d prefer a system that encourages cleaner energy without disproportionately affecting everyday people."
1343.0,4,ClimatePolicyID(5),"I would likely support a carbon tax with public distribution to some extent, as I believe in balancing environmental responsibility with fairness. I recognize the need to reduce carbon emissions and think that distributing the revenue could help offset the financial impact on households, which aligns with my values of equal opportunity. However, I remain cautious about potential economic disruptions and the risk of unintended hardship, especially for lower-income families, which makes me hesitant to fully endorse it without careful safeguards."
1343.0,5,ClimatePolicyID(5),"I would likely support a carbon tax with public distribution to some extent, as I believe in balancing environmental responsibility with fairness. I recognize the need to reduce carbon emissions and think that distributing the revenue could help offset the financial impact on households, which aligns with my values of equal opportunity. However, I remain cautious about potential economic disruptions, especially for lower-income families, and prefer policies that are both effective and stable."
1343.0,0,ClimatePolicyID(6),"I strongly oppose government policies that compensate people in other countries impacted by climate change. While I believe in fairness and equal opportunity, I think climate change is a global issue that requires collective action rather than selective compensation. I value responsibility and believe that nations and individuals should take accountability for their actions, rather than shifting the burden or cost to others."
1343.0,1,ClimatePolicyID(6),"Based on my values and political stance, I would likely **oppose** government policies that compensate people in other countries impacted by climate change. While I believe in fairness, I think climate change is a global challenge that requires shared responsibility rather than selective aid. I value accountability and believe nations should take responsibility for their own actions, rather than shifting the burden to others."
1343.0,2,ClimatePolicyID(6),"Given my background and values, I would likely **oppose** government policies that compensate people in other countries impacted by climate change. I believe in personal and national responsibility, and I think climate change is a global issue that should be addressed through collective action and international cooperation, not through selective compensation. While I value fairness, I also believe that shifting burdens or costs to others, even in good faith, can create dependency and undermine the principle that all nations should take accountability for their own actions."
1343.0,3,ClimatePolicyID(6),"Based on my values and political leanings, I would likely **oppose** government policies that compensate people in other countries impacted by climate change. While I believe in fairness, I think climate change is a global issue that requires collective action and responsibility, not selective compensation. I value accountability and believe nations should take responsibility for their own actions rather than shifting the burden to others."
1343.0,4,ClimatePolicyID(6),"Given my background and values, I would likely **oppose** government policies that compensate people in other countries impacted by climate change. I believe in personal and national responsibility, and I think climate change is a global challenge that should be addressed through collective action and international cooperation, not through selective compensation. While I value fairness, I also believe that nations and individuals should take accountability for their actions rather than shifting the burden or cost to others."
1343.0,5,ClimatePolicyID(6),"Given my background and values, I would likely **oppose** government policies that compensate people in other countries impacted by climate change. While I believe in fairness, I think climate change is a global challenge that should be addressed through collective responsibility and international cooperation, not through selective compensation. I value accountability and believe that nations and individuals should take responsibility for their actions rather than shifting the burden to others."
416.0,0,ClimatePolicyID(1),"I **strongly support** government policies that accelerate the roll-out of renewable energy production, such as offshore and onshore wind parks. As someone deeply committed to environmental protection and global harmony, I believe transitioning to clean energy is essential for preserving the planet for future generations and reducing our reliance on harmful fossil fuels. This aligns with my values of equality and sustainability, ensuring that all lifeforms, including future generations, can thrive in a balanced and healthy ecosystem."
416.0,1,ClimatePolicyID(1),"I **strongly support** government policies that accelerate the roll-out of renewable energy production, like offshore and onshore wind parks. As someone deeply committed to environmental protection and global harmony, I see this as a necessary step to reduce our reliance on harmful fossil fuels and ensure a sustainable future for all lifeforms, including future generations. I believe that transitioning to clean energy aligns with my values of equality and sustainability, and I’m skeptical of leaders who might delay or obstruct such progress for short-term political or economic gain."
416.0,2,ClimatePolicyID(1),"I **strongly support** government policies that accelerate the roll-out of renewable energy production, like more offshore and onshore wind parks. As someone deeply committed to environmental protection and global harmony, I see this as a necessary step to reduce our reliance on harmful fossil fuels and ensure a sustainable future for all lifeforms. It aligns with my values of equality and long-term thinking, and I believe it’s a responsible way to address climate change without disproportionately burdening any one group."
416.0,3,ClimatePolicyID(1),"I **strongly support** government policies that accelerate the roll-out of renewable energy production, like more offshore and onshore wind parks. As someone deeply committed to environmental protection and global harmony, I see this as a necessary step to reduce our reliance on fossil fuels and ensure a sustainable future for all life on Earth. I believe that transitioning to clean energy aligns with my values of equality, sustainability, and rejecting the dominance of any single species over others."
416.0,4,ClimatePolicyID(1),"I **strongly support** government policies that accelerate the roll-out of renewable energy production, like more offshore and onshore wind parks. As someone who deeply cares for the environment and believes in global harmony and equal opportunities for all, I see this as a necessary step to reduce our reliance on harmful fossil fuels and ensure a sustainable future for everyone, including future generations. I also value progress and questioning authority, so I’m skeptical of slow or obstructive approaches to climate action."
416.0,5,ClimatePolicyID(1),"I **strongly support** government policies that accelerate the roll-out of renewable energy production, like more offshore and onshore wind parks. As someone deeply committed to environmental protection and global harmony, I see this as a necessary step to reduce our reliance on harmful fossil fuels and ensure a sustainable future for all lifeforms, including future generations. I also believe that transitioning to clean energy aligns with my values of equality and fairness, as it helps level the playing field by reducing the environmental harm that disproportionately affects vulnerable communities and ecosystems."
416.0,0,ClimatePolicyID(2),"I **somewhat support** government policies that ban new oil, gas, and coal licenses because I believe in protecting the environment and ensuring a sustainable future for all life on Earth. Given my strong commitment to global harmony and equal treatment of all species, I see such a ban as a necessary step to reduce harm to the planet and prevent the exploitation of natural resources that disproportionately affects future generations and vulnerable ecosystems."
416.0,1,ClimatePolicyID(2),"I **somewhat support** government policies that ban new oil, gas, and coal licenses. My strong environmental values and belief in global harmony drive me to prioritize the planet’s long-term health over short-term economic gains. However, I also worry that such a ban could disproportionately affect local communities and workers in those industries, especially in the South East where I live, and I’m not sure how well the government is preparing for a just transition."
416.0,2,ClimatePolicyID(2),"I **somewhat support** government policies that ban new oil, gas, and coal licenses. My strong environmental values and belief in equal treatment of all lifeforms push me toward supporting such a ban, as it aligns with my commitment to sustainability and preventing harm to future generations and ecosystems. However, I also consider the economic impact on communities that rely on these industries, and I’m wary of abrupt policy shifts that could create instability or hardship for workers, which makes me cautious about the full extent of support I would give."
416.0,3,ClimatePolicyID(2),"I **somewhat support** government policies that ban new oil, gas, and coal licenses. My strong environmental values and belief in global harmony push me toward supporting such a ban, as I see it as a necessary step to protect the planet and ensure a fairer future for all species. However, I also worry about the economic impact on workers in those industries and the potential for increased energy prices, which could affect my household and others like mine."
416.0,4,ClimatePolicyID(2),"I **somewhat support** government policies that ban new oil, gas, and coal licenses. My strong environmental values and belief in equal treatment of all lifeforms drive me to prioritize long-term ecological sustainability over short-term economic gains. However, I also recognize that such a ban could impact local jobs and industries, and I’m concerned about the potential for economic disruption in regions reliant on these sectors, which might lead to social inequality if not managed carefully."
416.0,5,ClimatePolicyID(2),"I **somewhat support** government policies that ban new oil, gas, and coal licenses because I believe in protecting the environment and ensuring a sustainable future for all life on Earth. Given my strong commitment to global harmony and equal treatment of all species, I see such a ban as a necessary step to reduce harm to the planet and prevent the exploitation of natural resources that disproportionately affects future generations and vulnerable ecosystems. However, I also worry that such policies could disproportionately impact local economies and communities that rely on these industries, which makes me cautious about the implementation and compensation for those affected."
416.0,0,ClimatePolicyID(3),"I **strongly support** government policies that ban the sale of new petrol cars by no later than 2030. As someone deeply committed to environmental protection and global harmony, I believe transitioning to cleaner transportation is essential for reducing carbon emissions and safeguarding the planet for future generations. This policy aligns with my values of equality and sustainability, ensuring that all communities can benefit from a healthier environment without being disproportionately affected by pollution or fuel costs."
416.0,1,ClimatePolicyID(3),"I **strongly support** government policies that ban the sale of new petrol cars by no later than 2030. As someone deeply committed to environmental protection and global harmony, I believe transitioning to cleaner transportation is essential for reducing carbon emissions and safeguarding the planet for future generations. This policy aligns with my values of equality and sustainability, ensuring that all communities can benefit from a healthier environment without being disproportionately affected by pollution or fuel costs."
416.0,2,ClimatePolicyID(3),"I **strongly support** government policies that ban the sale of new petrol cars by no later than 2030. As someone deeply committed to environmental protection and global harmony, I believe transitioning to cleaner transportation is essential for reducing carbon emissions and safeguarding the planet for future generations. This policy aligns with my values of equality and sustainability, ensuring that all communities can benefit from a healthier environment without being disproportionately affected by pollution or fuel costs."
416.0,3,ClimatePolicyID(3),"I **strongly support** government policies that ban the sale of new petrol cars by no later than 2030. As someone deeply committed to environmental protection and global harmony, I believe transitioning to cleaner transportation is essential for reducing carbon emissions and safeguarding the planet for future generations. This policy aligns with my values of equality and sustainability, ensuring that all communities can benefit from a healthier environment without being disproportionately affected by pollution or fuel costs."
416.0,4,ClimatePolicyID(3),"I **strongly support** government policies that ban the sale of new petrol cars by no later than 2030. As someone deeply committed to environmental protection and global harmony, I believe transitioning to cleaner transportation is essential for reducing carbon emissions and safeguarding the planet for future generations. This policy aligns with my values of equality and sustainability, ensuring that all communities can benefit from a healthier environment without being disproportionately affected by pollution or fuel costs."
416.0,5,ClimatePolicyID(3),"I **strongly support** government policies that ban the sale of new petrol cars by no later than 2030. As someone deeply committed to environmental protection and global harmony, I believe transitioning to cleaner transportation is essential for reducing carbon emissions and safeguarding the planet for future generations. This policy aligns with my values of equality and sustainability, ensuring that all communities can benefit from a healthier environment without being disproportionately affected by pollution or fuel costs."
416.0,0,ClimatePolicyID(4),"I **strongly support** government policies that mandate non-fossil fuel heating systems, rooftop solar panels, and high levels of insulation in all new housing developments. As someone deeply committed to environmental protection and global harmony, I believe that reducing our reliance on fossil fuels is essential for preserving the planet for future generations. These policies align with my values of equality and sustainability, ensuring that all communities benefit from cleaner, more efficient living conditions without placing an unfair burden on any group."
416.0,1,ClimatePolicyID(4),"I **strongly support** this policy. As someone deeply committed to environmental protection and global harmony, I believe that transitioning to non-fossil fuel heating and renewable energy sources is essential for reducing our carbon footprint and ensuring a sustainable future for all. Rooftop solar panels and high insulation not only align with my values of equality and sustainability but also promote energy independence and reduce long-term costs for residents, which I see as a fair and just outcome for everyone."
416.0,2,ClimatePolicyID(4),"I **strongly support** government policies that mandate non-fossil fuel heating systems, rooftop solar panels, and high levels of insulation in all new housing developments. As someone deeply committed to environmental protection and global harmony, I believe that reducing our reliance on fossil fuels is essential for preserving the planet for future generations. These policies align with my values of equality and sustainability, ensuring that all communities benefit from cleaner, more efficient living conditions without placing an unfair burden on any group."
416.0,3,ClimatePolicyID(4),"I **strongly support** government policies that mandate non-fossil fuel heating systems, rooftop solar panels, and high levels of insulation in all new housing developments. As someone deeply committed to environmental protection and global harmony, I believe that reducing our reliance on fossil fuels is essential for preserving the planet for future generations. These policies align with my values of equality and sustainability, ensuring that all communities benefit from cleaner, more efficient living conditions without placing an unfair burden on any group."
416.0,4,ClimatePolicyID(4),"I **strongly support** this policy. As someone deeply committed to environmental protection and global harmony, I believe that reducing reliance on fossil fuels is essential for preserving the planet. Mandating non-fossil fuel heating, solar panels, and high insulation aligns with my values of sustainability and equality, ensuring that all communities benefit from cleaner, more efficient living conditions without placing an unfair burden on any group. I also trust that innovation and collective responsibility can drive progress, rather than relying on outdated systems that harm both people and the planet."
416.0,5,ClimatePolicyID(4),"I **strongly support** government policies that mandate non-fossil fuel heating systems, rooftop solar panels, and high levels of insulation in all new housing developments. As someone deeply committed to environmental protection and global harmony, I believe these measures are essential for reducing our carbon footprint and ensuring a sustainable future for all. I also see them as a fair and equal approach, as they apply to everyone and help level the playing field in terms of energy efficiency and environmental responsibility."
416.0,0,ClimatePolicyID(5),"I slightly oppose a carbon tax with public distribution because, while I support environmental protection, I am concerned that such a policy could be used as a tool for political leverage or mismanagement of public funds. Given my skepticism of authority and preference for direct, transparent solutions, I worry that the complexity of implementing and distributing the tax revenue might lead to inefficiencies or unfairness, rather than the intended benefit for all citizens."
416.0,1,ClimatePolicyID(5),"I would likely support a carbon tax with public distribution because it aligns with my strong environmental values and belief in equal opportunity. I think it’s a fair way to address climate change while ensuring the public benefits directly from the transition away from fossil fuels. However, I remain cautious about how the funds are managed and distributed, as I’m skeptical of government efficiency and want to ensure the system is transparent and free from political manipulation."
416.0,2,ClimatePolicyID(5),"I would likely support a carbon tax with public distribution because it aligns with my strong environmental values and belief in equal opportunity. I think it’s a fair way to address climate change while ensuring the public benefits directly, which I see as more transparent than letting governments decide how to use the funds. However, I’m still cautious about the potential for mismanagement or political exploitation, which makes me slightly hesitant."
416.0,3,ClimatePolicyID(5),"I would likely support a carbon tax with public distribution because it aligns with my strong environmental values and belief in equal opportunity. I think it’s a fair way to address climate change while ensuring the public benefits directly, which I see as more transparent than letting corporations or governments control the funds. However, I remain cautious about how the policy is implemented, fearing it could be mismanaged or used as a political tool, which makes me slightly hesitant."
416.0,4,ClimatePolicyID(5),"I would slightly oppose the carbon tax with public distribution because, while I support environmental protection, I'm skeptical of government-led solutions and worry about how the funds might be mismanaged or used for political gain. However, I do recognize the importance of addressing climate change and would be more supportive if the policy were transparent, directly funded by polluters, and clearly tied to environmental goals rather than general public distribution."
416.0,5,ClimatePolicyID(5),"I would likely support a carbon tax with public distribution because it directly addresses environmental harm and redistributes wealth in a way that aligns with my values of equality and caring for the planet. However, I remain cautious due to my skepticism of government efficiency and fear that the system could be mismanaged or exploited, which might undermine the intended benefits."
416.0,0,ClimatePolicyID(6),"I **strongly support** government policies that compensate people in other countries impacted by climate change. As someone deeply committed to environmental justice and global harmony, I believe that those who have contributed the least to climate change—often the most vulnerable—should not bear the brunt of its consequences. My values of equality, solidarity, and responsibility to all lifeforms compel me to support fair and just solutions that address the global nature of this crisis."
416.0,1,ClimatePolicyID(6),"I **strongly support** government policies that compensate people in other countries impacted by climate change. As someone who values global harmony, environmental justice, and equal opportunity, I believe it’s morally and ethically necessary to support those who have contributed the least to the crisis but are suffering the most. I reject the idea that any group should bear the burden of climate change alone, and I see this as a matter of fairness and solidarity, not just charity."
416.0,2,ClimatePolicyID(6),"I **strongly support** government policies that compensate people in other countries impacted by climate change. As someone deeply committed to environmental justice and global harmony, I believe that those who have contributed the least to climate change—often the most vulnerable—should not bear the brunt of its consequences. My values of equality, solidarity, and responsibility to all lifeforms compel me to support fair and just solutions that address the global nature of this crisis."
416.0,3,ClimatePolicyID(6),"I **strongly support** government policies that compensate people in other countries impacted by climate change. As someone deeply committed to environmental justice and global harmony, I believe that those who have contributed the least to climate change—often the most vulnerable—should not bear the brunt of its consequences. My values of equality, solidarity, and responsibility to all lifeforms compel me to support fair and just solutions that address the global nature of this crisis."
416.0,4,ClimatePolicyID(6),"I **strongly support** government policies that compensate people in other countries impacted by climate change. As someone deeply committed to environmental justice and global harmony, I believe that those who have contributed the least to climate change—often the most vulnerable—should not bear the brunt of its consequences. My values of equality, solidarity, and responsibility to all lifeforms compel me to support fair and just solutions that address the global nature of this crisis."
416.0,5,ClimatePolicyID(6),"I **strongly support** government policies that compensate people in other countries impacted by climate change. As someone who values global harmony, environmental justice, and equal opportunity, I believe it’s morally and ethically necessary to support those who have contributed the least to climate change but are suffering the most. I reject the idea that any group should bear the burden of a crisis they didn’t create, and I’m deeply skeptical of leaders who would ignore this responsibility for the sake of national interests or political expediency."
155.0,0,ClimatePolicyID(1),"I somewhat support the acceleration of renewable energy production because I believe in treating all lifeforms on Earth with respect and reducing harm to the environment. While I am not an active environmental champion, I recognize the importance of moving away from fossil fuels and supporting sustainable practices that benefit future generations. I also appreciate the potential for technological advancement and job creation in this sector, which aligns with my value of personal success and progress."
155.0,1,ClimatePolicyID(1),"I would somewhat support accelerating the roll-out of renewable energy because I believe in treating all lifeforms with respect and reducing harm to the environment, even if it's not my primary focus. I also appreciate the potential for job creation and technological advancement, which aligns with my value of personal success. However, I might be cautious about the disruption caused by new wind farms near my home, and I could be concerned about the costs and how they might affect my limited income."
155.0,2,ClimatePolicyID(1),"I would support accelerating the roll-out of renewable energy to some extent because I believe in treating all lifeforms with respect and reducing harm to the environment, even if it's not my top priority. I also see the potential for job creation and technological progress, which aligns with my value of personal success. However, I might oppose it if it leads to significant disruption of local communities or landscapes, as I value stability and have a general respect for traditional ways of life."
155.0,3,ClimatePolicyID(1),"I would support accelerating the roll-out of renewable energy to some extent because I believe in treating all lifeforms with respect and reducing harm to the environment, even if it's not my top priority. I also appreciate the potential for job creation and technological advancement, which aligns with my value of personal success and progress. However, I might oppose it if it leads to significant disruption in my local area, like more wind farms near my home, as I value stability and familiarity in my daily life."
155.0,4,ClimatePolicyID(1),"I would support accelerating the roll-out of renewable energy production because I believe in treating all lifeforms with respect and reducing harm to the environment, even if it's not my primary focus. I also appreciate the potential for job creation and technological advancement, which aligns with my value of personal success and progress. However, I might oppose it if it leads to significant disruption of local communities or landscapes, as I value stability and have a general respect for traditional ways of living."
155.0,5,ClimatePolicyID(1),"I would somewhat support accelerating the roll-out of renewable energy, as I believe in treating all lifeforms with respect and reducing harm to the environment. I recognize the importance of moving away from fossil fuels and supporting sustainable practices that benefit future generations. However, I am also concerned about the potential disruption to local communities and landscapes, which I value and have lived within for many years."
155.0,0,ClimatePolicyID(2),"I am neutral on the ban of new oil, gas, and coal licenses because I value economic stability and job creation, especially for communities that rely on these industries. However, I also recognize the importance of environmental protection and the long-term health of our planet. Given my respect for nature and belief in equal treatment of all life, I understand the need to transition to cleaner energy, but I am cautious about abrupt changes that could disrupt livelihoods and regional economies."
155.0,1,ClimatePolicyID(2),"I would likely support a ban on new oil, gas, and coal licenses because I believe all lifeforms should be treated equally and that no single species should dominate the planet. However, I also value economic stability and job creation, especially for communities that rely on these industries, which makes me cautious about abrupt changes that could disrupt livelihoods. Given my slightly right-of-centre views and respect for tradition, I would prefer a gradual transition rather than an outright ban."
155.0,2,ClimatePolicyID(2),"I would likely support a ban on new oil, gas, and coal licenses because I believe all lifeforms should be treated equally and that no single species should dominate the planet. However, I am cautious about such a ban because I value economic stability and job creation, especially for communities that rely on these industries. I want to see a transition to cleaner energy, but I worry about the impact on local economies and the livelihoods of people who depend on these jobs."
155.0,3,ClimatePolicyID(2),"I would likely support a ban on new oil, gas, and coal licenses because I believe all lifeforms should be treated equally and that no single species should dominate the planet. However, I am cautious about abrupt changes that could disrupt the livelihoods of communities that rely on these industries, especially since I value economic stability and job creation."
155.0,4,ClimatePolicyID(2),"I would likely support a ban on new oil, gas, and coal licenses because I believe all lifeforms should be treated equally and that no single species, including humans, should dominate the planet. However, I also value economic stability and job creation, especially for communities that rely on these industries, which makes me cautious about abrupt changes that could disrupt livelihoods and regional economies."
155.0,5,ClimatePolicyID(2),"I would likely support a ban on new oil, gas, and coal licenses because I believe all lifeforms should be treated equally and that no single species should dominate the planet. However, I am cautious about such a ban because I value economic stability and job creation, especially for communities that rely on these industries, and I want to avoid abrupt changes that could disrupt livelihoods."
155.0,0,ClimatePolicyID(3),"I am neutral on the ban of new petrol car sales by 2030. While I understand the environmental benefits of reducing carbon emissions, I also value personal choice and practicality in transportation. Given my respect for tradition and reliance on familiar methods, I am cautious about rapid changes that may disrupt daily life, especially for those who may find it difficult to transition to electric vehicles."
155.0,1,ClimatePolicyID(3),"I'm neutral on the ban of new petrol car sales by 2030. While I understand the environmental benefits, I value personal choice and practicality, especially for older people like myself who may find it difficult to switch to electric vehicles. I also respect tradition and am cautious about rapid changes that could disrupt daily life, even if they are for a good cause."
155.0,2,ClimatePolicyID(3),"I would likely be neutral on the ban of new petrol car sales by 2030. While I understand the environmental benefits and long-term goals of reducing carbon emissions, I value personal choice and practicality in transportation. Given my respect for tradition and reliance on familiar methods, I am cautious about rapid changes that may disrupt daily life, especially for those who may find it difficult to transition to electric vehicles. However, I do believe in equal opportunity and treating all lifeforms with respect, so I can see the argument for a more sustainable future."
155.0,3,ClimatePolicyID(3),"I would likely be neutral on the ban of new petrol car sales by 2030. While I understand the environmental benefits and the push for cleaner energy, I value personal choice and practicality, especially for someone my age and with my income level. I'm cautious about rapid changes that could disrupt daily life, and I worry that not everyone would be able to easily switch to electric vehicles, which might place an unfair burden on some. However, I do believe in equal opportunities, so I can see the logic in moving towards a more sustainable future, as long as it's done thoughtfully and fairly."
155.0,4,ClimatePolicyID(3),"I would likely be neutral on the ban of new petrol car sales by 2030. While I understand the environmental benefits of reducing carbon emissions, I also value personal choice and practicality in transportation. Given my respect for tradition and reliance on familiar methods, I am cautious about rapid changes that may disrupt daily life, especially for those who may find it difficult to transition to electric vehicles. However, I do believe in equal opportunities and treating all lifeforms with respect, so I can see the long-term value in moving away from fossil fuels."
155.0,5,ClimatePolicyID(3),"I would likely be neutral on the ban of new petrol car sales by 2030. While I understand the environmental benefits and long-term goals of reducing carbon emissions, I value personal choice and practicality, especially for older people like myself who may find it difficult to adapt to new technologies. I respect tradition and am cautious about rapid changes that could disrupt daily life, so I would be more supportive if the transition was gradual and supported by adequate infrastructure and financial assistance."
155.0,0,ClimatePolicyID(4),"I somewhat support government policies that mandate non-fossil fuel heating systems, rooftop solar panels, and high levels of insulation in new housing developments. While I value environmental protection and believe all lifeforms should be treated equally, I also appreciate practicality and cost-effectiveness. I recognize the long-term benefits of sustainable housing for both the environment and future generations, but I also understand the importance of balancing these goals with economic realities and the need for affordable housing solutions."
155.0,1,ClimatePolicyID(4),"I would support these policies to a moderate extent. I believe in treating all lifeforms equally and see the long-term benefits of sustainable housing for the environment and future generations. However, I also value practicality and cost-effectiveness, and I worry that such mandates could increase housing costs, which might be a burden for someone with a modest income like mine."
155.0,2,ClimatePolicyID(4),"I would support these policies to a moderate extent. I believe in treating all lifeforms equally and see the long-term benefits of reducing fossil fuel dependence, which aligns with my values. However, I also care about practicality and affordability, especially given my income level, so I would want to ensure that these measures don't make housing unaffordable or overly burdensome for homeowners."
155.0,3,ClimatePolicyID(4),"I would support these policies to a moderate extent. I believe in treating all lifeforms equally and see the long-term benefits of sustainable housing for the environment and future generations. However, I also value practicality and cost-effectiveness, and I’m concerned about the potential financial burden on homeowners, especially those with limited incomes like mine. I think there’s a balance to be struck between environmental responsibility and economic feasibility."
155.0,4,ClimatePolicyID(4),"I would support these policies to a moderate extent. I believe in treating all lifeforms equally and see the long-term benefits of sustainable housing for the environment and future generations. However, I also value practicality and cost-effectiveness, and I worry that such mandates could increase housing costs, which might be difficult for someone with a modest income like mine to manage."
155.0,5,ClimatePolicyID(4),"I would support these policies to a moderate extent. I believe in treating all lifeforms equally and see the long-term benefits of reducing fossil fuel dependence, which aligns with my environmental values. However, I also care about practicality and affordability, especially given my income level, so I would be concerned about the potential cost and complexity of implementing such requirements for new housing."
155.0,0,ClimatePolicyID(5),"I am neutral on the policy of imposing a carbon tax and distributing the revenue to the public. While I understand the environmental benefits of reducing fossil fuel use, I am concerned about the potential economic impact on everyday people and businesses. Given my values of respecting tradition and societal norms, I am cautious about rapid changes that could disrupt established ways of life, even if they aim to protect the planet."
155.0,1,ClimatePolicyID(5),"Given my age, income level, and values, I would likely support a carbon fee and dividend policy, but with some reservations. I understand that reducing carbon emissions is important for the planet, and I respect the idea of using revenue to help people, especially since it could provide a direct financial benefit. However, I am cautious about rapid changes that might disrupt traditional ways of life, and I worry about the potential impact on local businesses and my community."
155.0,2,ClimatePolicyID(5),"Given my age, income level, and values, I would likely be neutral on a carbon tax with dividend. On one hand, I understand the need to protect the environment and see the idea of returning money to the public as fair. On the other hand, I worry about the potential impact on local businesses and the cost of living, especially for someone on a fixed income. I respect tradition and am cautious about rapid change, so I'd prefer a gradual approach if at all."
155.0,3,ClimatePolicyID(5),"I'm somewhat neutral on the carbon fee and dividend policy. On one hand, I understand that reducing carbon emissions is important for the environment, and I do believe in fairness—so giving the money back to the public seems reasonable. But on the other hand, I'm worried about how this might affect local businesses and my own budget, especially with my income level. I value stability and tradition, so I'm cautious about big changes that could disrupt the way things are now."
155.0,4,ClimatePolicyID(5),"I would likely support a carbon tax with dividend payments, but only if it's implemented carefully. On one hand, I understand the need to protect the environment and believe all life should be treated equally, so I don't want to see the planet ruined for future generations. On the other hand, I'm cautious about sudden changes that might hurt everyday people, especially with my limited income, and I value stability and tradition, so I'd want to make sure the policy doesn't disrupt the way things are done."
155.0,5,ClimatePolicyID(5),"Given my age, income level, and cautious approach to change, I would likely be neutral or slightly supportive of a carbon tax with dividend payments. I understand the environmental benefits and see the dividend as a way to help people, especially those on fixed incomes like mine. However, I'm concerned about how such a policy might affect local businesses and the economy, and I value stability and tradition, so I'd want to see clear safeguards and gradual implementation."
155.0,0,ClimatePolicyID(6),"I hold a neutral position on compensating people in other countries impacted by climate change because I believe in fairness and equal opportunity for all, but I also value practicality and responsibility. While I understand the moral obligation to support those most affected, I am cautious about how such policies are implemented, ensuring they are fair, effective, and do not create unintended consequences."
155.0,1,ClimatePolicyID(6),"I would support government policies that compensate people in other countries impacted by climate change, as I believe in fairness and equal opportunity for all. However, I would also be cautious about how such policies are implemented, ensuring they are practical, effective, and do not create unintended consequences. My support is rooted in a belief that no group should be left to suffer disproportionately, but I value responsibility and would want to ensure that aid is given wisely and with accountability."
155.0,2,ClimatePolicyID(6),"I would support government policies that compensate people in other countries impacted by climate change because I believe in fairness and equal opportunity for all, and I think it's right that those least responsible for climate change should not bear the brunt of its effects. However, I would be cautious about how such policies are implemented, ensuring they are fair, effective, and do not create unintended consequences or place an unfair burden on my own country."
155.0,3,ClimatePolicyID(6),"I would likely support government policies that compensate people in other countries impacted by climate change, as I believe in fairness and equal opportunity for all. However, I would also be cautious about how such policies are implemented, ensuring they are practical, responsible, and do not create unintended consequences. My support is rooted in a belief that no group should be left to suffer disproportionately, but I value stability and effectiveness in policy, which makes me wary of overly complex or poorly managed international aid."
155.0,4,ClimatePolicyID(6),"I would likely support government policies that compensate people in other countries impacted by climate change, as I believe in fairness and equal opportunity for all. However, I would be cautious about how such policies are implemented, ensuring they are fair, effective, and do not create unintended consequences. My support is rooted in a belief that no group should be left to suffer more than others, but I also value practicality and responsibility in how we address global challenges."
155.0,5,ClimatePolicyID(6),"I would likely support government policies that compensate people in other countries impacted by climate change, as I believe in fairness and equal opportunity for all. However, I would be cautious about how such policies are implemented, ensuring they are practical, effective, and do not create unintended consequences. My support is rooted in a belief that no group should be left to suffer unnecessarily, but I also value responsibility and the need for clear, fair systems."
1635.0,0,ClimatePolicyID(1),"I slightly support accelerating the roll-out of renewable energy production because I believe in protecting the environment and ensuring a sustainable future for all. As someone who values global harmony and equal opportunities, I see renewable energy as a way to reduce harm to the planet and create fairer access to resources for future generations. While I support this direction, I remain cautious about the potential disruptions and challenges that rapid development might bring, especially in communities that may be affected by new infrastructure."
1635.0,1,ClimatePolicyID(1),"I slightly support accelerating the roll-out of renewable energy because it aligns with my values of protecting the environment and ensuring a fairer future for all. I believe renewable energy can help reduce harm to the planet and create opportunities for communities, especially in the North West where I live. However, I'm cautious about the potential disruptions to local areas and the risk of large projects being imposed without enough community input, which could feel like another form of top-down control."
1635.0,2,ClimatePolicyID(1),"I slightly support accelerating the roll-out of renewable energy because it aligns with my values of environmental protection and long-term sustainability. I believe clean energy can help reduce harm to the planet and create fairer access to resources for future generations. However, I also worry about the potential disruptions to local communities, especially in the North West where I live, and the impact on livelihoods and landscapes. I want to see this done responsibly, not just for the environment, but for the people who live here too."
1635.0,3,ClimatePolicyID(1),"I slightly support accelerating the roll-out of renewable energy because it aligns with my values of environmental protection and fairness for future generations. I believe clean energy can help reduce harm to the planet and create opportunities for communities, especially in the North West where I live. However, I’m cautious about how this is implemented—especially if it affects local communities or disrupts traditional ways of life. I want to see it done responsibly, without forcing change on people who might not be ready or prepared for it."
1635.0,4,ClimatePolicyID(1),"I slightly support accelerating the roll-out of renewable energy because it aligns with my values of protecting the environment and ensuring a fairer future for all. I believe renewable energy can help reduce harm to the planet and create opportunities for communities, especially in the North West where I live. However, I’m cautious about how this is implemented, as I worry about the impact on local areas and the potential for disruption in my community."
1635.0,5,ClimatePolicyID(1),"I slightly support accelerating the roll-out of renewable energy because I care about the environment and believe in a sustainable future for everyone, especially for future generations. However, I'm cautious about how this might affect local communities, especially in the North West where I live, and I worry about the disruption and potential job losses in traditional industries."
1635.0,0,ClimatePolicyID(2),"I **somewhat support** government policies that ban new oil, gas, and coal licenses because I believe in protecting the environment and ensuring a sustainable future for all life on Earth. Given my values of global harmony, equal opportunity, and respect for nature, I see such a ban as a necessary step toward reducing harm to the planet and promoting long-term well-being for future generations."
1635.0,1,ClimatePolicyID(2),"I **somewhat support** government policies that ban new oil, gas, and coal licenses because I believe in protecting the environment and ensuring a sustainable future for all life on Earth. Given my values of global harmony, equal opportunity, and respect for nature, I see such a ban as a necessary step toward reducing harm to the planet and promoting long-term well-being for future generations. However, I also worry about the economic impact on communities like mine, especially with a low income, and I’m not sure how quickly we can transition without causing hardship."
1635.0,2,ClimatePolicyID(2),"I **somewhat support** government policies that ban new oil, gas, and coal licenses because I believe in protecting the environment and ensuring a sustainable future for all life on Earth. Given my values of global harmony, equal opportunity, and respect for nature, I see such a ban as a necessary step toward reducing harm to the planet and promoting long-term well-being for future generations. However, I also worry about the economic impact on communities like mine, especially with a low income, and the potential for job losses in industries that might be affected."
1635.0,3,ClimatePolicyID(2),"I **somewhat support** government policies that ban new oil, gas, and coal licenses because I believe in protecting the environment and ensuring a sustainable future for all life on Earth. Given my values of global harmony, equal opportunity, and respect for nature, I see such a ban as a necessary step toward reducing harm to the planet and promoting long-term well-being for future generations. However, I also worry about the economic impact on local communities, especially in areas like the North West where jobs in these industries might be limited, and I’m not sure how well the government is preparing for the transition."
1635.0,4,ClimatePolicyID(2),"I **somewhat support** government policies that ban new oil, gas, and coal licenses because I believe in protecting the environment and ensuring a sustainable future for all life on Earth. Given my values of global harmony, equal opportunity, and respect for nature, I see such a ban as a necessary step toward reducing harm to the planet and promoting long-term well-being for future generations. However, I also worry about the economic impact on communities like mine, especially with such a low income, and I’m not sure how quickly we can transition without causing hardship."
1635.0,5,ClimatePolicyID(2),"I **somewhat support** government policies that ban new oil, gas, and coal licenses. On one hand, I believe in protecting the environment and ensuring a sustainable future for all life on Earth, which aligns with my values of caring for nature and global harmony. On the other hand, I’m aware of the economic realities in places like the North West, where jobs in these industries can be important for some people, and I don’t want to see communities left behind without clear alternatives."
1635.0,0,ClimatePolicyID(3),"I **strongly support** the ban on the sale of new petrol cars by 2030. As someone deeply committed to environmental protection and global harmony, I believe transitioning to cleaner transportation is essential for reducing carbon emissions and preserving the planet for future generations. This policy aligns with my values of equality and sustainability, ensuring that all communities can benefit from a healthier environment without being disproportionately affected by pollution."
1635.0,1,ClimatePolicyID(3),"I **strongly support** the ban on new petrol cars by 2030. As someone who cares deeply about the environment and believes in equal opportunities for all, I see this as a necessary step to reduce pollution and create a healthier planet for future generations. I also think it’s fair that everyone, regardless of background, should have access to cleaner, more sustainable transportation options. 

However, I’m also aware that people with lower incomes, like myself, might struggle with the cost of switching to electric vehicles, which could create a new kind of inequality. But I still believe the long-term benefits for the environment and public health outweigh those challenges."
1635.0,2,ClimatePolicyID(3),"I **strongly support** the ban on new petrol cars by 2030. As someone who cares deeply about the environment and believes in equal opportunities for all, I see this as a necessary step to reduce pollution and create a healthier future for everyone, especially those in lower-income communities who are often most affected by environmental harm. While I understand the potential economic concerns, I believe the long-term benefits for public health and the planet outweigh the short-term challenges."
1635.0,3,ClimatePolicyID(3),"I **strongly support** the ban on new petrol cars by 2030. As someone who cares deeply about the environment and wants to protect the planet for future generations, I see this as a necessary step to reduce carbon emissions and fight climate change. Even though I’m not wealthy and live in a region that’s not always at the forefront of green initiatives, I believe in equal opportunities for all, and clean energy should be accessible to everyone, not just the privileged."
1635.0,4,ClimatePolicyID(3),"I **strongly support** the ban on new petrol cars by 2030. As someone who cares deeply about the environment and wants to protect the planet for future generations, I believe this policy is necessary to reduce carbon emissions and combat climate change. I also see it as a step toward greater equality, as it ensures that all communities, including those in the North West, can benefit from cleaner air and a healthier environment without being burdened by the negative effects of pollution."
1635.0,5,ClimatePolicyID(3),"I **strongly support** the ban on new petrol cars by 2030. As someone who cares deeply about the environment and believes in equal opportunities for all, I see this as a necessary step to reduce pollution and create a healthier planet for future generations. I also think it's fair that everyone, regardless of background, should have access to cleaner, more sustainable transportation without being burdened by outdated, harmful technologies."
1635.0,0,ClimatePolicyID(4),"I **strongly support** government policies that mandate non-fossil fuel heating systems, rooftop solar panels, and high-level insulation in all new housing developments. As someone deeply committed to environmental protection and global harmony, I believe these measures are essential for reducing carbon emissions and creating a more sustainable future. I value taking risks and trying new things, and I see these policies as a proactive step toward a healthier planet and more equitable society for all."
1635.0,1,ClimatePolicyID(4),"I **strongly support** this policy because it aligns with my deep commitment to environmental protection and sustainability. As someone who values equal opportunities and global harmony, I believe that reducing carbon emissions through mandatory green standards in new housing is a necessary step toward a more just and healthy planet for all. I also appreciate taking risks and trying new things, and I see these policies as a proactive way to innovate and create a better future."
1635.0,2,ClimatePolicyID(4),"I **strongly support** this policy. As someone who values environmental protection and believes in equal opportunities for all, I see these measures as essential for creating a sustainable future and reducing the carbon footprint of new housing. I also appreciate taking risks and trying new things, and I think investing in green technology is a proactive step toward a healthier planet.

However, I also understand that for someone with a low income like mine, the upfront costs of these systems could be a burden. But I believe the long-term benefits—like lower energy bills and a cleaner environment—make it worthwhile, and I think the government should help offset those costs to ensure fairness."
1635.0,3,ClimatePolicyID(4),"I **strongly support** this policy. As someone who cares deeply about the environment and believes in equal opportunities for all, I see these measures as essential for creating a sustainable future and reducing the environmental impact of housing. I value taking risks and trying new things, and I think investing in green technology is a proactive step toward a healthier planet.

However, I also understand that as someone with a low income, I might be concerned about the cost of such policies if they lead to higher housing prices or make it harder for people like me to afford homes. But my commitment to the environment and long-term societal well-being outweighs these concerns."
1635.0,4,ClimatePolicyID(4),"I **strongly support** this policy because it aligns with my deep commitment to environmental protection and sustainability. As someone who values taking risks and trying new things, I see these measures as a necessary step toward a healthier planet and a more equitable society. I believe that everyone, regardless of background, should have access to clean, sustainable living conditions, which I think is a fair and just outcome."
1635.0,5,ClimatePolicyID(4),"I **strongly support** this policy. As someone who cares deeply about the environment and believes in equal opportunities for all, I see these measures as essential for creating a sustainable future and reducing the carbon footprint of new housing. I value taking risks and trying new things, and I think investing in green technology is a responsible and forward-thinking approach that benefits both the planet and future generations."
1635.0,0,ClimatePolicyID(5),"I **somewhat support** government policies that impose a carbon tax on fossil fuel sales and distribute the tax revenues to the public. As someone deeply committed to environmental protection and social equity, I believe a carbon fee and dividend system aligns with my values of sustainability and equal opportunity. By taxing carbon emissions, we take a necessary step toward reducing pollution, and returning the revenue to the public ensures that the burden is shared fairly, supporting both environmental and economic justice."
1635.0,1,ClimatePolicyID(5),"I **somewhat support** a carbon fee and dividend policy because it aligns with my belief in environmental protection and fairness. I care about the planet and think it’s important to reduce carbon emissions, and returning the money to the public seems like a fair way to handle the costs. However, I’m not sure how it would affect people like me who are already struggling financially, and I’m skeptical about big government solutions, even if they sound good on paper."
1635.0,2,ClimatePolicyID(5),"I **somewhat support** a carbon fee and dividend policy because it aligns with my values of environmental protection and fairness. I believe taxing fossil fuels is necessary to reduce pollution, and returning the money to the public ensures that the burden isn’t unfairly placed on low-income people like me. However, I’m not fully sure how it would be implemented, and I’m wary of government overreach, especially since I voted for Brexit and have a general skepticism of big institutions."
1635.0,3,ClimatePolicyID(5),"I **somewhat support** a carbon tax with dividend because it aligns with my environmental values and the idea of fairness—taxing those who pollute and giving the money back to people. But I'm not sure how it would work in practice, especially with my low income, and I'm still skeptical about big government solutions. Plus, I voted for Brexit, so I'm not fully on board with all the left-leaning policies I've heard about."
1635.0,4,ClimatePolicyID(5),"I **somewhat support** a carbon tax with dividend, but I'm not fully on board. On one hand, I care about the environment and think it's fair to make polluters pay, and giving the money back to people makes sense. But I'm not sure how it would work in practice, especially with my income being so low—I wonder if the dividend would actually help me or if it would just go to bigger companies. Plus, I voted Brexit, so I'm skeptical of big government solutions, even if they sound good on paper."
1635.0,5,ClimatePolicyID(5),"I **somewhat support** a carbon tax with dividend because it aligns with my environmental values and the idea of fairness—taxing pollution and giving money back to people makes sense. But I’m not sure how it would work in practice, especially with my income being so low, and I worry about how it might affect small businesses or my community. Plus, I’m still thinking about how it fits with my views on Brexit and national control."
1635.0,0,ClimatePolicyID(6),"I **strongly support** government policies that compensate people in other countries impacted by climate change. As someone deeply committed to environmental justice and global harmony, I believe climate change disproportionately affects vulnerable communities, many of whom have contributed the least to the crisis. I reject the idea that any group should bear the brunt of environmental harm without support, and I value equal opportunities for all people, regardless of geography or background."
1635.0,1,ClimatePolicyID(6),"I **strongly support** government policies that compensate people in other countries impacted by climate change. As someone who values global harmony and equal opportunities, I believe climate change disproportionately affects those who have contributed the least to the crisis, and I reject the idea that any group should bear the brunt of environmental harm without support. My background and values align with fairness and environmental justice, and I see this as a moral and ethical responsibility."
1635.0,2,ClimatePolicyID(6),"I **strongly support** government policies that compensate people in other countries impacted by climate change. As someone who values global harmony and equal opportunities, I believe climate change hits the most vulnerable hardest, and it's not fair that those who contributed least to the problem should suffer the most. I also care deeply about environmental justice and feel that helping others, especially when they’re struggling, is a moral duty."
1635.0,3,ClimatePolicyID(6),"I **strongly support** government policies that compensate people in other countries impacted by climate change. As someone who values global harmony and equal opportunities, I believe it's morally right to help those who have contributed least to the crisis but suffer most from its effects. My background and values push me toward fairness and environmental justice, even if I sometimes feel powerless to effect change on a larger scale."
1635.0,4,ClimatePolicyID(6),"I **strongly support** government policies that compensate people in other countries impacted by climate change. As someone who values global harmony and equal opportunities, I believe climate change disproportionately affects those who contributed the least to the crisis, and I reject the idea that any group should suffer without support. My background and values align with environmental justice, and I see this as a moral and ethical responsibility, not just a political stance."
1635.0,5,ClimatePolicyID(6),"I **strongly support** government policies that compensate people in other countries impacted by climate change. As someone who values global harmony and equal opportunities, I believe climate change disproportionately affects vulnerable communities, many of whom have contributed the least to the crisis. I reject the idea that any group should bear the brunt of environmental harm without support, and I value equal opportunities for all people, regardless of geography or background."
1382.0,0,ClimatePolicyID(1),"I **slightly support** government policies that accelerate the roll-out of renewable energy production, such as more offshore and onshore wind parks. As someone deeply committed to environmental protection and global harmony, I believe transitioning to renewable energy is essential for reducing our carbon footprint and ensuring a sustainable future. However, I also value careful planning and community engagement to ensure these projects are implemented in ways that respect local environments and communities."
1382.0,1,ClimatePolicyID(1),"I **strongly support** government policies that accelerate the roll-out of renewable energy production, like more offshore and onshore wind parks. As someone deeply committed to environmental protection and global harmony, I see this as a necessary step toward reducing our carbon footprint and ensuring a sustainable future for future generations. While I value community engagement and careful planning, I believe the long-term benefits of clean energy far outweigh the short-term disruptions, especially when done with transparency and respect for local concerns."
1382.0,2,ClimatePolicyID(1),"I **strongly support** government policies that accelerate the roll-out of renewable energy production, like more offshore and onshore wind parks. As someone deeply committed to environmental protection and global harmony, I see this as a necessary step to reduce our carbon footprint and ensure a sustainable future for future generations. While I value community engagement and careful planning, I believe the long-term benefits of transitioning to clean energy far outweigh any short-term disruptions, especially when done with transparency and respect for local concerns."
1382.0,3,ClimatePolicyID(1),"As someone deeply committed to environmental protection and global harmony, I **strongly support** government policies that accelerate the roll-out of renewable energy production. I believe transitioning to clean energy is essential for reducing our carbon footprint and ensuring a sustainable future, especially given Scotland's potential as a leader in green technology. However, I also value community engagement and careful planning to ensure these projects respect local environments and avoid unnecessary disruption."
1382.0,4,ClimatePolicyID(1),"As someone deeply committed to environmental protection and global harmony, I **strongly support** government policies that accelerate the roll-out of renewable energy production. I believe transitioning to renewables is essential for reducing our carbon footprint and ensuring a sustainable future, especially given Scotland's potential as a green energy leader. However, I also value community engagement and careful planning to ensure these projects respect local environments and communities, which aligns with my belief in balancing progress with environmental and social responsibility."
1382.0,5,ClimatePolicyID(1),"As someone deeply committed to environmental protection and global harmony, I **strongly support** government policies that accelerate the roll-out of renewable energy, like offshore and onshore wind parks. I see this as a necessary step toward reducing our carbon footprint and ensuring a sustainable future for all. However, I also value community engagement and careful planning to ensure these projects respect local environments and avoid unnecessary disruption."
1382.0,0,ClimatePolicyID(2),"I hold a neutral position on banning new oil, gas, and coal licenses because I value environmental protection and long-term sustainability, which align with my commitment to caring for nature and global harmony. However, I also recognize the economic and practical realities of transitioning away from fossil fuels, and I believe a balanced approach that supports renewable energy while managing the transition responsibly is more aligned with my values of fairness and progress."
1382.0,1,ClimatePolicyID(2),"Given my left-wing values and commitment to environmental protection, I would support a ban on new oil, gas, and coal licenses. I believe this aligns with my dedication to caring for nature and ensuring a sustainable future for all, especially as someone who values global harmony and equal opportunities. However, I also recognize the economic implications for workers and communities reliant on these industries, which might lead me to advocate for a more gradual transition with strong support for renewable energy and retraining programs."
1382.0,2,ClimatePolicyID(2),"Given my strong commitment to environmental protection and long-term sustainability, I would support a ban on new oil, gas, and coal licenses. I believe that prioritizing renewable energy aligns with my values of global harmony and caring for nature, and I see this as a necessary step to combat climate change. However, I also recognize the economic implications for workers and communities reliant on fossil fuels, which makes me cautious about the transition process and the need for fair support systems."
1382.0,3,ClimatePolicyID(2),"Given my left-wing values, commitment to environmental protection, and belief in long-term sustainability, I would strongly support a ban on new oil, gas, and coal licenses. I see this as a necessary step to address climate change and ensure a fairer, more sustainable future for all. However, I also recognize the economic implications for workers and communities reliant on these industries, which might lead me to advocate for a managed transition rather than an abrupt ban."
1382.0,4,ClimatePolicyID(2),"I support banning new oil, gas, and coal licenses because it aligns with my deep commitment to environmental protection and long-term sustainability—values I've consistently prioritized in my personal and political life. However, I remain cautious about the economic impact on workers and communities reliant on these industries, and I believe a fair transition plan is essential to uphold my principles of equality and social responsibility."
1382.0,5,ClimatePolicyID(2),"I support banning new oil, gas, and coal licenses because it aligns with my deep environmental values and long-term vision for a sustainable future. I believe that protecting the planet is a moral imperative and that investing in renewable energy is both ethical and economically sensible in the long run. However, I also recognize the need for a managed transition, especially for workers in fossil fuel industries, which makes me cautious about abrupt policy shifts without adequate support systems in place."
1382.0,0,ClimatePolicyID(3),"I **somewhat oppose** the ban on the sale of new petrol cars by 2030. While I strongly support environmental protection and reducing carbon emissions, I believe a more gradual and inclusive transition is necessary to ensure affordability and accessibility for all, especially in rural and lower-income areas. I value innovation and progress, but I also want to avoid policies that could disproportionately affect individuals and communities without adequate support or alternatives."
1382.0,1,ClimatePolicyID(3),"I **somewhat support** the ban on the sale of new petrol cars by 2030, as it aligns with my strong environmental values and belief in global harmony. However, I also worry about the potential impact on rural and lower-income communities who may struggle with the transition, and I believe the government should provide more support and alternatives to ensure fairness and accessibility."
1382.0,2,ClimatePolicyID(3),"I **somewhat support** the ban on the sale of new petrol cars by 2030, as it aligns with my strong environmental values and belief in global harmony. However, I remain cautious about the potential impact on rural and lower-income communities who may struggle with the transition, and I believe the government should provide more support and alternatives to ensure fairness and inclusivity."
1382.0,3,ClimatePolicyID(3),"I **somewhat support** the ban on the sale of new petrol cars by 2030, as it aligns with my strong environmental values and belief in global harmony. However, I also worry about the potential impact on rural and lower-income communities who may struggle with the transition, and I believe the government should provide more support and alternatives to ensure fairness and accessibility."
1382.0,4,ClimatePolicyID(3),"I **somewhat support** the ban on the sale of new petrol cars by 2030, as it aligns with my strong environmental values and belief in global harmony. However, I remain cautious about the potential impact on rural and lower-income communities who may struggle with the transition, and I worry that a strict deadline could lead to rushed, less sustainable solutions. I believe in progress, but only when it’s inclusive and balanced with social responsibility."
1382.0,5,ClimatePolicyID(3),"I **somewhat support** the ban on new petrol cars by 2030, as it aligns with my strong environmental values and commitment to reducing carbon emissions. However, I remain cautious about the potential impact on rural and lower-income communities who may struggle with the transition, and I believe the government should provide more support and infrastructure to ensure a fair and inclusive shift to electric vehicles."
1382.0,0,ClimatePolicyID(4),"I **strongly support** government policies that mandate non-fossil fuel heating systems, rooftop solar panels, and high levels of insulation in all new housing developments. As someone deeply committed to environmental protection and sustainable living, I believe these measures are essential to reducing carbon emissions and combating climate change. My values of global harmony, equal opportunity, and responsibility to future generations align with the need for collective action to create a more sustainable and equitable society."
1382.0,1,ClimatePolicyID(4),"I **strongly support** this policy. As someone deeply committed to environmental protection and sustainability, I see these measures as essential to reducing carbon emissions and ensuring a livable planet for future generations. My left-wing values, belief in equal opportunity, and concern for global harmony align with the idea that society should take collective responsibility for the environment, rather than allowing individual or corporate interests to dominate.

That said, I could be concerned about the upfront costs and potential delays in housing developments, especially in areas with high demand. However, given my income and values, I believe the long-term benefits—both environmental and social—far outweigh these challenges."
1382.0,2,ClimatePolicyID(4),"**Support: 9/10**

As someone deeply committed to environmental protection and sustainable living, I strongly support government policies that mandate non-fossil fuel heating systems, rooftop solar panels, and high levels of insulation in new housing. These measures align with my values of global harmony, equal opportunity, and responsibility to future generations. I believe that collective action is necessary to combat climate change and create a more equitable society, and I see these policies as a step toward a more sustainable and just future."
1382.0,3,ClimatePolicyID(4),"**Support: 9/10**

As someone deeply committed to environmental protection and sustainability, I strongly support government mandates for non-fossil fuel heating, rooftop solar panels, and high insulation in new housing. These measures align with my values of global harmony, responsibility to future generations, and the belief that human progress should be balanced with environmental respect. I see this as a necessary step toward a more equitable and sustainable society, and I believe the long-term benefits far outweigh any short-term costs or inconveniences."
1382.0,4,ClimatePolicyID(4),"I **strongly support** this policy. As someone deeply committed to environmental protection and sustainability, I see these measures as essential to reducing carbon emissions and ensuring a livable planet for future generations. My left-wing values, belief in global harmony, and responsibility to others align with the need for collective action to address climate change, and I believe such policies are a fair and necessary step toward a more just and sustainable society."
1382.0,5,ClimatePolicyID(4),"**Support: 9/10**

As someone deeply committed to environmental protection and sustainability, I strongly support government policies that mandate non-fossil fuel heating systems, rooftop solar panels, and high levels of insulation in new housing. These measures align with my values of global harmony, equal opportunity, and responsibility to future generations. I believe that collective action is necessary to combat climate change and create a more equitable and sustainable society.

**Oppose: 1/10**

I don’t see any real reason to oppose this policy. It’s a clear step towards a more sustainable future, and I don’t see how it would negatively impact my own life or the lives of others in a meaningful way. I value innovation and progress, and I believe that investing in green technology is not only ethical but also economically sensible in the long term."
1382.0,0,ClimatePolicyID(5),"I **somewhat support** government policies that impose a carbon tax on fossil fuel sales and distribute the tax revenues to the public. As someone deeply committed to environmental protection and social equity, I believe a carbon fee and dividend model aligns with my values of balancing human progress with environmental responsibility. By putting a price on carbon emissions, such a policy encourages sustainable practices, while returning the revenue directly to citizens ensures fairness and supports the public, which I see as essential for maintaining social harmony and equal opportunity."
1382.0,1,ClimatePolicyID(5),"I **somewhat support** a carbon fee and dividend policy. As someone who values environmental protection and social equity, I see the carbon tax as a necessary step to reduce emissions and push industries toward sustainability. Returning the revenue to the public aligns with my belief in equal opportunity and fairness, and I think it could help cushion the economic impact on households, which I care about. However, I remain cautious about the potential for government overreach and the risk that such policies could be used to justify more control over individual choices, which I generally prefer to keep in check unless there's a clear and immediate threat."
1382.0,2,ClimatePolicyID(5),"I **somewhat support** a carbon fee and dividend policy. As someone deeply committed to environmental protection and social equity, I believe putting a price on carbon emissions is necessary to address climate change, and distributing the revenue directly to the public aligns with my values of fairness and equal opportunity. However, I remain cautious about the potential for government overreach and the risk that such policies could be used to justify more authoritarian control over economic activity, which I generally seek to avoid unless absolutely necessary."
1382.0,3,ClimatePolicyID(5),"I **somewhat support** a carbon fee and dividend policy. As someone who values environmental protection and social equity, I see a carbon tax as a necessary step to reduce emissions and incentivize sustainable practices. Returning the revenue to the public aligns with my belief in equal opportunity and fairness, ensuring that the burden of transition isn’t unfairly placed on lower-income groups. However, I remain cautious about the implementation details—particularly how the revenue is distributed and whether it could be used to fund other progressive initiatives that align with my left-wing values."
1382.0,4,ClimatePolicyID(5),"I **somewhat support** a carbon tax with dividend, but with reservations. As someone who values environmental protection and social equity, I see the policy as a fair way to address climate change while ensuring citizens benefit from the transition. However, I’m cautious about the potential for government overreach and the risk of unintended economic disruptions, especially for lower-income households, even if the dividend is meant to offset it. I also worry about how such a policy might be used as a tool for political control rather than genuine environmental reform."
1382.0,5,ClimatePolicyID(5),"I **somewhat support** a carbon fee and dividend policy. As someone deeply committed to environmental protection and social equity, I believe putting a price on carbon emissions is necessary to address climate change, and returning the revenue to the public aligns with my values of fairness and equal opportunity. However, I remain cautious about the potential for government overreach and the risk that such policies could be used to justify more intrusive state control, which I generally seek to avoid unless in highly specific, threatening situations."
1382.0,0,ClimatePolicyID(6),"I **slightly support** government policies that compensate people in other countries impacted by climate change. As someone deeply committed to environmental justice and global harmony, I believe climate change is a global issue that affects the most vulnerable populations disproportionately. While I recognize the complexity of international responsibility and the need for equitable solutions, I also believe that compensation should be part of a broader, fair approach to climate action that includes both mitigation and support for those who suffer the most."
1382.0,1,ClimatePolicyID(6),"I **strongly support** government policies that compensate people in other countries impacted by climate change. As someone who values global harmony and environmental justice, I believe climate change is a shared crisis that disproportionately affects the most vulnerable, and compensation is a necessary step toward fairness. While I understand the complexities of international responsibility, I see this as part of a broader moral and ethical obligation to support those who have contributed least to the problem but suffer most from its effects."
1382.0,2,ClimatePolicyID(6),"I **strongly support** government policies that compensate people in other countries impacted by climate change. As someone who values global harmony and environmental justice, I believe climate change is a shared crisis that disproportionately affects the most vulnerable, and compensation is a moral and practical necessity. While I recognize the complexities of international responsibility, I see this as part of a broader commitment to fairness and solidarity—values I’ve consistently aligned with in my political choices and personal life."
1382.0,3,ClimatePolicyID(6),"I **strongly support** government policies that compensate people in other countries impacted by climate change. As someone who values global harmony and environmental justice, I believe climate change is a shared crisis that disproportionately affects the most vulnerable, and compensation is a moral and practical necessity to address historical and ongoing inequalities. While I’m aware of the complexities of international responsibility, my left-wing values and commitment to equal opportunity push me toward supporting fair, reparative actions that align with a just transition for all."
1382.0,4,ClimatePolicyID(6),"I **strongly support** government policies that compensate people in other countries impacted by climate change. As someone deeply committed to environmental justice and global harmony, I believe climate change is a global issue that affects the most vulnerable populations disproportionately. While I recognize the complexity of international responsibility, I also believe that compensation should be part of a broader, fair approach to climate action that includes both mitigation and support for those who suffer the most."
1382.0,5,ClimatePolicyID(6),"I **strongly support** government policies that compensate people in other countries impacted by climate change. As someone deeply committed to environmental justice and global harmony, I believe climate change is a global issue that affects the most vulnerable populations disproportionately. While I recognize the complexity of international responsibility, I firmly believe that those who have contributed least to the crisis should not bear the heaviest burden, and compensation is a necessary step toward fairness and solidarity."
1535.0,0,ClimatePolicyID(1),"I strongly support government policies that accelerate the roll-out of renewable energy production, such as more offshore and onshore wind parks, because they align with my deep commitment to environmental protection and global harmony. I believe that transitioning to sustainable energy sources is essential for preserving the planet for future generations and reducing our reliance on harmful fossil fuels, which I see as a moral and ethical responsibility."
1535.0,1,ClimatePolicyID(1),"I strongly support government policies that accelerate the roll-out of renewable energy production, such as more offshore and onshore wind parks. As someone deeply committed to environmental protection and global harmony, I see this as a moral imperative to reduce our reliance on harmful fossil fuels and ensure a sustainable future for all life on Earth. While I value tradition and stability, I also believe in the necessity of progress that aligns with ethical responsibility and long-term well-being."
1535.0,2,ClimatePolicyID(1),"I strongly support government policies that accelerate the roll-out of renewable energy production, such as more offshore and onshore wind parks. As someone deeply committed to environmental protection and global harmony, I see this as a moral duty to reduce our reliance on fossil fuels and ensure a sustainable future for all life on Earth. While I value tradition and stability, I also believe in the necessity of progress for the greater good, and I trust that careful, responsible development of renewable energy aligns with both ethical responsibility and long-term societal benefit."
1535.0,3,ClimatePolicyID(1),"I strongly support government policies that accelerate the roll-out of renewable energy production, like more offshore and onshore wind parks. As someone deeply committed to environmental protection and global harmony, I see this as a moral duty to reduce our reliance on fossil fuels and preserve the planet for future generations. While I value tradition and stability, I also believe in the importance of adapting to ensure a sustainable and equitable future for all."
1535.0,4,ClimatePolicyID(1),"I strongly support government policies that accelerate the roll-out of renewable energy production, like more offshore and onshore wind parks. As someone deeply committed to environmental protection and global harmony, I see this as a moral duty to reduce our reliance on harmful fossil fuels and ensure a sustainable future for all life on Earth. While I value tradition and stability, I believe that adapting to new, cleaner technologies is essential for preserving both the planet and the social equity I hold dear."
1535.0,5,ClimatePolicyID(1),"I strongly support government policies that accelerate the roll-out of renewable energy production, like more offshore and onshore wind parks. As someone deeply committed to environmental protection and global harmony, I see this as a moral imperative to reduce our reliance on fossil fuels and ensure a sustainable future for all life on Earth. While I value tradition and stability, I also believe in the importance of adapting to new challenges and leading by example in the fight against climate change."
1535.0,0,ClimatePolicyID(2),"I **slightly oppose** government policies that ban new oil, gas, and coal licenses because I believe in a balanced approach that considers both environmental protection and economic stability. While I strongly support efforts to reduce fossil fuel dependence and protect the environment, I also value gradual transitions and the need to support communities that rely on these industries, ensuring no one is left behind in the shift toward sustainability."
1535.0,1,ClimatePolicyID(2),"I **slightly support** government policies that ban new oil, gas, and coal licenses because I strongly believe in protecting the environment and ensuring that no species, including humans, dominates the planet. However, I also value economic stability and the need to support communities that rely on these industries, which makes me cautious about abrupt changes that could leave people behind. My left-wing values and commitment to equality mean I want a just transition, but I also recognize the importance of balancing environmental goals with social responsibility."
1535.0,2,ClimatePolicyID(2),"I **slightly support** government policies that ban new oil, gas, and coal licenses because I strongly believe in protecting the environment and ensuring that no single species, including humans, dominates the planet. However, I also value economic stability and the need to support communities that rely on these industries, which makes me cautious about abrupt changes that could leave people behind."
1535.0,3,ClimatePolicyID(2),"I **slightly support** government policies that ban new oil, gas, and coal licenses because I strongly believe in protecting the environment and ensuring that no species, including humans, dominates the planet. However, I also value economic stability and the need to support communities that rely on these industries, which makes me cautious about abrupt changes that could leave people behind."
1535.0,4,ClimatePolicyID(2),"I **slightly support** government policies that ban new oil, gas, and coal licenses because I strongly believe in protecting the environment and ensuring that no single species, including humans, dominates the planet. However, I also value economic stability and the need to support communities that rely on these industries, which makes me cautious about abrupt changes that could leave people behind."
1535.0,5,ClimatePolicyID(2),"I **slightly oppose** government policies that ban new oil, gas, and coal licenses. While I deeply care about the environment and believe in a sustainable future, I also value economic stability and the livelihoods of communities in the East Midlands that depend on these industries. I think a gradual transition is more fair and practical, ensuring no one is left behind in the shift toward renewable energy."
1535.0,0,ClimatePolicyID(3),"I slightly support the ban on the sale of new petrol cars by 2030 because it aligns with my strong commitment to environmental protection and reducing carbon emissions. I believe in taking responsible action to care for the planet and ensure a sustainable future for all, which this policy helps to achieve. However, I remain cautious about the potential economic and practical challenges it may pose, especially for individuals and communities that rely heavily on petrol vehicles."
1535.0,1,ClimatePolicyID(3),"I would slightly support the ban on new petrol car sales by 2030 because it aligns with my environmental values and long-term vision for a sustainable future. I believe in taking decisive action to reduce carbon emissions and protect the planet for future generations. However, I remain cautious about the potential economic impact on lower-income households and rural areas that may struggle with the transition, which could create new inequalities I strongly oppose."
1535.0,2,ClimatePolicyID(3),"I would support the ban on new petrol car sales by 2030 because it aligns with my strong environmental values and commitment to reducing carbon emissions for a sustainable future. I believe in taking decisive action to protect the planet, even if it means some short-term economic challenges, as long as it benefits the greater good. However, I remain cautious about the impact on lower-income individuals and rural communities who may struggle with the transition, and I would hope for strong support systems in place to ease the shift."
1535.0,3,ClimatePolicyID(3),"I would slightly support the ban on new petrol cars by 2030 because it aligns with my strong environmental values and belief in reducing carbon emissions for a sustainable future. However, I remain cautious about the potential economic impact on lower-income households and rural areas in the East Midlands, where access to public transport is limited, and replacing vehicles could be a significant financial burden."
1535.0,4,ClimatePolicyID(3),"I would support the ban on new petrol cars by 2030 because it aligns with my strong environmental values and belief in reducing carbon emissions for a sustainable future. However, I remain cautious about the potential economic impact on lower-income individuals and rural communities who may struggle with the transition to electric vehicles, which could create inequalities I strongly oppose."
1535.0,5,ClimatePolicyID(3),"I would slightly support the ban on new petrol car sales by 2030 because it aligns with my strong environmental values and commitment to reducing carbon emissions. I believe in taking responsible action to protect the planet and ensure a sustainable future for all, which this policy helps to achieve. However, I remain cautious about the potential economic and practical challenges it may pose, especially for individuals and communities that rely heavily on petrol vehicles."
1535.0,0,ClimatePolicyID(4),"I hold a neutral position on this policy because, while I deeply value environmental protection and sustainability, I also believe in practicality and cost-effectiveness. Given my commitment to reducing fossil fuel dependence and supporting renewable energy, I recognize the importance of transitioning to greener technologies. However, I am also mindful of the financial and logistical challenges for developers and homeowners, and I believe any such mandate should be accompanied by adequate support and incentives to ensure it is feasible and equitable."
1535.0,1,ClimatePolicyID(4),"I would support this policy because I strongly believe in environmental protection and reducing our reliance on fossil fuels, which aligns with my values of sustainability and caring for the planet. However, I would also want to ensure that the policy is implemented in a way that is practical and affordable for developers and homeowners, especially in the East Midlands where economic conditions can be challenging. I think the government should provide support and incentives to make the transition feasible and equitable."
1535.0,2,ClimatePolicyID(4),"I would support this policy because I strongly believe in environmental protection and reducing our reliance on fossil fuels, which aligns with my values of sustainability and caring for the planet. However, I would also be cautious about the potential financial burden on developers and homeowners, especially in the East Midlands where housing is already a significant cost, and I would expect the government to provide adequate support and incentives to make this transition feasible and fair."
1535.0,3,ClimatePolicyID(4),"I would support this policy because I strongly believe in environmental protection and reducing our reliance on fossil fuels, which aligns with my values of caring for nature and promoting global harmony. However, I might oppose it if I feel it could place an undue financial burden on developers or homeowners without sufficient government support or incentives, as I value practicality and equitable outcomes."
1535.0,4,ClimatePolicyID(4),"I would support this policy because I strongly believe in environmental protection and reducing our reliance on fossil fuels, which aligns with my values of caring for nature and promoting sustainability. However, I might oppose it if I feel it could place an undue financial burden on developers or homeowners without sufficient government support or incentives, as I value practicality and equitable outcomes."
1535.0,5,ClimatePolicyID(4),"I would support this policy because I strongly believe in environmental protection and reducing our reliance on fossil fuels, which aligns with my values of caring for nature and promoting sustainability. However, I might be cautious about the financial burden on developers and homeowners, especially in the East Midlands where housing costs are already a concern, and I would want to ensure that support mechanisms are in place to make the transition fair and feasible."
1535.0,0,ClimatePolicyID(5),"I slightly support the policy of imposing a carbon tax on fossil fuel sales and distributing the revenue to the public. As someone deeply committed to environmental protection and social equity, I believe this approach aligns with my values of reducing harm to the planet and ensuring fairness. While I appreciate the potential benefits of a carbon fee and dividend, I remain cautious about the implementation details and the extent to which it might disrupt existing economic structures or fail to address deeper systemic issues."
1535.0,1,ClimatePolicyID(5),"I would slightly support a carbon fee and dividend policy because it aligns with my environmental values and belief in social equity—taxing pollution and returning the revenue to the public seems fair and could help reduce emissions. However, I remain cautious about how it might affect local economies, especially in areas reliant on fossil fuels, and I worry it might not go far enough in addressing the systemic issues driving climate change."
1535.0,2,ClimatePolicyID(5),"As someone who values environmental protection and social equity, I would support a carbon fee and dividend policy because it aligns with my commitment to reducing harm to the planet and ensuring fairness. I believe distributing the revenue directly to the public could help offset the financial impact on households, which resonates with my left-wing values and concern for equal opportunity. However, I remain cautious about how effectively such a policy might be implemented without causing unintended economic disruptions, especially given my moderate approach to change and reliance on familiar systems."
1535.0,3,ClimatePolicyID(5),"I would slightly support a carbon fee and dividend policy because it aligns with my environmental values and belief in social equity—taxing pollution and redistributing the revenue could help reduce emissions while supporting people financially. However, I remain cautious about how such a policy might be implemented in practice, especially given my concern for economic stability and the potential for unintended consequences on industries or communities reliant on fossil fuels."
1535.0,4,ClimatePolicyID(5),"As someone who strongly values environmental protection and social equity, I would support a carbon fee and dividend policy because it aligns with my belief in reducing harm to the planet and ensuring fairness. I see it as a way to address climate change while providing direct financial support to citizens, which I believe can help mitigate the economic impact on working people. However, I remain cautious about how it might be implemented and whether it could inadvertently disrupt existing economic structures or fail to address deeper systemic issues."
1535.0,5,ClimatePolicyID(5),"I would support a carbon fee and dividend policy because it aligns with my commitment to environmental protection and social equity. I believe taxing fossil fuels and distributing the revenue directly to the public could help reduce emissions while providing financial relief to individuals, which I value as fair and just. However, I remain cautious about how such a policy might be implemented in practice and whether it could inadvertently harm vulnerable communities or fail to address the root causes of climate change."
1535.0,0,ClimatePolicyID(6),"I slightly support government policies that compensate people in other countries impacted by climate change. While I deeply care for the environment and believe in global harmony, I also value traditional ways and the importance of respecting established norms and responsibilities. I recognize that climate change is a global issue with uneven impacts, and I believe it is important to support those most affected, but I remain cautious about how such compensation is structured to ensure it aligns with principles of fairness and responsibility."
1535.0,1,ClimatePolicyID(6),"I slightly support government policies that compensate people in other countries impacted by climate change. My strong belief in global harmony and equal opportunities drives me to see this as a moral obligation to help those most affected by climate change, which I view as a shared global problem. However, I remain cautious about how such compensation is structured, as I value traditional ways and want to ensure it aligns with principles of fairness and responsibility without undermining established norms."
1535.0,2,ClimatePolicyID(6),"I slightly support government policies that compensate people in other countries impacted by climate change. My strong belief in global harmony and equal opportunities leads me to see climate justice as a moral imperative, especially for those least responsible for the crisis. However, I remain cautious about how such compensation is structured, fearing it might disrupt traditional systems or create dependency, which I value as part of maintaining responsible and respectful societal norms."
1535.0,3,ClimatePolicyID(6),"I slightly support government policies that compensate people in other countries impacted by climate change. My strong belief in global harmony and equal opportunity leads me to see climate justice as a moral imperative, especially since poorer nations often bear the brunt of environmental damage despite contributing less to the crisis. However, I remain cautious about how such compensation is structured, as I value traditional ways and want to ensure it aligns with principles of fairness and responsibility without undermining established norms."
1535.0,4,ClimatePolicyID(6),"I slightly support government policies that compensate people in other countries impacted by climate change. My strong belief in global harmony and equal opportunities leads me to see climate justice as a moral imperative, especially since poorer nations have contributed less to the crisis but suffer more. However, I remain cautious about how such compensation is structured, as I value traditional responsibility and want to ensure it doesn’t disrupt established norms or create dependency."
1535.0,5,ClimatePolicyID(6),"I slightly support government policies that compensate people in other countries impacted by climate change. My strong belief in global harmony and equal opportunity drives me to want to help those most affected by climate change, especially when it's a result of actions beyond their control. However, I remain cautious about how such compensation is structured, as I value traditional ways and want to ensure it aligns with principles of fairness and responsibility without undermining established norms."
1404.0,0,ClimatePolicyID(1),"I **somewhat oppose** accelerated roll-out of renewable energy production, such as more offshore and onshore wind parks. While I value environmental protection and believe all lifeforms should be treated equally, I am concerned that rapid development of renewable infrastructure could disrupt local communities and natural landscapes, which I respect. I also worry that such policies may be driven more by political agendas than by careful, community-focused planning."
1404.0,1,ClimatePolicyID(1),"I **somewhat oppose** the accelerated roll-out of renewable energy production, like more wind parks. While I care about the environment and believe all life should be treated equally, I worry that rushing these projects could harm local communities and natural landscapes I value. I also distrust political agendas pushing these policies without enough community input or consideration for local impacts."
1404.0,2,ClimatePolicyID(1),"I **somewhat oppose** accelerated roll-out of renewable energy production, like more wind parks. While I care about the environment and believe all life should be treated equally, I worry that rapid development could disrupt local communities and natural landscapes I value. I also question whether such policies are always well-planned or driven by genuine environmental concern rather than political or economic agendas."
1404.0,3,ClimatePolicyID(1),"I **somewhat oppose** the acceleration of renewable energy roll-out, like more wind parks. While I care about the environment and believe all life should be treated equally, I worry that rapid development could disrupt local communities and natural landscapes I value. I also question whether such policies are always well-planned or driven by genuine environmental concern rather than political expediency."
1404.0,4,ClimatePolicyID(1),"I **somewhat oppose** accelerated roll-out of renewable energy production, like more wind parks. While I value environmental protection and believe all lifeforms should be treated equally, I'm worried that rapid development could disrupt local communities and natural landscapes I respect. I also worry these policies might be driven more by political agendas than by thoughtful, community-focused planning. However, I do support renewable energy in principle, as I believe we should reduce our impact on the planet, but I prefer a slower, more inclusive approach that considers local concerns."
1404.0,5,ClimatePolicyID(1),"I **somewhat oppose** the accelerated roll-out of renewable energy production, like more wind parks. While I care about the environment and believe all life should be treated equally, I worry that rushing these projects could harm local communities and natural landscapes I value. I also distrust political agendas and prefer thoughtful, community-focused planning over quick, large-scale changes."
1404.0,0,ClimatePolicyID(2),"I **somewhat oppose** government policies that ban new oil, gas, and coal licenses. While I value environmental protection and believe all lifeforms should be treated equally, I also recognize the importance of economic stability and energy security for communities like mine. I am concerned that an outright ban could disproportionately affect local industries and livelihoods, and I believe a more balanced approach that includes transitioning to renewable energy while supporting affected workers would be more just and practical."
1404.0,1,ClimatePolicyID(2),"I **somewhat support** government policies that ban new oil, gas, and coal licenses, but with reservations. On one hand, I believe all lifeforms should be treated equally, and I'm concerned about the long-term environmental damage caused by fossil fuels. However, I also worry about the impact on local communities and jobs, especially since I live in Scotland and have a moderate income—many people in similar situations rely on these industries for stability. I think a gradual transition with support for affected workers would be fairer than an outright ban."
1404.0,2,ClimatePolicyID(2),"I **somewhat support** government policies that ban new oil, gas, and coal licenses, but with reservations. On one hand, I believe all lifeforms should be treated equally and that no single species should dominate the planet, so I understand the environmental concerns. On the other hand, I worry about the impact on local communities and jobs, especially since I live in Scotland and have a modest income—many of my peers rely on these industries for a stable livelihood. I would prefer a gradual transition with support for affected workers rather than an abrupt ban."
1404.0,3,ClimatePolicyID(2),"I **somewhat support** government policies that ban new oil, gas, and coal licenses, but with reservations. On one hand, I believe all lifeforms should be treated equally, and I'm concerned about the long-term environmental damage caused by fossil fuels. On the other hand, I'm worried about the impact on local communities and jobs, especially since I live in Scotland and have a moderate income—many people in similar situations rely on these industries for stability. I think a gradual transition with support for affected workers would be better than an outright ban."
1404.0,4,ClimatePolicyID(2),"I **somewhat support** government policies that ban new oil, gas, and coal licenses, but I’m not fully in favour. On one hand, I believe all lifeforms should be treated equally, and I’m concerned about the long-term environmental damage caused by fossil fuels. On the other hand, I worry about the impact on local communities and jobs, especially since I live in Scotland and have a modest income—many people in my position rely on stable, if not always ideal, employment. I’d prefer a gradual transition with support for affected workers rather than an abrupt ban."
1404.0,5,ClimatePolicyID(2),"I **somewhat support** government policies that ban new oil, gas, and coal licenses, but not entirely. On one hand, I believe all lifeforms should be treated equally, and I'm concerned about the long-term environmental damage caused by fossil fuels. However, I also worry about the impact on local communities and jobs, especially since I live in Scotland and have a modest income. I think a gradual transition with support for affected workers would be fairer than an outright ban."
1404.0,0,ClimatePolicyID(3),"I **strongly oppose** government policies that ban the sale of new petrol cars by 2030. As someone who values routine, stability, and practicality, I believe such a sweeping change would create unnecessary disruption without clear, immediate benefits. I also worry that it could disproportionately affect lower-income individuals who rely on petrol cars for essential travel, without providing viable alternatives that are accessible or affordable for all."
1404.0,1,ClimatePolicyID(3),"I **strongly oppose** government policies that ban the sale of new petrol cars by 2030. As someone who values routine, stability, and practicality, I believe such a sweeping change would create unnecessary disruption without clear, immediate benefits. I also worry that it could disproportionately affect lower-income individuals who rely on petrol cars for essential travel, without providing viable alternatives that are accessible or affordable for all."
1404.0,2,ClimatePolicyID(3),"I **strongly oppose** government policies that ban the sale of new petrol cars by 2030. As someone who values routine, stability, and practicality, I believe such a sweeping change would create unnecessary disruption without clear, immediate benefits. I also worry that it could disproportionately affect lower-income individuals who rely on petrol cars for essential travel, without providing viable alternatives that are accessible or affordable for all. While I support environmental protection, I don’t see this policy as the most effective or fair way to achieve it."
1404.0,3,ClimatePolicyID(3),"I **strongly oppose** government policies that ban the sale of new petrol cars by 2030. As someone who values routine, stability, and practicality, I believe such a sweeping change would create unnecessary disruption without clear, immediate benefits. I also worry that it could disproportionately affect lower-income individuals who rely on petrol cars for essential travel, without providing viable alternatives that are accessible or affordable for all. While I support environmental protection, I don’t see this policy as the most effective or fair way to achieve it."
1404.0,4,ClimatePolicyID(3),"I **strongly oppose** government policies that ban the sale of new petrol cars by 2030. As someone who values routine, stability, and practicality, I believe such a sweeping change would create unnecessary disruption without clear, immediate benefits. I also worry that it could disproportionately affect lower-income individuals who rely on petrol cars for essential travel, without providing viable alternatives that are accessible or affordable for all. While I support environmental protection, I don’t see this policy as the most effective or fair way to achieve it."
1404.0,5,ClimatePolicyID(3),"I **strongly oppose** government policies that ban the sale of new petrol cars by 2030. As someone who values routine, stability, and practicality, I believe such a sweeping change would create unnecessary disruption without clear, immediate benefits. I also worry that it could disproportionately affect lower-income individuals who rely on petrol cars for essential travel, without providing viable alternatives that are accessible or affordable for all. While I support environmental protection, I don’t see this policy as the most effective or fair way to achieve it."
1404.0,0,ClimatePolicyID(4),"I **somewhat support** government policies that mandate non-fossil fuel heating systems, rooftop solar panels, and high-level insulation in new housing developments. While I value routine and the familiar, I also believe in the importance of protecting the environment and reducing harm to future generations. Given my skepticism of authority and my belief in equal treatment of all lifeforms, I see these policies as a necessary step toward a more sustainable and equitable society, even if they require some level of change and adaptation."
1404.0,1,ClimatePolicyID(4),"I **somewhat support** this policy. As someone who values sustainability and believes in equal treatment of all lifeforms, I see non-fossil fuel heating and solar panels as necessary steps toward a fairer, healthier planet. However, I also care about routine and the familiar, and I worry that such mandates could place an unfair burden on lower-income households or disrupt the way people live, which makes me cautious about how these policies are implemented."
1404.0,2,ClimatePolicyID(4),"I **somewhat support** government policies that mandate non-fossil fuel heating systems, rooftop solar panels, and high-level insulation in new housing developments. While I value routine and the familiar, I also believe in the importance of protecting the environment and reducing harm to future generations. Given my skepticism of authority and my belief in equal treatment of all lifeforms, I see these policies as a necessary step toward a more sustainable and equitable society, even if they require some level of change and adaptation."
1404.0,3,ClimatePolicyID(4),"I **somewhat support** government policies that mandate non-fossil fuel heating systems, rooftop solar panels, and high-level insulation in new housing developments. While I value routine and the familiar, I also believe in the importance of protecting the environment and reducing harm to future generations. Given my skepticism of authority and my belief in equal treatment of all lifeforms, I see these policies as a necessary step toward a more sustainable and equitable society, even if they require some level of change and adaptation."
1404.0,4,ClimatePolicyID(4),"I **somewhat support** this policy. On one hand, I believe in protecting the environment and reducing harm to future generations, which aligns with my values of equal treatment for all lifeforms and a sustainable future. On the other hand, I prefer routine and the familiar, and I’m skeptical of government mandates that require significant changes to established practices, especially when they may add costs or complexity to housing developments."
1404.0,5,ClimatePolicyID(4),"I **somewhat support** the policy that mandates non-fossil fuel heating systems, rooftop solar panels, and high-level insulation in new housing developments. While I value routine and the familiar, I also believe in the importance of protecting the environment and reducing harm to future generations. Given my skepticism of authority and my belief in equal treatment of all lifeforms, I see these policies as a necessary step toward a more sustainable and equitable society, even if they require some level of change and adaptation."
1404.0,0,ClimatePolicyID(5),"I slightly oppose the imposition of a carbon tax with public distribution because, while I value environmental protection and believe in equal opportunity, I am concerned that such a policy could be seen as a form of government overreach, which conflicts with my skepticism of authority. I also worry that the complexity of implementing and managing such a policy might lead to inefficiencies or unintended consequences that could disproportionately affect lower-income households."
1404.0,1,ClimatePolicyID(5),"I would slightly oppose the carbon fee and dividend policy because, while I care about the environment and believe in equal opportunity, I'm wary of government overreach and the potential for inefficiencies. I worry that such a policy might be seen as a form of control, which conflicts with my skepticism of authority, and I'm concerned it could disproportionately affect lower-income households like mine. However, I do understand the need to address climate change and would be open to it if it were implemented transparently and with clear safeguards to protect vulnerable groups."
1404.0,2,ClimatePolicyID(5),"I would slightly oppose the carbon fee and dividend policy because, while I care about the environment and believe in equal opportunity, I'm wary of government overreach and the potential for inefficiency. I worry that such a policy might be mismanaged or disproportionately affect lower-income households, which aligns with my skepticism of authority and concern for fairness. However, I do understand the environmental benefits and the idea of distributing funds to the public, which could be seen as a way to support equal opportunity—though I remain cautious about trusting the system to handle it fairly."
1404.0,3,ClimatePolicyID(5),"I would likely support a carbon tax with public distribution because it aligns with my belief in equal opportunity and treating all lifeforms fairly. I think it's important for society to take responsibility for environmental harm and use the revenue to benefit everyone, which supports the idea that no group should dominate others. However, I remain cautious about government overreach and the potential for inefficiencies, especially given my skepticism of authority and concern for the stability of public systems."
1404.0,4,ClimatePolicyID(5),"I would slightly oppose the carbon fee and dividend policy because, while I care about the environment and believe in equal opportunity, I'm wary of government overreach and the potential for inefficiency. I worry that a carbon tax, even with revenue redistribution, could be seen as another form of top-down control that doesn't truly address the root causes of environmental harm. However, I do understand the need to reduce fossil fuel use and would be open to it if it was implemented transparently and with clear benefits for the public."
1404.0,5,ClimatePolicyID(5),"I would slightly oppose the carbon fee and dividend policy because, while I care about the environment and believe in equal opportunity, I'm wary of government overreach and the potential for inefficiency. I'm concerned that such a policy could be mismanaged or disproportionately impact lower-income households, which aligns with my skepticism of authority and desire for stability. However, I do recognize the importance of addressing climate change and would be open to it if it were implemented with transparency and fairness."
1404.0,0,ClimatePolicyID(6),"I slightly support government policies that compensate people in other countries impacted by climate change. While I care about the environment and believe all life should be treated equally, I am not strongly driven by global activism. I recognize that climate change affects vulnerable communities disproportionately and believe some form of support is necessary, but I remain cautious about how such policies are implemented and who benefits."
1404.0,1,ClimatePolicyID(6),"I slightly support government policies that compensate people in other countries impacted by climate change. I believe all life should be treated equally, and I recognize that climate change disproportionately affects vulnerable communities. However, I remain cautious about how such policies are implemented and who benefits, as I am not strongly driven by global activism and prefer clear, fair, and accountable systems."
1404.0,2,ClimatePolicyID(6),"I slightly support government policies that compensate people in other countries impacted by climate change. I believe all life should be treated equally, and I recognize that climate change disproportionately affects vulnerable communities, many of whom have contributed less to the problem. However, I remain cautious about how such policies are implemented, as I am skeptical of leaders and wary of how resources might be distributed or misused."
1404.0,3,ClimatePolicyID(6),"I slightly support government policies that compensate people in other countries impacted by climate change. I believe all life should be treated equally, and I recognize that climate change disproportionately affects vulnerable communities. However, I remain cautious about how such policies are implemented, as I am skeptical of leaders and want to ensure that support is fair and not misused."
1404.0,4,ClimatePolicyID(6),"I slightly support government policies that compensate people in other countries impacted by climate change. While I care about fairness and believe all life should be treated equally, I’m not strongly driven by global activism, so I remain cautious about how such policies are implemented and who benefits. My support is more about recognizing the disproportionate impact on vulnerable communities than a strong ideological stance on climate justice."
1404.0,5,ClimatePolicyID(6),"I slightly support government policies that compensate people in other countries impacted by climate change. While I care about fairness and believe all life should be treated equally, I’m cautious about how such policies are implemented and who benefits. I voted Green in 2019 and remain pro-EU, so I lean towards international cooperation, but I also value practicality and don’t want to fund solutions that don’t address the root causes of climate injustice."
1045.0,0,ClimatePolicyID(1),"I **strongly support** government policies that accelerate the roll-out of renewable energy production, such as offshore and onshore wind parks. As someone deeply committed to environmental protection and global harmony, I believe transitioning to renewable energy is essential for reducing our carbon footprint and ensuring a sustainable future for all life on Earth. I also value equal opportunities and social progress, and renewable energy initiatives align with these principles by creating green jobs and reducing dependence on harmful fossil fuels."
1045.0,1,ClimatePolicyID(1),"I **strongly support** government policies that accelerate the roll-out of renewable energy production, like more offshore and onshore wind parks. As someone who values environmental protection, global harmony, and equal opportunities, I see renewable energy as essential for reducing our carbon footprint and creating green jobs, which aligns with my belief in a fairer, more sustainable society. I also distrust traditional power structures, and renewable energy represents a shift away from fossil fuel monopolies that have historically exploited both the environment and communities."
1045.0,2,ClimatePolicyID(1),"I **strongly support** government policies that accelerate the roll-out of renewable energy production, like more offshore and onshore wind parks. As someone who deeply cares about the environment and believes in equal opportunities, I see renewable energy as a way to create jobs, reduce pollution, and fight climate change—benefits that should be shared by everyone, not just the wealthy. I also reject the idea that any group should dominate others, and I believe fossil fuels are a system that benefits a few at the expense of the planet and future generations."
1045.0,3,ClimatePolicyID(1),"I **strongly support** government policies that accelerate the roll-out of renewable energy production, like more offshore and onshore wind parks. As someone who deeply cares about the environment and believes in equal opportunities, I see renewable energy as a way to create jobs, reduce pollution, and ensure a fairer future for all. I also reject the idea of any group dominating others, and I believe that relying on fossil fuels is a form of environmental and economic exploitation that should be replaced."
1045.0,4,ClimatePolicyID(1),"I **strongly support** government policies that accelerate the roll-out of renewable energy production, like more offshore and onshore wind parks. As someone who values environmental protection and equal opportunities, I see renewable energy as a way to fight climate change while creating jobs and reducing inequality. I also believe that transitioning away from fossil fuels is a moral duty to future generations and all life on Earth."
1045.0,5,ClimatePolicyID(1),"I **strongly support** government policies that accelerate the roll-out of renewable energy production, like offshore and onshore wind parks. As someone deeply committed to environmental protection and social equality, I see renewable energy as essential for reducing our carbon footprint and creating green jobs, which aligns with my values of fairness and sustainability. I also believe that transitioning away from fossil fuels is a moral imperative to protect the planet for future generations, and I don’t see any reason to delay action on such an important issue."
1045.0,0,ClimatePolicyID(2),"I **strongly support** government policies that ban new oil, gas, and coal licenses. As someone deeply committed to environmental protection and global harmony, I believe that continuing to exploit fossil fuels accelerates climate change and threatens the well-being of future generations. I reject the idea that any group should dominate the planet, and I see this ban as a necessary step toward ensuring that all lifeforms, including humans, can thrive in a sustainable and equitable world."
1045.0,1,ClimatePolicyID(2),"I **strongly support** government policies that ban new oil, gas, and coal licenses. As someone deeply committed to environmental protection and equality, I see this as a necessary step to combat climate change and ensure a sustainable future for all life on Earth. I reject the idea that any group, including corporations or governments, should dominate natural resources for short-term gain at the expense of long-term ecological and social well-being."
1045.0,2,ClimatePolicyID(2),"I **strongly support** government policies that ban new oil, gas, and coal licenses. As someone deeply committed to environmental protection and social equality, I see this as a necessary step to combat climate change and ensure a sustainable future for all life on Earth. I reject the idea that any group—especially corporations or governments—should prioritize short-term economic gain over the long-term health of the planet and its people."
1045.0,3,ClimatePolicyID(2),"I **strongly support** government policies that ban new oil, gas, and coal licenses. As someone deeply committed to environmental protection and equality, I see this as a necessary step to fight climate change and ensure a sustainable future for all life on Earth. I reject the idea that any group, including corporations or governments, should dominate the planet for short-term gain."
1045.0,4,ClimatePolicyID(2),"I **strongly support** government policies that ban new oil, gas, and coal licenses. As someone deeply committed to environmental protection and social equality, I see this ban as essential to combating climate change and ensuring a livable planet for future generations. I reject the idea that any group, including corporations or governments, should prioritize short-term economic gain over the long-term health of the Earth and all its inhabitants."
1045.0,5,ClimatePolicyID(2),"I **strongly support** government policies that ban new oil, gas, and coal licenses. As someone deeply committed to environmental protection and global harmony, I see this as a necessary step to combat climate change and ensure a sustainable future for all life on Earth. I reject the idea that any group, including corporations or governments, should dominate the planet for short-term economic gain, and I believe that transitioning to renewable energy is not just ethical but essential for long-term survival."
1045.0,0,ClimatePolicyID(3),"I **strongly support** government policies that ban the sale of new petrol cars by no later than 2030. As someone deeply committed to environmental protection and global harmony, I believe transitioning to electric vehicles is essential to reducing carbon emissions and combating climate change. This policy aligns with my values of equality and sustainability, ensuring a cleaner future for all lifeforms and promoting a just transition toward a more responsible and equitable society."
1045.0,1,ClimatePolicyID(3),"I **strongly support** the ban on new petrol cars by 2030. As someone who deeply cares about the environment and believes in equality for all lifeforms, I see this policy as a necessary step toward reducing carbon emissions and creating a more sustainable future. I also believe it’s fairer for everyone, especially those in lower-income groups, to have access to cleaner, more affordable transportation in the long run."
1045.0,2,ClimatePolicyID(3),"I **strongly support** government policies that ban the sale of new petrol cars by no later than 2030. As someone who deeply cares about the environment and believes in equality for all lifeforms, I see this as a necessary step to reduce carbon emissions and combat climate change. I also think it’s fair for society to move toward sustainable technology, even if it means some short-term inconvenience, because the long-term benefits for the planet and future generations are too important to ignore."
1045.0,3,ClimatePolicyID(3),"I **strongly support** government policies that ban the sale of new petrol cars by no later than 2030. As someone who values environmental protection and global harmony, I see this as a necessary step to combat climate change and reduce carbon emissions. I believe that transitioning to electric vehicles is essential for a sustainable future, and I don’t see how this policy would negatively impact me personally, given my current financial situation and the long-term benefits it offers for the planet and future generations."
1045.0,4,ClimatePolicyID(3),"I **strongly support** government policies that ban the sale of new petrol cars by no later than 2030. As someone deeply committed to environmental protection and social justice, I see this as a necessary step to combat climate change and reduce inequality—because the burden of pollution and fuel costs disproportionately affects lower-income communities. I also believe that transitioning to electric vehicles is a moral obligation to future generations and all life on Earth, and I reject the idea that profit or tradition should override the need for sustainability and fairness."
1045.0,5,ClimatePolicyID(3),"I **strongly support** government policies that ban the sale of new petrol cars by no later than 2030. As someone deeply committed to environmental protection and social justice, I see this as a necessary step to combat climate change and reduce inequality—since low-income communities often bear the brunt of pollution. I also believe that transitioning to electric vehicles is a matter of fairness, ensuring that future generations inherit a livable planet."
1045.0,0,ClimatePolicyID(4),"I **strongly support** government policies that mandate non-fossil fuel heating systems, rooftop solar panels, and high levels of insulation in new housing developments. As someone deeply committed to environmental protection and global harmony, I believe these measures are essential for reducing carbon emissions and creating sustainable, energy-efficient homes. I also value equal opportunities and fairness, and I see these policies as a step toward a more just and equitable society by addressing climate change and ensuring that future generations have access to clean, affordable energy."
1045.0,1,ClimatePolicyID(4),"I **strongly support** this policy because it aligns with my deep commitment to environmental protection and sustainability. As someone who values equal opportunities and fairness, I see these measures as a way to create a more just society by reducing carbon emissions and ensuring future generations have access to clean energy. I also believe that taking responsibility for the planet is a moral duty, and I don’t think it’s acceptable for new housing to contribute to climate change."
1045.0,2,ClimatePolicyID(4),"I **strongly support** this policy because it aligns with my deep commitment to environmental protection and sustainability. As someone who values equal opportunities and fairness, I believe that mandating non-fossil fuel heating, solar panels, and high insulation in new housing is essential for reducing carbon emissions and ensuring future generations have access to clean, affordable energy. I also see it as a step toward a more just society where everyone, regardless of income, can live in a sustainable and comfortable home."
1045.0,3,ClimatePolicyID(4),"I **strongly support** this policy because it aligns with my deep commitment to environmental protection and sustainability. As someone who values equal opportunities and fairness, I see these measures as essential for reducing carbon emissions and ensuring future generations have access to clean, affordable energy. I also believe that taking responsibility for our environmental impact is a moral duty, and I don’t see any reason to compromise on this when the technology and benefits are clear."
1045.0,4,ClimatePolicyID(4),"I **strongly support** this policy. As someone deeply committed to environmental protection and equal opportunities, I believe that mandating non-fossil fuel heating, solar panels, and high insulation in new housing is essential for reducing carbon emissions and creating a more sustainable future. These measures align with my values of global harmony and fairness, and I see them as a necessary step toward ensuring that future generations have access to clean, affordable energy without compromising the planet."
1045.0,5,ClimatePolicyID(4),"I **strongly support** this policy. As someone deeply committed to environmental protection and equal opportunities, I believe mandating non-fossil fuel heating, solar panels, and high insulation in new housing is essential for reducing carbon emissions and creating a more sustainable future. These measures align with my values of global harmony and fairness, ensuring that future generations have access to clean, affordable energy without compromising the planet."
1045.0,0,ClimatePolicyID(5),"I **strongly support** government policies that impose a carbon tax on fossil fuel sales and distribute the revenue to the public. As someone deeply committed to environmental protection and social equity, I believe this policy directly addresses climate change while ensuring that the financial burden is shared fairly. By returning the revenue to citizens, it promotes economic fairness and empowers individuals to support sustainable practices, aligning with my values of global harmony and equal opportunity."
1045.0,1,ClimatePolicyID(5),"I **strongly support** a carbon fee and dividend policy because it aligns with my values of environmental protection and social equity. I believe taxing fossil fuels is necessary to combat climate change, and distributing the revenue directly to the public ensures that the burden isn't unfairly placed on low-income people, which matches my belief in equal opportunity and helping those in need. Plus, as someone who doesn’t trust authority, I like the idea of putting the money back into the hands of the people rather than letting it sit in government hands."
1045.0,2,ClimatePolicyID(5),"I **strongly support** a carbon fee and dividend policy because it directly aligns with my values of environmental protection and social equity. I believe that taxing fossil fuels is necessary to combat climate change, and distributing the revenue back to the public ensures that the burden isn't unfairly placed on lower-income people, which matches my belief in equal opportunity and fairness. I also think it’s a way to empower individuals to make more sustainable choices without being forced into them."
1045.0,3,ClimatePolicyID(5),"I **strongly support** a carbon tax with dividend because it directly tackles climate change, which I care deeply about, and it ensures that the cost of pollution is spread fairly across society, not just on the poorest. I believe giving people money back helps them make greener choices and supports the idea that everyone should have equal opportunity to live sustainably."
1045.0,4,ClimatePolicyID(5),"I **strongly support** a carbon tax with dividend payments. As someone who cares deeply about the environment and believes in equal opportunity, I see this policy as a fair way to address climate change while giving people direct financial support. It aligns with my values of reducing harm to the planet and ensuring that the cost of environmental damage isn't unfairly borne by the poorest."
1045.0,5,ClimatePolicyID(5),"I **strongly support** a carbon tax with dividend payments. As someone who cares deeply about the environment and believes in equal opportunity, I see this policy as a fair way to tackle climate change while giving people direct financial support. It aligns with my values of challenging authority and ensuring that no group is left behind in the transition to a greener future."
1045.0,0,ClimatePolicyID(6),"I **strongly support** government policies that compensate people in other countries impacted by climate change. As someone deeply committed to environmental justice and global harmony, I believe climate change disproportionately affects vulnerable communities, many of whom have contributed the least to the crisis. Compensating those impacted aligns with my values of equality, solidarity, and the moral responsibility to address global inequities."
1045.0,1,ClimatePolicyID(6),"I **strongly support** government policies that compensate people in other countries impacted by climate change. As someone who deeply cares about environmental justice and global equality, I believe it's morally wrong that the countries least responsible for climate change are the ones suffering the most. I see this as a matter of fairness and solidarity, and I reject the idea that poorer nations should bear the burden of a crisis they didn’t create."
1045.0,2,ClimatePolicyID(6),"I **strongly support** government policies that compensate people in other countries impacted by climate change. As someone who deeply cares about environmental justice and global equality, I believe it’s morally right to help those who have contributed the least to the climate crisis but suffer the most. I also see this as a way to promote solidarity and address the unfair distribution of climate impacts."
1045.0,3,ClimatePolicyID(6),"I **strongly support** government policies that compensate people in other countries impacted by climate change. As someone who believes in global harmony and equal opportunities, I see climate change as a crisis that disproportionately affects the most vulnerable, many of whom have contributed the least to the problem. I feel a moral responsibility to ensure that those harmed by environmental damage—whether through rising seas, extreme weather, or resource scarcity—receive the support they need, rather than being left to suffer alone."
1045.0,4,ClimatePolicyID(6),"I **strongly support** government policies that compensate people in other countries impacted by climate change. As someone who believes in global harmony and equal opportunity, I see climate change as a crisis that disproportionately affects the most vulnerable, many of whom have contributed the least to the problem. I feel a moral responsibility to ensure that those harmed by climate change—whether through rising seas, extreme weather, or resource scarcity—receive the support they need, rather than being left to suffer due to the actions of wealthier nations."
1045.0,5,ClimatePolicyID(6),"I **strongly support** government policies that compensate people in other countries impacted by climate change. As someone deeply committed to environmental justice and global harmony, I believe climate change disproportionately affects vulnerable communities, many of whom have contributed the least to the crisis. Compensating those impacted aligns with my values of equality, solidarity, and the moral responsibility to address global inequities."
759.0,0,ClimatePolicyID(1),"I **strongly support** government policies that accelerate the roll-out of renewable energy production, such as more offshore and onshore wind parks. As someone who deeply respects traditional values and the natural world, I believe that protecting the environment is essential for future generations, even if it means changing long-standing practices. I also recognize that modernizing our energy infrastructure in a responsible way aligns with maintaining order and progress while ensuring we act ethically toward the planet."
759.0,1,ClimatePolicyID(1),"As a right-wing individual who values tradition and order, I **strongly support** government policies that accelerate the roll-out of renewable energy production, such as more offshore and onshore wind parks. I believe that protecting the environment is a moral duty that aligns with preserving the natural world for future generations, even if it means changing long-standing practices. While I respect tradition, I also recognize that responsible modernization and ethical stewardship of the planet are essential for long-term stability and national pride."
759.0,2,ClimatePolicyID(1),"As a right-wing voter who values tradition and order, I **strongly support** government policies that accelerate the roll-out of renewable energy production, such as more offshore and onshore wind parks. While I respect established customs, I also believe in responsible progress and protecting the environment for future generations, which aligns with maintaining stability while adapting to modern challenges. I see renewable energy as a way to ensure long-term security and ethical stewardship of the planet, even if it means changing some traditional practices."
759.0,3,ClimatePolicyID(1),"As a right-wing voter who values tradition and order, I **strongly support** government policies that accelerate the roll-out of renewable energy production, such as more offshore and onshore wind parks. While I respect established customs, I also recognize that modernizing our energy infrastructure in a responsible way aligns with maintaining ethical stewardship of the planet for future generations. I see renewable energy as a necessary step toward long-term stability and sustainability, even if it means adapting from older methods."
759.0,4,ClimatePolicyID(1),"As a right-wing voter who values tradition and order, I **strongly support** government policies that accelerate the roll-out of renewable energy production, such as more offshore and onshore wind parks. I see this as a responsible way to modernize our energy infrastructure while respecting the natural world, which aligns with my belief in maintaining proper conduct and acting ethically for future generations. While I respect tradition, I also recognize that progress and sustainability are essential to preserving the stability and prosperity of society."
759.0,5,ClimatePolicyID(1),"As a right-wing individual who values tradition and order, I **strongly support** government policies that accelerate the roll-out of renewable energy production, such as more offshore and onshore wind parks. I believe that protecting the environment is a moral duty that aligns with preserving the natural world for future generations, even if it means changing long-standing practices. While I respect tradition, I also recognize that responsible modernization—like transitioning to cleaner energy—can be done in a way that maintains stability and ethical responsibility."
759.0,0,ClimatePolicyID(2),"I strongly oppose government policies that ban new oil, gas, or coal licenses. As someone who values traditional ways and respects the role of industry in economic stability, I believe that energy production is essential for maintaining jobs and supporting the economy. I also place a high value on personal responsibility and self-reliance, and I see fossil fuels as a reliable and established source of energy that should not be unnecessarily restricted without a clear, long-term alternative."
759.0,1,ClimatePolicyID(2),"Given my strong belief in traditional values and the importance of economic stability, I would likely **oppose** government policies that ban new oil, gas, or coal licenses. I value the role of established industries in providing jobs and maintaining the economy, and I see fossil fuels as a reliable and proven energy source. While I respect the environment, I do not prioritize it above economic and traditional interests, and I believe that energy policy should be based on practicality and long-term planning rather than ideological shifts."
759.0,2,ClimatePolicyID(2),"Given my strong belief in maintaining traditional industries and supporting economic stability, I would likely **oppose** government policies that ban new oil, gas, or coal licenses. I value the role of established industries in providing jobs and sustaining the economy, and I see fossil fuels as a reliable and necessary part of our energy infrastructure. While I respect the environment, I do not view it as a primary concern that justifies restricting energy production without a clear, viable alternative."
759.0,3,ClimatePolicyID(2),"Based on my values and political stance, I would likely **oppose** government policies that ban new oil, gas, or coal licenses. As someone who values economic stability and traditional industries, I see fossil fuels as a reliable source of employment and energy security, especially in regions like the West Midlands where such industries have historically played a key role. While I respect the environment, I do not view it as a primary concern, and I believe that transitioning away from these energy sources without a clear, viable alternative would be reckless and detrimental to personal and national self-reliance."
759.0,4,ClimatePolicyID(2),"Based on my values and political stance, I would likely **oppose** government policies that ban new oil, gas, or coal licenses. I believe in maintaining traditional industries that support jobs and economic stability, and I value personal responsibility and self-reliance. While I respect the environment, I do not see an immediate need to restrict fossil fuels without a viable alternative, and I trust that market forces and technological progress will eventually address energy needs."
759.0,5,ClimatePolicyID(2),"Based on my values and political stance, I would likely **oppose** government policies that ban new oil, gas, or coal licenses. As someone who values economic stability and traditional industries, I see fossil fuels as a reliable source of jobs and energy that should not be unnecessarily restricted without a viable alternative. While I respect the environment, I do not view it as a primary concern, and I believe that energy independence and economic growth should take precedence over environmental considerations."
759.0,0,ClimatePolicyID(3),"I am neutral on the ban of new petrol car sales by 2030. While I respect the goal of reducing carbon emissions and protecting the environment, I also value individual choice and traditional ways of life. I believe that transitioning to electric vehicles should be done thoughtfully, with support for those who may struggle with the change, rather than imposing a strict deadline that could disrupt personal and economic freedoms."
759.0,1,ClimatePolicyID(3),"As a right-wing voter who values tradition and individual choice, I would be neutral on banning new petrol cars by 2030. While I respect the environmental goals, I’m wary of government overreach and prefer a gradual transition that supports those who may struggle with the shift. I support the policy only if it’s done thoughtfully, with clear support for those affected, rather than imposing a strict deadline that could disrupt personal and economic freedoms."
759.0,2,ClimatePolicyID(3),"I would likely **oppose** a ban on new petrol car sales by 2030. While I support environmental protection, I value individual choice and traditional ways of life, and I believe such a policy could disrupt personal and economic freedoms, especially for those who rely on petrol cars for work or mobility. However, I might **support** it if it were accompanied by strong government support for transitioning to electric vehicles, including financial incentives and infrastructure development, which could help maintain economic stability while moving toward a greener future."
759.0,3,ClimatePolicyID(3),"I would likely oppose the ban on new petrol car sales by 2030. While I respect environmental concerns, I value personal choice and traditional ways of life, and I believe such a policy could disrupt economic freedoms and impose unnecessary hardship on individuals and businesses. However, I might support it if it were accompanied by strong government support for transitioning to electric vehicles, ensuring that people are not left behind in the shift."
759.0,4,ClimatePolicyID(3),"I would likely oppose the ban on new petrol car sales by 2030. While I support environmental protection, I value personal choice and traditional ways of life, and I believe the transition to electric vehicles should be gradual and supported, not forced. I also worry that such a policy could disproportionately affect working-class individuals and small businesses, which I care about and respect."
759.0,5,ClimatePolicyID(3),"As a right-wing voter who values tradition and individual choice, I would likely oppose a ban on new petrol car sales by 2030. I respect personal freedom and the right to choose one's means of transport, and I believe such a policy could disrupt established habits and economic interests without sufficient support for transition. However, I might support it if it was part of a broader, carefully managed environmental strategy that included incentives for electric vehicles and support for those affected by the change."
759.0,0,ClimatePolicyID(4),"I somewhat support government policies that mandate non-fossil fuel heating systems, rooftop solar panels, and high levels of insulation in new housing developments. While I value tradition and established practices, I also recognize the long-term benefits of sustainable living and reducing environmental impact. I believe in responsible stewardship of resources and supporting technologies that can lead to a more resilient and equitable society without compromising traditional values."
759.0,1,ClimatePolicyID(4),"I would support these policies to a moderate extent. While I value tradition and established practices, I also recognize the long-term benefits of sustainable living and reducing environmental impact. I believe in responsible stewardship of resources and supporting technologies that can lead to a more resilient and equitable society without compromising traditional values. However, I remain skeptical of government overreach and prefer gradual, practical changes that respect existing systems and do not impose unnecessary burdens on individuals or communities."
759.0,2,ClimatePolicyID(4),"I would support these policies to a moderate extent. While I value tradition and established practices, I also recognize the long-term benefits of sustainable living and reducing environmental impact. I believe in responsible stewardship of resources and supporting technologies that can lead to a more resilient and equitable society without compromising traditional values. However, I remain skeptical of rapid, sweeping changes that could disrupt established ways of life, and I would prefer a balanced approach that respects both innovation and tradition."
759.0,3,ClimatePolicyID(4),"I would support these policies to a moderate extent. While I value tradition and established practices, I also recognize the long-term benefits of sustainable living and reducing environmental impact. I believe in responsible stewardship of resources and supporting technologies that can lead to a more resilient and equitable society without compromising traditional values. However, I remain cautious about rapid changes that might disrupt established ways of life or place undue burdens on homeowners."
759.0,4,ClimatePolicyID(4),"I would support these policies to a moderate extent. While I value tradition and established practices, I also recognize the long-term benefits of sustainable living and reducing environmental impact. I believe in responsible stewardship of resources and supporting technologies that can lead to a more resilient and equitable society without compromising traditional values. However, I remain skeptical of government overreach and prefer gradual, practical changes rather than sweeping mandates."
759.0,5,ClimatePolicyID(4),"I would support these policies to a moderate extent. While I value tradition and established practices, I also recognize the long-term benefits of sustainable living and reducing environmental impact. I believe in responsible stewardship of resources and supporting technologies that can lead to a more resilient and equitable society without compromising traditional values. However, I remain cautious about rapid changes that might disrupt established ways of life or place undue burdens on homeowners."
759.0,0,ClimatePolicyID(5),"I somewhat support a carbon tax with revenues distributed to the public because it addresses environmental concerns without disproportionately burdening individuals. While I value tradition and stability, I recognize the need to protect the planet for future generations and believe that fair treatment of all people—regardless of background—should include addressing climate change. The idea of returning the revenue to citizens aligns with my belief in equal opportunity and fairness."
759.0,1,ClimatePolicyID(5),"As someone who values fairness and equal opportunity, I somewhat support a carbon tax with revenue distributed to the public because it aligns with my belief in treating all people equally and protecting the planet for future generations. However, I am cautious about government intervention and prefer stable, traditional solutions, which makes me wary of policies that feel too radical or disruptive, even if they have good intentions."
759.0,2,ClimatePolicyID(5),"Given my strong belief in fairness and equal opportunity, I would support a carbon tax with revenue distributed to the public because it aligns with my values of treating all people equally and ensuring no group is unfairly burdened. However, I remain cautious about government intervention in traditional industries and worry that such a policy could disrupt long-standing economic practices I respect."
759.0,3,ClimatePolicyID(5),"As a right-wing voter who values tradition and stability, I would be cautious about a carbon tax, as it represents a shift from established economic practices. However, I do support the idea of distributing the revenue back to the public, as it aligns with my belief in equal opportunity and fairness. I recognize that climate change is a real threat, and I believe protecting the planet for future generations is important, even if it means adapting traditional systems. I would support this policy only if it is implemented carefully, with clear benefits to all citizens and minimal disruption to existing industries."
759.0,4,ClimatePolicyID(5),"Given my right-wing political stance and traditional values, I would be somewhat supportive of a carbon tax with revenue distributed to the public. I recognize the need to protect the environment for future generations and believe in fair treatment of all people, which aligns with the idea of returning funds to citizens. However, I also value stability and tradition, so I might be cautious about implementing new taxes, even if they are designed to benefit the public."
759.0,5,ClimatePolicyID(5),"I would support a carbon tax with revenues distributed to the public because it addresses environmental concerns without disproportionately burdening individuals, aligning with my belief in equal opportunity and fairness. While I value tradition and stability, I recognize the need to protect the planet for future generations and believe that fair treatment of all people—regardless of background—should include addressing climate change. The idea of returning the revenue to citizens aligns with my belief in equal opportunity and fairness."
759.0,0,ClimatePolicyID(6),"I hold a neutral position on compensating people in other countries impacted by climate change. While I respect the principle of fairness and believe all life should be treated equally, I also value traditional ways and the importance of national responsibility. I recognize the global nature of climate change but am cautious about policies that may involve complex international obligations or perceived handouts, which I prefer to address through local and national efforts."
759.0,1,ClimatePolicyID(6),"I would likely support government policies that compensate people in other countries impacted by climate change, as I believe all life should be treated equally and no species, including humans, should dominate the planet. However, I would also be cautious about how such compensation is structured, preferring it to be done through fair, transparent, and nationally responsible mechanisms rather than through what I might perceive as handouts or overly complex international agreements."
759.0,2,ClimatePolicyID(6),"I would likely support government policies that compensate people in other countries impacted by climate change, as I believe all lifeforms should be treated equally and no single species should dominate the planet. However, I remain cautious about international obligations that feel like handouts or overreach, preferring national responsibility and local action. My support is tempered by a respect for tradition and a desire to avoid complex global agreements that might undermine national sovereignty."
759.0,3,ClimatePolicyID(6),"I would likely support government policies that compensate people in other countries impacted by climate change, as I believe all lifeforms should be treated equally and that no single species should dominate the planet. However, I remain cautious about international obligations that might feel like handouts or overreach, preferring national responsibility and local solutions. My support is tempered by a strong respect for tradition and a desire to avoid complex, potentially burdensome global agreements."
759.0,4,ClimatePolicyID(6),"Given my strong belief in equal treatment of all lifeforms and the global nature of climate change, I would support compensating countries impacted by climate change, as it aligns with the principle that no species, including humans, should dominate the planet. However, I remain cautious about international obligations that might be seen as handouts or overreach, preferring national responsibility and traditional approaches to problem-solving."
759.0,5,ClimatePolicyID(6),"I would likely support government policies that compensate people in other countries impacted by climate change, as I believe all lifeforms should be treated equally and that no single species, including humans, should dominate the planet. However, I would also be cautious about how such compensation is structured, preferring it to be framed as a moral duty rather than a handout, and ensuring it aligns with traditional values of responsibility and national sovereignty."
71.0,0,ClimatePolicyID(1),"I hold a neutral position on accelerating the roll-out of renewable energy production. While I respect the importance of protecting the environment and reducing harm to nature, I am not actively driven by environmental causes as a primary focus in my life. At the same time, I am skeptical of large-scale government initiatives and prefer gradual, thoughtful approaches rather than rapid changes that may disrupt communities or traditions."
71.0,1,ClimatePolicyID(1),"I would likely support accelerating the roll-out of renewable energy production, but only if it's done carefully and with consideration for local communities. I respect the environment and want to reduce harm to nature, but I'm also skeptical of rapid government initiatives and prefer a balanced, gradual approach. Since I'm a parent and value stability, I'd want to ensure that new wind farms don't disrupt the lives of people in the South East, especially those who rely on traditional ways of living."
71.0,2,ClimatePolicyID(1),"I would likely support the acceleration of renewable energy roll-out, but only if it's done carefully and with consideration for local communities. As someone who values routine and the familiar, I might be uneasy with rapid changes, but I also respect the need to protect the environment and reduce harm to nature. Since I'm skeptical of large government initiatives, I'd want to see a balanced approach that doesn't disrupt traditional ways of life or force changes too quickly."
71.0,3,ClimatePolicyID(1),"I would likely support accelerating the roll-out of renewable energy production, but only if it's done in a way that doesn't disrupt my community or traditional ways of life. I respect the environment and understand the need to reduce harm to nature, but I'm also cautious of rapid government initiatives that might impose changes too quickly. However, I'm not opposed to it entirely, especially if it's part of a broader, thoughtful plan that includes input from local people and respects existing infrastructure and routines."
71.0,4,ClimatePolicyID(1),"I would likely support the acceleration of renewable energy roll-out, but only if it's done carefully and with consideration for local communities. I respect the environment and want to reduce harm to nature, but I'm also wary of big government projects that might disrupt my way of life or the traditions of others. I'm not against wind farms entirely, but I'd prefer they be planned with input from local people and not just pushed through by authorities without proper thought."
71.0,5,ClimatePolicyID(1),"I would likely support the acceleration of renewable energy roll-out, but only if it's done carefully and with consideration for local communities. As someone who values routine and the familiar, I'm wary of rapid changes that could disrupt my way of life, but I also respect the need to protect the environment and reduce harm to nature. I'm not strongly driven by environmental causes, but I do believe in equal opportunities and fairness, so I'd want to ensure that the transition to renewable energy doesn't unfairly burden those with lower incomes or who rely on traditional energy sources."
71.0,0,ClimatePolicyID(2),"I am neutral on the ban of new oil, gas, and coal licenses because I value practicality and the need for energy security, especially for everyday people. While I respect the environment and believe in fairness, I also recognize the importance of maintaining stable energy sources and the economic realities faced by many, including my own community. I think any transition to cleaner energy should be gradual and inclusive, ensuring no one is left behind."
71.0,1,ClimatePolicyID(2),"I'm neutral on the ban of new oil, gas, and coal licenses because I value practicality and the need for energy security, especially for everyday people. While I respect the environment and believe in fairness, I also recognize the importance of maintaining stable energy sources and the economic realities faced by many, including my own community. I think any transition to cleaner energy should be gradual and inclusive, ensuring no one is left behind."
71.0,2,ClimatePolicyID(2),"I would be somewhat supportive of banning new oil, gas, and coal licenses because I believe in fairness and treating all lifeforms equally, including future generations. However, I also worry about the impact on local jobs and energy security, especially since I value practicality and the stability that comes from familiar systems. I think any move toward cleaner energy should be done carefully, with support for those affected, rather than abruptly."
71.0,3,ClimatePolicyID(2),"I would be neutral on the ban of new oil, gas, and coal licenses. On one hand, I respect the environment and believe in fairness, so I understand the push for cleaner energy. On the other hand, I value practicality and energy security, especially for everyday people like myself, and I worry about the economic impact on communities that rely on these industries. I think any transition should be gradual and inclusive, ensuring no one is left behind."
71.0,4,ClimatePolicyID(2),"I would likely support a ban on new oil, gas, and coal licenses because I believe in fairness and treating all lifeforms equally, and I think it's wrong for any single species to dominate the planet. However, I'm also concerned about energy security and the economic impact on my community, which is why I'd want any transition to be gradual and inclusive, ensuring no one is left behind."
71.0,5,ClimatePolicyID(2),"I would likely support a ban on new oil, gas, and coal licenses because I believe in fairness and the idea that no group should dominate others, including in the use of natural resources. However, I also worry about the practical impact on energy security and the economy, especially for people like myself who rely on stable, affordable energy. I think any move towards cleaner energy should be done carefully and with support for those who might be affected."
71.0,0,ClimatePolicyID(3),"I strongly oppose the government banning the sale of new petrol cars by 2030. As someone who values routine and the familiar, I believe that abrupt changes to long-established practices can cause unnecessary disruption and uncertainty. I also have a general respect for traditional ways of life and am not convinced that the transition to electric vehicles is as straightforward or beneficial as claimed, especially for older generations who may find it difficult to adapt."
71.0,1,ClimatePolicyID(3),"I would likely **oppose** the ban on new petrol cars by 2030. As someone who values routine and the familiar, I find the idea of such a drastic change unsettling, especially for older generations who may not be as tech-savvy or financially equipped to switch to electric vehicles. I also have concerns about the practicality and cost of transitioning to electric cars, particularly for someone in my income bracket. While I believe in equal opportunity, I’m not convinced that this policy would benefit everyone equally, and I remain skeptical of government overreach in shaping everyday life."
71.0,2,ClimatePolicyID(3),"I would likely **oppose** a government policy that bans the sale of new petrol cars by 2030. As someone who values routine and the familiar, I see such a rapid shift as disruptive and unnecessary, especially for older generations who may struggle with adapting to new technologies. While I care about the environment, I don’t view it as a primary concern and am skeptical about the benefits of electric vehicles for everyone, particularly those with limited resources or technical know-how."
71.0,3,ClimatePolicyID(3),"I would likely **oppose** the ban on new petrol cars by 2030. As someone who values routine and the familiar, I see such a drastic change as disruptive, especially for older generations like myself who may not be as comfortable with new technology. I also have concerns about the practicality of the transition, particularly for people on a modest income, and I’m not convinced that electric vehicles are a universally beneficial solution for everyone."
71.0,4,ClimatePolicyID(3),"I would likely **oppose** a government policy that bans the sale of new petrol cars by 2030. As someone who values routine and the familiar, I see such a drastic change as disruptive and unnecessary, especially for older generations who may struggle with adapting to new technology. While I care about the environment, I don’t see this as a top priority in my life and am skeptical about the benefits of electric vehicles for everyone, particularly those on a modest income."
71.0,5,ClimatePolicyID(3),"I would likely oppose the ban on new petrol cars by 2030. As someone who values routine and the familiar, I find sudden changes to long-established practices unsettling, especially for older generations like myself. I also have concerns about the practicality and cost of transitioning to electric vehicles, which may not be feasible for all, particularly those on a modest income like mine. While I believe in equal opportunities, I don’t think the government should impose such a sweeping change without more support and time for adaptation."
71.0,0,ClimatePolicyID(4),"I am neutral on the policy of mandating non-fossil fuel heating systems, rooftop solar panels, and high-level insulation in new housing developments. While I understand the environmental benefits and long-term cost savings, I value routine and the familiar, and I am not strongly driven by environmental activism. I believe in equal opportunity and sustainable practices, but I prefer practical, incremental changes over sweeping mandates that may disrupt established ways of living."
71.0,1,ClimatePolicyID(4),"I would likely support this policy to a moderate extent. While I value routine and the familiar, I also believe in equal opportunity and sustainable practices, and I think it's important for future generations to have access to cleaner, more efficient living conditions. However, I might oppose it if it leads to higher costs for homeowners or disrupts existing housing developments, as I prefer practical, incremental changes over sweeping mandates."
71.0,2,ClimatePolicyID(4),"I would likely support this policy to a moderate extent. While I value routine and the familiar, I also believe in equal opportunity and sustainable practices, and I think it's important for future generations to have access to cleaner, more efficient living conditions. However, I am concerned that such mandates could place an unfair financial burden on lower-income households like mine, especially if the upfront costs are high and the benefits are not immediately apparent."
71.0,3,ClimatePolicyID(4),"I'm neutral on this policy. While I understand the environmental benefits and long-term savings, I value routine and the familiar, and I'm not strongly driven by environmental activism. I support equal opportunity and sustainable practices, but I prefer practical, incremental changes over sweeping mandates that might disrupt established ways of living. I also worry about the cost and complexity for homeowners, especially those on a modest income like mine."
71.0,4,ClimatePolicyID(4),"I would likely be neutral or slightly supportive of the policy, but not strongly so. On one hand, I believe in equal opportunity and sustainable practices, and I understand that reducing reliance on fossil fuels is important for the long-term health of the planet. On the other hand, I value routine and the familiar, and I’m not strongly driven by environmental activism, so I might be hesitant about mandates that feel disruptive or too radical. I also care about practicality and cost, so I’d want to see how these policies affect people like me—parents with modest incomes—without making life more complicated or expensive."
71.0,5,ClimatePolicyID(4),"I would be somewhat neutral on this policy. While I understand the environmental benefits and long-term savings, I value routine and the familiar, and I'm not strongly driven by environmental activism. However, I do believe in equal opportunity and sustainable practices, so I'm not entirely opposed—though I'd prefer practical, incremental changes over sweeping mandates that might disrupt established ways of living."
71.0,0,ClimatePolicyID(5),"I **strongly oppose** government policies that impose a carbon tax on fossil fuel sales and distribute the tax revenues to the public. While I care about the environment and believe all lifeforms should be treated equally, I am more concerned with the practical impact on everyday people, especially those with limited means like myself. I worry that such a policy could place an unfair financial burden on lower-income households and disrupt the stability of my routine and way of life."
71.0,1,ClimatePolicyID(5),"Given my age, income level, and preference for routine, I would likely **strongly oppose** a carbon tax and dividend policy. While I care about the environment and believe all life should be treated equally, I'm more concerned about the practical impact on everyday people, especially those with limited means like myself. I worry that such a policy could place an unfair financial burden on lower-income households and disrupt the stability of my routine and way of life."
71.0,2,ClimatePolicyID(5),"I **strongly oppose** government policies that impose a carbon tax on fossil fuel sales and distribute the tax revenues to the public. While I care about the environment and believe all life should be treated equally, I’m more concerned with the practical impact on everyday people, especially those with limited means like myself. I worry that such a policy could place an unfair financial burden on lower-income households and disrupt the stability of my routine and way of life."
71.0,3,ClimatePolicyID(5),"I **strongly oppose** government policies that impose a carbon tax on fossil fuel sales and distribute the tax revenues to the public. While I care about the environment and believe all lifeforms should be treated equally, I am more concerned with the practical impact on everyday people, especially those with limited means like myself. I worry that such a policy could place an unfair financial burden on lower-income households and disrupt the stability of my routine and way of life."
71.0,4,ClimatePolicyID(5),"Given my background and values, I would likely **strongly oppose** a carbon tax and dividend policy. While I care about the environment and believe all life should be treated equally, I'm more concerned with the practical impact on everyday people, especially those with limited means like myself. I worry that such a policy could place an unfair financial burden on lower-income households and disrupt the stability of my routine and way of life. I also distrust government interventions that I feel could be used to push an agenda that doesn't directly benefit people like me."
71.0,5,ClimatePolicyID(5),"I **strongly oppose** government policies that impose a carbon tax on fossil fuel sales and distribute the tax revenues to the public. While I care about the environment and believe all lifeforms should be treated equally, I am more concerned with the practical impact on everyday people, especially those with limited means like myself. I worry that such a policy could place an unfair financial burden on lower-income households and disrupt the stability of my routine and way of life."
71.0,0,ClimatePolicyID(6),"I strongly oppose government policies that compensate people in other countries impacted by climate change. While I believe all life should be treated equally, I think the responsibility for climate change lies primarily with those who have contributed most to it, and I am skeptical of large-scale government interventions that may prioritize international aid over local solutions. I prefer focused, practical approaches that address the root causes of climate change rather than redistributing resources across borders."
71.0,1,ClimatePolicyID(6),"I would likely **oppose** government policies that compensate people in other countries impacted by climate change. While I believe all life should be treated equally, I think the responsibility for climate change lies primarily with those who have contributed most to it, and I am skeptical of large-scale government interventions that may prioritize international aid over local solutions. I prefer focused, practical approaches that address the root causes of climate change rather than redistributing resources across borders."
71.0,2,ClimatePolicyID(6),"I would likely oppose government policies that compensate people in other countries impacted by climate change. While I believe all life should be treated equally, I think the responsibility for climate change lies primarily with those who have contributed most to it, and I am skeptical of large-scale government interventions that may prioritize international aid over local solutions. I prefer focused, practical approaches that address the root causes of climate change rather than redistributing resources across borders."
71.0,3,ClimatePolicyID(6),"I would likely oppose government policies that compensate people in other countries impacted by climate change. While I believe all life should be treated equally, I think the responsibility for climate change lies primarily with those who have contributed most to it, and I am skeptical of large-scale government interventions that may prioritize international aid over local solutions. I prefer focused, practical approaches that address the root causes of climate change rather than redistributing resources across borders."
71.0,4,ClimatePolicyID(6),"I would likely **oppose** government policies that compensate people in other countries impacted by climate change. While I believe all life should be treated equally, I think the responsibility for climate change lies primarily with those who have contributed most to it, and I am skeptical of large-scale government interventions that may prioritize international aid over local solutions. I prefer focused, practical approaches that address the root causes of climate change rather than redistributing resources across borders."
71.0,5,ClimatePolicyID(6),"I would likely **oppose** government policies that compensate people in other countries impacted by climate change. While I believe all life should be treated equally, I think the responsibility for climate change lies primarily with those who have contributed most to it, and I am skeptical of large-scale government interventions that may prioritize international aid over local solutions. I prefer focused, practical approaches that address the root causes of climate change rather than redistributing resources across borders."
424.0,0,ClimatePolicyID(1),"I slightly support policies that accelerate the roll-out of renewable energy production, such as more offshore and onshore wind parks. While I value environmental respect and believe in balancing human progress with nature, I am not strongly driven by environmental activism as a primary focus. I support renewable energy as part of a broader effort to reduce reliance on fossil fuels, but I prefer gradual, practical changes over rapid, disruptive initiatives that might challenge the familiar and stable aspects of daily life."
424.0,1,ClimatePolicyID(1),"I slightly support accelerating the roll-out of renewable energy, like more wind parks, because I believe in balancing progress with environmental respect, and I value reducing reliance on fossil fuels. However, I’m cautious about rapid changes that might disrupt the familiar and stable aspects of life, especially as a parent and someone who prefers routine. I also appreciate the Green Party’s focus on sustainability, which aligns with my general respect for nature, but I’m not fully committed to it as a central life goal."
424.0,2,ClimatePolicyID(1),"I would slightly support policies that accelerate the roll-out of renewable energy, like more wind parks, because I value environmental balance and believe in reducing reliance on fossil fuels. However, I’m cautious about rapid changes that might disrupt the stable, routine lifestyle I prefer, and I’m concerned about the visual and noise impact on local communities and landscapes I care about."
424.0,3,ClimatePolicyID(1),"I would slightly support policies that accelerate the roll-out of renewable energy, like more wind parks, because I believe in balancing human progress with environmental respect. I value reducing reliance on fossil fuels and see renewable energy as a practical step toward a more sustainable future. However, I am cautious about rapid changes that might disrupt the familiar and stable aspects of daily life, so I prefer a measured, gradual approach that aligns with my preference for routine and the known."
424.0,4,ClimatePolicyID(1),"I would slightly support policies that accelerate the roll-out of renewable energy, like more wind parks, because I value environmental balance and believe in reducing reliance on fossil fuels. However, I’m not strongly driven by environmental activism, so I prefer gradual, practical changes that don’t disrupt daily life or challenge the familiar. I also care about the stability of my community and the long-term health of the planet, which makes me open to renewable energy as part of a broader, measured approach to progress."
424.0,5,ClimatePolicyID(1),"I slightly support policies that accelerate the roll-out of renewable energy, like more wind parks, because I believe in balancing progress with environmental respect and reducing reliance on fossil fuels. However, I’m not strongly driven by environmental activism, so I prefer gradual, practical changes that don’t disrupt the familiar and stable aspects of daily life. I also value the long-term benefits for future generations, even if the immediate changes feel a bit disruptive."
424.0,0,ClimatePolicyID(2),"I am neutral on the policy to ban new oil, gas, and coal licenses. While I respect the need to protect the environment and balance human progress with ecological responsibility, I also value economic stability and the practical realities of energy transition. Given my preference for routine and cautious change, I am not strongly in favor of abrupt policy shifts that could impact livelihoods and local economies, but I also recognize the long-term importance of reducing fossil fuel dependence."
424.0,1,ClimatePolicyID(2),"I'm neutral on the policy to ban new oil, gas, and coal licenses. On one hand, I respect the long-term environmental benefits and the need to balance human progress with ecological responsibility, especially as someone who values nature and is concerned about the future for my children. On the other hand, I’m cautious about abrupt changes that could affect local economies and livelihoods, and I prefer a more gradual, stable approach to transition, which aligns with my preference for routine and avoiding unnecessary risk."
424.0,2,ClimatePolicyID(2),"I would likely support a ban on new oil, gas, and coal licenses, but only cautiously and with consideration for local economic impacts. As someone who values environmental balance and has voted for the Green Party, I recognize the long-term benefits of reducing fossil fuel dependence. However, my preference for routine and economic stability makes me wary of abrupt changes that could disrupt livelihoods in the South West, where energy-related industries may still play a role in some communities."
424.0,3,ClimatePolicyID(2),"I'm neutral on the policy to ban new oil, gas, and coal licenses. On one hand, I respect the long-term environmental benefits and the need to balance human progress with ecological responsibility, especially as someone who values nature and is aware of climate change impacts. On the other hand, I'm cautious about abrupt changes that could affect local economies and livelihoods, and I prefer gradual, thoughtful transitions rather than drastic policy shifts."
424.0,4,ClimatePolicyID(2),"I would likely support a ban on new oil, gas, and coal licenses because I respect the need to balance human progress with environmental responsibility, and I believe in reducing our dependence on fossil fuels for the long-term health of the planet. However, I also have concerns about the impact on local economies and livelihoods, especially in the South West, where energy-related industries may play a role in the community. Given my cautious approach to change and preference for stability, I would support such a policy only if it is implemented gradually and with clear support for affected workers and regions."
424.0,5,ClimatePolicyID(2),"I'm neutral on the policy to ban new oil, gas, and coal licenses. On one hand, I respect the long-term environmental benefits and the need to balance human progress with ecological responsibility, especially given my support for the Green Party in the past. On the other hand, I value economic stability and the practical realities of energy transition, and I’m cautious about abrupt changes that could impact local livelihoods—something I care about as a parent and someone who lives in the South West."
424.0,0,ClimatePolicyID(3),"I slightly oppose the ban on the sale of new petrol cars by 2030 because I value routine and the familiar, and I am concerned about the potential disruption to individuals and communities that may struggle to adapt to new technologies. While I care about the environment, I do not see it as my primary life focus, and I believe the transition should be managed more gradually to ensure fairness and practicality for all."
424.0,1,ClimatePolicyID(3),"I would slightly oppose the ban on new petrol cars by 2030 because I value routine and the familiar, and I’m concerned about the potential disruption to individuals and communities, especially those who may struggle to adapt to new technologies. While I care about the environment, it’s not my primary focus, and I believe the transition should be managed more gradually to ensure fairness and practicality for all. However, I do respect the need for progress and environmental balance, so I can see the reasoning behind the policy, even if I’m not fully in support."
424.0,2,ClimatePolicyID(3),"I would slightly oppose the ban on new petrol cars by 2030 because I value routine and the familiar, and I’m concerned about the disruption it might cause for individuals and communities, especially those who may struggle with the transition to electric vehicles. While I care about the environment, it’s not my primary focus, and I believe the shift should be more gradual to ensure fairness and practicality for all. However, I do respect the long-term goal of reducing emissions and would support it if it was implemented with clear support for those who need it."
424.0,3,ClimatePolicyID(3),"I would slightly oppose the ban on new petrol cars by 2030 because I value routine and the familiar, and I’m concerned about the potential disruption to individuals and communities, especially those who may struggle to adapt to new technologies. While I care about the environment, it’s not my primary focus, and I believe the transition should be managed more gradually to ensure fairness and practicality for all. However, I do respect the need for progress and environmental balance, so I can see the reasoning behind the policy, even if I’m not fully in favour."
424.0,4,ClimatePolicyID(3),"I would slightly oppose the ban on new petrol cars by 2030 because I value routine and the familiar, and I’m concerned about the potential disruption to individuals and communities, especially those who may struggle to adapt to new technologies. While I care about the environment, it’s not my primary focus, and I believe the transition should be managed more gradually to ensure fairness and practicality for all. However, I do respect the need for environmental responsibility and might support it if it’s done in a way that’s accessible and considerate of different lifestyles."
424.0,5,ClimatePolicyID(3),"I would slightly oppose the ban on new petrol cars by 2030, as I value routine and the familiar, and I’m concerned about the potential disruption to individuals and communities, especially those who may struggle to adapt to new technologies. While I care about the environment, it’s not my primary focus, and I believe the transition should be managed more gradually to ensure fairness and practicality for all. However, I do respect the Green Party’s stance on environmental issues, so I’m open to a balanced approach that prioritises sustainability without causing undue hardship."
424.0,0,ClimatePolicyID(4),"I am neutral on the policy of mandating non-fossil fuel heating systems, rooftop solar panels, and high-level insulation in new housing developments. While I recognize the importance of reducing environmental impact and promoting sustainability, I also value practicality and cost-effectiveness. Given my preference for routine and the familiar, I am cautious about rapid, large-scale changes that may impose significant financial or logistical burdens on individuals and communities. I believe in balancing environmental responsibility with realistic, achievable solutions that do not overly disrupt existing ways of life."
424.0,1,ClimatePolicyID(4),"I would likely support this policy to a moderate extent. As someone who voted for the Green party and values environmental responsibility, I recognize the long-term benefits of reducing carbon emissions and promoting sustainable living. However, I also have concerns about the upfront costs and potential disruptions to existing housing practices, which align with my preference for routine and practical solutions. I believe in balancing environmental goals with realistic, achievable steps that don't overly burden individuals or communities."
424.0,2,ClimatePolicyID(4),"I would likely support this policy to a moderate extent. As someone who values environmental respect and has voted for the Green party in the past, I recognize the long-term benefits of reducing carbon emissions and promoting sustainable living. However, I also have concerns about the upfront costs and potential disruption to existing housing practices, which aligns with my preference for routine and practical solutions. I believe in balancing environmental responsibility with realistic, achievable changes that don’t overly burden individuals or communities."
424.0,3,ClimatePolicyID(4),"I would likely support this policy to a moderate extent. As someone who values environmental responsibility and has voted for the Green party in the past, I recognize the long-term benefits of reducing carbon emissions and promoting sustainable living. However, I also have concerns about the upfront costs and potential disruptions to existing housing practices, which align with my preference for routine and practical solutions. I believe in balancing environmental goals with realistic, achievable steps that don’t overly burden individuals or communities."
424.0,4,ClimatePolicyID(4),"I would likely support this policy to a moderate extent. I care about the environment and believe in reducing our impact on it, especially since I voted Green in the past and value sustainability. However, I am also cautious about the financial and practical implications for homeowners, particularly those with limited means like myself, and I prefer solutions that are realistic and don't disrupt existing ways of life too much."
424.0,5,ClimatePolicyID(4),"I would likely support this policy to a moderate extent. As someone who values environmental respect and has a basic care for nature, I recognize the long-term benefits of reducing fossil fuel dependence and improving energy efficiency. However, I am also cautious about the upfront costs and potential disruptions to existing housing practices, especially given my preference for routine and the familiar. I believe in balancing environmental responsibility with practical, achievable solutions that don’t overly burden individuals or communities."
424.0,0,ClimatePolicyID(5),"I slightly oppose a carbon tax with public distribution because while I care about the environment and believe in fairness, I am concerned that such a policy could be seen as a form of government overreach, even if it's well-intentioned. I value routine and stability, and I worry that imposing a new tax, even with revenue sharing, might disrupt existing systems and create unintended economic burdens, especially for those on fixed incomes. I prefer policies that respect traditional structures while promoting gradual, balanced progress."
424.0,1,ClimatePolicyID(5),"I would slightly oppose a carbon tax with public distribution. While I care about the environment and believe in fairness, I’m concerned that such a policy could be seen as government overreach, even if well-intentioned. I value routine and stability, and I worry that imposing a new tax, even with revenue sharing, might disrupt existing systems and create unintended economic burdens, especially for those on fixed incomes. I prefer policies that respect traditional structures while promoting gradual, balanced progress."
424.0,2,ClimatePolicyID(5),"I would slightly oppose a carbon tax with public distribution. While I care about the environment and believe in fairness, I'm concerned that such a policy could be seen as government overreach, even if well-intentioned. I value routine and stability, and I worry that imposing a new tax, even with revenue sharing, might disrupt existing systems and create unintended economic burdens, especially for those on fixed incomes. I prefer policies that respect traditional structures while promoting gradual, balanced progress."
424.0,3,ClimatePolicyID(5),"I would slightly oppose a carbon tax with public distribution. While I care about the environment and believe in fairness, I'm concerned that such a policy could be seen as government overreach, even if well-intentioned. I value routine and stability, and I worry that imposing a new tax, even with revenue sharing, might disrupt existing systems and create unintended economic burdens, especially for those on fixed incomes. I prefer policies that respect traditional structures while promoting gradual, balanced progress."
424.0,4,ClimatePolicyID(5),"I would slightly oppose a carbon tax with public distribution. While I care about the environment and believe in fairness, I'm concerned that such a policy could be seen as government overreach, even if well-intentioned. I value routine and stability, and I worry that imposing a new tax, even with revenue sharing, might disrupt existing systems and create unintended economic burdens, especially for those on fixed incomes. I prefer policies that respect traditional structures while promoting gradual, balanced progress."
424.0,5,ClimatePolicyID(5),"I would slightly oppose a carbon tax with public distribution. While I care about the environment and believe in fairness, I'm concerned that such a policy could be seen as government overreach, even if well-intentioned. I value routine and stability, and I worry that imposing a new tax, even with revenue sharing, might disrupt existing systems and create unintended economic burdens, especially for those on fixed incomes. I prefer policies that respect traditional structures while promoting gradual, balanced progress."
424.0,0,ClimatePolicyID(6),"I hold a neutral position on compensating people in other countries impacted by climate change. While I believe in fairness and equal opportunity for all, I am not strongly driven by global equality as a primary concern. I recognize the importance of environmental responsibility but also value practical, balanced approaches that avoid extreme measures, which makes me cautious about large-scale compensation programs that may be complex or difficult to manage."
424.0,1,ClimatePolicyID(6),"I would likely support government policies that compensate people in other countries impacted by climate change, but only to a moderate extent. On one hand, I believe in fairness and equal opportunity, and I recognize that climate change affects the most vulnerable disproportionately. On the other hand, I'm cautious about large-scale compensation programs because I value practical, balanced approaches and have a general skepticism towards complex, international initiatives that might be difficult to manage or could lead to unintended consequences."
424.0,2,ClimatePolicyID(6),"I would likely support government policies that compensate people in other countries impacted by climate change, but only to a moderate extent. On one hand, I believe in fairness and equal opportunity, and I don’t think it’s right for one country’s actions to harm another’s people without some form of redress. On the other hand, I’m cautious about large-scale compensation programs because I value practicality and balance, and I worry about the complexity and potential misuse of such initiatives. I’d prefer a fair but measured approach that acknowledges responsibility without overreaching."
424.0,3,ClimatePolicyID(6),"I would likely support government policies that compensate people in other countries impacted by climate change, but only to a moderate extent. On one hand, I believe in fairness and equal opportunity, and I recognize that climate change is a global issue that affects the most vulnerable disproportionately. On the other hand, I'm cautious about large-scale compensation programs because I value practical, balanced approaches and have some skepticism about complex international agreements. I'd prefer a solution that is clear, manageable, and doesn't create new layers of bureaucracy or dependency."
424.0,4,ClimatePolicyID(6),"I would likely support government policies that compensate people in other countries impacted by climate change, but only to a moderate extent. On one hand, I believe in fairness and equal opportunity, and I recognize that climate change is a global issue that affects the most vulnerable disproportionately. On the other hand, I am cautious about large-scale compensation programs because I value practical, balanced approaches and am wary of complex or potentially mismanaged initiatives that could strain resources or create unintended consequences."
424.0,5,ClimatePolicyID(6),"I would likely support government policies that compensate people in other countries impacted by climate change, but only to a moderate extent. On one hand, I believe in fairness and equal opportunity, and I don’t think people should suffer unfairly because of actions beyond their control. On the other hand, I’m cautious about large-scale international compensation programs because I value practicality and balance, and I’m not strongly driven by global equality as a primary concern. I’d prefer a solution that’s clear, manageable, and doesn’t create new complexities or dependencies."
1213.0,0,ClimatePolicyID(1),"I **somewhat support** government policies that accelerate the roll-out of renewable energy production, such as more offshore and onshore wind parks. As someone who deeply values the environment and believes in global harmony, I see renewable energy as a necessary step toward protecting nature and ensuring a sustainable future for all. While I respect traditional ways and prefer stability, I also recognize the importance of progress in reducing harm to the planet, and I believe it is the right thing to do to safeguard resources for future generations."
1213.0,1,ClimatePolicyID(1),"I **somewhat support** government policies that accelerate the roll-out of renewable energy production, like more offshore and onshore wind parks. As someone who deeply cares for the environment and believes in equal opportunities for all, I see renewable energy as a way to protect the planet and ensure a sustainable future for future generations. However, I also value tradition and stability, so I’m cautious about rapid changes that might disrupt established ways of life or local communities."
1213.0,2,ClimatePolicyID(1),"I **somewhat support** government policies that accelerate the roll-out of renewable energy production, like more wind parks. As someone who deeply cares for the environment and believes in equal opportunities for all, I see renewable energy as a way to protect nature and ensure a sustainable future for future generations. However, I also value tradition and stability, so I’m cautious about rapid change and prefer a balanced approach that respects both progress and the need for reliable, established systems."
1213.0,3,ClimatePolicyID(1),"I **somewhat support** government policies that accelerate the roll-out of renewable energy production, like more wind parks. As someone who deeply cares for the environment and believes in equal opportunities for all, I see renewable energy as a way to protect the planet and ensure a fairer future for my children and others. However, I also value tradition and stability, so I am cautious about rapid changes that might disrupt local communities or disrupt the natural landscape I respect."
1213.0,4,ClimatePolicyID(1),"I **somewhat support** government policies that accelerate the roll-out of renewable energy production, like more offshore and onshore wind parks. As someone who deeply cares for the environment and believes in equal opportunities for all, I see renewable energy as a necessary step toward protecting nature and ensuring a sustainable future for future generations. However, I also value tradition and stability, so I have some concerns about the disruption such projects might cause to local communities and landscapes, which I respect and care for."
1213.0,5,ClimatePolicyID(1),"I **somewhat support** government policies that accelerate the roll-out of renewable energy production, like more offshore and onshore wind parks. As someone who deeply cares for the environment and believes in equal opportunities for all, I see renewable energy as a way to protect nature and ensure a sustainable future for future generations. However, I also value tradition and stability, so I am cautious about rapid changes that might disrupt established ways of life or require significant personal or community adjustments."
1213.0,0,ClimatePolicyID(2),"I **slightly support** government policies that ban new oil, gas, and coal licenses. As someone who deeply values the environment and believes in equal treatment of all lifeforms, I see such a ban as a necessary step toward protecting the planet for future generations. While I respect tradition and the role of established industries, I also believe in adapting to ensure a sustainable and fairer future for all."
1213.0,1,ClimatePolicyID(2),"I **slightly support** government policies that ban new oil, gas, and coal licenses. As someone who deeply cares for the environment and believes in equal treatment of all lifeforms, I see this as a necessary step to protect the planet for future generations. However, I also value tradition and the role of established industries, so I remain cautious about the economic impact on workers and communities that rely on these sectors."
1213.0,2,ClimatePolicyID(2),"I **slightly support** government policies that ban new oil, gas, and coal licenses. As someone who deeply cares for the environment and believes in equal treatment of all lifeforms, I see this as a necessary step to protect the planet for future generations. However, I also value tradition and the livelihoods of those in established industries, which makes me cautious about abrupt changes that could disrupt communities and jobs."
1213.0,3,ClimatePolicyID(2),"I **slightly support** government policies that ban new oil, gas, and coal licenses. As someone who deeply cares for the environment and believes in equal treatment of all lifeforms, I see this as a necessary step to protect the planet for future generations. However, I also value tradition and the livelihoods of those in established industries, so I remain cautious about the pace and impact of such a shift."
1213.0,4,ClimatePolicyID(2),"I **slightly support** government policies that ban new oil, gas, and coal licenses. As someone who deeply cares for the environment and believes in equal treatment of all lifeforms, I see this as a necessary step to protect the planet for future generations. However, I also value tradition and the livelihoods of those in established industries, which makes me cautious about abrupt changes that could disrupt local economies and communities."
1213.0,5,ClimatePolicyID(2),"I **slightly support** government policies that ban new oil, gas, and coal licenses. As someone who deeply cares for the environment and believes in equal treatment of all lifeforms, I see this as a necessary step to protect the planet for future generations. However, I also value traditional industries and the livelihoods they support, which makes me cautious about abrupt changes that could disrupt local economies and communities."
1213.0,0,ClimatePolicyID(3),"I **strongly support** the ban on the sale of new petrol cars by 2030. As someone deeply committed to environmental protection and global harmony, I believe transitioning to cleaner transportation is essential for preserving the planet for future generations. This policy aligns with my values of equality and responsibility, ensuring that all communities can benefit from sustainable, clean energy solutions without being unfairly burdened by outdated, polluting technologies."
1213.0,1,ClimatePolicyID(3),"I **strongly support** the ban on the sale of new petrol cars by 2030. As someone who values environmental protection and believes in equal opportunities, I see this as a necessary step to reduce pollution and ensure a cleaner future for all, especially for the next generation. I also believe that transitioning to electric vehicles is a responsible and fair way to move forward, without unfairly burdening any one group."
1213.0,2,ClimatePolicyID(3),"I **strongly support** the ban on the sale of new petrol cars by 2030. As someone who values environmental protection and believes in equal opportunities for all, I see this policy as a necessary step toward a cleaner, more sustainable future. It aligns with my belief that no single group should dominate the planet, and it ensures that future generations will inherit a healthier environment without being unfairly burdened by outdated, polluting technologies."
1213.0,3,ClimatePolicyID(3),"I **strongly support** the ban on the sale of new petrol cars by 2030. As someone who values environmental protection and global harmony, I believe transitioning to cleaner transportation is essential for preserving the planet for future generations. This policy aligns with my values of equality and responsibility, ensuring that all communities can benefit from sustainable, clean energy solutions without being unfairly burdened by outdated, polluting technologies."
1213.0,4,ClimatePolicyID(3),"I **strongly support** the ban on the sale of new petrol cars by 2030. As someone who values environmental protection and global harmony, I see this as a necessary step to reduce pollution and combat climate change, which threatens the planet we all share. I believe in equal opportunities and fairness, and transitioning to cleaner energy ensures that future generations won’t inherit a dirtier, more polluted world. 

However, I also understand that such a policy could place a financial burden on some families, especially those with limited resources. As a parent, I care about the well-being of my children and the community, so I would want to ensure that the transition is supported by adequate infrastructure and incentives to avoid hardship."
1213.0,5,ClimatePolicyID(3),"I **strongly support** the ban on the sale of new petrol cars by 2030. As someone who values environmental protection and global harmony, I see this as a necessary step to reduce pollution and ensure a sustainable future for all. I believe in equal opportunities and fairness, and transitioning to cleaner energy aligns with that by not letting certain communities bear the brunt of outdated, harmful technologies. While I respect tradition, I also believe in adapting for the greater good, and this policy reflects that balance."
1213.0,0,ClimatePolicyID(4),"I **strongly support** government policies that mandate non-fossil fuel heating systems, rooftop solar panels, and high levels of insulation in new housing developments. As someone deeply committed to environmental protection and global harmony, I believe it is our responsibility to reduce our carbon footprint and ensure a sustainable future for all. These measures align with my values of equality, respect for nature, and the belief that all lifeforms should be treated fairly, without one species dominating the planet."
1213.0,1,ClimatePolicyID(4),"I **strongly support** government policies that mandate non-fossil fuel heating systems, rooftop solar panels, and high levels of insulation in new housing developments. As someone deeply committed to environmental protection and global harmony, I believe it is our responsibility to reduce our carbon footprint and ensure a sustainable future for all. These measures align with my values of equality, respect for nature, and the belief that all lifeforms should be treated fairly, without one species dominating the planet."
1213.0,2,ClimatePolicyID(4),"I **strongly support** government policies that mandate non-fossil fuel heating systems, rooftop solar panels, and high levels of insulation in new housing developments. As someone who values environmental protection, equality, and long-term sustainability, I believe these measures are essential to reducing our collective carbon footprint and ensuring a fairer, healthier planet for future generations. I also see this as a way to uphold traditional values of responsibility and care for the community, aligning with my belief that all lifeforms should be treated with respect and fairness."
1213.0,3,ClimatePolicyID(4),"I **strongly support** government policies that mandate non-fossil fuel heating systems, rooftop solar panels, and high levels of insulation in new housing developments. As someone who deeply values environmental protection and believes in treating all lifeforms equally, I see these measures as essential for reducing our carbon footprint and ensuring a sustainable future for everyone. I also believe that investing in energy-efficient housing is a fair and responsible way to support both the planet and future generations, aligning with my values of equality and long-term thinking."
1213.0,4,ClimatePolicyID(4),"I **strongly support** government policies that mandate non-fossil fuel heating systems, rooftop solar panels, and high levels of insulation in new housing developments. As someone who values environmental protection, equality, and sustainability, I believe these measures are essential for reducing our collective carbon footprint and ensuring a livable planet for future generations. I also see them as a way to promote fairness by making energy-efficient homes more accessible to all, aligning with my belief in equal opportunities and the ethical treatment of all life."
1213.0,5,ClimatePolicyID(4),"I **strongly support** government policies that mandate non-fossil fuel heating systems, rooftop solar panels, and high levels of insulation in new housing developments. As someone who values environmental protection, equality, and sustainability, I believe these measures are essential to reducing our collective carbon footprint and ensuring a livable planet for future generations. I also see them as a fair and responsible way to meet the needs of all people, without placing an unfair burden on any one group."
1213.0,0,ClimatePolicyID(5),"I slightly support the policy of imposing a carbon tax on fossil fuel sales and distributing the revenue to the public. As someone who deeply cares for the environment and believes in equal opportunities, I see this policy as a fair way to address climate change while ensuring that the financial burden is shared equitably. I appreciate that it encourages a shift away from fossil fuels and returns benefits directly to the people, which aligns with my values of fairness and caring for future generations."
1213.0,1,ClimatePolicyID(5),"As someone who cares deeply about the environment and believes in equal opportunities, I would support a carbon fee and dividend policy because it aligns with my values of fairness and protecting future generations. I see it as a way to address climate change while ensuring the financial burden isn't unfairly placed on the most vulnerable, which fits with my belief in equal chances for all. However, I might be cautious about how the policy is implemented, ensuring it doesn't disrupt local economies or create unintended consequences for working families."
1213.0,2,ClimatePolicyID(5),"As someone who cares deeply about the environment and believes in equal opportunities, I would support a carbon fee and dividend policy because it aligns with my values of fairness and protecting future generations. I see it as a way to address climate change while ensuring that the financial burden isn't unfairly placed on the most vulnerable, which fits with my belief in equalizing conditions. However, I might be cautious about how the policy is implemented, ensuring it doesn't disrupt local economies or create unintended consequences for working families."
1213.0,3,ClimatePolicyID(5),"As someone who cares deeply about the environment and believes in fairness, I would support a carbon fee and dividend policy because it aligns with my values of protecting the planet and ensuring that the cost of climate change is shared equitably. I appreciate that it returns benefits directly to the public, which feels fair and helps support families like mine. However, I also worry about the potential impact on lower-income households if the tax is not carefully structured, and I might be cautious about how the government manages the distribution of funds."
1213.0,4,ClimatePolicyID(5),"As someone who values environmental protection and fairness, I would slightly support a carbon fee and dividend policy. I believe it aligns with my commitment to caring for the planet and ensuring that the cost of pollution is shared equitably, while also providing direct benefits to the public. However, I might be cautious about the potential for increased costs on everyday essentials, which could affect my household budget, especially as a parent."
1213.0,5,ClimatePolicyID(5),"As someone who values fairness and environmental care, I would slightly support a carbon fee and dividend policy. I believe it’s a fair way to address climate change and ensure the burden isn’t unfairly placed on lower-income groups, especially since I’ve seen the impact of pollution in my own community. However, I’m also cautious about government intervention and prefer stable, predictable systems, so I’d want to see clear safeguards to prevent inflation or unintended economic disruptions."
1213.0,0,ClimatePolicyID(6),"I slightly support government policies that compensate people in other countries impacted by climate change. Given my strong commitment to global harmony, equal opportunities, and treating all lifeforms with respect, I believe it is morally right to help those most vulnerable to climate change, especially when they are not responsible for the environmental damage. While I value tradition and stability, I also recognize the need for international responsibility and solidarity in addressing a global crisis."
1213.0,1,ClimatePolicyID(6),"I slightly support government policies that compensate people in other countries impacted by climate change. My strong belief in global harmony, equal opportunities, and treating all lifeforms with respect leads me to see it as morally right to help those most vulnerable, especially when they are not responsible for the environmental damage. However, I also value tradition and stability, and I have some skepticism about large-scale international interventions, which makes me cautious about how such policies are implemented."
1213.0,2,ClimatePolicyID(6),"I slightly support government policies that compensate people in other countries impacted by climate change. My strong belief in global harmony, equal opportunities, and treating all lifeforms with respect leads me to think it's morally right to help those most vulnerable, especially when they are not responsible for the environmental damage. However, I also value tradition and stability, which makes me cautious about large-scale international commitments, and I worry about how such policies might be mismanaged or used as a tool for political leverage."
1213.0,3,ClimatePolicyID(6),"I **slightly support** government policies that compensate people in other countries impacted by climate change. My strong belief in global harmony, equal opportunities, and treating all lifeforms with respect leads me to see it as morally right to help those most vulnerable, especially when they are not responsible for the environmental damage. However, I also value tradition and stability, and I remain cautious about how such policies are implemented, fearing they might disrupt existing international relationships or be misused."
1213.0,4,ClimatePolicyID(6),"I slightly support government policies that compensate people in other countries impacted by climate change. My strong belief in global harmony, equal opportunities, and treating all lifeforms with respect leads me to see it as morally right to help those most vulnerable, especially when they are not responsible for the environmental damage. However, I also value tradition and stability, which makes me cautious about large-scale international interventions, though I don’t let that override my sense of global responsibility."
1213.0,5,ClimatePolicyID(6),"I slightly support government policies that compensate people in other countries impacted by climate change. My strong belief in global harmony, equal opportunities, and treating all lifeforms with respect leads me to think it's morally right to help those most vulnerable, especially when they are not responsible for the environmental damage. However, I also value tradition and stability, which makes me cautious about large-scale international interventions, though I don't see this as a reason to oppose the principle outright."
1496.0,0,ClimatePolicyID(1),"I somewhat support the acceleration of renewable energy production because I believe in protecting the environment and ensuring a sustainable future for all. While I value traditional ways and respect established practices, I also recognize the importance of adapting to meet the needs of future generations and reducing our impact on the planet."
1496.0,1,ClimatePolicyID(1),"I would support accelerating the roll-out of renewable energy production because I care about the environment and want to ensure a sustainable future for my children and future generations. I believe in adapting to meet the needs of the planet while still respecting traditional values and responsible stewardship of resources. However, I might oppose it if it leads to significant disruption of local communities or landscapes that I value, as I also place a high importance on maintaining order and respecting established ways of life."
1496.0,2,ClimatePolicyID(1),"I would support accelerating the roll-out of renewable energy production because I care about the environment and want to ensure a sustainable future for my children and future generations. I believe in adapting to meet the needs of the planet while still respecting traditional values and responsible stewardship of resources. However, I might be cautious about how quickly this is done, as I value stability and careful planning, and I worry that rushing could disrupt local communities or landscapes I hold in respect."
1496.0,3,ClimatePolicyID(1),"I would support accelerating the roll-out of renewable energy production because I care about the environment and want to ensure a sustainable future for my children and future generations. I believe in adapting to meet the needs of the planet while still respecting traditional ways and responsible stewardship. However, I might be cautious about how quickly this is done, as I value stability and careful planning, and I worry that rushing could disrupt local communities or landscapes that I hold in respect."
1496.0,4,ClimatePolicyID(1),"I would support accelerating the roll-out of renewable energy production because I care about the environment and want to ensure a sustainable future for my children and future generations. I believe in protecting the planet and reducing our impact, even though I value traditional ways and respect established practices. However, I also recognize that adapting to new technologies is necessary for long-term survival and fairness for all."
1496.0,5,ClimatePolicyID(1),"I would support accelerating the roll-out of renewable energy production because I care about the environment and want to ensure a sustainable future for my children and future generations. I believe in adapting to meet the needs of the planet while still respecting traditional values and ways of life. However, I might be cautious about how quickly this is done, as I value stability and do not want to disrupt established systems or communities unnecessarily."
1496.0,0,ClimatePolicyID(2),"I hold a neutral position on banning new oil, gas, and coal licenses because I value both environmental protection and economic stability. While I strongly believe in caring for the environment and treating all lifeforms with respect, I also recognize the importance of maintaining traditional industries and supporting local communities that rely on them. I am concerned about the potential economic impact on workers and regions dependent on these sectors, and I believe any transition should be managed carefully and fairly."
1496.0,1,ClimatePolicyID(2),"I would likely support a ban on new oil, gas, and coal licenses because I care deeply about the environment and believe all lifeforms should be treated equally. However, I also worry about the impact on local jobs and traditional industries, which I value as part of our heritage and community stability. I think a careful, fair transition is needed to balance these concerns."
1496.0,2,ClimatePolicyID(2),"I would likely support a ban on new oil, gas, and coal licenses because I care deeply about the environment and believe all lifeforms should be treated equally. However, I also worry about the impact on local communities and workers who rely on these industries, which makes me cautious about abrupt changes. I value tradition and stability, so I would prefer a gradual transition that supports those affected while moving toward a cleaner future."
1496.0,3,ClimatePolicyID(2),"I would likely support a ban on new oil, gas, and coal licenses because I care deeply about the environment and believe all life should be treated equally. However, I also worry about the impact on workers and communities that rely on these industries, and I value traditional ways of life, so I would want any transition to be fair and managed carefully."
1496.0,4,ClimatePolicyID(2),"I would likely support a ban on new oil, gas, and coal licenses because I care deeply about the environment and believe all lifeforms should be treated equally. However, I also worry about the impact on workers and communities that rely on these industries, and I value traditional ways of life, so I would want any transition to be fair and managed carefully."
1496.0,5,ClimatePolicyID(2),"I would likely support a ban on new oil, gas, and coal licenses because I care deeply about the environment and believe all lifeforms should be treated equally. However, I also worry about the impact on local communities and traditional industries, which I value, so I would want a fair and gradual transition that supports those affected."
1496.0,0,ClimatePolicyID(3),"I am neutral on the policy to ban the sale of new petrol cars by 2030. While I support environmental protection and believe in reducing harm to the planet, I also value traditional ways of living and am cautious about rapid changes that may disrupt established norms. I recognize the need for progress but prefer a balanced approach that considers both environmental responsibility and the practical realities of everyday life."
1496.0,1,ClimatePolicyID(3),"I would likely support the ban on new petrol cars by 2030 because I care about the environment and believe in reducing harm to the planet. However, I might oppose it if I feel it's too sudden or disruptive to traditional ways of living, especially for older people or those who rely on cars for practical reasons. I value progress but also prefer a balanced approach that respects established norms and practical realities."
1496.0,2,ClimatePolicyID(3),"I would likely support the ban on new petrol cars by 2030 because I care about the environment and believe in reducing harm to the planet. However, I might oppose it if I feel it's too rapid a change that could disrupt traditional ways of living and place an unfair burden on older generations who may not be able to afford the switch to electric vehicles."
1496.0,3,ClimatePolicyID(3),"I would likely support the ban on new petrol cars by 2030 because I care about the environment and believe in reducing harm to the planet. However, I also value tradition and am cautious about rapid changes that might disrupt everyday life, so I would want to see a balanced approach that considers both environmental responsibility and the practical needs of people like myself who rely on familiar ways of living."
1496.0,4,ClimatePolicyID(3),"I would likely support the ban on new petrol cars by 2030 because I believe in protecting the environment and reducing harm to the planet, which aligns with my values of caring for nature and global harmony. However, I might oppose it if I feel it imposes unnecessary changes on traditional ways of living or if it places an undue burden on families like mine, especially if it leads to higher costs or reduced access to reliable transportation."
1496.0,5,ClimatePolicyID(3),"I would likely support the ban on new petrol cars by 2030 because I care about the environment and believe in reducing harm to the planet. However, I might oppose it if I feel it's too fast-paced and could disrupt traditional ways of living, especially for families like mine who rely on familiar, reliable transportation. I want progress but on my terms, not someone else's."
1496.0,0,ClimatePolicyID(4),"I slightly support government policies that mandate non-fossil fuel heating systems, rooftop solar panels, and high levels of insulation in new housing developments. As someone who deeply cares for the environment and believes in equal opportunities for all, I recognize the importance of reducing carbon emissions and promoting sustainable living. While I value traditional ways and respect established practices, I also believe in adapting to ensure a healthier, more equitable future for generations to come."
1496.0,1,ClimatePolicyID(4),"I would slightly support these policies because I care about the environment and believe in equal opportunities, and I think reducing carbon emissions is important for future generations. However, I also value traditional ways and may worry that such mandates could be too costly or impractical for some homeowners, especially in the South East where housing is already expensive. I respect leaders and traditions, so I’d prefer these changes to be gradual and well-explained, rather than forced."
1496.0,2,ClimatePolicyID(4),"I would slightly support this policy because I care deeply about the environment and believe in equal opportunities for future generations. I think it's important to reduce carbon emissions and promote sustainable living, even though I value traditional ways and respect established practices. However, I might be concerned about the cost and practicality for developers and homeowners, especially in the South East where housing is already expensive. I also worry that too much regulation could slow down housing development, which is a concern for a parent who values stability and security."
1496.0,3,ClimatePolicyID(4),"I would slightly support these policies because I care about the environment and believe in equal opportunities, and I think reducing carbon emissions is important for future generations. However, I also value traditional ways and may be concerned about the cost and practicality for homeowners, especially in the South East where older homes are common. I think the government should help with incentives rather than strict mandates to make it more achievable and less disruptive."
1496.0,4,ClimatePolicyID(4),"I would slightly support these policies because I care about the environment and believe in equal opportunities, and I think reducing carbon emissions is important for a healthier future. However, I also value traditional ways and may worry that such mandates could be too costly or disruptive for some, especially for older homes or in areas where such technology isn't yet practical."
1496.0,5,ClimatePolicyID(4),"I would slightly support these policies because I care about the environment and believe in equal opportunities, and I think reducing carbon emissions is important for a healthier future. However, I also value traditional ways and may be concerned about the cost and practicality for homeowners, especially as a parent who wants to ensure stability for my family."
1496.0,0,ClimatePolicyID(5),"I am neutral on the policy of imposing a carbon tax and distributing the revenue to the public. While I strongly value environmental protection and believe in treating all lifeforms equally, I also respect traditional ways and the importance of stable economic systems. I am concerned that such a policy could disrupt existing industries and livelihoods, and I believe any changes should be carefully managed to ensure fairness and avoid unintended harm."
1496.0,1,ClimatePolicyID(5),"Based on my values and life experience, I would likely support a carbon fee and dividend policy because I care deeply about the environment and believe all life should be treated equally. However, I also value stability and traditional ways, so I would want to ensure the policy is implemented carefully to avoid harming existing industries or causing economic disruption."
1496.0,2,ClimatePolicyID(5),"Given my values of environmental protection and fairness, I would support a carbon tax that helps reduce emissions and provides financial relief to the public. However, I am also concerned about the potential impact on traditional industries and the stability of the economy, which makes me cautious about rapid or disruptive changes. I believe in balancing environmental responsibility with economic stability and social fairness."
1496.0,3,ClimatePolicyID(5),"As someone who values environmental protection and treating all life equally, I would support a carbon tax that helps reduce emissions and promotes sustainability. However, I also care about maintaining stable economic systems and protecting existing industries, so I would be cautious about how the tax is implemented and distributed, ensuring it doesn't unfairly harm workers or disrupt traditional ways of living."
1496.0,4,ClimatePolicyID(5),"Based on my values and experiences, I would likely support a carbon fee and dividend policy, as it aligns with my strong belief in environmental protection and treating all life equally. However, I would also be cautious about how it's implemented, ensuring it doesn't disrupt traditional industries or cause unintended hardship for working families. I respect stability and fairness, so I'd want the policy to be carefully managed to benefit everyone without creating new inequalities."
1496.0,5,ClimatePolicyID(5),"As someone who values environmental protection and treating all life equally, I would support a carbon tax that helps reduce emissions and encourages cleaner energy. However, I also care about economic stability and the livelihoods of people in traditional industries, so I would be cautious about how the tax is implemented and whether it causes unnecessary hardship. I’d want to ensure that the policy is fair, well-managed, and doesn’t disrupt communities or create unintended consequences."
1496.0,0,ClimatePolicyID(6),"I somewhat support government policies that compensate people in other countries impacted by climate change. As someone who deeply cares for the environment and believes in global harmony and equal opportunities, I recognize that climate change affects vulnerable communities disproportionately, especially in developing nations. While I value traditional ways and respect for established norms, I also believe in taking responsibility for our actions and ensuring that those who are most affected receive the support they need."
1496.0,1,ClimatePolicyID(6),"I somewhat support government policies that compensate people in other countries impacted by climate change. As someone who cares deeply about the environment and believes in global harmony, I recognize that climate change disproportionately affects vulnerable communities, especially in developing nations. However, I also value traditional ways and respect for established norms, which makes me cautious about large-scale international interventions that might disrupt local customs or create dependency. I believe in taking responsibility for our actions, but I’m wary of policies that could be seen as imposing Western values on others."
1496.0,2,ClimatePolicyID(6),"I somewhat support government policies that compensate people in other countries impacted by climate change. As someone who deeply cares for the environment and believes in global harmony and equal opportunities, I recognize that climate change affects vulnerable communities disproportionately, especially in developing nations. While I value traditional ways and respect for established norms, I also believe in taking responsibility for our actions and ensuring that those who are most affected receive the support they need."
1496.0,3,ClimatePolicyID(6),"I somewhat support government policies that compensate people in other countries impacted by climate change. As someone who cares deeply for the environment and believes in global harmony, I recognize that climate change affects vulnerable communities disproportionately, especially in developing nations. However, I also value traditional ways and respect for established norms, which makes me cautious about large-scale international interventions. I believe in taking responsibility for our actions, but I am wary of policies that might disrupt existing systems or place undue burdens on taxpayers."
1496.0,4,ClimatePolicyID(6),"I somewhat support government policies that compensate people in other countries impacted by climate change. As someone who cares deeply for the environment and believes in global harmony, I feel it's important to take responsibility for the damage we've caused, especially to those who are most vulnerable. However, I also value traditional ways and respect for established norms, so I would want such policies to be carefully structured and fair, ensuring they don't create dependency or undermine local efforts."
1496.0,5,ClimatePolicyID(6),"I would somewhat support government policies that compensate people in other countries impacted by climate change. As someone who cares deeply about the environment and believes in global harmony, I feel a moral responsibility to help those who are most vulnerable and affected by our actions. However, I also value traditional ways and respect for established norms, so I might be cautious about how such policies are implemented, ensuring they are fair, transparent, and not seen as a form of neo-colonial interference."
