agent_id,day,policy_id,reasoning
473.0,0,ClimatePolicyID(3),"I worry that a 2030 ban on new petrol cars is simply too soon and will leave ordinary people like me, on modest incomes, unable to afford the electric alternatives that would replace them. The cost of living is already a real pressure, and being forced into expensive new technology on someone else's timetable feels like the government dictating to people rather than letting us make our own choices. While I do respect the environment, I think change of this magnitude needs to happen at a pace that works for everyone, not just those who can afford it."
473.0,1,ClimatePolicyID(3),"This person's modest income and age make the affordability and practicality of electric vehicles a central concern, and her preference for routine and familiarity over rapid change reinforces her unease with a firm 2030 deadline that feels imposed rather than chosen. However, her support for equality of opportunity and her Remain vote suggest she isn't instinctively hostile to collective action or European-style regulation, and she does care about the environment in a general way. Balancing these factors, her practical financial worries and discomfort with being rushed into unfamiliar technology likely outweigh her environmental sympathies, leaving her leaning toward opposition — though not in an angry or ideological way, more a worried, ""I'm not sure we're ready"" scepticism."
473.0,2,ClimatePolicyID(3),"This person's modest income, older home, and location in the North West all make the affordability and infrastructure concerns very real and personal — she can't easily absorb the cost of an electric vehicle or home charging setup, and she's likely aware that rural and semi-rural parts of her region have patchy charging provision. Her centre-ground, pragmatic outlook means she's not ideologically opposed to the environmental goal, and her previous reflections show she's genuinely attracted to the benefits of cleaner air and lower running costs, but her skepticism of authority and dislike of being dictated to on someone else's timetable pulls her toward opposition when the deadline feels rushed and the support plans feel vague. On balance, she would likely lean toward **opposing** the 2030 deadline specifically — not the direction of travel — because the pace feels too fast for people in her circumstances, even though she could be won over if concrete, credible support for ordinary households were clearly demonstrated."
473.0,3,ClimatePolicyID(3),"The appeal of cleaner air, lower running costs and protecting families from fuel price volatility has grown on me through the arguments I've heard, and I do genuinely care about leaving a decent environment for my children and grandchildren. However, my core concern remains the pace and practicality — on a household income of around £27,000, living in the North West where public transport isn't always reliable, a hard 2030 deadline still feels like it's being imposed on people like me without adequate guarantees that charging infrastructure, affordable electric vehicles and proper support for older homes will actually materialise in time. I'm pulled in both directions, but the lack of concrete, trustworthy delivery plans for modest-income and rural households keeps me leaning toward opposition, even though I'm not dismissing the idea outright."
473.0,4,ClimatePolicyID(3),"The appeal of cleaner air, lower long-term bills, and local green jobs pulls this person toward cautious support, and her egalitarian values mean she genuinely wants environmental progress to be fair for everyone. However, her modest income, age, likely older home without easy charging access, and preference for familiar routines over rapid change make a hard 2030 deadline feel threatening and unrealistic for people in her position. She would lean toward opposition or at best very lukewarm support unless concrete, credible plans for affordable cars, home charging retrofits, and reliable public transport alternatives were guaranteed for ordinary households like hers."
1262.0,0,ClimatePolicyID(3),"While I deeply care about the environment and addressing climate change, I believe a 2030 ban on new petrol cars is too aggressive a timeline that could disproportionately harm lower-income people who cannot afford electric vehicles, undermining the equal opportunities I value so strongly. The transition needs to be just and inclusive, ensuring that working people aren't left behind or forced into financial hardship by a policy that currently favours the wealthy. I would prefer a more gradual, supported transition with significant investment in making electric vehicles and charging infrastructure accessible to everyone before imposing such a strict deadline."
1262.0,1,ClimatePolicyID(3),"This person's strong environmental values and commitment to protecting nature would push them toward supporting an ambitious ban on petrol cars, and as a London resident they likely already experience the benefits of cleaner air and have good access to public transport and EV infrastructure. However, their previous Conservative voting history suggests some pragmatic concern about economic disruption and government overreach, and their strong belief in equal opportunities would make them uneasy about a policy that currently disadvantages lower-income people who cannot afford EVs. The tension between their environmental idealism and their concern for equitable outcomes likely lands them in a position of moderate support with reservations about the timeline and implementation fairness."
1262.0,2,ClimatePolicyID(3),"This person's strong environmental values and commitment to protecting nature pull them toward supporting ambitious climate policies like a 2030 petrol car ban, and living in London means they likely use public transport frequently and may not even own a car, reducing personal financial concerns about the transition. However, their previous Conservative voting history suggests some pragmatic skepticism about aggressive government mandates and timelines, and their strong belief in equal opportunities means they'd be troubled by a policy that could disadvantage lower-income people who can't afford EVs. These competing forces likely leave them moderately opposed or ambivalent - supportive of the *goal* but uncomfortable with the specific 2030 deadline as potentially too rushed and inequitable in its current form."
1262.0,3,ClimatePolicyID(3),"This person's strong environmental values and commitment to protecting nature would pull them toward supporting an ambitious ban on petrol cars, and as a London resident without children, they are less likely to be heavily car-dependent and more exposed to urban air quality concerns. However, their previous Conservative voting history suggests some pragmatic caution about heavy-handed government mandates, and their strong belief in equal opportunities would make them uneasy about a policy that currently advantages wealthier people who can afford EVs, potentially viewing 2030 as too rushed to ensure a just transition. The tension between their environmental idealism and their concern for equitable outcomes likely lands them in a position of moderate opposition or ambivalence toward the specific 2030 deadline, even if they support the direction of travel."
1262.0,4,ClimatePolicyID(3),"This person's strong environmental values and commitment to protecting nature would pull them toward supporting an ambitious ban on petrol cars, and as a London resident without children on a good income, they are relatively insulated from the financial pressures such a policy might create. However, their previous Conservative voting history suggests some pragmatic caution about heavy-handed government mandates, and their strong belief in equal opportunities means they would be genuinely concerned that a 2030 deadline could disadvantage lower-income people who can't afford EVs or live in areas without charging infrastructure. The tension between their environmental idealism and their equity concerns, combined with a degree of skepticism about top-down authority, likely leaves them moderately opposed or ambivalent — supportive of the direction but uncomfortable with the rigid 2030 timeline."
1863.0,0,ClimatePolicyID(3),"As someone who deeply cares about protecting the environment and responding to the climate crisis, I strongly support banning the sale of new petrol cars by 2030 because it represents the kind of decisive government action needed to reduce harmful emissions and safeguard our planet for future generations. Living in London, I see the damaging effects of air pollution on communities every day, and I believe we have a collective responsibility to transition away from fossil fuels as quickly as possible. While I understand this may feel like a significant change for some people, I think equal opportunity means ensuring everyone — not just the wealthy — benefits from cleaner air and a healthier environment."
1863.0,1,ClimatePolicyID(3),"Based on my profile, I lean toward supporting this policy because my left-wing values, concern for the environment, and experience of London's air pollution all push me toward wanting bold government action on climate. However, on my income of £15,000–£19,999, I'm also acutely aware that electric vehicles remain expensive and that the transition could disproportionately burden people like me who can't easily absorb new costs — so my support is conditional on genuinely well-funded support measures like grants, charging infrastructure, and public transport improvements. Overall I'd say I support the ban but with real anxiety about whether the practical and financial support will actually materialise for lower-income people."
1863.0,2,ClimatePolicyID(3),"Based on my profile, I lean toward supporting this policy because my left-wing values, environmental commitment, and experience of London air pollution all push me toward bold climate action, and I see the 2030 ban as a necessary step toward a fairer, cleaner future. However, on my income of £15,000–£19,999 a year I'm acutely aware of affordability pressures, so my support is conditional on the government delivering real, well-funded support — scrappage grants, rapid charging infrastructure, and targeted help for low-income households — to ensure the transition doesn't disproportionately burden people like me. Without those guarantees I'd worry the policy benefits wealthier people while leaving those on lower incomes struggling to adapt."
1863.0,3,ClimatePolicyID(3),"Based on my profile, I genuinely care about the environment and climate action, and living in London I see air pollution's effects daily, which pulls me strongly toward supporting a 2030 ban. However, my low household income (£15,000–£19,999) makes me acutely aware of the financial burden this could place on people like me — affording an EV, worrying about charging access, and the cost of transition are very real concerns that temper my enthusiasm. My recent reflections have landed me on a conditional support position: I back the ambition of a 2030 ban but only if it's paired with genuinely well-funded support like scrappage grants, subsidies for low-income buyers, and rapid charging infrastructure rollout."
1863.0,4,ClimatePolicyID(3),"Based on this person's left-wing values, strong environmental commitment, and London residency where air pollution is a daily reality, she is likely to support the 2030 ban as a necessary and bold climate measure. However, her low household income (£15,000–£19,999) means she is acutely aware of the financial barriers — EVs remain expensive, and she may worry about whether grants and infrastructure will genuinely protect people like her from bearing the costs unfairly. Her recent reflections show she has settled into a position of conditional support: backing the ambition strongly but insisting on well-funded, practical protections for low-income households, rural communities, and small businesses before fully endorsing a hard deadline."
1194.0,0,ClimatePolicyID(3),"As someone who deeply cares about protecting the environment and responding to the climate crisis, I strongly support banning the sale of new petrol cars by 2030, as it represents a decisive step toward reducing harmful emissions and preserving the natural world for future generations. Living in London, I see the daily impact of air pollution on people's health and wellbeing, which reinforces my belief that bold government action is necessary. I believe equal opportunities should extend to breathing clean air and living in a healthy environment, and this policy helps ensure that future isn't sacrificed for short-term convenience."
1194.0,1,ClimatePolicyID(3),"This person's strong environmental values, left-wing political orientation, Labour voting history, and pro-Remain stance all point strongly toward supporting ambitious climate policy like a 2030 petrol car ban. Living in London, she likely doesn't heavily rely on a car for daily commuting (given good public transport), reducing personal cost concerns that might make others more hesitant. Her higher household income also means the transition to electric vehicles would be more financially manageable for her than for lower-income households, removing a key barrier to support."
1194.0,2,ClimatePolicyID(3),"This person's strong environmental values, left-wing political orientation, and Labour voting history all point toward supporting ambitious climate action, and living in London means she likely relies more on public transport than a car, reducing personal cost concerns about the transition. Her belief in equal opportunities and protecting nature aligns well with the rationale behind phasing out petrol vehicles. However, she might have some nuanced concerns about whether the 2030 deadline is achievable without adequate infrastructure investment and whether the transition could disproportionately burden lower-income people who can't afford EVs, though these concerns would likely lead her to push for better implementation rather than opposing the policy outright."
1194.0,3,ClimatePolicyID(3),"This person's strong environmental values, left-wing political orientation, Labour voting history, and Remain vote all point strongly toward supporting this policy, as it aligns with her belief in bold collective action to protect the natural world and future generations. Living in London, she likely doesn't depend heavily on a car and may already use public transport, reducing any personal inconvenience from the ban. However, she might have some mild reservations about whether 2030 is achievable infrastructure-wise, or concerns about affordability and equal access to electric vehicles for lower-income people — though these concerns would likely reinforce her support for the policy direction rather than lead her to oppose it outright."
1194.0,4,ClimatePolicyID(3),"This person's strong environmental values, left-wing political orientation, Labour voting history, and Remain stance all point toward supporting ambitious climate policy like a 2030 petrol car ban. Living in London, she likely doesn't depend heavily on a car for daily commuting (given good public transport), reducing personal cost concerns that might make others more resistant. However, her moderate openness to novelty and general respect for pragmatism might lead her to have some reservations about the feasibility of the 2030 timeline, though these are unlikely to outweigh her core environmental commitments."
376.0,0,ClimatePolicyID(3),"I worry that a 2030 deadline is simply too soon and too rigid, leaving ordinary people like me with little time or financial means to adapt, especially on a household income like mine where the upfront cost of an electric vehicle feels out of reach. While I do respect nature and care about the environment, I think the government needs to be realistic about the burden this places on working families rather than rushing ahead with a blanket ban. A more gradual, flexible approach that helps people transition affordably would feel far fairer than an abrupt cutoff that seems designed without ordinary people's circumstances in mind."
376.0,1,ClimatePolicyID(3),"For a 72-year-old woman on a modest household income in the East of England, the practical financial burden of transitioning to an electric vehicle would likely dominate her thinking - the upfront costs feel remote and unaffordable on £30,000-£34,999 a year, and rural or semi-rural East of England living often means car dependency with limited charging infrastructure. While she holds some environmental respect, it isn't a driving passion, and her moderate traditionalism and skepticism of top-down mandates would make a hard government deadline feel heavy-handed and dismissive of ordinary people's circumstances. She would likely **oppose** this policy, not out of climate denial, but from a practical sense that the timeline is unrealistic and unfair to people like her."
376.0,2,ClimatePolicyID(3),"For a 72-year-old woman on a modest household income in the East of England, the practical financial burden of transitioning to an electric vehicle would likely be the dominant concern, making the 2030 deadline feel unrealistically tight and unfair to ordinary people. While she has some environmental awareness and respect for nature, her values don't place environmental protection as a primary driver, and her moderate rather than radical outlook means she'd prefer gradual, affordable change over government-imposed hard deadlines. The rural/semi-rural nature of the East of England also means car dependency is high, making any restriction on vehicle choice feel particularly threatening to her daily independence."
376.0,3,ClimatePolicyID(3),"For a 72-year-old woman on a modest household income in the East of England, the practical financial burden of transitioning to an electric vehicle would likely feel very daunting, particularly given that rural and semi-rural areas like much of the East of England often have poorer public transport and greater car dependency, making the switch feel less like a choice and more like a forced expense. While she does care about nature and the environment, her values suggest she prioritises fairness and helping ordinary people, which would make her sceptical of a policy that feels like it disproportionately burdens those without the means to easily afford a new electric car. The 2030 deadline in particular would likely strike her as too rushed and insufficiently considerate of people in her circumstances, leading her to **oppose** this policy, though perhaps not with extreme hostility — more with a sense of resigned frustration that the government isn't thinking practically about people like her."
376.0,4,ClimatePolicyID(3),"For a 72-year-old woman on a modest household income in rural East Anglia, the practical financial burden of replacing a petrol car with an electric vehicle would feel very real and pressing, especially given that public transport in the East of England is often limited, making car ownership essential rather than optional. While she has some environmental respect, her values don't place environmental protection as a primary driver, and her moderate rather than radical outlook means she'd likely favour gradual change over government-imposed hard deadlines. These factors combined would push her toward opposing this policy, feeling it is too abrupt and insufficiently considerate of people in her financial and geographical circumstances."
793.0,0,ClimatePolicyID(3),"I broadly support the shift away from fossil fuels and understand the environmental reasons behind this policy, but I worry that a 2030 deadline feels too rushed and doesn't account for people like me on modest incomes who simply couldn't afford to switch to an electric vehicle in that timeframe. The cost of living is already a real pressure, and I don't want environmental progress to come at the expense of ordinary working people being priced out of owning a car. I'd rather see a transition that's properly supported with financial help for lower-income households before such a firm ban is imposed."
793.0,1,ClimatePolicyID(3),"This person's left-leaning Labour-voting background and general respect for environmental concerns would incline her toward supporting a shift away from petrol cars in principle, and her Remain vote suggests she's comfortable with progressive, forward-looking policy. However, her modest household income of £20,000–£24,999 makes the practical cost of switching to an electric vehicle feel very real and potentially unaffordable, and her preference for routine and caution over rapid change means a hard 2030 deadline feels rushed and risky. The result is likely **cautious, conditional support** — she backs the direction of travel but is genuinely anxious about whether people on lower incomes will be left behind without substantial financial assistance."
793.0,2,ClimatePolicyID(3),"My left-leaning values and Remain vote mean I'm broadly on board with the direction of travel — cleaner air and a greener future matter to me — but on £20,000–£24,999 a year in Yorkshire, the 2030 deadline feels uncomfortably close when a new electric vehicle is well beyond what I could realistically afford, and public transport round here isn't good enough to fill the gap. I'd support the policy much more confidently if there were solid, well-funded help for people on lower incomes, but without that, it risks being another case of progressive-sounding policy that hits ordinary working people hardest. So I'm cautiously supportive in principle but genuinely anxious about the practicalities for households like mine."
793.0,3,ClimatePolicyID(3),"This person's left-leaning Labour-voting background and general concern for environmental balance would push her toward supporting the principle of phasing out petrol cars, but her modest household income of £20,000–£24,999 makes the practical reality of affording an EV by 2030 feel genuinely threatening rather than abstract. She values fairness and equal opportunity strongly, so a policy that risks leaving lower-income households unable to afford transport while wealthier people transition smoothly would feel deeply unjust to her. Her preference for routine and caution over rapid change, combined with financial anxiety, means she likely supports the direction of travel but remains uneasy about the 2030 deadline specifically, wanting substantial funded support for people in her position before she can back it wholeheartedly."
793.0,4,ClimatePolicyID(3),"This person's left-leaning values, concern for health and fairness, and Labour-voting history make her broadly sympathetic to the environmental goals behind a 2030 ban, and the arguments about cleaner air near schools and local green jobs resonate with her. However, her modest household income of £20,000–£24,999 makes the cost of switching to an EV a very real and practical concern, and her preference for routine and caution over risk means a fast-moving, potentially expensive transition feels threatening rather than exciting. Her support is therefore conditional — she'd back the ban if robust, well-funded support for lower-income households is guaranteed, but without that she'd likely lean toward opposing or delaying it as unfair to ordinary working people."
1900.0,0,ClimatePolicyID(3),"I can see the environmental benefits of moving away from petrol cars, and I do have a basic respect for nature, but I'm uncertain whether 2030 is a realistic or fair timeline given the current cost of electric vehicles and the potential burden on ordinary families like mine. As someone who values tradition and familiar ways of doing things, I'm cautious about such a rapid, government-mandated shift that could disrupt people's lives before the infrastructure and affordability are truly in place. I'm not opposed to the direction of travel, but I think the pace and practicalities need careful consideration."
1900.0,1,ClimatePolicyID(3),"Having read the persuasive message, I'm somewhat more open to the 2030 ban than I was initially, particularly because the accompanying support measures — grants, charging infrastructure, free buses — address my practical concerns about affordability and fairness for ordinary families. However, I remain cautiously sceptical: I value orderly, planned change rather than rushed government mandates, and I'm not fully convinced the infrastructure and supply chain will be ready in time, or that the promised supports will actually materialise. On balance, I'd say I mildly support the direction but still have reservations about the specific 2030 deadline."
1900.0,2,ClimatePolicyID(3),"Drawing on this person's moderate centrist outlook, parental concern for air quality and health, and basic respect for nature, there is some pull toward supporting the direction of the policy — cleaner air and lower running costs are genuinely appealing. However, their strong valuation of tradition, familiar ways of doing things, and orderly planned change makes them cautious about the 2030 deadline specifically, given real practical concerns about EV affordability, home charging limitations for typical West Midlands terraced housing, and whether public infrastructure will genuinely be ready in time. Their previous reflections suggest they've moved from cautious opposition toward conditional, lukewarm support — backing the principle but remaining skeptical about the timeline and needing concrete reassurances about grants and infrastructure before fully committing."
1900.0,3,ClimatePolicyID(3),"The cleaner air and public health benefits appeal to this person's concern for family and community, and the principle of collective action on environmental issues aligns with his belief in equal conditions for all. However, his strong attachment to traditional ways, caution about rapid government-mandated change, and practical concerns about EV affordability on a £50-59k household income with children — plus the real infrastructure gaps around home charging in the West Midlands — make him hesitant about the 2030 deadline specifically. He's not opposed to the direction but wants reassurance that ordinary families won't be left behind before committing to such a firm, fast timeline."
1900.0,4,ClimatePolicyID(3),"Drawing on this person's profile, they would be pulled toward cautious, qualified support: as a parent in the West Midlands they genuinely care about cleaner air and lower running costs for their family, and they accept the broad direction of decarbonising transport, but their strong attachment to traditional ways of doing things, practical concerns about EV affordability, terraced-house charging limitations, and scepticism about whether infrastructure will be ready in time make them resistant to such a fast, government-mandated deadline. Their centrist, fairness-oriented outlook means they want robust support mechanisms (grants, charging investment, public transport alternatives) firmly in place before they'd feel comfortable with 2030 specifically, rather than a later, more gradual phase-out. Overall they would likely land on **slight or moderate opposition to the 2030 deadline as currently framed**, while remaining open to a phased ban with stronger practical guarantees."
57.0,0,ClimatePolicyID(3),"I think banning new petrol cars by 2030 makes sense as a direction for protecting the environment and future generations, and I do believe we need to take care of the natural world. However, on my income, I worry about whether ordinary people like me will actually be able to afford electric vehicles, and I'm not entirely convinced the infrastructure will be ready in time. So while I broadly support the goal, I have some reservations about whether the timeline is realistic and fair for people who aren't well-off."
57.0,1,ClimatePolicyID(3),"The environmental and equality dimensions of this policy align with my values — I believe in protecting nature and ensuring ordinary people aren't left behind — and I can see the long-term benefits of cleaner air and lower running costs. However, on my limited income and at my age, the practical reality of affording an electric vehicle and relying on infrastructure that isn't yet reliable, particularly in areas like the North West where public transport can be patchy, makes me genuinely anxious about the 2030 deadline. My skepticism of authority and big corporate interests also makes me wonder whether this policy is being driven by genuine concern for people like me or by other agendas, so I'd support the direction but with real reservations about the pace and fairness of implementation."
57.0,2,ClimatePolicyID(3),"On one hand, this person's belief in equal treatment, care for nature, and skepticism of powerful corporate interests (like fossil fuel companies) give her some sympathy for the direction of the policy. On the other hand, her low income, age, likely reliance on a car in the North West, and concern about whether infrastructure and support will actually reach ordinary people make her worried about the practicality and fairness of the 2030 deadline specifically. Her Leave vote also suggests a wariness of top-down mandates that feel rushed or imposed without enough consideration for people in her circumstances, so while she broadly accepts the goal, she remains cautious about the timeline."
57.0,3,ClimatePolicyID(3),"This person has shown a consistent pattern across their reflections: they broadly support the environmental goal and appreciate fairness-focused framing, but remain genuinely anxious about the 2030 timeline being too fast for people on low incomes, older people, and those in rural or poorly-served areas of the North West. Their Leave vote suggests some scepticism of top-down mandates, and their limited income (£10,000–£14,999) makes the affordability question very real and personal rather than abstract. Balancing these factors, they would likely land on **moderate support with significant reservations** — sympathetic to the direction but not fully convinced the practical and fairness conditions will be met in time."
57.0,4,ClimatePolicyID(3),"This person broadly supports environmental protection and equal treatment, and has been somewhat reassured by messages emphasising grants, public transport investment, and wealth-tax funding — all of which align with her concern for fairness and her limited income. However, her practical worries remain significant: at 71, on under £15,000 a year, living in the North West where rural connectivity can be patchy, she is genuinely uncertain whether she could manage the transition by 2030, and her Leave vote suggests some distrust of top-down mandates that feel imposed without adequate consultation of ordinary people. She likely lands in a position of cautious, conditional support — backing the direction of travel but wanting the deadline pushed back or made more flexible, and needing firm guarantees that support will actually reach people like her before she could endorse a hard 2030 cut-off."
795.0,0,ClimatePolicyID(3),"Banning new petrol cars by 2030 feels completely out of touch with the financial realities facing people like me — on a modest household income, I simply cannot afford to transition to an electric vehicle, and the charging infrastructure in rural and semi-rural parts of the South West is still nowhere near adequate. While I do care about the natural world, I think this kind of top-down government mandate punishes ordinary working families rather than targeting the wealthy who can actually afford to make the switch. I voted Leave partly because I resented being told what to do by distant decision-makers, and this feels like exactly the same kind of policy — well-intentioned perhaps, but imposed without any real understanding of how people on lower incomes actually live their lives."
795.0,1,ClimatePolicyID(3),"The persuasive argument about supportive measures (grants, free buses, charging investment) has softened my opposition somewhat, but the core practical reality hasn't changed — on £20-24k a year in the South West, even with grants, the upfront cost and rural charging gaps make an EV transition genuinely difficult, not just inconvenient. My Leave vote reflects a deep distrust of top-down mandates from people who don't understand ordinary life, and while I care about nature and cleaner air near schools, that concern doesn't override the financial anxiety this policy creates for families like mine. I'd probably land on **slightly oppose** — not furiously against it if the support measures are real and well-funded, but not convinced the government will actually follow through for people like me rather than just helping those who are already comfortable."
795.0,2,ClimatePolicyID(3),"The financial and practical barriers are the dominant concern here — on a £20,000–£24,999 household income in a rural part of the South West, switching to an EV by 2030 feels genuinely unaffordable and the charging infrastructure simply isn't there yet, making this feel like a policy designed for wealthier, urban people. Her Leave vote reflects a deep resentment of top-down mandates from distant decision-makers that don't account for ordinary people's real circumstances, and this policy triggers exactly that feeling. While she has some sympathy for environmental protection and has been somewhat softened by arguments about targeted financial support, she remains sceptical that those support measures would actually materialise in a way that helps someone like her."
795.0,3,ClimatePolicyID(3),"The rural South West location, modest income of £20-24k, and parental responsibilities make the practical affordability and infrastructure gaps feel very personal and immediate, pulling strongly against support. However, her Labour vote in 2019 suggests some openness to progressive policy, and her belief that all lifeforms deserve equal treatment gives her a genuine environmental conscience that makes her sympathetic to the *goal* even if not the *method*. Her Leave vote and general wariness of top-down mandates tip the balance toward opposition, though she's not entirely hostile — she'd likely land on ""oppose, but conditionally"" rather than outright rejection, wanting better support mechanisms before she could back it."
795.0,4,ClimatePolicyID(3),"The repeated messaging about just transition support, green jobs, and targeted grants has softened my initial resistance somewhat — I can see the good intentions and I do care about cleaner air for my kids and the natural world. However, living in a rural part of the South West on a modest income, I still have deep practical worries: EVs remain unaffordable for families like mine even with grants, and I genuinely don't trust that rural charging infrastructure and reliable public transport will materialise in time. My Leave vote reflects a distrust of top-down mandates from distant decision-makers, and while the ""just transition"" framing sounds better, I'd need to see concrete, locally delivered support before I could move from cautious scepticism to genuine backing."
1738.0,0,ClimatePolicyID(3),"As someone on a modest household income, I'm deeply concerned that banning new petrol cars by 2030 would make personal transport unaffordable for people like me, since electric vehicles remain significantly more expensive. While I do care about the environment, I think this policy moves too fast and doesn't account for the financial realities facing ordinary families and young people trying to get ahead in life. I'd rather see gradual incentives that make green options accessible to everyone, rather than a hard ban that disproportionately burdens those with less money."
1738.0,1,ClimatePolicyID(3),"The affordability concern is central here — on a household income of £15,000–£19,999, a hard 2030 ban feels threatening rather than liberating, since EVs remain out of reach for people in my financial position even with grants. My slight left-of-centre leanings and genuine care for the environment mean I'm not dismissive of the goal, but both persuasive messages I've read have reinforced my worry that the timeline is too aggressive and the support measures too uncertain to protect low-income households. My desire to get ahead and be self-sufficient also makes me resistant to a policy that could restrict my transport choices before affordable alternatives are genuinely available to someone like me."
1738.0,2,ClimatePolicyID(3),"Given this person's low household income and concerns about affordability, the high upfront cost of EVs is a significant barrier that makes a hard 2030 deadline feel threatening and unfair — especially as someone in the East of England where public transport alternatives may be limited and car dependency is higher. Their slightly left-of-centre stance and genuine environmental values pull them toward supporting cleaner transport in principle, but their personal financial precarity and desire to get ahead in life make them wary of policies that could lock people like them out of affordable mobility before adequate support is in place. The repeated pattern across their reflections — caring about the environment but consistently returning to affordability and implementation doubts — suggests they would lean toward opposing or at best being ambivalent about this specific 2030 ban as currently framed."
1738.0,3,ClimatePolicyID(3),"This person's environmental values and left-leaning politics pull them toward supporting bold climate action, but their low household income (£15,000–£19,999), age, and life circumstances in the East of England make the affordability and infrastructure gaps feel very real and personal. Their reflections show repeated scepticism that a hard 2030 deadline would arrive with the credible, targeted support needed for low-income households and rural/trade users, and their desire to get ahead in life means being priced out of personal transport feels like a direct threat to their ambitions. Balancing these tensions, they would likely **oppose** a hard 2030 ban as currently framed, though they'd be open to supporting it if paired with strong, concrete affordability and infrastructure commitments."
1738.0,4,ClimatePolicyID(3),"Drawing on my low household income, concerns about EV affordability, and scepticism that promised support (subsidies, chargers, rural access) would materialise fast enough, I lean toward opposing a hard 2030 deadline — even though I genuinely care about cleaner air and green jobs. My slight left-of-centre politics and environmental values pull me toward supporting bold climate action, but the practical financial risk to people like me and tradespeople I know feels too real without credible, concrete plans in place. The repeated exposure to both pro and con arguments has left me torn but still more worried about the pace and fairness of implementation than opposed to the goal itself."
574.0,0,ClimatePolicyID(3),"I broadly support moving away from petrol cars given my respect for nature and the wellbeing of the planet, and a 2030 deadline feels like a reasonable push in the right direction. However, I'm not entirely comfortable with such a firm, government-mandated ban, as I worry about the practical and financial implications for ordinary people like myself on a modest income, for whom switching to an electric vehicle may not be straightforward. So while I back the general direction of the policy, I have some reservations about the pace and the potential burden it places on everyday consumers."
574.0,1,ClimatePolicyID(3),"This person has a basic respect for nature and broadly supports moving away from petrol cars, and the persuasive messaging she received reinforced the appeal of cleaner air and fairer support measures. However, on a modest income of £25,000–£29,999 in London, the practical and financial burden of switching to an electric vehicle remains a genuine concern, and her slightly right-of-centre, cautious disposition makes her wary of heavy-handed government mandates with tight deadlines. The net result is likely moderate, qualified support — she backs the direction of travel but retains reservations about the 2030 timeline and whether ordinary households like hers will be adequately protected."
574.0,2,ClimatePolicyID(3),"Living in London, I'm already used to clean air zones and congestion charges, so the direction of travel feels familiar, and I do care about cleaner air and nature. However, on a household income of around £27,000, the prospect of affording an electric vehicle by 2030 feels genuinely daunting, and I'm not convinced the government will deliver the practical support and infrastructure needed to make this manageable for ordinary people like me. My slight right-of-centre lean makes me a little wary of heavy-handed mandates, though my Lib Dem sympathies mean I'm not opposed to the principle — I just want it done fairly and realistically."
574.0,3,ClimatePolicyID(3),"Living in London, I'm already used to clean air zones and congestion charges, so the direction of travel feels familiar and not entirely unwelcome, and my mild environmental concern and Lib Dem leanings mean I'm not hostile to the idea in principle. However, on a household income of around £27,000 a year with no children to share costs, the financial stretch of replacing a car with an electric vehicle feels genuinely daunting, and my slightly right-of-centre instinct makes me wary of heavy-handed government mandates that could leave ordinary people worse off without adequate support. I'd lean toward cautious, conditional support — broadly in favour of the goal but wanting reassurance that the transition won't disproportionately burden people on modest incomes before I'd back a firm 2030 deadline."
574.0,4,ClimatePolicyID(3),"Drawing on my modest income, my general respect for nature, and my Liberal Democrat leanings, I can see the appeal of a 2030 ban — cleaner air in London, lower long-term running costs, and a push toward a greener future all resonate with me. However, as someone on around £27,000 a year without obvious means to easily afford a new electric vehicle, I worry about whether the practical support (charging infrastructure, grants, affordable options) will genuinely reach people like me in time, and I'm instinctively cautious about hard government mandates that could feel rushed or poorly funded. On balance, I lean moderately in favour but with real reservations about delivery and fairness for ordinary households."
183.0,0,ClimatePolicyID(3),"I support banning new petrol cars by 2030 because I believe we have a responsibility to protect the natural world and treat all living things with respect, and continuing to pollute the environment harms countless species beyond just humans. However, I have some reservations because on my income, the transition to electric vehicles feels financially daunting, and I worry that the policy could place an unfair burden on ordinary people like me who can't easily afford new technology. I'd feel more confident if the government ensured that the benefits and costs of this change were shared equally across society rather than falling hardest on those with less."
183.0,1,ClimatePolicyID(3),"The environmental and equality dimensions of this policy align with my belief that all lifeforms deserve protection and that costs and benefits should be shared fairly across society, which pulls me toward support. However, on a modest income in Scotland — where public transport can be sparse and the upfront cost of an electric vehicle feels out of reach — I worry this policy could hurt people like me more than it helps, and my scepticism of authority makes me cautious about government promises of support actually materialising. My previous reflection and the persuasive message about grants and free buses have softened my concerns somewhat, but I remain only moderately supportive, wanting firmer guarantees before fully backing the 2030 deadline."
183.0,2,ClimatePolicyID(3),"The environmental respect and equality values in this persona push toward support — cleaner air and protecting nature for all species align with her worldview — and her distrust of fossil fuel corporations adds appeal to breaking oil dependence. However, at 78 on a modest income of £15,000–£19,999 in Scotland, the practical reality of affording an electric vehicle and relying on rural public transport creates genuine anxiety about being left behind, and her Brexit vote suggests some wariness of top-down mandates that feel disconnected from ordinary people's circumstances. Balancing these, she likely offers cautious, conditional support — backing the goal in principle but deeply concerned about whether the transition will be fair and affordable for people like her."
183.0,3,ClimatePolicyID(3),"The environmental and health benefits of cleaner air align with this person's basic respect for nature and all living things, and the idea of reducing dependence on big oil corporations appeals to her scepticism of powerful institutions. However, on a modest fixed income in rural Scotland, the practical reality of affording an electric vehicle and relying on public transport that may be unreliable or non-existent is a genuine and pressing concern, making the policy feel like something designed for wealthier people rather than someone in her position. Her centre-left instincts push her toward supporting the goal in principle, but her lived financial circumstances and wariness about whether government promises of support will actually materialise keep her cautiously rather than enthusiastically in favour."
183.0,4,ClimatePolicyID(3),"On one hand, this person's respect for nature and belief in equal treatment of all lifeforms gives her a genuine sympathy for reducing pollution, and she appreciates the long-term health and cost benefits; her scepticism of authority and corporate power also makes her receptive to arguments about holding polluting industries accountable. On the other hand, her very modest income (£15,000–£19,999), age (78), and life in rural Scotland make the practical and financial barriers to switching feel very real and personally threatening — she worries the policy will hit ordinary people hardest while the wealthy adapt easily. The result is cautious, conditional support: she backs the principle but remains anxious about whether the promised protections will actually reach people like her."
1394.0,0,ClimatePolicyID(3),"While I deeply care about the environment and want to see urgent action on climate change, I'm genuinely torn on this specific policy because I worry that a 2030 deadline may not give enough time for EV infrastructure and affordability to catch up, potentially disadvantaging lower-income households who can't easily transition. I believe in equal opportunities for everyone, and I'm concerned that without proper support mechanisms, this ban could disproportionately burden people on tighter budgets who rely on older, cheaper petrol vehicles. I support the goal wholeheartedly, but I'm uncertain whether the timeline and accompanying support structures are equitable enough to justify my full endorsement."
1394.0,1,ClimatePolicyID(3),"The environmental commitment and left-of-centre values push strongly toward supporting the ban, as protecting nature and reducing air pollution align with her core worldview, and her Remain vote suggests comfort with the kind of coordinated, forward-looking regulation the EU has also pursued. However, her income level (£35-39k) and East Midlands location mean she's aware that not everyone can easily afford the transition, and her previous reflections show persistent concern that without robust, well-funded support for lower-income households and adequate infrastructure rollout, the policy risks being inequitable in practice. She likely lands in a position of moderate-to-strong support for the goal but with meaningful reservations about the 2030 timeline and implementation fairness."
1394.0,2,ClimatePolicyID(3),"The environmental commitment, Remain-voting background, and left-of-centre values all pull strongly toward supporting a 2030 ban, as cleaner air, tackling climate change, and reducing fossil fuel dependence align closely with this person's core priorities around nature and global harmony. However, living in the East Midlands on a moderate income without the financial cushion to easily absorb a forced vehicle switch, and having absorbed repeated messaging about equity gaps in charging infrastructure and EV affordability, she remains genuinely anxious that the policy could disadvantage people like her neighbours on lower incomes or in less well-served areas. The result is conditional, moderate-to-strong support — she backs the goal and the deadline in principle but ties her endorsement firmly to credible, well-funded just-transition measures rather than offering unconditional enthusiasm."
1394.0,3,ClimatePolicyID(3),"The environmental commitment and left-of-centre values push me toward supporting the 2030 ban, as I genuinely believe urgent action on climate change is necessary and cleaner air benefits everyone. However, my strong concern for equity and equal opportunities makes me anxious about whether lower-income households, rural communities, and tradespeople will have practical, affordable alternatives in time, especially given the East Midlands' mix of urban and rural areas where car dependency is real. I end up in a position of cautious, conditional support — backing the goal but worried the timeline and support infrastructure aren't yet robust enough to avoid leaving vulnerable groups behind."
1394.0,4,ClimatePolicyID(3),"The environmental commitment, Remain-voting background, and left-of-centre values all pull strongly toward supporting a 2030 ban, as cleaner air, climate action, and green jobs align closely with what matters most to this person. However, her income level (£35-39k), East Midlands location, and deep concern for equity and fairness create genuine hesitation — she worries that without robust charging infrastructure, affordable EVs, and targeted support for rural and lower-income households, the deadline could leave vulnerable people behind. The result is conditional, moderate-to-strong support: she backs the goal but remains anxious about pace and implementation fairness, meaning her endorsement hinges on credible, well-funded just-transition measures rather than being unconditional."
1348.0,0,ClimatePolicyID(3),"While I genuinely care about protecting the environment and understand the need to reduce emissions, I think a 2030 deadline feels too rushed and could disproportionately hurt people like me on lower incomes, who may struggle to afford electric vehicles. The transition needs to be realistic and fair, ensuring that working families aren't priced out of car ownership while wealthier people adapt more easily. I'd rather see the government invest in making electric vehicles more affordable and accessible before imposing such a tight ban."
1348.0,1,ClimatePolicyID(3),"This person's genuine care for the environment and belief in global harmony would create some pull toward supporting the ban, as reducing emissions aligns with their core values around protecting nature. However, their low household income (£15,000-£19,999) as a young parent in London means the financial burden of transitioning to electric vehicles feels very real and personal — a 2030 deadline seems too soon for someone who may struggle to afford even a second-hand petrol car, let alone an EV. Their fairly right-wing positioning also likely makes them skeptical of government mandates that restrict consumer choice and could disproportionately punish ordinary working people while wealthier households adapt more easily."
1348.0,2,ClimatePolicyID(3),"Given this person's genuine environmental values and belief in protecting nature, they can see the long-term logic of phasing out petrol cars, but their low household income (£15,000–£19,999) as a young parent in London makes the 2030 deadline feel financially threatening — electric vehicles remain expensive and the second-hand market is still underdeveloped. Their fairly right-wing positioning also makes them skeptical of heavy-handed government mandates that restrict consumer choice, particularly when the burden falls unevenly on lower-income families. They'd likely lean toward **opposing** this specific policy as currently framed, feeling it moves too fast without adequate support for people in their financial situation."
1348.0,3,ClimatePolicyID(3),"This person's genuine environmental values and care for nature create some pull toward supporting the ban, but their low household income (£15,000-£19,999) with parental responsibilities makes the affordability concern very concrete and personal — electric vehicles remain expensive, and a 2030 deadline feels threatening rather than empowering for someone in their financial position. Their fairly right-wing political positioning also likely inclines them toward skepticism of heavy-handed government mandates that restrict consumer choice, particularly when the burden falls unevenly on lower-income families. Overall, they'd probably lean toward **opposing** the policy as currently framed, not because they reject environmentalism, but because the timeline and cost implications feel unfair and unrealistic for people in their situation."
1348.0,4,ClimatePolicyID(3),"This person's genuine environmental values and care for nature create some pull toward supporting the ban, but their low household income (£15,000-£19,999) as a young parent in London means the affordability of electric vehicles is a very real, practical concern that likely dominates their thinking. Being fairly right-wing, they'd also be skeptical of heavy-handed government mandates that restrict consumer choice and could disproportionately burden working-class families. The 2030 deadline feels particularly threatening given their financial situation, making them likely to **oppose** this policy, though perhaps not completely, since they do care about the environment and might support a longer-term or better-supported transition."
1884.0,0,ClimatePolicyID(3),"As someone who deeply cares about protecting the environment and responding to the climate crisis, I strongly support banning new petrol car sales by 2030, as it represents a necessary and urgent step toward reducing harmful emissions and preserving the natural world for future generations. Living in the North West, I've seen the real impacts of air pollution on communities, and I believe government policy has a crucial role in driving the systemic change that individual choices alone cannot achieve. Given that I voted Green in 2019, accelerating the transition away from fossil fuels aligns directly with my core commitment to environmental protection and creating a more sustainable society."
1884.0,1,ClimatePolicyID(3),"My strong environmental values and Green voting history make this policy very appealing — a 2030 ban feels like the kind of bold, systemic action needed to address the climate crisis rather than leaving it to individual consumer choices. However, I do have some practical concerns about whether infrastructure like public charging points and affordable public transport will be ready in time, particularly for people in less urban areas or on lower incomes, which matters to me given my commitment to equality and not leaving communities behind. On balance, though, my environmental priorities and belief in proactive government action outweigh those reservations, so I'd strongly support this policy."
1884.0,2,ClimatePolicyID(3),"Given her Green voting history, strong environmental values, and commitment to protecting nature and reducing inequality, she is strongly inclined to support a 2030 petrol car ban as a necessary climate measure. However, her concern for fairness and helping others means she would want robust support measures for lower-income people and rural communities, and her moderate skepticism of authority could make her cautious if the policy feels top-down without adequate community investment. On balance, her environmental convictions and left-leaning outlook outweigh her reservations, leaving her as a strong supporter provided the transition is managed equitably."
1884.0,3,ClimatePolicyID(3),"Given my Green voting history, strong environmental values, and deep commitment to protecting nature and responding to climate change, I would be strongly inclined to support a 2030 ban on new petrol car sales as an urgent and necessary policy response. However, as someone living in the North West where public transport can be patchy outside city centres, I'd have some practical concerns about whether adequate infrastructure and support for lower-income households would be in place in time, though these concerns would temper rather than reverse my support. On balance, my environmental priorities and left-leaning outlook — which favours active government intervention to drive systemic change — would lead me to strongly support this policy."
1884.0,4,ClimatePolicyID(3),"My strong environmental values, Green voting history, and deep commitment to protecting nature all push me firmly toward supporting this policy, as banning petrol cars by 2030 feels like exactly the kind of urgent, systemic action needed to address the climate crisis rather than leaving it to individual choice. At the same time, my concern for fairness and equal opportunities means I worry about whether the transition will be adequately funded and accessible — particularly for people in rural areas or those who can't afford EVs — and whether public transport and charging infrastructure will genuinely be in place in time. On balance, though, my environmental priorities and belief in government-led structural change outweigh these practical concerns, leaving me strongly supportive while remaining watchful about how the policy is implemented and funded."
1612.0,0,ClimatePolicyID(3),"I care deeply about protecting the environment and nature, so I understand the intention behind banning new petrol cars by 2030, but I'm concerned that the timeline feels too rushed for someone on a low income like me. Electric vehicles are still expensive, and a hard deadline could leave people in my financial situation without affordable options, which doesn't align with my belief in equal opportunities for everyone. I'd prefer a policy that balances environmental goals with practical support for those who can't easily absorb the costs of such a rapid transition."
1612.0,1,ClimatePolicyID(3),"This person cares deeply about the environment and nature, which pulls them toward supporting a petrol car ban in principle, but their very low household income (£5,000–£9,999) makes the practical reality of affording an electric vehicle feel distant and potentially unfair. As someone young and ambitious who wants to get ahead in life, being locked out of affordable personal transport options by a hard deadline feels like it undermines the equal opportunity they value. Their centrist positioning and traditional respect for proper, measured approaches also makes them wary of what feels like an abrupt, top-down mandate that doesn't account for people in their financial circumstances."
1612.0,2,ClimatePolicyID(3),"This person cares deeply about the environment and nature, which pulls them toward supporting a petrol car ban in principle, but their very low household income (£5,000–£9,999) makes the practical reality of affording an electric vehicle feel distant and potentially unfair. As someone young and ambitious who wants to get ahead in life, being locked out of affordable car ownership due to a rushed policy timeline would feel like a barrier to personal progress rather than an opportunity. Their centrist positioning and value of equal opportunities means they'd likely support the environmental goal but feel the 2030 deadline is too aggressive without stronger financial support for lower-income people, landing them in mild opposition or ambivalence."
1612.0,3,ClimatePolicyID(3),"This person's strong environmental values and belief in caring for nature would pull them toward supporting the ban, but their very low household income (£5,000–£9,999) makes the practical reality of affording an electric vehicle feel distant and potentially exclusionary, which conflicts with their belief in equal opportunities. As a young person in the North East — a region with lower average incomes and potentially less EV charging infrastructure — the 2030 deadline may feel like a policy designed for wealthier people in more affluent areas, rather than someone in their circumstances. Their centrist positioning and curiosity about new technology might keep them open to the idea in principle, but the financial and logistical barriers would likely leave them only mildly supportive at best, or leaning toward opposition if they feel the policy lacks adequate support for low-income households."
1612.0,4,ClimatePolicyID(3),"This person cares deeply about the environment and global harmony, which pulls them toward supporting a petrol car ban in principle, but their very low household income (£5,000–£9,999) makes the practical reality of affording an electric vehicle feel distant and potentially unfair. Living in the North East, where public transport connectivity can be weaker and car dependency higher, a hard 2030 deadline could feel like a policy designed without people like them in mind. Their belief in equal opportunities and their centre-ground pragmatism likely leads them to feel **mixed or mildly opposed** — supportive of the environmental goal but uncomfortable with a rigid timeline that doesn't account for affordability and regional inequality."
1475.0,0,ClimatePolicyID(3),"I deeply care about the environment and want to see urgent action on climate change, which makes me sympathetic to banning petrol cars. However, on my household income of £20,000-£24,999, I'm acutely aware that electric vehicles remain unaffordable for many working people like me, and I worry this policy could disproportionately burden those who are already struggling financially. I support the goal wholeheartedly, but I'm torn because a policy that works in practice needs to ensure equal access, not just benefit those wealthy enough to afford the transition."
1475.0,1,ClimatePolicyID(3),"My deep environmental values and left-wing politics make me genuinely want to see petrol cars phased out quickly, but my lived experience on a modest income in the North West — where public transport can be patchy and EVs are still far out of reach financially — means I'm very anxious about who actually bears the cost of this transition. The messages I've read have reinforced that the policy could be progressive *if* strong supports like grants, free buses, and rural charging infrastructure are delivered, but I've seen enough promises from politicians and corporations to be sceptical those supports would materialise fairly. So I'm caught between my heart saying yes to the environmental goal and my head worrying that without iron-clad, well-funded protections, working families like mine get left holding the bill."
1475.0,2,ClimatePolicyID(3),"My deep commitment to protecting the environment and concern about climate change pulls me strongly toward supporting this ban, and I genuinely want to see urgent action. However, living in the North West on a modest household income with a family to support, I'm very aware that EVs are still out of reach for people like me, and I worry about the lack of on-street charging for terraced housing and the impact on rural and working communities without proper public transport alternatives. I'd lean toward cautious, conditional support — backing the ambition but deeply anxious that without concrete, well-funded guarantees like targeted grants, free buses, and rapid charging infrastructure, this policy could end up punishing ordinary working families rather than the wealthy and corporate interests I'd rather see bear the cost."
1475.0,3,ClimatePolicyID(3),"The environmental and social-justice framing of cleaner air and a fairer future pulls her toward supporting the ban, and her deep commitment to protecting nature makes the goal feel urgent and right. However, her modest household income, life in the North West (likely reliant on a car, possibly in a terraced house without a driveway), and her strong instinct that policies must not punish ordinary working people mean she remains genuinely torn — she's seen too many top-down Westminster policies that sound progressive but leave people like her to foot the bill. Her Leave vote also reflects a distrust of elite-driven mandates, so without concrete, well-funded guarantees of grants, on-street charging, and public transport alternatives, she'd likely offer only cautious, conditional support rather than wholehearted endorsement."
1475.0,4,ClimatePolicyID(3),"My deep commitment to environmental protection and social justice makes me genuinely want to back this ban, and I've been warming to it when I hear about cleaner air near schools and green jobs funded through wealth taxes. But on my income, the practicality keeps nagging at me — I can't easily afford to replace a working petrol car, on-street charging for terraced housing is still a real barrier, and I've heard enough about rural and tradespeople's struggles to know the 2030 deadline feels very tight without cast-iron, well-funded support. I'd say I'm cautiously leaning toward support, but it's genuinely conditional — I need to see concrete, generous grants for low-income households, rapid charger roll-out, and protections for tradespeople before I could back it wholeheartedly rather than just in principle."
848.0,0,ClimatePolicyID(3),"As someone on a modest income, I'm deeply concerned that forcing everyone onto electric vehicles by 2030 is simply unaffordable for ordinary working people like me - the upfront costs are far beyond what many households can manage. I also think the charging infrastructure in places like the East Midlands is nowhere near ready to support such a rapid transition, and rural and semi-rural communities would be left particularly stranded. While I'm not against progress, this feels like a top-down policy being imposed without proper consideration of how real people live their lives and manage their finances."
848.0,1,ClimatePolicyID(3),"This person's modest income (£15,000–£19,999), life in the East Midlands where car dependency is high, and concern for practical affordability would make the 2030 deadline feel unrealistic and financially threatening — the upfront cost of EVs and patchy rural charging infrastructure are immediate, tangible worries. Their Brexit vote reflects a distrust of top-down mandates imposed without consulting ordinary people, and their centrist, pragmatic outlook means they'd want gradual, well-supported change rather than a hard ban. While they're not opposed to cleaner transport in principle and appreciate fairness measures like grants, the combination of financial pressure, infrastructure doubts, and scepticism of elite-driven policy would likely lead them to **oppose** this specific deadline."
848.0,2,ClimatePolicyID(3),"Drawing on this person's modest income (£15,000–£19,999), life in the East Midlands where car dependency is high and charging infrastructure is patchy, and their consistent concern about upfront affordability, the dominant pull is toward opposition — a 2030 ban feels like an unaffordable imposition on ordinary families before the practical groundwork is in place. Their Brexit vote and centrist-but-sceptical-of-top-down-policy outlook reinforces a distrust of hard government deadlines that don't account for how real people manage financially. There's a mild counterweight in their basic respect for nature and appreciation of cleaner air, but this isn't strong enough to override the practical and financial concerns."
848.0,3,ClimatePolicyID(3),"Drawing on this person's modest income (£15,000–£19,999), life in the East Midlands where car dependency is high and charging infrastructure is patchy, and their consistent concern that the upfront cost of EVs is simply unaffordable for ordinary households, the dominant pull is toward opposition. They can see some merit in cleaner air and reducing fuel price volatility, and their centrist, balanced worldview means they're not flatly anti-environment, but the hard 2030 deadline feels like a top-down imposition that ignores how real people on tight budgets actually live. Their Brexit vote reflects a distrust of being told what to do by distant authorities without proper regard for working people's practical realities, and that same instinct reinforces their scepticism here."
848.0,4,ClimatePolicyID(3),"Drawing on this person's modest income (£15,000–£19,999), life in the East Midlands where rural infrastructure is patchy, and their consistent concern about upfront EV costs and charging readiness, the practical and financial barriers would weigh heavily against support. While they appreciate cleaner air and long-term savings in principle, and aren't ideologically opposed to progress, their Brexit vote and centrist-but-grounded outlook reflect a distrust of top-down mandates that feel disconnected from ordinary people's financial realities. The 2030 deadline feels too rushed and too costly without guaranteed, funded support — leaving them leaning toward opposition, though not outright hostility if strong protections were in place."
1661.0,0,ClimatePolicyID(3),"I genuinely care about protecting the environment and responding to the climate crisis, so part of me wants to support a ban on new petrol cars as soon as possible. However, I also worry about whether ordinary working families like mine can realistically afford to make the switch to electric vehicles by 2030, and I don't want policies that sound good in principle to end up penalising people who are already stretching their budgets. So while I'm broadly in favour of the direction of travel, I'm uncertain whether the timeline is fair and achievable for everyone."
1661.0,1,ClimatePolicyID(3),"My strong environmental values and Remain-voting background make me broadly sympathetic to ambitious climate action, and I can see the real benefits of cleaner air for communities and future generations. But as someone without formal qualifications on a middling household income, I worry deeply about whether families like mine could realistically afford an electric vehicle by 2030, especially if we don't have off-street parking or easy access to charging points. The fairness of the transition matters as much to me as the environmental goal itself, so I'd support the ban in principle but feel genuinely anxious about whether the practical support would be there for ordinary people."
1661.0,2,ClimatePolicyID(3),"My strong environmental values and Remain-voting background make me broadly sympathetic to bold climate action like a 2030 petrol car ban, and I genuinely want cleaner air for communities and future generations. However, living in the West Midlands on a modest household income with no formal qualifications, I worry deeply about whether families like mine could realistically afford an electric vehicle by then, and whether the charging infrastructure and support measures would actually reach ordinary people rather than just benefiting wealthier households. So I find myself cautiously supportive in principle but anxious about the fairness and practicality of the timeline, leaving me somewhere in the middle — leaning toward support only if robust, well-funded help for lower-income families is genuinely delivered."
1661.0,3,ClimatePolicyID(3),"The environmental and health benefits of cleaner air genuinely appeal to this person's deep commitment to nature and equal wellbeing, and her Remain vote suggests she's comfortable with progressive, coordinated policy action. However, her practical concerns about affordability for working families, rural charging gaps, and tradespeople — sharpened by the messages she's received — leave her genuinely torn, worrying that the 2030 timeline could be unfair to people on ordinary incomes without sufficient government support. She likely lands in a position of cautious, conditional support: broadly in favour of the direction but anxious about whether the practical help will actually materialise for people like her and her neighbours."
1661.0,4,ClimatePolicyID(3),"Drawing on my environmental values and my Remain vote, I want cleaner air for children and communities and I broadly back the direction of moving away of petrol cars. But after hearing arguments on both sides, my overriding worry is still whether the 2030 deadline is realistic and fair for ordinary families like mine in the Midlands — people without driveways, tradespeople needing vans, and those who can't stretch to a new EV — unless grants, rural charging and public transport are genuinely delivered. So I'd say I moderately support the policy in principle but remain cautious and conditional, sitting somewhere between neutral and supportive depending on whether the practical support is credible and well-funded."
1284.0,0,ClimatePolicyID(3),"As someone who deeply cares about protecting the environment and responding to the needs of future generations, I see the 2030 ban on new petrol cars as a necessary and urgent step to address the climate crisis. The transition to electric vehicles is a concrete, measurable policy that can meaningfully reduce emissions, and having a clear deadline gives industry the certainty it needs to invest and innovate. As a parent, I feel a particular responsibility to support bold action that protects the world my children will inherit."
1284.0,1,ClimatePolicyID(3),"This person's strong environmental values, Remain-voting background, and Lib Dem affiliation all point toward supporting ambitious climate action, and as a parent they feel a personal stake in long-term environmental outcomes. However, their relatively high income and South East location likely mean they own a car and may have practical concerns about infrastructure readiness and the costs imposed on less affluent households, though their commitment to equitable transitions means they'd support accompanying social measures rather than opposing the ban itself. On balance, they would likely offer fairly strong support, perhaps with some caveats about implementation pace and ensuring the transition is fair for lower-income families."
1284.0,2,ClimatePolicyID(3),"This person's strong environmental values, Remain-voting background, and Lib Dem affiliation all push them toward supporting the 2030 ban, and as a parent they feel a personal stake in climate action. However, their higher income and likely car-dependent lifestyle in the South East, combined with a slightly right-of-centre pragmatism, means they may harbour reservations about whether the infrastructure and support mechanisms will be ready in time, and whether the timeline is realistic rather than aspirational. On balance, they would likely support the policy with moderate-to-strong enthusiasm, but with caveats about implementation, fairness for lower-income households, and rural charging provision."
1284.0,3,ClimatePolicyID(3),"This person's strong environmental values, Remain-voting background, and Lib Dem affiliation all point toward support for ambitious climate action, and as a parent they feel a personal stake in leaving a cleaner world. However, their slightly right-of-centre positioning and relatively high income (meaning they likely own a car and may have practical concerns about rural charging infrastructure or the pace of transition) introduce some caution about whether 2030 is achievable without adequate support structures. On balance, they would likely **support** the policy but with caveats around implementation, fairness for lower-income households, and charging infrastructure readiness."
1284.0,4,ClimatePolicyID(3),"This person's strong environmental values, concern for future generations as a parent, and Remain-voting/Lib Dem background all push them toward supporting the 2030 ban, and their high household income means the upfront cost of an EV transition is less personally daunting. However, their slight right-of-centre positioning and moderate pragmatism introduce some hesitation around whether infrastructure and support for less affluent drivers will be ready in time, and whether the deadline is realistic without risking economic disruption. On balance, they likely offer cautious but genuine support — backing the principle firmly while wanting robust accompanying measures on charging, public transport, and equity."
1121.0,0,ClimatePolicyID(3),"I recognise the environmental importance of transitioning away from petrol cars, and I broadly support the direction of travel, but I have reservations about whether 2030 is a realistic and fair deadline given the current state of charging infrastructure and the affordability of electric vehicles for ordinary families. As someone on a modest household income, I'm conscious that rapid mandated transitions can disproportionately burden people who can't easily absorb the costs of switching. So while I'm not opposed to the goal, I'm uncertain whether this particular timeline strikes the right balance between ambition and practicality."
1121.0,1,ClimatePolicyID(3),"This person's Remain vote, Lib Dem support, and moderate left-of-centre positioning suggest genuine sympathy for environmental goals and European-style progressive policy, which would incline them toward supporting the direction of a petrol car ban. However, living in the East of England — a largely rural and semi-rural region where car dependency is high and public transport alternatives are limited — combined with a household income of around £40-45k that doesn't leave enormous financial flexibility, would make the 2030 deadline feel pressured and potentially unfair. Their psychological profile shows moderate rather than zealous environmentalism, and their skepticism of authority means they wouldn't simply defer to government-set timelines they found unrealistic, so they'd likely land on cautious, qualified support rather than enthusiasm."
1121.0,2,ClimatePolicyID(3),"This person's Remain vote, Lib Dem support, and moderate left-of-centre positioning suggest genuine acceptance of the environmental rationale behind phasing out petrol cars, and their respect for nature and equality of opportunity aligns with the broader green transition goal. However, living in the East of England — an area with relatively sparse public transport and charging infrastructure compared to urban centres — and being on a modest household income of around £40-44k, they are likely to feel the practical and financial pressures of such a deadline acutely, particularly as a 63-year-old who may have strong habits around car use and limited appetite for absorbing unexpected costs. Their moderate rather than zealous environmentalism, combined with a scepticism of top-down authority and concern for fairness across income groups, means they probably sit in a position of cautious, qualified support — backing the destination but harbouring real doubts about whether 2030 is the right date."
1121.0,3,ClimatePolicyID(3),"This person's Remain vote, Lib Dem support, and moderate left-of-centre positioning suggest some sympathy for ambitious climate policy, and their stated respect for nature and belief in equality of conditions gives them a philosophical basis for supporting the transition. However, living in the East of England — where car dependency is high due to limited public transport — combined with a household income of £40-45k that leaves little financial headroom, means the practicality and affordability of a 2030 deadline feels genuinely concerning rather than abstract. Their moderate rather than activist environmental stance, and their tendency to balance novelty with familiarity, likely lands them in a position of supporting the destination but feeling the 2030 timeline is too rushed and potentially unfair to people in their circumstances."
1121.0,4,ClimatePolicyID(3),"This person's Remain-voting, Lib Dem-supporting background and moderate left-of-centre values mean they're broadly sympathetic to environmental goals and the principle of phasing out fossil fuels. However, living in the East of England — a largely rural area where car dependency is high and public transport alternatives are limited — combined with a household income of £40-45k means they're acutely aware of the practical and financial pressures such a deadline imposes on ordinary people. They likely land in a position of qualified, somewhat lukewarm support: backing the destination but genuinely uncertain whether 2030 is the right timeline given infrastructure gaps and affordability concerns."
191.0,0,ClimatePolicyID(3),"As someone who came of age seeing significant environmental changes and who believes in protecting the natural world, I can see the value in pushing towards cleaner transport. However, I'm also mindful that a 2030 deadline feels quite soon, and I worry about whether ordinary working people on modest incomes like mine will genuinely be able to afford the transition to electric vehicles. I support the direction of travel, but I'd want the government to ensure the policy doesn't disproportionately burden those who are less well-off."
191.0,1,ClimatePolicyID(3),"This person's left-leaning Labour-voting background and belief in equality and protecting nature give them a general sympathy for phasing out petrol cars, but their modest income (£35-39k), age of 69, and preference for routine and the familiar make the 2030 deadline feel uncomfortably rushed and potentially burdensome. Their strong concern about equitable outcomes means they'd be troubled if the policy disproportionately hits people on lower incomes who can't easily afford electric vehicles, and their skepticism of authority makes them wary of whether government promises of support will actually materialise. Overall, they'd likely offer cautious, conditional support — backing the direction but uneasy about the pace and fairness of implementation."
191.0,2,ClimatePolicyID(3),"My support for this policy is genuine but cautious. As someone who believes in protecting nature and equal opportunities, I back the environmental direction and appreciate that cleaner air benefits communities like mine in London. However, on a modest income in my late sixties, I remain anxious that 2030 is too soon and that without robust, enforceable support for lower-income households and genuinely improved public transport across the country, the burden will fall unfairly on ordinary people rather than those with the means to adapt easily."
191.0,3,ClimatePolicyID(3),"This person's left-leaning Labour-voting background, belief in equality, and concern for community wellbeing push them toward supporting the principle of cleaner transport, but their modest income (£35,000–£39,999), skepticism of top-down authority, and preference for cautious, fair implementation make them wary of the 2030 deadline feeling rushed and potentially burdensome for ordinary families. Their nursing background gives them appreciation for public health benefits like cleaner air, yet their risk-averse, routine-preferring nature means they're uncomfortable with rapid, uncertain change. Overall, they'd likely offer **cautious, conditional support** — backing the goal but wanting robust protections and infrastructure guarantees before feeling fully comfortable with the 2030 timeline."
191.0,4,ClimatePolicyID(3),"As a Labour-voting, Remain-supporting Londoner with left-of-centre values and a belief in equality and community wellbeing, I'm broadly sympathetic to the environmental and public health case for banning petrol cars, and living in London means I have better access to public transport and charging infrastructure than most. However, on a household income of £35,000–£39,999 and at 69 years old, I'm acutely aware that affordable EVs and reliable charging are not yet a reality for people like me, and the 2030 deadline still feels uncomfortably rushed. I support the policy's direction but remain cautious about whether the practical support — grants, charging networks, accessible public transport — will genuinely be in place in time to protect ordinary households from bearing an unfair burden."
874.0,0,ClimatePolicyID(3),"I understand the need to move away from petrol cars for environmental reasons, but a 2030 deadline feels too rushed and doesn't account for people like me on a modest income who couldn't afford to switch to an electric vehicle that quickly. The charging infrastructure in many areas, particularly outside cities, still isn't good enough to make this practical for ordinary working people. I'm not against the direction of travel, but the government shouldn't be forcing a timeline that works for wealthier people while leaving others behind."
874.0,1,ClimatePolicyID(3),"This person's modest income (£20-24k), lower educational background, and preference for routine and the familiar would make them wary of a rapid, government-mandated transition that could leave them financially stranded - EVs remain expensive and the charging infrastructure in many parts of the South East outside major cities is still patchy. Their Brexit vote and slight right-of-centre positioning suggest a distrust of top-down government diktats that override individual choice, and their scepticism of authority would reinforce resistance to being told what to buy and when. However, their stated belief in equal treatment of all lifeforms and not wanting humans to dominate the planet could create some sympathy for the environmental direction, even if the specific 2030 deadline feels unrealistic and unfair to ordinary working people like themselves."
874.0,2,ClimatePolicyID(3),"This person's modest income (£20-25k) and practical life circumstances in the South East would make the 2030 deadline feel financially threatening and unrealistic — electric vehicles remain expensive and the charging infrastructure outside urban areas is still patchy, meaning the policy feels like it serves wealthier people rather than ordinary working families. Their Brexit vote and slight right-of-centre positioning suggests a distrust of top-down government mandates that restrict personal choice, and their preference for routine and the familiar over rapid change reinforces resistance to such a disruptive timeline. However, their stated belief in equal treatment across groups and basic respect for nature might give them some sympathy for the environmental direction, even if they'd strongly prefer a slower, more affordable transition that doesn't leave people on lower incomes behind."
874.0,3,ClimatePolicyID(3),"This person's modest income (£20-24k) and likely reliance on an affordable, functional petrol car make the 2030 deadline feel personally threatening rather than aspirational - they probably can't absorb the cost of switching to an EV on that timeline. Their Brexit vote and 2019 Conservative vote suggest a distrust of top-down government mandates that feel disconnected from ordinary people's financial realities, and their preference for routine and the familiar reinforces resistance to being forced into rapid change. However, their stated belief in equal treatment of all lifeforms and opposition to species dominance could create some sympathy for the environmental intent, even if the implementation feels unfair to people in their economic position."
874.0,4,ClimatePolicyID(3),"This person's modest income (£20-25k), lower educational background, and preference for routine and the familiar would make them wary of a policy that forces rapid, costly change onto ordinary working people who can't easily afford EVs. Their slight right-of-centre positioning and Brexit vote suggest a distrust of top-down mandates, and their skepticism of authority reinforces resistance to being told what to buy and when. However, their stated belief in equal treatment across groups and basic respect for nature might generate some sympathy for the environmental goal, even if the timeline and affordability concerns dominate their thinking, leading to overall opposition with mild acknowledgement of the direction of travel."
1415.0,0,ClimatePolicyID(3),"I work hard for my money and a ban by 2030 feels like it's being rushed through without proper consideration of people like me who can't easily afford to switch to an electric vehicle on a household income of £25,000-£29,999. The government seems to be dictating to ordinary working people how we should live our lives, and I'm skeptical of whether those making these decisions truly understand the financial pressures we face. I voted Leave because I wanted decisions made closer to home and in the interests of everyday people, not to have new rules imposed on us that benefit wealthier folk who can already afford electric cars."
1415.0,1,ClimatePolicyID(3),"This person's moderate income makes the affordability of electric vehicles a real concern, and their skepticism of authority and top-down government mandates — reinforced by their Leave vote — would likely make them resistant to what feels like being told what to do by out-of-touch policymakers. However, their stated belief in equal treatment of all lifeforms and basic respect for nature could create some sympathy for the environmental rationale behind the policy. On balance, the financial pressure and anti-establishment instinct would likely outweigh the environmental sympathy, leading to moderate-to-strong opposition, though perhaps not outright hostility if they felt the transition was being handled fairly and with proper support for ordinary people."
1415.0,2,ClimatePolicyID(3),"This person's household income of £25,000-£29,999 makes the financial burden of switching to an electric vehicle a very real concern, and the 2030 deadline feels rushed and imposed from above - echoing the kind of top-down decision-making they rejected when voting Leave. Their skepticism of authority and belief that leaders don't act in ordinary people's interests would reinforce opposition to what feels like a policy designed for wealthier people. However, their stated belief in equal treatment of all lifeforms and basic respect for nature could create some mild pull toward supporting environmental measures, though this is likely outweighed by the immediate practical and financial concerns."
1415.0,3,ClimatePolicyID(3),"This person's household income of £25,000-£29,999 makes the financial burden of transitioning to an electric vehicle a very real concern, and their Brexit vote reflects a distrust of top-down government mandates that feel disconnected from ordinary people's lives. However, their stated belief in equal treatment across groups and some respect for nature might give them mild sympathy for the environmental reasoning behind the policy. Ultimately, the practical financial squeeze and deep skepticism of authority figures imposing lifestyle changes would likely outweigh any environmental sympathy, pushing them toward opposition."
1415.0,4,ClimatePolicyID(3),"This person's modest household income of £25,000-£29,999 makes the financial burden of switching to an electric vehicle a very real and pressing concern, likely driving strong opposition to the 2030 ban. Their Leave vote reflects a distrust of top-down mandates that feel disconnected from ordinary people's financial realities, and at 62 they may feel particularly frustrated at being forced to change habits late in life. However, their stated belief in equal treatment of all lifeforms and some respect for nature could create a mild internal tension, though this is unlikely to outweigh the immediate practical and financial concerns they face."
1844.0,0,ClimatePolicyID(3),"I broadly support the shift away from petrol cars as a sensible step toward cleaner air and a healthier environment for my children and community, and a 2030 deadline feels like a reasonable timeframe for industry to adapt. However, I'm conscious that as someone on a lower income, the transition to electric vehicles could place real financial pressure on families like mine, so I want to make sure the policy is implemented in a way that doesn't leave ordinary people behind. It's a direction I can get behind, but with some caution about how it's managed in practice."
1844.0,1,ClimatePolicyID(3),"The appeal of cleaner air for my children and lower long-term fuel costs pulls me toward supporting this ban, and my left-leaning instincts make me receptive to bold government action that challenges powerful industries. However, on my income of £10,000–£14,999, the prospect of affording an electric vehicle — even second-hand — feels genuinely daunting, and I worry the policy could disproportionately burden working families if the support measures aren't substantial enough. My traditional, cautious side also makes me wary of rapid top-down mandates that could disrupt the used car market that people like me rely on, so I'd support the direction but with real anxiety about whether the implementation will actually work for ordinary families."
1844.0,2,ClimatePolicyID(3),"The cleaner air and lower running costs appeal to me as a parent in London, and the 2030 timeline feels manageable for industry, which aligns with my left-leaning support for steering policy toward public health and the common good. However, on a household income of £10,000–£14,999, I'm genuinely worried about whether I could ever afford an EV or even a decent used one, and whether charging infrastructure will actually be accessible where I live — without strong financial support for low-income families, this policy could feel like it's designed for wealthier people. My traditional, cautious streak also makes me wary of moving too fast and disrupting things before the practical foundations are properly in place."
1844.0,3,ClimatePolicyID(3),"As a low-income parent in London, I can see the appeal of cleaner air and lower long-term running costs, and my left-leaning instincts make me sympathetic to bold environmental policy — but my Brexit vote and traditional values suggest I'm also wary of top-down mandates that feel disconnected from everyday financial realities. The practical worry that dominates is whether someone on my income could ever realistically afford an EV, even second-hand, and whether charging infrastructure will actually work for people who don't own a driveway. I'd lean toward cautious support, but with real anxiety about whether the policy will be implemented fairly for working families rather than just benefiting wealthier households."
1844.0,4,ClimatePolicyID(3),"Given her profile, she broadly supports the direction of the 2030 ban because cleaner air in London directly benefits her children's health and she values environmental respect alongside human progress. However, her very low household income (£10,000–£14,999) makes her genuinely anxious about whether she could ever afford an EV or a used EV, and her traditional, cautious worldview means she's wary of rapid change that could leave working families behind without adequate practical support. She lands in moderate, conditional support — backing the principle but holding real reservations about implementation, affordability, and whether charging infrastructure and grants will actually reach people in her situation."
1105.0,0,ClimatePolicyID(3),"I understand the importance of moving away from fossil fuels for environmental reasons, and I do care about the natural world, but I worry that a 2030 deadline feels too rushed and could disproportionately burden people on lower incomes like myself who may struggle to afford electric vehicles. The transition needs to happen, but it should be managed in a way that doesn't leave ordinary people behind or force them into financial hardship. I'd prefer a more gradual approach that ensures affordable alternatives are genuinely accessible to everyone before imposing such a firm ban."
1105.0,1,ClimatePolicyID(3),"This person's low income (£10,000–£14,999) makes the affordability of electric vehicles a pressing personal concern, likely driving opposition to such a tight deadline. However, her care for nature and belief in equality — including her view that no species should dominate the planet — give her some sympathy for the environmental rationale behind the ban. The tension between these factors, combined with her centrist, pragmatic outlook and previous Remain vote suggesting openness to progressive change, likely lands her in **slight opposition or ambivalence**, supportive of the goal but uncomfortable with the 2030 timeframe given the financial burden it could place on people in her circumstances."
1105.0,2,ClimatePolicyID(3),"This person's low income (£10,000-£14,999) is likely the dominant factor here — electric vehicles remain expensive and the charging infrastructure in the North East is less developed, making a 2030 deadline feel financially threatening rather than liberating. Her scepticism of authority and top-down mandates, combined with her preference for familiar routines over disruptive change, would reinforce resistance to what feels like an imposed deadline. However, her genuine care for nature and belief in equality (worrying the transition could disadvantage lower-income people) creates some sympathy for the environmental goal, leaving her moderately opposed rather than strongly against — wanting the destination but rejecting the pace and terms."
1105.0,3,ClimatePolicyID(3),"This person's care for the natural world and belief in equality across groups gives her some sympathy for the environmental goals behind the ban, but her low household income (£10,000–£14,999) makes the practical affordability of electric vehicles a very real and personal concern. Having voted Conservative in 2019 and positioning herself in the centre, she is unlikely to be enthusiastic about what can feel like a top-down government mandate that doesn't account for the financial realities of people in her position. Her preference for routine and familiarity over rapid change, combined with her financial constraints, would likely lead her to **oppose** the 2030 deadline specifically, even if she accepts the broader direction of travel."
1105.0,4,ClimatePolicyID(3),"This person's low income (£10,000-£14,999) is likely the dominant factor here — electric vehicles remain expensive and charging infrastructure in the North East is less developed, making a 2030 ban feel like an unaffordable imposition rather than a helpful transition. While she does care about nature and the environment, her skepticism of authority and top-down mandates, combined with her preference for familiar routines over disruptive change, would reinforce resistance to such a firm government deadline. Her previous Conservative vote and centre positioning suggest she'd likely favour market-led or gradual approaches over hard bans, leaving her moderately to strongly opposed despite having some environmental sympathy."
1280.0,0,ClimatePolicyID(3),"As someone who deeply cares about protecting the natural environment and responding to the urgent crisis of climate change, I strongly support banning new petrol car sales by 2030, as the transition away from fossil fuels is essential for preserving the planet for all living beings. Living in Scotland, where we've seen ambitious climate commitments, I believe government intervention is necessary to drive the systemic change that market forces alone won't deliver quickly enough. While I recognise the economic challenges this may pose for some households, including my own on a modest income, the long-term cost of inaction on the environment far outweighs the difficulties of transition."
1280.0,1,ClimatePolicyID(3),"This person's deep environmental values, left-wing politics, and commitment to protecting nature create a strong pull toward supporting the ban, and their earlier reflections show they've already worked through the equity concerns by finding reassurance in accompanying public measures like free buses and low-income grants. However, their Brexit vote signals a streak of anti-establishment, sovereignty-focused thinking that could generate some tension around top-down government mandates, and their modest income (£20-24k) in Scotland means the practical affordability of EVs remains a genuine personal concern. On balance, these factors likely produce strong but not unconditional support — they back the principle firmly while wanting robust transitional support for people in their circumstances."
1280.0,2,ClimatePolicyID(3),"The strong environmental values, left-wing politics, and deep commitment to protecting nature push firmly toward support, and previous reflections have consistently reinforced this. However, living in Scotland on a modest income of £20,000–£24,999 with no children, the practical affordability of switching to an EV and concerns about rural infrastructure give some pause, and the Brexit vote hints at a streak of skepticism toward technocratic top-down mandates — though in this case the environmental imperative likely overrides that hesitation. On balance, this person would **strongly support** the 2030 ban, provided it is accompanied by robust public investment in charging infrastructure, public transport, and financial support for lower-income households."
1280.0,3,ClimatePolicyID(3),"The strong environmental values, left-wing orientation, and deep commitment to protecting nature all push firmly toward supporting this ban, and living in Scotland — where climate ambition runs high politically — reinforces that instinct. However, the modest household income (£20-25k) and likely rural or semi-rural Scottish context raise genuine practical concerns about affordability of EVs and charging infrastructure, and the Brexit vote hints at a streak of scepticism toward top-down mandates that don't account for ordinary people's circumstances. On balance, the environmental conviction probably wins out, but with real caveats about equity and implementation rather than wholehearted enthusiasm."
1280.0,4,ClimatePolicyID(3),"The strong environmental ethic, left-wing politics, and belief in collective state action all push firmly toward support, and the previous reflections show this person has already worked through the equity concerns and found them addressable through public investment and wealth taxes. The modest income and rural Scottish context create some residual anxiety about practical feasibility — charger availability, affordable EVs, public transport gaps — but these haven't shifted the fundamental position, only added caveats. On balance, this person supports the 2030 ban with genuine enthusiasm tempered by a desire for robust, equity-focused implementation support."
853.0,0,ClimatePolicyID(3),"As someone on a low income, I'm deeply concerned that banning new petrol cars by 2030 would leave people like me unable to afford the electric alternatives, effectively pricing ordinary working people out of personal transport. While I voted Remain and am not anti-progress, I think this policy is being rushed through without proper consideration for those who can't simply absorb the cost of switching to a new technology. The charging infrastructure in rural and semi-rural areas like where I live in the East of England is also nowhere near ready to support such a rapid transition."
853.0,1,ClimatePolicyID(3),"This person's low income (£10,000-£14,999) is probably the dominant factor here - a ban by 2030 would effectively force a costly transition to EVs that someone on this budget simply cannot afford, making personal transport inaccessible. Living in the East of England, likely in a less urban area with poor public transport alternatives and limited EV charging infrastructure, makes the practical concerns even more acute. While their Remain vote and moderate openness to new ideas might create some sympathy for environmental progress, their skepticism of authority and concern for ordinary people over elite-driven agendas would likely outweigh this, leading to fairly strong opposition."
853.0,2,ClimatePolicyID(3),"This person's low income (£10,000-£14,999) is probably the dominant factor here - a ban forcing a switch to expensive electric vehicles would feel like a direct financial threat to their mobility and independence, particularly in the East of England where public transport alternatives are limited. Their slight right-of-centre positioning and Conservative voting history would reinforce scepticism about government mandates that impose costs on ordinary people, and their anti-authoritarian streak (""highly skeptical of leaders"") means they'd likely resent being told what kind of car they must buy. On the other hand, their Remain vote and stated belief in equal treatment for all lifeforms might create some sympathy for the environmental rationale, but this is unlikely to outweigh the very concrete personal financial concern."
853.0,3,ClimatePolicyID(3),"This person's low income (£10,000-£14,999) is probably the dominant factor here - a ban by 2030 means electric vehicles would need to be affordable within just a few years, which feels unrealistic and threatening to someone who likely relies on an older, cheaper petrol car and couldn't afford to replace it with an EV. Their East of England location adds to this concern given patchy rural charging infrastructure. While their values include respect for nature and all lifeforms (which might nudge them toward supporting cleaner transport in principle), their skepticism of authority and top-down mandates, combined with their practical financial constraints, would likely make them **oppose** this policy as an out-of-touch government imposition on ordinary people."
853.0,4,ClimatePolicyID(3),"This person's low income (£10,000-£14,999) is probably the dominant factor here — a ban by 2030 would effectively force a transition to electric vehicles that someone on this budget simply cannot afford, making personal transport inaccessible. Living in the East of England, where public transport is limited and car dependency is high, makes this feel like a direct threat to daily life rather than an abstract policy debate. While their Remain vote and moderate openness to new ideas might give them some sympathy for the environmental intent, their skepticism of authority and concern for ordinary people over elite-driven agendas would likely outweigh this, leaving them fairly opposed to the policy as currently framed."
8.0,0,ClimatePolicyID(3),"While I broadly support the transition to cleaner transport and accept that climate change requires action, I feel a 2030 deadline is simply too soon and risks leaving ordinary people behind, particularly those who can't yet afford electric vehicles. As someone on a reasonable but not exceptional income, I'm conscious that the charging infrastructure and vehicle costs aren't yet where they need to be for this to feel fair and practical. I'd rather see a slightly later, better-supported transition that brings people with it rather than imposing an abrupt deadline that could feel punitive to many families."
8.0,1,ClimatePolicyID(3),"As a Lib Dem Remain voter who positions himself slightly left-of-centre, this person is broadly sympathetic to environmental goals and accepts the need for climate action, which pulls him toward supporting the ban in principle. However, his practical concerns about EV affordability, charging infrastructure readiness, and the risk of penalising ordinary families — combined with his moderate rather than activist stance on environmentalism — make him uneasy about the specific 2030 deadline. He likely lands in a position of qualified, lukewarm support: backing the direction of travel but wanting the deadline pushed back or accompanied by much stronger transitional support measures."
8.0,2,ClimatePolicyID(3),"As a Lib Dem Remain voter who is slightly left-of-centre, this person broadly accepts the need for climate action and appreciates the environmental and public health benefits of phasing out petrol cars, but their practical concerns about affordability, charging infrastructure readiness, and the risk of penalising ordinary families mean the 2030 deadline feels too rushed. Their moderate income and parental perspective make them sensitive to whether the transition will genuinely work for people like them, and their balanced worldview leads them to favour gradual, well-supported change over abrupt mandates. They likely support the direction of travel but remain uneasy about the specific 2030 deadline without stronger guarantees of accessible support measures."
8.0,3,ClimatePolicyID(3),"As a Remain-voting Lib Dem supporter who is slightly left-of-centre and lives in London, this person broadly accepts the need for climate action and appreciates cleaner air benefits, particularly in an urban environment — but his moderate rather than activist environmental stance, combined with practical concerns about affordability and infrastructure readiness, makes him uneasy about the firmness of a 2030 cutoff. At his income level and age, replacing a car is a significant financial decision, and he worries that ordinary families without off-street parking or access to affordable EVs will be disadvantaged before the supporting infrastructure is truly in place. He likely lands on mild-to-moderate opposition or at best ambivalence — supportive of the direction of travel but wanting a later or more flexibly phased deadline with clearer, well-funded support mechanisms."
8.0,4,ClimatePolicyID(3),"As a Lib Dem Remain voter who is slightly left-of-centre and cares about cleaner air in London and community fairness, I'm broadly sympathetic to the direction of travel on EVs, but my consistent worry across multiple reflections is that 2030 is too tight a deadline given current infrastructure, affordability of used EVs, and charging availability — particularly for ordinary families. My income of £60-70k is comfortable but not exceptional, and as a parent I'm acutely aware of the practical pressures families face. I'd support a firm ban in principle but would prefer a slightly later, better-resourced transition with clearer phasing and targeted support, making me moderately opposed to the specific 2030 cutoff rather than the policy direction overall."
748.0,0,ClimatePolicyID(3),"As someone who deeply cares about protecting the environment and responding to the urgent threat of climate change, I strongly support banning the sale of new petrol cars by 2030, as it represents a necessary and decisive step toward reducing harmful emissions. Living in London, I've seen firsthand the damaging effects of air pollution on communities and natural ecosystems, and I believe we have a collective responsibility to future generations to act boldly. This kind of government intervention to equalise the transition to cleaner transport aligns with my belief that systemic change, rather than leaving it to individual choice alone, is essential for meaningful progress."
748.0,1,ClimatePolicyID(3),"Given this person's strong environmental values, left-wing political orientation, Labour voting history, and London residence where air pollution is a tangible daily reality, they would be strongly inclined to support a 2030 petrol car ban as a necessary systemic intervention. Their belief in equalising opportunities and skepticism of market-led solutions reinforces support for bold government action. However, at 74 with a moderate income, they may have some practical concerns about infrastructure readiness and ensuring the transition doesn't burden ordinary households, though these concerns would likely be outweighed by their deep environmental commitment."
748.0,2,ClimatePolicyID(3),"This person's strong environmental values, left-wing political orientation, Labour voting history, and Remain stance all point toward supporting decisive government intervention on climate — and a 2030 petrol car ban fits squarely within that worldview. Living in London, they likely experience urban air pollution directly and see the public health case as compelling, while their belief in equalising opportunities and systemic solutions over market forces makes them receptive to a mandated transition backed by public investment. The main tension is practical: at 74, on a moderate income, they may worry about whether the infrastructure and affordability measures will genuinely materialise for ordinary people, but this is unlikely to override their fundamental support for the policy."
748.0,3,ClimatePolicyID(3),"This person's strong environmental values, left-wing political orientation, Labour voting history, and London residence (where air quality is a visible daily concern) all point strongly toward support for the 2030 ban. Their belief in systemic government intervention to equalise outcomes, combined with their distrust of corporate power and commitment to protecting nature, reinforces enthusiasm for bold climate policy. The main tension is their concern about fairness in delivery — whether the transition will genuinely reach lower-income and rural communities — but this is more a condition for *how* the policy is implemented than a reason to oppose it outright."
748.0,4,ClimatePolicyID(3),"Based on this person's strong environmental values, left-wing political orientation, Labour voting history, and pro-Remain stance (all of which correlate with support for ambitious climate action), combined with their London residence where air pollution is a lived concern, they would very likely support a 2030 petrol car ban as a necessary systemic intervention. Their egalitarian values and skepticism of corporate power might generate some concern about whether the transition will be managed fairly for lower-income households and rural communities, but their prior reflections show these concerns are largely addressed by accompanying policy measures rather than being dealbreakers. Overall, their core commitment to environmental protection and belief in government-led collective action strongly outweighs any reservations about implementation."
